Game;Test Name;Duration (ms);Passed;Failure Message;Type;;;;Total Tests;Success Rate;Mean Execution Time
;;;;;;;;;7889;36,68%;83
Adugo;lineLessOrEqualThanBoardSide;1095;false;Line concept is not present;Static;;;;;;
Adugo;pieceDeclaredAsShared;58;false;The game does not have any piece declared as Shared;Static;;;;;;
Adugo;pieceDeclaredAsNeutral;59;false;The game does not have any piece declared as Neutral;Static;;;;;;
Adugo;pieceDeclaredAsEach;47;false;The game does not have any piece declared as Each;Static;;;;;;
Adugo;equalNumberOfPiecesOnTheBoard;43;true;;Static;;;;;;
Adugo;noUndeclaredPlayerReference;36;true;;Static;;;;;;
Adugo;sizeOfTrack;40;false;Track concept is not present;Static;;;;;;
Asalto;lineLessOrEqualThanBoardSide;104;false;Line concept is not present;Static;;;;;;
Asalto;pieceDeclaredAsShared;56;false;The game does not have any piece declared as Shared;Static;;;;;;
Asalto;pieceDeclaredAsNeutral;53;false;The game does not have any piece declared as Neutral;Static;;;;;;
Asalto;pieceDeclaredAsEach;57;false;The game does not have any piece declared as Each;Static;;;;;;
Asalto;equalNumberOfPiecesOnTheBoard;62;true;;Static;;;;;;
Asalto;noUndeclaredPlayerReference;47;true;;Static;;;;;;
Asalto;sizeOfTrack;51;false;Track concept is not present;Static;;;;;;
Bagh Bandi;lineLessOrEqualThanBoardSide;90;false;Line concept is not present;Static;;;;;;
Bagh Bandi;pieceDeclaredAsShared;64;false;The game does not have any piece declared as Shared;Static;;;;;;
Bagh Bandi;pieceDeclaredAsNeutral;67;false;The game does not have any piece declared as Neutral;Static;;;;;;
Bagh Bandi;pieceDeclaredAsEach;59;false;The game does not have any piece declared as Each;Static;;;;;;
Bagh Bandi;equalNumberOfPiecesOnTheBoard;60;true;;Static;;;;;;
Bagh Bandi;noUndeclaredPlayerReference;55;true;;Static;;;;;;
Bagh Bandi;sizeOfTrack;54;false;Track concept is not present;Static;;;;;;
Bagh Batti;lineLessOrEqualThanBoardSide;46;false;Line concept is not present;Static;;;;;;
Bagh Batti;pieceDeclaredAsShared;47;false;The game does not have any piece declared as Shared;Static;;;;;;
Bagh Batti;pieceDeclaredAsNeutral;46;false;The game does not have any piece declared as Neutral;Static;;;;;;
Bagh Batti;pieceDeclaredAsEach;62;false;The game does not have any piece declared as Each;Static;;;;;;
Bagh Batti;equalNumberOfPiecesOnTheBoard;47;true;;Static;;;;;;
Bagh Batti;noUndeclaredPlayerReference;46;true;;Static;;;;;;
Bagh Batti;sizeOfTrack;46;false;Track concept is not present;Static;;;;;;
Bagh Guti;lineLessOrEqualThanBoardSide;46;false;Line concept is not present;Static;;;;;;
Bagh Guti;pieceDeclaredAsShared;38;false;The game does not have any piece declared as Shared;Static;;;;;;
Bagh Guti;pieceDeclaredAsNeutral;44;false;The game does not have any piece declared as Neutral;Static;;;;;;
Bagh Guti;pieceDeclaredAsEach;45;false;The game does not have any piece declared as Each;Static;;;;;;
Bagh Guti;equalNumberOfPiecesOnTheBoard;41;true;;Static;;;;;;
Bagh Guti;noUndeclaredPlayerReference;42;true;;Static;;;;;;
Bagh Guti;sizeOfTrack;38;false;Track concept is not present;Static;;;;;;
Bagha Guti;lineLessOrEqualThanBoardSide;35;false;Line concept is not present;Static;;;;;;
Bagha Guti;pieceDeclaredAsShared;24;false;The game does not have any piece declared as Shared;Static;;;;;;
Bagha Guti;pieceDeclaredAsNeutral;27;false;The game does not have any piece declared as Neutral;Static;;;;;;
Bagha Guti;pieceDeclaredAsEach;22;false;The game does not have any piece declared as Each;Static;;;;;;
Bagha Guti;equalNumberOfPiecesOnTheBoard;25;true;;Static;;;;;;
Bagha Guti;noUndeclaredPlayerReference;25;true;;Static;;;;;;
Bagha Guti;sizeOfTrack;25;false;Track concept is not present;Static;;;;;;
Baghchal;lineLessOrEqualThanBoardSide;27;false;Line concept is not present;Static;;;;;;
Baghchal;pieceDeclaredAsShared;23;false;The game does not have any piece declared as Shared;Static;;;;;;
Baghchal;pieceDeclaredAsNeutral;22;false;The game does not have any piece declared as Neutral;Static;;;;;;
Baghchal;pieceDeclaredAsEach;23;false;The game does not have any piece declared as Each;Static;;;;;;
Baghchal;equalNumberOfPiecesOnTheBoard;25;true;;Static;;;;;;
Baghchal;noUndeclaredPlayerReference;22;true;;Static;;;;;;
Baghchal;sizeOfTrack;20;false;Track concept is not present;Static;;;;;;
Bam Blang Beh Khla;lineLessOrEqualThanBoardSide;19;false;Line concept is not present;Static;;;;;;
Bam Blang Beh Khla;pieceDeclaredAsShared;16;false;The game does not have any piece declared as Shared;Static;;;;;;
Bam Blang Beh Khla;pieceDeclaredAsNeutral;15;false;The game does not have any piece declared as Neutral;Static;;;;;;
Bam Blang Beh Khla;pieceDeclaredAsEach;14;false;The game does not have any piece declared as Each;Static;;;;;;
Bam Blang Beh Khla;equalNumberOfPiecesOnTheBoard;15;true;;Static;;;;;;
Bam Blang Beh Khla;noUndeclaredPlayerReference;15;true;;Static;;;;;;
Bam Blang Beh Khla;sizeOfTrack;14;false;Track concept is not present;Static;;;;;;
Bouge Shodra;lineLessOrEqualThanBoardSide;30;false;Line concept is not present;Static;;;;;;
Bouge Shodra;pieceDeclaredAsShared;27;false;The game does not have any piece declared as Shared;Static;;;;;;
Bouge Shodra;pieceDeclaredAsNeutral;30;false;The game does not have any piece declared as Neutral;Static;;;;;;
Bouge Shodra;pieceDeclaredAsEach;26;false;The game does not have any piece declared as Each;Static;;;;;;
Bouge Shodra;equalNumberOfPiecesOnTheBoard;28;true;;Static;;;;;;
Bouge Shodra;noUndeclaredPlayerReference;28;true;;Static;;;;;;
Bouge Shodra;sizeOfTrack;31;false;Track concept is not present;Static;;;;;;
Cercar La Liebre;lineLessOrEqualThanBoardSide;38;false;Line concept is not present;Static;;;;;;
Cercar La Liebre;pieceDeclaredAsShared;25;false;The game does not have any piece declared as Shared;Static;;;;;;
Cercar La Liebre;pieceDeclaredAsNeutral;24;false;The game does not have any piece declared as Neutral;Static;;;;;;
Cercar La Liebre;pieceDeclaredAsEach;23;false;The game does not have any piece declared as Each;Static;;;;;;
Cercar La Liebre;equalNumberOfPiecesOnTheBoard;22;true;;Static;;;;;;
Cercar La Liebre;noUndeclaredPlayerReference;24;true;;Static;;;;;;
Cercar La Liebre;sizeOfTrack;23;false;Track concept is not present;Static;;;;;;
Coyote;lineLessOrEqualThanBoardSide;20;false;Line concept is not present;Static;;;;;;
Coyote;pieceDeclaredAsShared;18;false;The game does not have any piece declared as Shared;Static;;;;;;
Coyote;pieceDeclaredAsNeutral;21;false;The game does not have any piece declared as Neutral;Static;;;;;;
Coyote;pieceDeclaredAsEach;18;false;The game does not have any piece declared as Each;Static;;;;;;
Coyote;equalNumberOfPiecesOnTheBoard;21;true;;Static;;;;;;
Coyote;noUndeclaredPlayerReference;20;true;;Static;;;;;;
Coyote;sizeOfTrack;22;false;Track concept is not present;Static;;;;;;
Demala Diviyan Keliya;lineLessOrEqualThanBoardSide;23;false;Line concept is not present;Static;;;;;;
Demala Diviyan Keliya;pieceDeclaredAsShared;23;false;The game does not have any piece declared as Shared;Static;;;;;;
Demala Diviyan Keliya;pieceDeclaredAsNeutral;22;false;The game does not have any piece declared as Neutral;Static;;;;;;
Demala Diviyan Keliya;pieceDeclaredAsEach;23;false;The game does not have any piece declared as Each;Static;;;;;;
Demala Diviyan Keliya;equalNumberOfPiecesOnTheBoard;21;true;;Static;;;;;;
Demala Diviyan Keliya;noUndeclaredPlayerReference;22;true;;Static;;;;;;
Demala Diviyan Keliya;sizeOfTrack;19;false;Track concept is not present;Static;;;;;;
Diviyan Keliya;lineLessOrEqualThanBoardSide;33;false;Line concept is not present;Static;;;;;;
Diviyan Keliya;pieceDeclaredAsShared;29;false;The game does not have any piece declared as Shared;Static;;;;;;
Diviyan Keliya;pieceDeclaredAsNeutral;30;false;The game does not have any piece declared as Neutral;Static;;;;;;
Diviyan Keliya;pieceDeclaredAsEach;29;false;The game does not have any piece declared as Each;Static;;;;;;
Diviyan Keliya;equalNumberOfPiecesOnTheBoard;27;true;;Static;;;;;;
Diviyan Keliya;noUndeclaredPlayerReference;28;true;;Static;;;;;;
Diviyan Keliya;sizeOfTrack;27;false;Track concept is not present;Static;;;;;;
El Cazador;lineLessOrEqualThanBoardSide;21;false;Line concept is not present;Static;;;;;;
El Cazador;pieceDeclaredAsShared;20;false;The game does not have any piece declared as Shared;Static;;;;;;
El Cazador;pieceDeclaredAsNeutral;22;false;The game does not have any piece declared as Neutral;Static;;;;;;
El Cazador;pieceDeclaredAsEach;20;false;The game does not have any piece declared as Each;Static;;;;;;
El Cazador;equalNumberOfPiecesOnTheBoard;22;true;;Static;;;;;;
El Cazador;noUndeclaredPlayerReference;21;true;;Static;;;;;;
El Cazador;sizeOfTrack;32;false;Track concept is not present;Static;;;;;;
El Perro;lineLessOrEqualThanBoardSide;41;false;Line concept is not present;Static;;;;;;
El Perro;pieceDeclaredAsShared;40;false;The game does not have any piece declared as Shared;Static;;;;;;
El Perro;pieceDeclaredAsNeutral;39;false;The game does not have any piece declared as Neutral;Static;;;;;;
El Perro;pieceDeclaredAsEach;41;false;The game does not have any piece declared as Each;Static;;;;;;
El Perro;equalNumberOfPiecesOnTheBoard;37;true;;Static;;;;;;
El Perro;noUndeclaredPlayerReference;37;true;;Static;;;;;;
El Perro;sizeOfTrack;36;false;Track concept is not present;Static;;;;;;
El Zorro;lineLessOrEqualThanBoardSide;26;false;Line concept is not present;Static;;;;;;
El Zorro;pieceDeclaredAsShared;25;false;The game does not have any piece declared as Shared;Static;;;;;;
El Zorro;pieceDeclaredAsNeutral;26;false;The game does not have any piece declared as Neutral;Static;;;;;;
El Zorro;pieceDeclaredAsEach;21;false;The game does not have any piece declared as Each;Static;;;;;;
El Zorro;equalNumberOfPiecesOnTheBoard;22;true;;Static;;;;;;
El Zorro;noUndeclaredPlayerReference;21;true;;Static;;;;;;
El Zorro;sizeOfTrack;25;false;Track concept is not present;Static;;;;;;
Fox and Geese;lineLessOrEqualThanBoardSide;29;false;Line concept is not present;Static;;;;;;
Fox and Geese;pieceDeclaredAsShared;24;false;The game does not have any piece declared as Shared;Static;;;;;;
Fox and Geese;pieceDeclaredAsNeutral;21;false;The game does not have any piece declared as Neutral;Static;;;;;;
Fox and Geese;pieceDeclaredAsEach;20;false;The game does not have any piece declared as Each;Static;;;;;;
Fox and Geese;equalNumberOfPiecesOnTheBoard;20;true;;Static;;;;;;
Fox and Geese;noUndeclaredPlayerReference;28;true;;Static;;;;;;
Fox and Geese;sizeOfTrack;22;false;Track concept is not present;Static;;;;;;
Gala (Buginese);lineLessOrEqualThanBoardSide;43;false;Line concept is not present;Static;;;;;;
Gala (Buginese);pieceDeclaredAsShared;30;false;The game does not have any piece declared as Shared;Static;;;;;;
Gala (Buginese);pieceDeclaredAsNeutral;28;false;The game does not have any piece declared as Neutral;Static;;;;;;
Gala (Buginese);pieceDeclaredAsEach;25;true;;Static;;;;;;
Gala (Buginese);equalNumberOfPiecesOnTheBoard;27;true;;Static;;;;;;
Gala (Buginese);noUndeclaredPlayerReference;26;true;;Static;;;;;;
Gala (Buginese);sizeOfTrack;28;false;Track concept is not present;Static;;;;;;
Gala;lineLessOrEqualThanBoardSide;20;false;Line concept is not present;Static;;;;;;
Gala;pieceDeclaredAsShared;32;false;The game does not have any piece declared as Shared;Static;;;;;;
Gala;pieceDeclaredAsNeutral;20;false;The game does not have any piece declared as Neutral;Static;;;;;;
Gala;pieceDeclaredAsEach;19;true;;Static;;;;;;
Gala;equalNumberOfPiecesOnTheBoard;21;false;Players do not have the same number of pieces;Static;;;;;;
Gala;noUndeclaredPlayerReference;19;true;;Static;;;;;;
Gala;sizeOfTrack;16;false;Track concept is not present;Static;;;;;;
Gasetavl (Gedved);lineLessOrEqualThanBoardSide;28;false;Line concept is not present;Static;;;;;;
Gasetavl (Gedved);pieceDeclaredAsShared;27;false;The game does not have any piece declared as Shared;Static;;;;;;
Gasetavl (Gedved);pieceDeclaredAsNeutral;24;false;The game does not have any piece declared as Neutral;Static;;;;;;
Gasetavl (Gedved);pieceDeclaredAsEach;28;false;The game does not have any piece declared as Each;Static;;;;;;
Gasetavl (Gedved);equalNumberOfPiecesOnTheBoard;24;true;;Static;;;;;;
Gasetavl (Gedved);noUndeclaredPlayerReference;29;true;;Static;;;;;;
Gasetavl (Gedved);sizeOfTrack;23;false;Track concept is not present;Static;;;;;;
Gasetavl;lineLessOrEqualThanBoardSide;29;false;Line concept is not present;Static;;;;;;
Gasetavl;pieceDeclaredAsShared;31;false;The game does not have any piece declared as Shared;Static;;;;;;
Gasetavl;pieceDeclaredAsNeutral;29;false;The game does not have any piece declared as Neutral;Static;;;;;;
Gasetavl;pieceDeclaredAsEach;27;false;The game does not have any piece declared as Each;Static;;;;;;
Gasetavl;equalNumberOfPiecesOnTheBoard;34;true;;Static;;;;;;
Gasetavl;noUndeclaredPlayerReference;27;true;;Static;;;;;;
Gasetavl;sizeOfTrack;28;false;Track concept is not present;Static;;;;;;
Gioco dell'Orso;lineLessOrEqualThanBoardSide;37;false;Line concept is not present;Static;;;;;;
Gioco dell'Orso;pieceDeclaredAsShared;34;false;The game does not have any piece declared as Shared;Static;;;;;;
Gioco dell'Orso;pieceDeclaredAsNeutral;31;false;The game does not have any piece declared as Neutral;Static;;;;;;
Gioco dell'Orso;pieceDeclaredAsEach;30;true;;Static;;;;;;
Gioco dell'Orso;equalNumberOfPiecesOnTheBoard;28;true;;Static;;;;;;
Gioco dell'Orso;noUndeclaredPlayerReference;27;true;;Static;;;;;;
Gioco dell'Orso;sizeOfTrack;30;false;Track concept is not present;Static;;;;;;
Go with the Floe;lineLessOrEqualThanBoardSide;32;false;Line concept is not present;Static;;;;;;
Go with the Floe;pieceDeclaredAsShared;26;false;The game does not have any piece declared as Shared;Static;;;;;;
Go with the Floe;pieceDeclaredAsNeutral;23;false;The game does not have any piece declared as Neutral;Static;;;;;;
Go with the Floe;pieceDeclaredAsEach;27;false;The game does not have any piece declared as Each;Static;;;;;;
Go with the Floe;equalNumberOfPiecesOnTheBoard;25;true;;Static;;;;;;
Go with the Floe;noUndeclaredPlayerReference;24;true;;Static;;;;;;
Go with the Floe;sizeOfTrack;22;false;Track concept is not present;Static;;;;;;
Haretavl;lineLessOrEqualThanBoardSide;11;false;Line concept is not present;Static;;;;;;
Haretavl;pieceDeclaredAsShared;9;false;The game does not have any piece declared as Shared;Static;;;;;;
Haretavl;pieceDeclaredAsNeutral;11;false;The game does not have any piece declared as Neutral;Static;;;;;;
Haretavl;pieceDeclaredAsEach;11;false;The game does not have any piece declared as Each;Static;;;;;;
Haretavl;equalNumberOfPiecesOnTheBoard;12;true;;Static;;;;;;
Haretavl;noUndeclaredPlayerReference;10;true;;Static;;;;;;
Haretavl;sizeOfTrack;11;false;Track concept is not present;Static;;;;;;
Hat Diviyan Keliya;lineLessOrEqualThanBoardSide;9;false;Line concept is not present;Static;;;;;;
Hat Diviyan Keliya;pieceDeclaredAsShared;10;false;The game does not have any piece declared as Shared;Static;;;;;;
Hat Diviyan Keliya;pieceDeclaredAsNeutral;10;false;The game does not have any piece declared as Neutral;Static;;;;;;
Hat Diviyan Keliya;pieceDeclaredAsEach;9;false;The game does not have any piece declared as Each;Static;;;;;;
Hat Diviyan Keliya;equalNumberOfPiecesOnTheBoard;12;true;;Static;;;;;;
Hat Diviyan Keliya;noUndeclaredPlayerReference;13;true;;Static;;;;;;
Hat Diviyan Keliya;sizeOfTrack;11;false;Track concept is not present;Static;;;;;;
Huli-Mane Ata;lineLessOrEqualThanBoardSide;11;false;Line concept is not present;Static;;;;;;
Huli-Mane Ata;pieceDeclaredAsShared;10;false;The game does not have any piece declared as Shared;Static;;;;;;
Huli-Mane Ata;pieceDeclaredAsNeutral;11;false;The game does not have any piece declared as Neutral;Static;;;;;;
Huli-Mane Ata;pieceDeclaredAsEach;12;false;The game does not have any piece declared as Each;Static;;;;;;
Huli-Mane Ata;equalNumberOfPiecesOnTheBoard;10;true;;Static;;;;;;
Huli-Mane Ata;noUndeclaredPlayerReference;9;true;;Static;;;;;;
Huli-Mane Ata;sizeOfTrack;11;false;Track concept is not present;Static;;;;;;
Hund efter Hare (Thy);lineLessOrEqualThanBoardSide;19;false;Line concept is not present;Static;;;;;;
Hund efter Hare (Thy);pieceDeclaredAsShared;17;false;The game does not have any piece declared as Shared;Static;;;;;;
Hund efter Hare (Thy);pieceDeclaredAsNeutral;18;false;The game does not have any piece declared as Neutral;Static;;;;;;
Hund efter Hare (Thy);pieceDeclaredAsEach;19;false;The game does not have any piece declared as Each;Static;;;;;;
Hund efter Hare (Thy);equalNumberOfPiecesOnTheBoard;19;true;;Static;;;;;;
Hund efter Hare (Thy);noUndeclaredPlayerReference;18;true;;Static;;;;;;
Hund efter Hare (Thy);sizeOfTrack;17;false;Track concept is not present;Static;;;;;;
Hund efter Hare (Vendsyssel);lineLessOrEqualThanBoardSide;12;false;Line concept is not present;Static;;;;;;
Hund efter Hare (Vendsyssel);pieceDeclaredAsShared;12;false;The game does not have any piece declared as Shared;Static;;;;;;
Hund efter Hare (Vendsyssel);pieceDeclaredAsNeutral;11;false;The game does not have any piece declared as Neutral;Static;;;;;;
Hund efter Hare (Vendsyssel);pieceDeclaredAsEach;11;false;The game does not have any piece declared as Each;Static;;;;;;
Hund efter Hare (Vendsyssel);equalNumberOfPiecesOnTheBoard;11;true;;Static;;;;;;
Hund efter Hare (Vendsyssel);noUndeclaredPlayerReference;12;true;;Static;;;;;;
Hund efter Hare (Vendsyssel);sizeOfTrack;11;false;Track concept is not present;Static;;;;;;
Hyvn aetter Hare;lineLessOrEqualThanBoardSide;18;false;Line concept is not present;Static;;;;;;
Hyvn aetter Hare;pieceDeclaredAsShared;16;false;The game does not have any piece declared as Shared;Static;;;;;;
Hyvn aetter Hare;pieceDeclaredAsNeutral;13;false;The game does not have any piece declared as Neutral;Static;;;;;;
Hyvn aetter Hare;pieceDeclaredAsEach;13;false;The game does not have any piece declared as Each;Static;;;;;;
Hyvn aetter Hare;equalNumberOfPiecesOnTheBoard;13;true;;Static;;;;;;
Hyvn aetter Hare;noUndeclaredPlayerReference;13;true;;Static;;;;;;
Hyvn aetter Hare;sizeOfTrack;13;false;Track concept is not present;Static;;;;;;
Janes Soppi;lineLessOrEqualThanBoardSide;11;false;Line concept is not present;Static;;;;;;
Janes Soppi;pieceDeclaredAsShared;13;false;The game does not have any piece declared as Shared;Static;;;;;;
Janes Soppi;pieceDeclaredAsNeutral;10;false;The game does not have any piece declared as Neutral;Static;;;;;;
Janes Soppi;pieceDeclaredAsEach;12;false;The game does not have any piece declared as Each;Static;;;;;;
Janes Soppi;equalNumberOfPiecesOnTheBoard;10;true;;Static;;;;;;
Janes Soppi;noUndeclaredPlayerReference;10;true;;Static;;;;;;
Janes Soppi;sizeOfTrack;12;false;Track concept is not present;Static;;;;;;
Jeu de Renard (Two Foxes);lineLessOrEqualThanBoardSide;39;false;Line concept is not present;Static;;;;;;
Jeu de Renard (Two Foxes);pieceDeclaredAsShared;42;false;The game does not have any piece declared as Shared;Static;;;;;;
Jeu de Renard (Two Foxes);pieceDeclaredAsNeutral;33;false;The game does not have any piece declared as Neutral;Static;;;;;;
Jeu de Renard (Two Foxes);pieceDeclaredAsEach;34;false;The game does not have any piece declared as Each;Static;;;;;;
Jeu de Renard (Two Foxes);equalNumberOfPiecesOnTheBoard;33;false;Players do not have the same number of pieces;Static;;;;;;
Jeu de Renard (Two Foxes);noUndeclaredPlayerReference;35;true;;Static;;;;;;
Jeu de Renard (Two Foxes);sizeOfTrack;31;false;Track concept is not present;Static;;;;;;
Jeu de Renard;lineLessOrEqualThanBoardSide;26;false;Line concept is not present;Static;;;;;;
Jeu de Renard;pieceDeclaredAsShared;24;false;The game does not have any piece declared as Shared;Static;;;;;;
Jeu de Renard;pieceDeclaredAsNeutral;24;false;The game does not have any piece declared as Neutral;Static;;;;;;
Jeu de Renard;pieceDeclaredAsEach;26;false;The game does not have any piece declared as Each;Static;;;;;;
Jeu de Renard;equalNumberOfPiecesOnTheBoard;23;false;Players do not have the same number of pieces;Static;;;;;;
Jeu de Renard;noUndeclaredPlayerReference;27;true;;Static;;;;;;
Jeu de Renard;sizeOfTrack;26;false;Track concept is not present;Static;;;;;;
Jeu du Renard et de la Poule;lineLessOrEqualThanBoardSide;22;false;Line concept is not present;Static;;;;;;
Jeu du Renard et de la Poule;pieceDeclaredAsShared;23;false;The game does not have any piece declared as Shared;Static;;;;;;
Jeu du Renard et de la Poule;pieceDeclaredAsNeutral;21;false;The game does not have any piece declared as Neutral;Static;;;;;;
Jeu du Renard et de la Poule;pieceDeclaredAsEach;26;false;The game does not have any piece declared as Each;Static;;;;;;
Jeu du Renard et de la Poule;equalNumberOfPiecesOnTheBoard;24;true;;Static;;;;;;
Jeu du Renard et de la Poule;noUndeclaredPlayerReference;24;true;;Static;;;;;;
Jeu du Renard et de la Poule;sizeOfTrack;20;false;Track concept is not present;Static;;;;;;
Jeu Militaire;lineLessOrEqualThanBoardSide;13;false;Line concept is not present;Static;;;;;;
Jeu Militaire;pieceDeclaredAsShared;12;false;The game does not have any piece declared as Shared;Static;;;;;;
Jeu Militaire;pieceDeclaredAsNeutral;13;false;The game does not have any piece declared as Neutral;Static;;;;;;
Jeu Militaire;pieceDeclaredAsEach;13;false;The game does not have any piece declared as Each;Static;;;;;;
Jeu Militaire;equalNumberOfPiecesOnTheBoard;11;true;;Static;;;;;;
Jeu Militaire;noUndeclaredPlayerReference;11;true;;Static;;;;;;
Jeu Militaire;sizeOfTrack;14;false;Track concept is not present;Static;;;;;;
Juroku Musashi;lineLessOrEqualThanBoardSide;22;false;Line concept is not present;Static;;;;;;
Juroku Musashi;pieceDeclaredAsShared;18;false;The game does not have any piece declared as Shared;Static;;;;;;
Juroku Musashi;pieceDeclaredAsNeutral;18;false;The game does not have any piece declared as Neutral;Static;;;;;;
Juroku Musashi;pieceDeclaredAsEach;17;false;The game does not have any piece declared as Each;Static;;;;;;
Juroku Musashi;equalNumberOfPiecesOnTheBoard;17;true;;Static;;;;;;
Juroku Musashi;noUndeclaredPlayerReference;15;true;;Static;;;;;;
Juroku Musashi;sizeOfTrack;15;false;Track concept is not present;Static;;;;;;
Kaooa;lineLessOrEqualThanBoardSide;10;false;Line concept is not present;Static;;;;;;
Kaooa;pieceDeclaredAsShared;11;false;The game does not have any piece declared as Shared;Static;;;;;;
Kaooa;pieceDeclaredAsNeutral;8;false;The game does not have any piece declared as Neutral;Static;;;;;;
Kaooa;pieceDeclaredAsEach;9;false;The game does not have any piece declared as Each;Static;;;;;;
Kaooa;equalNumberOfPiecesOnTheBoard;9;true;;Static;;;;;;
Kaooa;noUndeclaredPlayerReference;10;true;;Static;;;;;;
Kaooa;sizeOfTrack;9;false;Track concept is not present;Static;;;;;;
Ko-app-paw-na;lineLessOrEqualThanBoardSide;12;false;Line concept is not present;Static;;;;;;
Ko-app-paw-na;pieceDeclaredAsShared;11;false;The game does not have any piece declared as Shared;Static;;;;;;
Ko-app-paw-na;pieceDeclaredAsNeutral;11;false;The game does not have any piece declared as Neutral;Static;;;;;;
Ko-app-paw-na;pieceDeclaredAsEach;15;false;The game does not have any piece declared as Each;Static;;;;;;
Ko-app-paw-na;equalNumberOfPiecesOnTheBoard;13;true;;Static;;;;;;
Ko-app-paw-na;noUndeclaredPlayerReference;10;true;;Static;;;;;;
Ko-app-paw-na;sizeOfTrack;12;false;Track concept is not present;Static;;;;;;
Komikan;lineLessOrEqualThanBoardSide;24;false;Line concept is not present;Static;;;;;;
Komikan;pieceDeclaredAsShared;27;false;The game does not have any piece declared as Shared;Static;;;;;;
Komikan;pieceDeclaredAsNeutral;26;false;The game does not have any piece declared as Neutral;Static;;;;;;
Komikan;pieceDeclaredAsEach;24;false;The game does not have any piece declared as Each;Static;;;;;;
Komikan;equalNumberOfPiecesOnTheBoard;26;true;;Static;;;;;;
Komikan;noUndeclaredPlayerReference;27;true;;Static;;;;;;
Komikan;sizeOfTrack;26;false;Track concept is not present;Static;;;;;;
Koti Keliya;lineLessOrEqualThanBoardSide;50;false;Line concept is not present;Static;;;;;;
Koti Keliya;pieceDeclaredAsShared;48;false;The game does not have any piece declared as Shared;Static;;;;;;
Koti Keliya;pieceDeclaredAsNeutral;45;false;The game does not have any piece declared as Neutral;Static;;;;;;
Koti Keliya;pieceDeclaredAsEach;45;false;The game does not have any piece declared as Each;Static;;;;;;
Koti Keliya;equalNumberOfPiecesOnTheBoard;45;false;Players do not have the same number of pieces;Static;;;;;;
Koti Keliya;noUndeclaredPlayerReference;42;true;;Static;;;;;;
Koti Keliya;sizeOfTrack;43;false;Track concept is not present;Static;;;;;;
Kulaochal;lineLessOrEqualThanBoardSide;17;false;Line concept is not present;Static;;;;;;
Kulaochal;pieceDeclaredAsShared;17;false;The game does not have any piece declared as Shared;Static;;;;;;
Kulaochal;pieceDeclaredAsNeutral;18;false;The game does not have any piece declared as Neutral;Static;;;;;;
Kulaochal;pieceDeclaredAsEach;16;false;The game does not have any piece declared as Each;Static;;;;;;
Kulaochal;equalNumberOfPiecesOnTheBoard;18;true;;Static;;;;;;
Kulaochal;noUndeclaredPlayerReference;17;true;;Static;;;;;;
Kulaochal;sizeOfTrack;16;false;Track concept is not present;Static;;;;;;
La Liebre Perseguida;lineLessOrEqualThanBoardSide;14;false;Line concept is not present;Static;;;;;;
La Liebre Perseguida;pieceDeclaredAsShared;14;false;The game does not have any piece declared as Shared;Static;;;;;;
La Liebre Perseguida;pieceDeclaredAsNeutral;15;false;The game does not have any piece declared as Neutral;Static;;;;;;
La Liebre Perseguida;pieceDeclaredAsEach;14;false;The game does not have any piece declared as Each;Static;;;;;;
La Liebre Perseguida;equalNumberOfPiecesOnTheBoard;16;true;;Static;;;;;;
La Liebre Perseguida;noUndeclaredPlayerReference;15;true;;Static;;;;;;
La Liebre Perseguida;sizeOfTrack;15;false;Track concept is not present;Static;;;;;;
La Yagua;lineLessOrEqualThanBoardSide;19;false;Line concept is not present;Static;;;;;;
La Yagua;pieceDeclaredAsShared;19;false;The game does not have any piece declared as Shared;Static;;;;;;
La Yagua;pieceDeclaredAsNeutral;18;false;The game does not have any piece declared as Neutral;Static;;;;;;
La Yagua;pieceDeclaredAsEach;22;false;The game does not have any piece declared as Each;Static;;;;;;
La Yagua;equalNumberOfPiecesOnTheBoard;20;true;;Static;;;;;;
La Yagua;noUndeclaredPlayerReference;17;true;;Static;;;;;;
La Yagua;sizeOfTrack;17;false;Track concept is not present;Static;;;;;;
Len Cua Kin Ngoa;lineLessOrEqualThanBoardSide;22;false;Line concept is not present;Static;;;;;;
Len Cua Kin Ngoa;pieceDeclaredAsShared;20;false;The game does not have any piece declared as Shared;Static;;;;;;
Len Cua Kin Ngoa;pieceDeclaredAsNeutral;22;false;The game does not have any piece declared as Neutral;Static;;;;;;
Len Cua Kin Ngoa;pieceDeclaredAsEach;23;false;The game does not have any piece declared as Each;Static;;;;;;
Len Cua Kin Ngoa;equalNumberOfPiecesOnTheBoard;21;false;Players do not have the same number of pieces;Static;;;;;;
Len Cua Kin Ngoa;noUndeclaredPlayerReference;21;true;;Static;;;;;;
Len Cua Kin Ngoa;sizeOfTrack;19;false;Track concept is not present;Static;;;;;;
Ludus Coriovalli;lineLessOrEqualThanBoardSide;44;false;Line concept is not present;Static;;;;;;
Ludus Coriovalli;pieceDeclaredAsShared;39;false;The game does not have any piece declared as Shared;Static;;;;;;
Ludus Coriovalli;pieceDeclaredAsNeutral;42;false;The game does not have any piece declared as Neutral;Static;;;;;;
Ludus Coriovalli;pieceDeclaredAsEach;38;false;The game does not have any piece declared as Each;Static;;;;;;
Ludus Coriovalli;equalNumberOfPiecesOnTheBoard;42;true;;Static;;;;;;
Ludus Coriovalli;noUndeclaredPlayerReference;39;true;;Static;;;;;;
Ludus Coriovalli;sizeOfTrack;45;false;Track concept is not present;Static;;;;;;
Main Tapak Empat;lineLessOrEqualThanBoardSide;22;false;Line concept is not present;Static;;;;;;
Main Tapak Empat;pieceDeclaredAsShared;20;false;The game does not have any piece declared as Shared;Static;;;;;;
Main Tapak Empat;pieceDeclaredAsNeutral;25;false;The game does not have any piece declared as Neutral;Static;;;;;;
Main Tapak Empat;pieceDeclaredAsEach;19;false;The game does not have any piece declared as Each;Static;;;;;;
Main Tapak Empat;equalNumberOfPiecesOnTheBoard;19;true;;Static;;;;;;
Main Tapak Empat;noUndeclaredPlayerReference;20;true;;Static;;;;;;
Main Tapak Empat;sizeOfTrack;19;false;Track concept is not present;Static;;;;;;
Manu;lineLessOrEqualThanBoardSide;20;false;Line concept is not present;Static;;;;;;
Manu;pieceDeclaredAsShared;18;false;The game does not have any piece declared as Shared;Static;;;;;;
Manu;pieceDeclaredAsNeutral;20;false;The game does not have any piece declared as Neutral;Static;;;;;;
Manu;pieceDeclaredAsEach;22;false;The game does not have any piece declared as Each;Static;;;;;;
Manu;equalNumberOfPiecesOnTheBoard;22;true;;Static;;;;;;
Manu;noUndeclaredPlayerReference;20;true;;Static;;;;;;
Manu;sizeOfTrack;19;false;Track concept is not present;Static;;;;;;
Mao Naga Tiger Game;lineLessOrEqualThanBoardSide;27;false;Line concept is not present;Static;;;;;;
Mao Naga Tiger Game;pieceDeclaredAsShared;25;false;The game does not have any piece declared as Shared;Static;;;;;;
Mao Naga Tiger Game;pieceDeclaredAsNeutral;25;false;The game does not have any piece declared as Neutral;Static;;;;;;
Mao Naga Tiger Game;pieceDeclaredAsEach;25;false;The game does not have any piece declared as Each;Static;;;;;;
Mao Naga Tiger Game;equalNumberOfPiecesOnTheBoard;23;true;;Static;;;;;;
Mao Naga Tiger Game;noUndeclaredPlayerReference;25;true;;Static;;;;;;
Mao Naga Tiger Game;sizeOfTrack;24;false;Track concept is not present;Static;;;;;;
Merimueng-rimueng-do;lineLessOrEqualThanBoardSide;11;false;Line concept is not present;Static;;;;;;
Merimueng-rimueng-do;pieceDeclaredAsShared;11;false;The game does not have any piece declared as Shared;Static;;;;;;
Merimueng-rimueng-do;pieceDeclaredAsNeutral;11;false;The game does not have any piece declared as Neutral;Static;;;;;;
Merimueng-rimueng-do;pieceDeclaredAsEach;11;false;The game does not have any piece declared as Each;Static;;;;;;
Merimueng-rimueng-do;equalNumberOfPiecesOnTheBoard;13;true;;Static;;;;;;
Merimueng-rimueng-do;noUndeclaredPlayerReference;11;true;;Static;;;;;;
Merimueng-rimueng-do;sizeOfTrack;12;false;Track concept is not present;Static;;;;;;
Merimueng-rimueng;lineLessOrEqualThanBoardSide;28;false;Line concept is not present;Static;;;;;;
Merimueng-rimueng;pieceDeclaredAsShared;28;false;The game does not have any piece declared as Shared;Static;;;;;;
Merimueng-rimueng;pieceDeclaredAsNeutral;27;false;The game does not have any piece declared as Neutral;Static;;;;;;
Merimueng-rimueng;pieceDeclaredAsEach;33;false;The game does not have any piece declared as Each;Static;;;;;;
Merimueng-rimueng;equalNumberOfPiecesOnTheBoard;26;true;;Static;;;;;;
Merimueng-rimueng;noUndeclaredPlayerReference;31;true;;Static;;;;;;
Merimueng-rimueng;sizeOfTrack;33;false;Track concept is not present;Static;;;;;;
Musinaykahwhanmetowaywin;lineLessOrEqualThanBoardSide;26;false;Line concept is not present;Static;;;;;;
Musinaykahwhanmetowaywin;pieceDeclaredAsShared;24;false;The game does not have any piece declared as Shared;Static;;;;;;
Musinaykahwhanmetowaywin;pieceDeclaredAsNeutral;25;false;The game does not have any piece declared as Neutral;Static;;;;;;
Musinaykahwhanmetowaywin;pieceDeclaredAsEach;26;false;The game does not have any piece declared as Each;Static;;;;;;
Musinaykahwhanmetowaywin;equalNumberOfPiecesOnTheBoard;25;true;;Static;;;;;;
Musinaykahwhanmetowaywin;noUndeclaredPlayerReference;28;true;;Static;;;;;;
Musinaykahwhanmetowaywin;sizeOfTrack;27;false;Track concept is not present;Static;;;;;;
Mysore Tiger Game (Three Tigers);lineLessOrEqualThanBoardSide;18;false;Line concept is not present;Static;;;;;;
Mysore Tiger Game (Three Tigers);pieceDeclaredAsShared;16;false;The game does not have any piece declared as Shared;Static;;;;;;
Mysore Tiger Game (Three Tigers);pieceDeclaredAsNeutral;14;false;The game does not have any piece declared as Neutral;Static;;;;;;
Mysore Tiger Game (Three Tigers);pieceDeclaredAsEach;16;false;The game does not have any piece declared as Each;Static;;;;;;
Mysore Tiger Game (Three Tigers);equalNumberOfPiecesOnTheBoard;16;true;;Static;;;;;;
Mysore Tiger Game (Three Tigers);noUndeclaredPlayerReference;16;true;;Static;;;;;;
Mysore Tiger Game (Three Tigers);sizeOfTrack;17;false;Track concept is not present;Static;;;;;;
Mysore Tiger Game (Two Tigers);lineLessOrEqualThanBoardSide;21;false;Line concept is not present;Static;;;;;;
Mysore Tiger Game (Two Tigers);pieceDeclaredAsShared;21;false;The game does not have any piece declared as Shared;Static;;;;;;
Mysore Tiger Game (Two Tigers);pieceDeclaredAsNeutral;20;false;The game does not have any piece declared as Neutral;Static;;;;;;
Mysore Tiger Game (Two Tigers);pieceDeclaredAsEach;19;false;The game does not have any piece declared as Each;Static;;;;;;
Mysore Tiger Game (Two Tigers);equalNumberOfPiecesOnTheBoard;21;true;;Static;;;;;;
Mysore Tiger Game (Two Tigers);noUndeclaredPlayerReference;19;true;;Static;;;;;;
Mysore Tiger Game (Two Tigers);sizeOfTrack;21;false;Track concept is not present;Static;;;;;;
Mysore Tiger Game;lineLessOrEqualThanBoardSide;11;false;Line concept is not present;Static;;;;;;
Mysore Tiger Game;pieceDeclaredAsShared;11;false;The game does not have any piece declared as Shared;Static;;;;;;
Mysore Tiger Game;pieceDeclaredAsNeutral;12;false;The game does not have any piece declared as Neutral;Static;;;;;;
Mysore Tiger Game;pieceDeclaredAsEach;11;false;The game does not have any piece declared as Each;Static;;;;;;
Mysore Tiger Game;equalNumberOfPiecesOnTheBoard;12;true;;Static;;;;;;
Mysore Tiger Game;noUndeclaredPlayerReference;9;true;;Static;;;;;;
Mysore Tiger Game;sizeOfTrack;10;false;Track concept is not present;Static;;;;;;
Neg Tugal Tuux;lineLessOrEqualThanBoardSide;17;false;Line concept is not present;Static;;;;;;
Neg Tugal Tuux;pieceDeclaredAsShared;16;false;The game does not have any piece declared as Shared;Static;;;;;;
Neg Tugal Tuux;pieceDeclaredAsNeutral;18;false;The game does not have any piece declared as Neutral;Static;;;;;;
Neg Tugal Tuux;pieceDeclaredAsEach;17;false;The game does not have any piece declared as Each;Static;;;;;;
Neg Tugal Tuux;equalNumberOfPiecesOnTheBoard;15;true;;Static;;;;;;
Neg Tugal Tuux;noUndeclaredPlayerReference;16;true;;Static;;;;;;
Neg Tugal Tuux;sizeOfTrack;16;false;Track concept is not present;Static;;;;;;
Nuktagaq;lineLessOrEqualThanBoardSide;20;false;Line concept is not present;Static;;;;;;
Nuktagaq;pieceDeclaredAsShared;18;false;The game does not have any piece declared as Shared;Static;;;;;;
Nuktagaq;pieceDeclaredAsNeutral;18;false;The game does not have any piece declared as Neutral;Static;;;;;;
Nuktagaq;pieceDeclaredAsEach;17;false;The game does not have any piece declared as Each;Static;;;;;;
Nuktagaq;equalNumberOfPiecesOnTheBoard;20;true;;Static;;;;;;
Nuktagaq;noUndeclaredPlayerReference;19;true;;Static;;;;;;
Nuktagaq;sizeOfTrack;20;false;Track concept is not present;Static;;;;;;
Orissa Tiger Game (Four Tigers);lineLessOrEqualThanBoardSide;20;false;Line concept is not present;Static;;;;;;
Orissa Tiger Game (Four Tigers);pieceDeclaredAsShared;17;false;The game does not have any piece declared as Shared;Static;;;;;;
Orissa Tiger Game (Four Tigers);pieceDeclaredAsNeutral;17;false;The game does not have any piece declared as Neutral;Static;;;;;;
Orissa Tiger Game (Four Tigers);pieceDeclaredAsEach;17;false;The game does not have any piece declared as Each;Static;;;;;;
Orissa Tiger Game (Four Tigers);equalNumberOfPiecesOnTheBoard;18;true;;Static;;;;;;
Orissa Tiger Game (Four Tigers);noUndeclaredPlayerReference;17;true;;Static;;;;;;
Orissa Tiger Game (Four Tigers);sizeOfTrack;18;false;Track concept is not present;Static;;;;;;
Orissa Tiger Game (One Tiger);lineLessOrEqualThanBoardSide;17;false;Line concept is not present;Static;;;;;;
Orissa Tiger Game (One Tiger);pieceDeclaredAsShared;19;false;The game does not have any piece declared as Shared;Static;;;;;;
Orissa Tiger Game (One Tiger);pieceDeclaredAsNeutral;18;false;The game does not have any piece declared as Neutral;Static;;;;;;
Orissa Tiger Game (One Tiger);pieceDeclaredAsEach;18;false;The game does not have any piece declared as Each;Static;;;;;;
Orissa Tiger Game (One Tiger);equalNumberOfPiecesOnTheBoard;17;true;;Static;;;;;;
Orissa Tiger Game (One Tiger);noUndeclaredPlayerReference;18;true;;Static;;;;;;
Orissa Tiger Game (One Tiger);sizeOfTrack;18;false;Track concept is not present;Static;;;;;;
Pon Chochotl;lineLessOrEqualThanBoardSide;17;false;Line concept is not present;Static;;;;;;
Pon Chochotl;pieceDeclaredAsShared;15;false;The game does not have any piece declared as Shared;Static;;;;;;
Pon Chochotl;pieceDeclaredAsNeutral;14;false;The game does not have any piece declared as Neutral;Static;;;;;;
Pon Chochotl;pieceDeclaredAsEach;15;false;The game does not have any piece declared as Each;Static;;;;;;
Pon Chochotl;equalNumberOfPiecesOnTheBoard;15;true;;Static;;;;;;
Pon Chochotl;noUndeclaredPlayerReference;16;true;;Static;;;;;;
Pon Chochotl;sizeOfTrack;16;false;Track concept is not present;Static;;;;;;
Pulijudamu;lineLessOrEqualThanBoardSide;22;false;Line concept is not present;Static;;;;;;
Pulijudamu;pieceDeclaredAsShared;21;false;The game does not have any piece declared as Shared;Static;;;;;;
Pulijudamu;pieceDeclaredAsNeutral;19;false;The game does not have any piece declared as Neutral;Static;;;;;;
Pulijudamu;pieceDeclaredAsEach;19;false;The game does not have any piece declared as Each;Static;;;;;;
Pulijudamu;equalNumberOfPiecesOnTheBoard;21;true;;Static;;;;;;
Pulijudamu;noUndeclaredPlayerReference;19;true;;Static;;;;;;
Pulijudamu;sizeOfTrack;20;false;Track concept is not present;Static;;;;;;
Refskak;lineLessOrEqualThanBoardSide;18;false;Line concept is not present;Static;;;;;;
Refskak;pieceDeclaredAsShared;18;false;The game does not have any piece declared as Shared;Static;;;;;;
Refskak;pieceDeclaredAsNeutral;17;false;The game does not have any piece declared as Neutral;Static;;;;;;
Refskak;pieceDeclaredAsEach;16;false;The game does not have any piece declared as Each;Static;;;;;;
Refskak;equalNumberOfPiecesOnTheBoard;16;true;;Static;;;;;;
Refskak;noUndeclaredPlayerReference;17;true;;Static;;;;;;
Refskak;sizeOfTrack;15;false;Track concept is not present;Static;;;;;;
Renard et les Poules;lineLessOrEqualThanBoardSide;33;false;Line concept is not present;Static;;;;;;
Renard et les Poules;pieceDeclaredAsShared;26;false;The game does not have any piece declared as Shared;Static;;;;;;
Renard et les Poules;pieceDeclaredAsNeutral;28;false;The game does not have any piece declared as Neutral;Static;;;;;;
Renard et les Poules;pieceDeclaredAsEach;24;false;The game does not have any piece declared as Each;Static;;;;;;
Renard et les Poules;equalNumberOfPiecesOnTheBoard;23;true;;Static;;;;;;
Renard et les Poules;noUndeclaredPlayerReference;23;true;;Static;;;;;;
Renard et les Poules;sizeOfTrack;26;false;Track concept is not present;Static;;;;;;
Rimau-Rimau (One Tiger);lineLessOrEqualThanBoardSide;29;false;Line concept is not present;Static;;;;;;
Rimau-Rimau (One Tiger);pieceDeclaredAsShared;28;false;The game does not have any piece declared as Shared;Static;;;;;;
Rimau-Rimau (One Tiger);pieceDeclaredAsNeutral;27;false;The game does not have any piece declared as Neutral;Static;;;;;;
Rimau-Rimau (One Tiger);pieceDeclaredAsEach;28;false;The game does not have any piece declared as Each;Static;;;;;;
Rimau-Rimau (One Tiger);equalNumberOfPiecesOnTheBoard;28;true;;Static;;;;;;
Rimau-Rimau (One Tiger);noUndeclaredPlayerReference;27;true;;Static;;;;;;
Rimau-Rimau (One Tiger);sizeOfTrack;29;false;Track concept is not present;Static;;;;;;
Rimau-Rimau (Two Tigers);lineLessOrEqualThanBoardSide;23;false;Line concept is not present;Static;;;;;;
Rimau-Rimau (Two Tigers);pieceDeclaredAsShared;22;false;The game does not have any piece declared as Shared;Static;;;;;;
Rimau-Rimau (Two Tigers);pieceDeclaredAsNeutral;21;false;The game does not have any piece declared as Neutral;Static;;;;;;
Rimau-Rimau (Two Tigers);pieceDeclaredAsEach;25;false;The game does not have any piece declared as Each;Static;;;;;;
Rimau-Rimau (Two Tigers);equalNumberOfPiecesOnTheBoard;21;true;;Static;;;;;;
Rimau-Rimau (Two Tigers);noUndeclaredPlayerReference;24;true;;Static;;;;;;
Rimau-Rimau (Two Tigers);sizeOfTrack;27;false;Track concept is not present;Static;;;;;;
Rimoe;lineLessOrEqualThanBoardSide;22;false;Line concept is not present;Static;;;;;;
Rimoe;pieceDeclaredAsShared;21;false;The game does not have any piece declared as Shared;Static;;;;;;
Rimoe;pieceDeclaredAsNeutral;19;false;The game does not have any piece declared as Neutral;Static;;;;;;
Rimoe;pieceDeclaredAsEach;20;false;The game does not have any piece declared as Each;Static;;;;;;
Rimoe;equalNumberOfPiecesOnTheBoard;21;true;;Static;;;;;;
Rimoe;noUndeclaredPlayerReference;21;true;;Static;;;;;;
Rimoe;sizeOfTrack;23;false;Track concept is not present;Static;;;;;;
Sher Bakar;lineLessOrEqualThanBoardSide;30;false;Line concept is not present;Static;;;;;;
Sher Bakar;pieceDeclaredAsShared;30;false;The game does not have any piece declared as Shared;Static;;;;;;
Sher Bakar;pieceDeclaredAsNeutral;28;false;The game does not have any piece declared as Neutral;Static;;;;;;
Sher Bakar;pieceDeclaredAsEach;32;false;The game does not have any piece declared as Each;Static;;;;;;
Sher Bakar;equalNumberOfPiecesOnTheBoard;29;true;;Static;;;;;;
Sher Bakar;noUndeclaredPlayerReference;29;true;;Static;;;;;;
Sher Bakar;sizeOfTrack;29;false;Track concept is not present;Static;;;;;;
Sher Bakr;lineLessOrEqualThanBoardSide;10;false;Line concept is not present;Static;;;;;;
Sher Bakr;pieceDeclaredAsShared;9;false;The game does not have any piece declared as Shared;Static;;;;;;
Sher Bakr;pieceDeclaredAsNeutral;10;false;The game does not have any piece declared as Neutral;Static;;;;;;
Sher Bakr;pieceDeclaredAsEach;8;false;The game does not have any piece declared as Each;Static;;;;;;
Sher Bakr;equalNumberOfPiecesOnTheBoard;9;true;;Static;;;;;;
Sher Bakr;noUndeclaredPlayerReference;9;true;;Static;;;;;;
Sher Bakr;sizeOfTrack;10;false;Track concept is not present;Static;;;;;;
Shi Liu Kan Tsiang Kun;lineLessOrEqualThanBoardSide;21;false;Line concept is not present;Static;;;;;;
Shi Liu Kan Tsiang Kun;pieceDeclaredAsShared;26;false;The game does not have any piece declared as Shared;Static;;;;;;
Shi Liu Kan Tsiang Kun;pieceDeclaredAsNeutral;21;false;The game does not have any piece declared as Neutral;Static;;;;;;
Shi Liu Kan Tsiang Kun;pieceDeclaredAsEach;18;false;The game does not have any piece declared as Each;Static;;;;;;
Shi Liu Kan Tsiang Kun;equalNumberOfPiecesOnTheBoard;18;true;;Static;;;;;;
Shi Liu Kan Tsiang Kun;noUndeclaredPlayerReference;20;true;;Static;;;;;;
Shi Liu Kan Tsiang Kun;sizeOfTrack;21;false;Track concept is not present;Static;;;;;;
Shui Yen Ho-Shang;lineLessOrEqualThanBoardSide;20;false;Line concept is not present;Static;;;;;;
Shui Yen Ho-Shang;pieceDeclaredAsShared;18;false;The game does not have any piece declared as Shared;Static;;;;;;
Shui Yen Ho-Shang;pieceDeclaredAsNeutral;17;false;The game does not have any piece declared as Neutral;Static;;;;;;
Shui Yen Ho-Shang;pieceDeclaredAsEach;18;false;The game does not have any piece declared as Each;Static;;;;;;
Shui Yen Ho-Shang;equalNumberOfPiecesOnTheBoard;18;true;;Static;;;;;;
Shui Yen Ho-Shang;noUndeclaredPlayerReference;16;true;;Static;;;;;;
Shui Yen Ho-Shang;sizeOfTrack;16;false;Track concept is not present;Static;;;;;;
Sumi Naga Game (Hunt);lineLessOrEqualThanBoardSide;17;false;Line concept is not present;Static;;;;;;
Sumi Naga Game (Hunt);pieceDeclaredAsShared;17;false;The game does not have any piece declared as Shared;Static;;;;;;
Sumi Naga Game (Hunt);pieceDeclaredAsNeutral;17;false;The game does not have any piece declared as Neutral;Static;;;;;;
Sumi Naga Game (Hunt);pieceDeclaredAsEach;16;false;The game does not have any piece declared as Each;Static;;;;;;
Sumi Naga Game (Hunt);equalNumberOfPiecesOnTheBoard;16;true;;Static;;;;;;
Sumi Naga Game (Hunt);noUndeclaredPlayerReference;16;true;;Static;;;;;;
Sumi Naga Game (Hunt);sizeOfTrack;17;false;Track concept is not present;Static;;;;;;
Three Musketeers;lineLessOrEqualThanBoardSide;21;true;;Static;;;;;;
Three Musketeers;pieceDeclaredAsShared;13;false;The game does not have any piece declared as Shared;Static;;;;;;
Three Musketeers;pieceDeclaredAsNeutral;15;false;The game does not have any piece declared as Neutral;Static;;;;;;
Three Musketeers;pieceDeclaredAsEach;13;false;The game does not have any piece declared as Each;Static;;;;;;
Three Musketeers;equalNumberOfPiecesOnTheBoard;15;false;Players do not have the same number of pieces;Static;;;;;;
Three Musketeers;noUndeclaredPlayerReference;13;true;;Static;;;;;;
Three Musketeers;sizeOfTrack;14;false;Track concept is not present;Static;;;;;;
To Kinegi tou Lagou;lineLessOrEqualThanBoardSide;124;false;Line concept is not present;Static;;;;;;
To Kinegi tou Lagou;pieceDeclaredAsShared;123;false;The game does not have any piece declared as Shared;Static;;;;;;
To Kinegi tou Lagou;pieceDeclaredAsNeutral;115;false;The game does not have any piece declared as Neutral;Static;;;;;;
To Kinegi tou Lagou;pieceDeclaredAsEach;118;true;;Static;;;;;;
To Kinegi tou Lagou;equalNumberOfPiecesOnTheBoard;119;true;;Static;;;;;;
To Kinegi tou Lagou;noUndeclaredPlayerReference;117;true;;Static;;;;;;
To Kinegi tou Lagou;sizeOfTrack;115;false;Track concept is not present;Static;;;;;;
Uxrijn Ever;lineLessOrEqualThanBoardSide;15;false;Line concept is not present;Static;;;;;;
Uxrijn Ever;pieceDeclaredAsShared;12;false;The game does not have any piece declared as Shared;Static;;;;;;
Uxrijn Ever;pieceDeclaredAsNeutral;13;false;The game does not have any piece declared as Neutral;Static;;;;;;
Uxrijn Ever;pieceDeclaredAsEach;12;false;The game does not have any piece declared as Each;Static;;;;;;
Uxrijn Ever;equalNumberOfPiecesOnTheBoard;14;true;;Static;;;;;;
Uxrijn Ever;noUndeclaredPlayerReference;13;true;;Static;;;;;;
Uxrijn Ever;sizeOfTrack;13;false;Track concept is not present;Static;;;;;;
Wolf and Sheep;lineLessOrEqualThanBoardSide;19;false;Line concept is not present;Static;;;;;;
Wolf and Sheep;pieceDeclaredAsShared;18;false;The game does not have any piece declared as Shared;Static;;;;;;
Wolf and Sheep;pieceDeclaredAsNeutral;18;false;The game does not have any piece declared as Neutral;Static;;;;;;
Wolf and Sheep;pieceDeclaredAsEach;20;false;The game does not have any piece declared as Each;Static;;;;;;
Wolf and Sheep;equalNumberOfPiecesOnTheBoard;21;false;Players do not have the same number of pieces;Static;;;;;;
Wolf and Sheep;noUndeclaredPlayerReference;18;true;;Static;;;;;;
Wolf and Sheep;sizeOfTrack;25;false;Track concept is not present;Static;;;;;;
Wolf und Schaaf;lineLessOrEqualThanBoardSide;27;false;Line concept is not present;Static;;;;;;
Wolf und Schaaf;pieceDeclaredAsShared;21;false;The game does not have any piece declared as Shared;Static;;;;;;
Wolf und Schaaf;pieceDeclaredAsNeutral;19;false;The game does not have any piece declared as Neutral;Static;;;;;;
Wolf und Schaaf;pieceDeclaredAsEach;19;false;The game does not have any piece declared as Each;Static;;;;;;
Wolf und Schaaf;equalNumberOfPiecesOnTheBoard;19;false;Players do not have the same number of pieces;Static;;;;;;
Wolf und Schaaf;noUndeclaredPlayerReference;20;true;;Static;;;;;;
Wolf und Schaaf;sizeOfTrack;22;false;Track concept is not present;Static;;;;;;
Yaguarete Kora;lineLessOrEqualThanBoardSide;14;false;Line concept is not present;Static;;;;;;
Yaguarete Kora;pieceDeclaredAsShared;14;false;The game does not have any piece declared as Shared;Static;;;;;;
Yaguarete Kora;pieceDeclaredAsNeutral;15;false;The game does not have any piece declared as Neutral;Static;;;;;;
Yaguarete Kora;pieceDeclaredAsEach;16;false;The game does not have any piece declared as Each;Static;;;;;;
Yaguarete Kora;equalNumberOfPiecesOnTheBoard;15;true;;Static;;;;;;
Yaguarete Kora;noUndeclaredPlayerReference;15;true;;Static;;;;;;
Yaguarete Kora;sizeOfTrack;15;false;Track concept is not present;Static;;;;;;
Yeung Luk Sz' Kon Tseung Kwan;lineLessOrEqualThanBoardSide;14;false;Line concept is not present;Static;;;;;;
Yeung Luk Sz' Kon Tseung Kwan;pieceDeclaredAsShared;14;false;The game does not have any piece declared as Shared;Static;;;;;;
Yeung Luk Sz' Kon Tseung Kwan;pieceDeclaredAsNeutral;14;false;The game does not have any piece declared as Neutral;Static;;;;;;
Yeung Luk Sz' Kon Tseung Kwan;pieceDeclaredAsEach;14;false;The game does not have any piece declared as Each;Static;;;;;;
Yeung Luk Sz' Kon Tseung Kwan;equalNumberOfPiecesOnTheBoard;14;true;;Static;;;;;;
Yeung Luk Sz' Kon Tseung Kwan;noUndeclaredPlayerReference;16;true;;Static;;;;;;
Yeung Luk Sz' Kon Tseung Kwan;sizeOfTrack;15;false;Track concept is not present;Static;;;;;;
20 Squares;lineLessOrEqualThanBoardSide;26;false;Line concept is not present;Static;;;;;;
20 Squares;pieceDeclaredAsShared;21;false;The game does not have any piece declared as Shared;Static;;;;;;
20 Squares;pieceDeclaredAsNeutral;19;false;The game does not have any piece declared as Neutral;Static;;;;;;
20 Squares;pieceDeclaredAsEach;19;true;;Static;;;;;;
20 Squares;equalNumberOfPiecesOnTheBoard;29;true;;Static;;;;;;
20 Squares;noUndeclaredPlayerReference;21;true;;Static;;;;;;
20 Squares;sizeOfTrack;21;false;The owner 0 does not have a track;Static;;;;;;
58 Holes;lineLessOrEqualThanBoardSide;40;false;Line concept is not present;Static;;;;;;
58 Holes;pieceDeclaredAsShared;42;false;The game does not have any piece declared as Shared;Static;;;;;;
58 Holes;pieceDeclaredAsNeutral;37;false;The game does not have any piece declared as Neutral;Static;;;;;;
58 Holes;pieceDeclaredAsEach;37;true;;Static;;;;;;
58 Holes;equalNumberOfPiecesOnTheBoard;37;true;;Static;;;;;;
58 Holes;noUndeclaredPlayerReference;37;true;;Static;;;;;;
58 Holes;sizeOfTrack;36;false;The owner 0 does not have a track;Static;;;;;;
Ashta-kashte;lineLessOrEqualThanBoardSide;29;false;Line concept is not present;Static;;;;;;
Ashta-kashte;pieceDeclaredAsShared;28;false;The game does not have any piece declared as Shared;Static;;;;;;
Ashta-kashte;pieceDeclaredAsNeutral;27;false;The game does not have any piece declared as Neutral;Static;;;;;;
Ashta-kashte;pieceDeclaredAsEach;29;true;;Static;;;;;;
Ashta-kashte;equalNumberOfPiecesOnTheBoard;34;true;;Static;;;;;;
Ashta-kashte;noUndeclaredPlayerReference;31;false;P3 is not declared;Static;;;;;;
Ashta-kashte;sizeOfTrack;30;false;The owner 0 does not have a track;Static;;;;;;
Ashtapada;lineLessOrEqualThanBoardSide;33;false;Line concept is not present;Static;;;;;;
Ashtapada;pieceDeclaredAsShared;31;false;The game does not have any piece declared as Shared;Static;;;;;;
Ashtapada;pieceDeclaredAsNeutral;27;false;The game does not have any piece declared as Neutral;Static;;;;;;
Ashtapada;pieceDeclaredAsEach;29;true;;Static;;;;;;
Ashtapada;equalNumberOfPiecesOnTheBoard;32;true;;Static;;;;;;
Ashtapada;noUndeclaredPlayerReference;30;true;;Static;;;;;;
Ashtapada;sizeOfTrack;29;false;The owner 0 does not have a track;Static;;;;;;
Asi Keliya;lineLessOrEqualThanBoardSide;43;false;Line concept is not present;Static;;;;;;
Asi Keliya;pieceDeclaredAsShared;37;false;The game does not have any piece declared as Shared;Static;;;;;;
Asi Keliya;pieceDeclaredAsNeutral;39;false;The game does not have any piece declared as Neutral;Static;;;;;;
Asi Keliya;pieceDeclaredAsEach;37;true;;Static;;;;;;
Asi Keliya;equalNumberOfPiecesOnTheBoard;36;true;;Static;;;;;;
Asi Keliya;noUndeclaredPlayerReference;33;true;;Static;;;;;;
Asi Keliya;sizeOfTrack;39;false;The owner 0 does not have a track;Static;;;;;;
Backgammon;lineLessOrEqualThanBoardSide;33;false;Line concept is not present;Static;;;;;;
Backgammon;pieceDeclaredAsShared;28;false;The game does not have any piece declared as Shared;Static;;;;;;
Backgammon;pieceDeclaredAsNeutral;25;false;The game does not have any piece declared as Neutral;Static;;;;;;
Backgammon;pieceDeclaredAsEach;26;true;;Static;;;;;;
Backgammon;equalNumberOfPiecesOnTheBoard;36;true;;Static;;;;;;
Backgammon;noUndeclaredPlayerReference;28;true;;Static;;;;;;
Backgammon;sizeOfTrack;27;false;The owner 0 does not have a track;Static;;;;;;
Baralie;lineLessOrEqualThanBoardSide;16;false;Line concept is not present;Static;;;;;;
Baralie;pieceDeclaredAsShared;17;false;The game does not have any piece declared as Shared;Static;;;;;;
Baralie;pieceDeclaredAsNeutral;16;false;The game does not have any piece declared as Neutral;Static;;;;;;
Baralie;pieceDeclaredAsEach;17;true;;Static;;;;;;
Baralie;equalNumberOfPiecesOnTheBoard;18;true;;Static;;;;;;
Baralie;noUndeclaredPlayerReference;16;true;;Static;;;;;;
Baralie;sizeOfTrack;15;false;The owner 0 does not have a track;Static;;;;;;
Bargese;lineLessOrEqualThanBoardSide;61;false;Line concept is not present;Static;;;;;;
Bargese;pieceDeclaredAsShared;62;false;The game does not have any piece declared as Shared;Static;;;;;;
Bargese;pieceDeclaredAsNeutral;60;false;The game does not have any piece declared as Neutral;Static;;;;;;
Bargese;pieceDeclaredAsEach;64;true;;Static;;;;;;
Bargese;equalNumberOfPiecesOnTheBoard;60;true;;Static;;;;;;
Bargese;noUndeclaredPlayerReference;64;true;;Static;;;;;;
Bargese;sizeOfTrack;63;false;The owner 0 does not have a track;Static;;;;;;
Barjis;lineLessOrEqualThanBoardSide;35;false;Line concept is not present;Static;;;;;;
Barjis;pieceDeclaredAsShared;33;false;The game does not have any piece declared as Shared;Static;;;;;;
Barjis;pieceDeclaredAsNeutral;34;false;The game does not have any piece declared as Neutral;Static;;;;;;
Barjis;pieceDeclaredAsEach;41;true;;Static;;;;;;
Barjis;equalNumberOfPiecesOnTheBoard;38;true;;Static;;;;;;
Barjis;noUndeclaredPlayerReference;38;true;;Static;;;;;;
Barjis;sizeOfTrack;40;false;The owner 0 does not have a track;Static;;;;;;
Buffa de Baldrac;lineLessOrEqualThanBoardSide;18;false;Line concept is not present;Static;;;;;;
Buffa de Baldrac;pieceDeclaredAsShared;16;false;The game does not have any piece declared as Shared;Static;;;;;;
Buffa de Baldrac;pieceDeclaredAsNeutral;17;false;The game does not have any piece declared as Neutral;Static;;;;;;
Buffa de Baldrac;pieceDeclaredAsEach;17;true;;Static;;;;;;
Buffa de Baldrac;equalNumberOfPiecesOnTheBoard;20;true;;Static;;;;;;
Buffa de Baldrac;noUndeclaredPlayerReference;17;true;;Static;;;;;;
Buffa de Baldrac;sizeOfTrack;16;false;The owner 0 does not have a track;Static;;;;;;
Cab e Quinal;lineLessOrEqualThanBoardSide;12;false;Line concept is not present;Static;;;;;;
Cab e Quinal;pieceDeclaredAsShared;11;false;The game does not have any piece declared as Shared;Static;;;;;;
Cab e Quinal;pieceDeclaredAsNeutral;12;false;The game does not have any piece declared as Neutral;Static;;;;;;
Cab e Quinal;pieceDeclaredAsEach;11;true;;Static;;;;;;
Cab e Quinal;equalNumberOfPiecesOnTheBoard;12;true;;Static;;;;;;
Cab e Quinal;noUndeclaredPlayerReference;12;true;;Static;;;;;;
Cab e Quinal;sizeOfTrack;14;false;The owner 0 does not have a track;Static;;;;;;
Chaupar;lineLessOrEqualThanBoardSide;92;false;Line concept is not present;Static;;;;;;
Chaupar;pieceDeclaredAsShared;87;false;The game does not have any piece declared as Shared;Static;;;;;;
Chaupar;pieceDeclaredAsNeutral;85;false;The game does not have any piece declared as Neutral;Static;;;;;;
Chaupar;pieceDeclaredAsEach;88;true;;Static;;;;;;
Chaupar;equalNumberOfPiecesOnTheBoard;81;true;;Static;;;;;;
Chaupar;noUndeclaredPlayerReference;82;true;;Static;;;;;;
Chaupar;sizeOfTrack;83;false;The owner 0 does not have a track;Static;;;;;;
Contrare Puff;lineLessOrEqualThanBoardSide;29;false;Line concept is not present;Static;;;;;;
Contrare Puff;pieceDeclaredAsShared;29;false;The game does not have any piece declared as Shared;Static;;;;;;
Contrare Puff;pieceDeclaredAsNeutral;30;false;The game does not have any piece declared as Neutral;Static;;;;;;
Contrare Puff;pieceDeclaredAsEach;31;true;;Static;;;;;;
Contrare Puff;equalNumberOfPiecesOnTheBoard;33;true;;Static;;;;;;
Contrare Puff;noUndeclaredPlayerReference;32;true;;Static;;;;;;
Contrare Puff;sizeOfTrack;32;false;The owner 0 does not have a track;Static;;;;;;
Doblet;lineLessOrEqualThanBoardSide;26;false;Line concept is not present;Static;;;;;;
Doblet;pieceDeclaredAsShared;24;false;The game does not have any piece declared as Shared;Static;;;;;;
Doblet;pieceDeclaredAsNeutral;22;false;The game does not have any piece declared as Neutral;Static;;;;;;
Doblet;pieceDeclaredAsEach;25;true;;Static;;;;;;
Doblet;equalNumberOfPiecesOnTheBoard;30;true;;Static;;;;;;
Doblet;noUndeclaredPlayerReference;24;true;;Static;;;;;;
Doblet;sizeOfTrack;24;false;The owner 0 does not have a track;Static;;;;;;
Dodgem;lineLessOrEqualThanBoardSide;11;false;Line concept is not present;Static;;;;;;
Dodgem;pieceDeclaredAsShared;9;false;The game does not have any piece declared as Shared;Static;;;;;;
Dodgem;pieceDeclaredAsNeutral;9;false;The game does not have any piece declared as Neutral;Static;;;;;;
Dodgem;pieceDeclaredAsEach;9;false;The game does not have any piece declared as Each;Static;;;;;;
Dodgem;equalNumberOfPiecesOnTheBoard;8;true;;Static;;;;;;
Dodgem;noUndeclaredPlayerReference;9;true;;Static;;;;;;
Dodgem;sizeOfTrack;9;false;Track concept is not present;Static;;;;;;
Dubblets;lineLessOrEqualThanBoardSide;26;false;Line concept is not present;Static;;;;;;
Dubblets;pieceDeclaredAsShared;25;false;The game does not have any piece declared as Shared;Static;;;;;;
Dubblets;pieceDeclaredAsNeutral;26;false;The game does not have any piece declared as Neutral;Static;;;;;;
Dubblets;pieceDeclaredAsEach;28;true;;Static;;;;;;
Dubblets;equalNumberOfPiecesOnTheBoard;26;true;;Static;;;;;;
Dubblets;noUndeclaredPlayerReference;26;true;;Static;;;;;;
Dubblets;sizeOfTrack;26;false;The owner 0 does not have a track;Static;;;;;;
El Mundo;lineLessOrEqualThanBoardSide;25;false;Line concept is not present;Static;;;;;;
El Mundo;pieceDeclaredAsShared;27;false;The game does not have any piece declared as Shared;Static;;;;;;
El Mundo;pieceDeclaredAsNeutral;24;false;The game does not have any piece declared as Neutral;Static;;;;;;
El Mundo;pieceDeclaredAsEach;21;true;;Static;;;;;;
El Mundo;equalNumberOfPiecesOnTheBoard;21;true;;Static;;;;;;
El Mundo;noUndeclaredPlayerReference;21;true;;Static;;;;;;
El Mundo;sizeOfTrack;25;false;The owner 0 does not have a track;Static;;;;;;
Emperador;lineLessOrEqualThanBoardSide;14;false;Line concept is not present;Static;;;;;;
Emperador;pieceDeclaredAsShared;11;false;The game does not have any piece declared as Shared;Static;;;;;;
Emperador;pieceDeclaredAsNeutral;13;false;The game does not have any piece declared as Neutral;Static;;;;;;
Emperador;pieceDeclaredAsEach;12;true;;Static;;;;;;
Emperador;equalNumberOfPiecesOnTheBoard;13;true;;Static;;;;;;
Emperador;noUndeclaredPlayerReference;11;true;;Static;;;;;;
Emperador;sizeOfTrack;13;false;The owner 0 does not have a track;Static;;;;;;
Fallas;lineLessOrEqualThanBoardSide;24;false;Line concept is not present;Static;;;;;;
Fallas;pieceDeclaredAsShared;24;false;The game does not have any piece declared as Shared;Static;;;;;;
Fallas;pieceDeclaredAsNeutral;22;false;The game does not have any piece declared as Neutral;Static;;;;;;
Fallas;pieceDeclaredAsEach;22;true;;Static;;;;;;
Fallas;equalNumberOfPiecesOnTheBoard;24;true;;Static;;;;;;
Fallas;noUndeclaredPlayerReference;21;true;;Static;;;;;;
Fallas;sizeOfTrack;22;false;The owner 0 does not have a track;Static;;;;;;
Fevga;lineLessOrEqualThanBoardSide;19;false;Line concept is not present;Static;;;;;;
Fevga;pieceDeclaredAsShared;20;false;The game does not have any piece declared as Shared;Static;;;;;;
Fevga;pieceDeclaredAsNeutral;18;false;The game does not have any piece declared as Neutral;Static;;;;;;
Fevga;pieceDeclaredAsEach;18;true;;Static;;;;;;
Fevga;equalNumberOfPiecesOnTheBoard;22;true;;Static;;;;;;
Fevga;noUndeclaredPlayerReference;22;true;;Static;;;;;;
Fevga;sizeOfTrack;23;false;The owner 0 does not have a track;Static;;;;;;
Frangieh;lineLessOrEqualThanBoardSide;25;false;Line concept is not present;Static;;;;;;
Frangieh;pieceDeclaredAsShared;27;false;The game does not have any piece declared as Shared;Static;;;;;;
Frangieh;pieceDeclaredAsNeutral;24;false;The game does not have any piece declared as Neutral;Static;;;;;;
Frangieh;pieceDeclaredAsEach;25;true;;Static;;;;;;
Frangieh;equalNumberOfPiecesOnTheBoard;28;true;;Static;;;;;;
Frangieh;noUndeclaredPlayerReference;25;true;;Static;;;;;;
Frangieh;sizeOfTrack;25;false;The owner 0 does not have a track;Static;;;;;;
Garanguet;lineLessOrEqualThanBoardSide;34;false;Line concept is not present;Static;;;;;;
Garanguet;pieceDeclaredAsShared;37;false;The game does not have any piece declared as Shared;Static;;;;;;
Garanguet;pieceDeclaredAsNeutral;34;false;The game does not have any piece declared as Neutral;Static;;;;;;
Garanguet;pieceDeclaredAsEach;34;true;;Static;;;;;;
Garanguet;equalNumberOfPiecesOnTheBoard;36;true;;Static;;;;;;
Garanguet;noUndeclaredPlayerReference;34;true;;Static;;;;;;
Garanguet;sizeOfTrack;36;false;The owner 0 does not have a track;Static;;;;;;
Ghingskoot;lineLessOrEqualThanBoardSide;30;false;Line concept is not present;Static;;;;;;
Ghingskoot;pieceDeclaredAsShared;33;false;The game does not have any piece declared as Shared;Static;;;;;;
Ghingskoot;pieceDeclaredAsNeutral;31;false;The game does not have any piece declared as Neutral;Static;;;;;;
Ghingskoot;pieceDeclaredAsEach;26;true;;Static;;;;;;
Ghingskoot;equalNumberOfPiecesOnTheBoard;26;true;;Static;;;;;;
Ghingskoot;noUndeclaredPlayerReference;26;true;;Static;;;;;;
Ghingskoot;sizeOfTrack;27;false;The owner 0 does not have a track;Static;;;;;;
Grand Trictrac;lineLessOrEqualThanBoardSide;81;false;Line concept is not present;Static;;;;;;
Grand Trictrac;pieceDeclaredAsShared;70;false;The game does not have any piece declared as Shared;Static;;;;;;
Grand Trictrac;pieceDeclaredAsNeutral;71;false;The game does not have any piece declared as Neutral;Static;;;;;;
Grand Trictrac;pieceDeclaredAsEach;72;false;The game does not have any piece declared as Each;Static;;;;;;
Grand Trictrac;equalNumberOfPiecesOnTheBoard;80;true;;Static;;;;;;
Grand Trictrac;noUndeclaredPlayerReference;76;true;;Static;;;;;;
Grand Trictrac;sizeOfTrack;85;false;The owner 0 does not have a track;Static;;;;;;
Had;lineLessOrEqualThanBoardSide;18;false;Line concept is not present;Static;;;;;;
Had;pieceDeclaredAsShared;14;false;The game does not have any piece declared as Shared;Static;;;;;;
Had;pieceDeclaredAsNeutral;14;false;The game does not have any piece declared as Neutral;Static;;;;;;
Had;pieceDeclaredAsEach;13;true;;Static;;;;;;
Had;equalNumberOfPiecesOnTheBoard;14;true;;Static;;;;;;
Had;noUndeclaredPlayerReference;15;true;;Static;;;;;;
Had;sizeOfTrack;13;false;The owner 0 does not have a track;Static;;;;;;
Imperial;lineLessOrEqualThanBoardSide;17;false;Line concept is not present;Static;;;;;;
Imperial;pieceDeclaredAsShared;16;false;The game does not have any piece declared as Shared;Static;;;;;;
Imperial;pieceDeclaredAsNeutral;15;false;The game does not have any piece declared as Neutral;Static;;;;;;
Imperial;pieceDeclaredAsEach;19;true;;Static;;;;;;
Imperial;equalNumberOfPiecesOnTheBoard;16;true;;Static;;;;;;
Imperial;noUndeclaredPlayerReference;16;true;;Static;;;;;;
Imperial;sizeOfTrack;15;false;The owner 0 does not have a track;Static;;;;;;
Jacquet de Versailles;lineLessOrEqualThanBoardSide;51;false;Line concept is not present;Static;;;;;;
Jacquet de Versailles;pieceDeclaredAsShared;54;false;The game does not have any piece declared as Shared;Static;;;;;;
Jacquet de Versailles;pieceDeclaredAsNeutral;50;false;The game does not have any piece declared as Neutral;Static;;;;;;
Jacquet de Versailles;pieceDeclaredAsEach;50;true;;Static;;;;;;
Jacquet de Versailles;equalNumberOfPiecesOnTheBoard;52;true;;Static;;;;;;
Jacquet de Versailles;noUndeclaredPlayerReference;51;true;;Static;;;;;;
Jacquet de Versailles;sizeOfTrack;50;false;The owner 0 does not have a track;Static;;;;;;
Jacquet;lineLessOrEqualThanBoardSide;17;false;Line concept is not present;Static;;;;;;
Jacquet;pieceDeclaredAsShared;17;false;The game does not have any piece declared as Shared;Static;;;;;;
Jacquet;pieceDeclaredAsNeutral;17;false;The game does not have any piece declared as Neutral;Static;;;;;;
Jacquet;pieceDeclaredAsEach;17;true;;Static;;;;;;
Jacquet;equalNumberOfPiecesOnTheBoard;17;true;;Static;;;;;;
Jacquet;noUndeclaredPlayerReference;15;true;;Static;;;;;;
Jacquet;sizeOfTrack;17;false;The owner 0 does not have a track;Static;;;;;;
Julbahar;lineLessOrEqualThanBoardSide;48;false;Line concept is not present;Static;;;;;;
Julbahar;pieceDeclaredAsShared;52;false;The game does not have any piece declared as Shared;Static;;;;;;
Julbahar;pieceDeclaredAsNeutral;54;false;The game does not have any piece declared as Neutral;Static;;;;;;
Julbahar;pieceDeclaredAsEach;49;false;The game does not have any piece declared as Each;Static;;;;;;
Julbahar;equalNumberOfPiecesOnTheBoard;56;true;;Static;;;;;;
Julbahar;noUndeclaredPlayerReference;52;true;;Static;;;;;;
Julbahar;sizeOfTrack;55;false;The owner 0 does not have a track;Static;;;;;;
Kawade Kelia;lineLessOrEqualThanBoardSide;30;false;Line concept is not present;Static;;;;;;
Kawade Kelia;pieceDeclaredAsShared;31;false;The game does not have any piece declared as Shared;Static;;;;;;
Kawade Kelia;pieceDeclaredAsNeutral;30;false;The game does not have any piece declared as Neutral;Static;;;;;;
Kawade Kelia;pieceDeclaredAsEach;33;true;;Static;;;;;;
Kawade Kelia;equalNumberOfPiecesOnTheBoard;33;true;;Static;;;;;;
Kawade Kelia;noUndeclaredPlayerReference;32;true;;Static;;;;;;
Kawade Kelia;sizeOfTrack;35;false;The owner 0 does not have a track;Static;;;;;;
Ketch-Dolt;lineLessOrEqualThanBoardSide;23;false;Line concept is not present;Static;;;;;;
Ketch-Dolt;pieceDeclaredAsShared;17;false;The game does not have any piece declared as Shared;Static;;;;;;
Ketch-Dolt;pieceDeclaredAsNeutral;17;false;The game does not have any piece declared as Neutral;Static;;;;;;
Ketch-Dolt;pieceDeclaredAsEach;15;true;;Static;;;;;;
Ketch-Dolt;equalNumberOfPiecesOnTheBoard;16;true;;Static;;;;;;
Ketch-Dolt;noUndeclaredPlayerReference;16;true;;Static;;;;;;
Ketch-Dolt;sizeOfTrack;16;false;The owner 0 does not have a track;Static;;;;;;
Kints;lineLessOrEqualThanBoardSide;25;false;Line concept is not present;Static;;;;;;
Kints;pieceDeclaredAsShared;24;false;The game does not have any piece declared as Shared;Static;;;;;;
Kints;pieceDeclaredAsNeutral;22;false;The game does not have any piece declared as Neutral;Static;;;;;;
Kints;pieceDeclaredAsEach;23;true;;Static;;;;;;
Kints;equalNumberOfPiecesOnTheBoard;23;true;;Static;;;;;;
Kints;noUndeclaredPlayerReference;24;true;;Static;;;;;;
Kints;sizeOfTrack;25;false;The owner 0 does not have a track;Static;;;;;;
Kiz Tavlasi;lineLessOrEqualThanBoardSide;16;false;Line concept is not present;Static;;;;;;
Kiz Tavlasi;pieceDeclaredAsShared;17;false;The game does not have any piece declared as Shared;Static;;;;;;
Kiz Tavlasi;pieceDeclaredAsNeutral;17;false;The game does not have any piece declared as Neutral;Static;;;;;;
Kiz Tavlasi;pieceDeclaredAsEach;17;true;;Static;;;;;;
Kiz Tavlasi;equalNumberOfPiecesOnTheBoard;20;true;;Static;;;;;;
Kiz Tavlasi;noUndeclaredPlayerReference;19;true;;Static;;;;;;
Kiz Tavlasi;sizeOfTrack;17;false;The owner 0 does not have a track;Static;;;;;;
Knossos Game;lineLessOrEqualThanBoardSide;71;false;Line concept is not present;Static;;;;;;
Knossos Game;pieceDeclaredAsShared;74;false;The game does not have any piece declared as Shared;Static;;;;;;
Knossos Game;pieceDeclaredAsNeutral;68;false;The game does not have any piece declared as Neutral;Static;;;;;;
Knossos Game;pieceDeclaredAsEach;70;true;;Static;;;;;;
Knossos Game;equalNumberOfPiecesOnTheBoard;68;true;;Static;;;;;;
Knossos Game;noUndeclaredPlayerReference;67;true;;Static;;;;;;
Knossos Game;sizeOfTrack;66;false;The length of the track is 5;Static;;;;;;
Kolica Atarakua;lineLessOrEqualThanBoardSide;35;false;Line concept is not present;Static;;;;;;
Kolica Atarakua;pieceDeclaredAsShared;30;false;The game does not have any piece declared as Shared;Static;;;;;;
Kolica Atarakua;pieceDeclaredAsNeutral;33;false;The game does not have any piece declared as Neutral;Static;;;;;;
Kolica Atarakua;pieceDeclaredAsEach;38;true;;Static;;;;;;
Kolica Atarakua;equalNumberOfPiecesOnTheBoard;30;true;;Static;;;;;;
Kolica Atarakua;noUndeclaredPlayerReference;31;true;;Static;;;;;;
Kolica Atarakua;sizeOfTrack;35;false;The owner 0 does not have a track;Static;;;;;;
Kotra;lineLessOrEqualThanBoardSide;20;false;Line concept is not present;Static;;;;;;
Kotra;pieceDeclaredAsShared;20;false;The game does not have any piece declared as Shared;Static;;;;;;
Kotra;pieceDeclaredAsNeutral;19;false;The game does not have any piece declared as Neutral;Static;;;;;;
Kotra;pieceDeclaredAsEach;19;true;;Static;;;;;;
Kotra;equalNumberOfPiecesOnTheBoard;24;true;;Static;;;;;;
Kotra;noUndeclaredPlayerReference;19;true;;Static;;;;;;
Kotra;sizeOfTrack;19;false;The owner 0 does not have a track;Static;;;;;;
Lange Puff;lineLessOrEqualThanBoardSide;27;false;Line concept is not present;Static;;;;;;
Lange Puff;pieceDeclaredAsShared;27;false;The game does not have any piece declared as Shared;Static;;;;;;
Lange Puff;pieceDeclaredAsNeutral;32;false;The game does not have any piece declared as Neutral;Static;;;;;;
Lange Puff;pieceDeclaredAsEach;34;true;;Static;;;;;;
Lange Puff;equalNumberOfPiecesOnTheBoard;28;true;;Static;;;;;;
Lange Puff;noUndeclaredPlayerReference;27;true;;Static;;;;;;
Lange Puff;sizeOfTrack;28;false;The owner 0 does not have a track;Static;;;;;;
Laquet;lineLessOrEqualThanBoardSide;13;false;Line concept is not present;Static;;;;;;
Laquet;pieceDeclaredAsShared;14;false;The game does not have any piece declared as Shared;Static;;;;;;
Laquet;pieceDeclaredAsNeutral;14;false;The game does not have any piece declared as Neutral;Static;;;;;;
Laquet;pieceDeclaredAsEach;12;true;;Static;;;;;;
Laquet;equalNumberOfPiecesOnTheBoard;14;true;;Static;;;;;;
Laquet;noUndeclaredPlayerReference;12;true;;Static;;;;;;
Laquet;sizeOfTrack;12;false;The length of the track is 24;Static;;;;;;
Len Doat;lineLessOrEqualThanBoardSide;39;false;Line concept is not present;Static;;;;;;
Len Doat;pieceDeclaredAsShared;39;false;The game does not have any piece declared as Shared;Static;;;;;;
Len Doat;pieceDeclaredAsNeutral;43;false;The game does not have any piece declared as Neutral;Static;;;;;;
Len Doat;pieceDeclaredAsEach;36;true;;Static;;;;;;
Len Doat;equalNumberOfPiecesOnTheBoard;36;true;;Static;;;;;;
Len Doat;noUndeclaredPlayerReference;34;true;;Static;;;;;;
Len Doat;sizeOfTrack;34;false;The owner 0 does not have a track;Static;;;;;;
Los Doze Canes;lineLessOrEqualThanBoardSide;12;false;Line concept is not present;Static;;;;;;
Los Doze Canes;pieceDeclaredAsShared;12;false;The game does not have any piece declared as Shared;Static;;;;;;
Los Doze Canes;pieceDeclaredAsNeutral;14;false;The game does not have any piece declared as Neutral;Static;;;;;;
Los Doze Canes;pieceDeclaredAsEach;11;true;;Static;;;;;;
Los Doze Canes;equalNumberOfPiecesOnTheBoard;13;true;;Static;;;;;;
Los Doze Canes;noUndeclaredPlayerReference;12;true;;Static;;;;;;
Los Doze Canes;sizeOfTrack;12;false;The owner 0 does not have a track;Static;;;;;;
Ludus Anglicorum;lineLessOrEqualThanBoardSide;15;false;Line concept is not present;Static;;;;;;
Ludus Anglicorum;pieceDeclaredAsShared;14;false;The game does not have any piece declared as Shared;Static;;;;;;
Ludus Anglicorum;pieceDeclaredAsNeutral;15;false;The game does not have any piece declared as Neutral;Static;;;;;;
Ludus Anglicorum;pieceDeclaredAsEach;17;true;;Static;;;;;;
Ludus Anglicorum;equalNumberOfPiecesOnTheBoard;16;true;;Static;;;;;;
Ludus Anglicorum;noUndeclaredPlayerReference;17;true;;Static;;;;;;
Ludus Anglicorum;sizeOfTrack;17;false;The owner 0 does not have a track;Static;;;;;;
Ludus Lombardorum;lineLessOrEqualThanBoardSide;16;false;Line concept is not present;Static;;;;;;
Ludus Lombardorum;pieceDeclaredAsShared;15;false;The game does not have any piece declared as Shared;Static;;;;;;
Ludus Lombardorum;pieceDeclaredAsNeutral;15;false;The game does not have any piece declared as Neutral;Static;;;;;;
Ludus Lombardorum;pieceDeclaredAsEach;14;true;;Static;;;;;;
Ludus Lombardorum;equalNumberOfPiecesOnTheBoard;15;true;;Static;;;;;;
Ludus Lombardorum;noUndeclaredPlayerReference;14;true;;Static;;;;;;
Ludus Lombardorum;sizeOfTrack;14;false;The owner 0 does not have a track;Static;;;;;;
Mahbouseh;lineLessOrEqualThanBoardSide;41;false;Line concept is not present;Static;;;;;;
Mahbouseh;pieceDeclaredAsShared;34;false;The game does not have any piece declared as Shared;Static;;;;;;
Mahbouseh;pieceDeclaredAsNeutral;34;false;The game does not have any piece declared as Neutral;Static;;;;;;
Mahbouseh;pieceDeclaredAsEach;33;false;The game does not have any piece declared as Each;Static;;;;;;
Mahbouseh;equalNumberOfPiecesOnTheBoard;35;true;;Static;;;;;;
Mahbouseh;noUndeclaredPlayerReference;33;true;;Static;;;;;;
Mahbouseh;sizeOfTrack;34;false;The owner 0 does not have a track;Static;;;;;;
Medio Emperador;lineLessOrEqualThanBoardSide;10;false;Line concept is not present;Static;;;;;;
Medio Emperador;pieceDeclaredAsShared;9;false;The game does not have any piece declared as Shared;Static;;;;;;
Medio Emperador;pieceDeclaredAsNeutral;9;false;The game does not have any piece declared as Neutral;Static;;;;;;
Medio Emperador;pieceDeclaredAsEach;9;true;;Static;;;;;;
Medio Emperador;equalNumberOfPiecesOnTheBoard;11;true;;Static;;;;;;
Medio Emperador;noUndeclaredPlayerReference;9;true;;Static;;;;;;
Medio Emperador;sizeOfTrack;10;false;The owner 0 does not have a track;Static;;;;;;
Mughrabieh;lineLessOrEqualThanBoardSide;37;false;Line concept is not present;Static;;;;;;
Mughrabieh;pieceDeclaredAsShared;44;false;The game does not have any piece declared as Shared;Static;;;;;;
Mughrabieh;pieceDeclaredAsNeutral;35;false;The game does not have any piece declared as Neutral;Static;;;;;;
Mughrabieh;pieceDeclaredAsEach;38;false;The game does not have any piece declared as Each;Static;;;;;;
Mughrabieh;equalNumberOfPiecesOnTheBoard;38;true;;Static;;;;;;
Mughrabieh;noUndeclaredPlayerReference;35;true;;Static;;;;;;
Mughrabieh;sizeOfTrack;35;false;The owner 0 does not have a track;Static;;;;;;
Myles;lineLessOrEqualThanBoardSide;20;false;Line concept is not present;Static;;;;;;
Myles;pieceDeclaredAsShared;18;false;The game does not have any piece declared as Shared;Static;;;;;;
Myles;pieceDeclaredAsNeutral;17;false;The game does not have any piece declared as Neutral;Static;;;;;;
Myles;pieceDeclaredAsEach;18;true;;Static;;;;;;
Myles;equalNumberOfPiecesOnTheBoard;18;true;;Static;;;;;;
Myles;noUndeclaredPlayerReference;17;true;;Static;;;;;;
Myles;sizeOfTrack;18;false;The owner 0 does not have a track;Static;;;;;;
Nama;lineLessOrEqualThanBoardSide;51;false;Line concept is not present;Static;;;;;;
Nama;pieceDeclaredAsShared;49;true;;Static;;;;;;
Nama;pieceDeclaredAsNeutral;52;false;The game does not have any piece declared as Neutral;Static;;;;;;
Nama;pieceDeclaredAsEach;56;true;;Static;;;;;;
Nama;equalNumberOfPiecesOnTheBoard;50;true;;Static;;;;;;
Nama;noUndeclaredPlayerReference;53;true;;Static;;;;;;
Nama;sizeOfTrack;51;false;The length of the track is 100;Static;;;;;;
Nard;lineLessOrEqualThanBoardSide;23;false;Line concept is not present;Static;;;;;;
Nard;pieceDeclaredAsShared;21;false;The game does not have any piece declared as Shared;Static;;;;;;
Nard;pieceDeclaredAsNeutral;22;false;The game does not have any piece declared as Neutral;Static;;;;;;
Nard;pieceDeclaredAsEach;21;true;;Static;;;;;;
Nard;equalNumberOfPiecesOnTheBoard;23;true;;Static;;;;;;
Nard;noUndeclaredPlayerReference;22;true;;Static;;;;;;
Nard;sizeOfTrack;21;false;The owner 0 does not have a track;Static;;;;;;
Nyout;lineLessOrEqualThanBoardSide;75;false;Line concept is not present;Static;;;;;;
Nyout;pieceDeclaredAsShared;84;false;The game does not have any piece declared as Shared;Static;;;;;;
Nyout;pieceDeclaredAsNeutral;75;false;The game does not have any piece declared as Neutral;Static;;;;;;
Nyout;pieceDeclaredAsEach;82;true;;Static;;;;;;
Nyout;equalNumberOfPiecesOnTheBoard;75;true;;Static;;;;;;
Nyout;noUndeclaredPlayerReference;77;true;;Static;;;;;;
Nyout;sizeOfTrack;73;false;The length of the track is 12;Static;;;;;;
Ofanfelling;lineLessOrEqualThanBoardSide;20;false;Line concept is not present;Static;;;;;;
Ofanfelling;pieceDeclaredAsShared;19;false;The game does not have any piece declared as Shared;Static;;;;;;
Ofanfelling;pieceDeclaredAsNeutral;23;false;The game does not have any piece declared as Neutral;Static;;;;;;
Ofanfelling;pieceDeclaredAsEach;20;true;;Static;;;;;;
Ofanfelling;equalNumberOfPiecesOnTheBoard;19;true;;Static;;;;;;
Ofanfelling;noUndeclaredPlayerReference;19;true;;Static;;;;;;
Ofanfelling;sizeOfTrack;19;false;The owner 0 does not have a track;Static;;;;;;
Pachesi;lineLessOrEqualThanBoardSide;38;false;Line concept is not present;Static;;;;;;
Pachesi;pieceDeclaredAsShared;39;false;The game does not have any piece declared as Shared;Static;;;;;;
Pachesi;pieceDeclaredAsNeutral;36;false;The game does not have any piece declared as Neutral;Static;;;;;;
Pachesi;pieceDeclaredAsEach;37;true;;Static;;;;;;
Pachesi;equalNumberOfPiecesOnTheBoard;36;true;;Static;;;;;;
Pachesi;noUndeclaredPlayerReference;40;true;;Static;;;;;;
Pachesi;sizeOfTrack;36;false;The owner 0 does not have a track;Static;;;;;;
Pachih;lineLessOrEqualThanBoardSide;39;false;Line concept is not present;Static;;;;;;
Pachih;pieceDeclaredAsShared;39;false;The game does not have any piece declared as Shared;Static;;;;;;
Pachih;pieceDeclaredAsNeutral;43;false;The game does not have any piece declared as Neutral;Static;;;;;;
Pachih;pieceDeclaredAsEach;37;true;;Static;;;;;;
Pachih;equalNumberOfPiecesOnTheBoard;36;true;;Static;;;;;;
Pachih;noUndeclaredPlayerReference;38;true;;Static;;;;;;
Pachih;sizeOfTrack;43;false;The owner 0 does not have a track;Static;;;;;;
Pachisi;lineLessOrEqualThanBoardSide;44;false;Line concept is not present;Static;;;;;;
Pachisi;pieceDeclaredAsShared;43;false;The game does not have any piece declared as Shared;Static;;;;;;
Pachisi;pieceDeclaredAsNeutral;43;false;The game does not have any piece declared as Neutral;Static;;;;;;
Pachisi;pieceDeclaredAsEach;44;true;;Static;;;;;;
Pachisi;equalNumberOfPiecesOnTheBoard;42;true;;Static;;;;;;
Pachisi;noUndeclaredPlayerReference;43;true;;Static;;;;;;
Pachisi;sizeOfTrack;41;false;The owner 0 does not have a track;Static;;;;;;
Pagade Kayi Ata (Sixteen-handed);lineLessOrEqualThanBoardSide;216;false;Line concept is not present;Static;;;;;;
Pagade Kayi Ata (Sixteen-handed);pieceDeclaredAsShared;203;false;The game does not have any piece declared as Shared;Static;;;;;;
Pagade Kayi Ata (Sixteen-handed);pieceDeclaredAsNeutral;183;false;The game does not have any piece declared as Neutral;Static;;;;;;
Pagade Kayi Ata (Sixteen-handed);pieceDeclaredAsEach;207;true;;Static;;;;;;
Pagade Kayi Ata (Sixteen-handed);equalNumberOfPiecesOnTheBoard;217;true;;Static;;;;;;
Pagade Kayi Ata (Sixteen-handed);noUndeclaredPlayerReference;196;true;;Static;;;;;;
Pagade Kayi Ata (Sixteen-handed);sizeOfTrack;198;false;The owner 0 does not have a track;Static;;;;;;
Pahada Keliya;lineLessOrEqualThanBoardSide;88;false;Line concept is not present;Static;;;;;;
Pahada Keliya;pieceDeclaredAsShared;78;false;The game does not have any piece declared as Shared;Static;;;;;;
Pahada Keliya;pieceDeclaredAsNeutral;75;false;The game does not have any piece declared as Neutral;Static;;;;;;
Pahada Keliya;pieceDeclaredAsEach;67;true;;Static;;;;;;
Pahada Keliya;equalNumberOfPiecesOnTheBoard;70;true;;Static;;;;;;
Pahada Keliya;noUndeclaredPlayerReference;64;true;;Static;;;;;;
Pahada Keliya;sizeOfTrack;67;false;The owner 0 does not have a track;Static;;;;;;
Pancha Keliya;lineLessOrEqualThanBoardSide;18;false;Line concept is not present;Static;;;;;;
Pancha Keliya;pieceDeclaredAsShared;18;false;The game does not have any piece declared as Shared;Static;;;;;;
Pancha Keliya;pieceDeclaredAsNeutral;17;false;The game does not have any piece declared as Neutral;Static;;;;;;
Pancha Keliya;pieceDeclaredAsEach;18;true;;Static;;;;;;
Pancha Keliya;equalNumberOfPiecesOnTheBoard;17;true;;Static;;;;;;
Pancha Keliya;noUndeclaredPlayerReference;17;true;;Static;;;;;;
Pancha Keliya;sizeOfTrack;18;false;The owner 0 does not have a track;Static;;;;;;
Panchi;lineLessOrEqualThanBoardSide;31;false;Line concept is not present;Static;;;;;;
Panchi;pieceDeclaredAsShared;30;false;The game does not have any piece declared as Shared;Static;;;;;;
Panchi;pieceDeclaredAsNeutral;29;false;The game does not have any piece declared as Neutral;Static;;;;;;
Panchi;pieceDeclaredAsEach;29;true;;Static;;;;;;
Panchi;equalNumberOfPiecesOnTheBoard;33;true;;Static;;;;;;
Panchi;noUndeclaredPlayerReference;28;true;;Static;;;;;;
Panchi;sizeOfTrack;27;false;The owner 0 does not have a track;Static;;;;;;
Pareia de Entrada;lineLessOrEqualThanBoardSide;11;false;Line concept is not present;Static;;;;;;
Pareia de Entrada;pieceDeclaredAsShared;9;false;The game does not have any piece declared as Shared;Static;;;;;;
Pareia de Entrada;pieceDeclaredAsNeutral;10;false;The game does not have any piece declared as Neutral;Static;;;;;;
Pareia de Entrada;pieceDeclaredAsEach;10;true;;Static;;;;;;
Pareia de Entrada;equalNumberOfPiecesOnTheBoard;10;true;;Static;;;;;;
Pareia de Entrada;noUndeclaredPlayerReference;12;true;;Static;;;;;;
Pareia de Entrada;sizeOfTrack;11;false;The owner 0 does not have a track;Static;;;;;;
Paumecary;lineLessOrEqualThanBoardSide;11;false;Line concept is not present;Static;;;;;;
Paumecary;pieceDeclaredAsShared;11;false;The game does not have any piece declared as Shared;Static;;;;;;
Paumecary;pieceDeclaredAsNeutral;12;false;The game does not have any piece declared as Neutral;Static;;;;;;
Paumecary;pieceDeclaredAsEach;12;true;;Static;;;;;;
Paumecary;equalNumberOfPiecesOnTheBoard;12;true;;Static;;;;;;
Paumecary;noUndeclaredPlayerReference;13;true;;Static;;;;;;
Paumecary;sizeOfTrack;12;false;The owner 0 does not have a track;Static;;;;;;
Petol;lineLessOrEqualThanBoardSide;41;false;Line concept is not present;Static;;;;;;
Petol;pieceDeclaredAsShared;41;false;The game does not have any piece declared as Shared;Static;;;;;;
Petol;pieceDeclaredAsNeutral;50;false;The game does not have any piece declared as Neutral;Static;;;;;;
Petol;pieceDeclaredAsEach;42;true;;Static;;;;;;
Petol;equalNumberOfPiecesOnTheBoard;37;true;;Static;;;;;;
Petol;noUndeclaredPlayerReference;46;true;;Static;;;;;;
Petol;sizeOfTrack;39;false;The owner 0 does not have a track;Static;;;;;;
Piprjall;lineLessOrEqualThanBoardSide;89;false;Line concept is not present;Static;;;;;;
Piprjall;pieceDeclaredAsShared;91;false;The game does not have any piece declared as Shared;Static;;;;;;
Piprjall;pieceDeclaredAsNeutral;87;false;The game does not have any piece declared as Neutral;Static;;;;;;
Piprjall;pieceDeclaredAsEach;97;true;;Static;;;;;;
Piprjall;equalNumberOfPiecesOnTheBoard;91;true;;Static;;;;;;
Piprjall;noUndeclaredPlayerReference;90;true;;Static;;;;;;
Piprjall;sizeOfTrack;89;false;The owner 0 does not have a track;Static;;;;;;
Plakoto;lineLessOrEqualThanBoardSide;19;false;Line concept is not present;Static;;;;;;
Plakoto;pieceDeclaredAsShared;19;false;The game does not have any piece declared as Shared;Static;;;;;;
Plakoto;pieceDeclaredAsNeutral;19;false;The game does not have any piece declared as Neutral;Static;;;;;;
Plakoto;pieceDeclaredAsEach;20;true;;Static;;;;;;
Plakoto;equalNumberOfPiecesOnTheBoard;20;true;;Static;;;;;;
Plakoto;noUndeclaredPlayerReference;18;true;;Static;;;;;;
Plakoto;sizeOfTrack;19;false;The owner 0 does not have a track;Static;;;;;;
Portes;lineLessOrEqualThanBoardSide;32;false;Line concept is not present;Static;;;;;;
Portes;pieceDeclaredAsShared;30;false;The game does not have any piece declared as Shared;Static;;;;;;
Portes;pieceDeclaredAsNeutral;26;false;The game does not have any piece declared as Neutral;Static;;;;;;
Portes;pieceDeclaredAsEach;26;true;;Static;;;;;;
Portes;equalNumberOfPiecesOnTheBoard;27;true;;Static;;;;;;
Portes;noUndeclaredPlayerReference;27;true;;Static;;;;;;
Portes;sizeOfTrack;29;false;The owner 0 does not have a track;Static;;;;;;
Provincial;lineLessOrEqualThanBoardSide;14;false;Line concept is not present;Static;;;;;;
Provincial;pieceDeclaredAsShared;14;false;The game does not have any piece declared as Shared;Static;;;;;;
Provincial;pieceDeclaredAsNeutral;14;false;The game does not have any piece declared as Neutral;Static;;;;;;
Provincial;pieceDeclaredAsEach;13;true;;Static;;;;;;
Provincial;equalNumberOfPiecesOnTheBoard;14;true;;Static;;;;;;
Provincial;noUndeclaredPlayerReference;25;true;;Static;;;;;;
Provincial;sizeOfTrack;14;false;The owner 0 does not have a track;Static;;;;;;
Quinze Tablas;lineLessOrEqualThanBoardSide;15;false;Line concept is not present;Static;;;;;;
Quinze Tablas;pieceDeclaredAsShared;14;false;The game does not have any piece declared as Shared;Static;;;;;;
Quinze Tablas;pieceDeclaredAsNeutral;14;false;The game does not have any piece declared as Neutral;Static;;;;;;
Quinze Tablas;pieceDeclaredAsEach;14;true;;Static;;;;;;
Quinze Tablas;equalNumberOfPiecesOnTheBoard;14;true;;Static;;;;;;
Quinze Tablas;noUndeclaredPlayerReference;14;true;;Static;;;;;;
Quinze Tablas;sizeOfTrack;16;false;The owner 0 does not have a track;Static;;;;;;
Romavoa;lineLessOrEqualThanBoardSide;29;false;Line concept is not present;Static;;;;;;
Romavoa;pieceDeclaredAsShared;27;false;The game does not have any piece declared as Shared;Static;;;;;;
Romavoa;pieceDeclaredAsNeutral;27;false;The game does not have any piece declared as Neutral;Static;;;;;;
Romavoa;pieceDeclaredAsEach;38;true;;Static;;;;;;
Romavoa;equalNumberOfPiecesOnTheBoard;31;true;;Static;;;;;;
Romavoa;noUndeclaredPlayerReference;28;true;;Static;;;;;;
Romavoa;sizeOfTrack;34;false;The owner 0 does not have a track;Static;;;;;;
Royal Game of Ur;lineLessOrEqualThanBoardSide;18;false;Line concept is not present;Static;;;;;;
Royal Game of Ur;pieceDeclaredAsShared;17;false;The game does not have any piece declared as Shared;Static;;;;;;
Royal Game of Ur;pieceDeclaredAsNeutral;17;false;The game does not have any piece declared as Neutral;Static;;;;;;
Royal Game of Ur;pieceDeclaredAsEach;16;true;;Static;;;;;;
Royal Game of Ur;equalNumberOfPiecesOnTheBoard;17;true;;Static;;;;;;
Royal Game of Ur;noUndeclaredPlayerReference;15;true;;Static;;;;;;
Royal Game of Ur;sizeOfTrack;17;false;The owner 0 does not have a track;Static;;;;;;
Schuster;lineLessOrEqualThanBoardSide;23;false;Line concept is not present;Static;;;;;;
Schuster;pieceDeclaredAsShared;23;false;The game does not have any piece declared as Shared;Static;;;;;;
Schuster;pieceDeclaredAsNeutral;21;false;The game does not have any piece declared as Neutral;Static;;;;;;
Schuster;pieceDeclaredAsEach;22;true;;Static;;;;;;
Schuster;equalNumberOfPiecesOnTheBoard;21;true;;Static;;;;;;
Schuster;noUndeclaredPlayerReference;21;true;;Static;;;;;;
Schuster;sizeOfTrack;25;false;The owner 0 does not have a track;Static;;;;;;
Senet;lineLessOrEqualThanBoardSide;214;true;;Static;;;;;;
Senet;pieceDeclaredAsShared;214;false;The game does not have any piece declared as Shared;Static;;;;;;
Senet;pieceDeclaredAsNeutral;236;false;The game does not have any piece declared as Neutral;Static;;;;;;
Senet;pieceDeclaredAsEach;214;true;;Static;;;;;;
Senet;equalNumberOfPiecesOnTheBoard;208;true;;Static;;;;;;
Senet;noUndeclaredPlayerReference;204;true;;Static;;;;;;
Senet;sizeOfTrack;208;false;The owner 0 does not have a track;Static;;;;;;
Seys Dos y As;lineLessOrEqualThanBoardSide;13;false;Line concept is not present;Static;;;;;;
Seys Dos y As;pieceDeclaredAsShared;11;false;The game does not have any piece declared as Shared;Static;;;;;;
Seys Dos y As;pieceDeclaredAsNeutral;11;false;The game does not have any piece declared as Neutral;Static;;;;;;
Seys Dos y As;pieceDeclaredAsEach;11;true;;Static;;;;;;
Seys Dos y As;equalNumberOfPiecesOnTheBoard;11;true;;Static;;;;;;
Seys Dos y As;noUndeclaredPlayerReference;11;true;;Static;;;;;;
Seys Dos y As;sizeOfTrack;11;false;The owner 0 does not have a track;Static;;;;;;
Sokkattan;lineLessOrEqualThanBoardSide;50;false;Line concept is not present;Static;;;;;;
Sokkattan;pieceDeclaredAsShared;45;false;The game does not have any piece declared as Shared;Static;;;;;;
Sokkattan;pieceDeclaredAsNeutral;45;false;The game does not have any piece declared as Neutral;Static;;;;;;
Sokkattan;pieceDeclaredAsEach;48;true;;Static;;;;;;
Sokkattan;equalNumberOfPiecesOnTheBoard;48;true;;Static;;;;;;
Sokkattan;noUndeclaredPlayerReference;45;true;;Static;;;;;;
Sokkattan;sizeOfTrack;49;false;The owner 0 does not have a track;Static;;;;;;
Ssang-Ryouk;lineLessOrEqualThanBoardSide;19;false;Line concept is not present;Static;;;;;;
Ssang-Ryouk;pieceDeclaredAsShared;21;false;The game does not have any piece declared as Shared;Static;;;;;;
Ssang-Ryouk;pieceDeclaredAsNeutral;20;false;The game does not have any piece declared as Neutral;Static;;;;;;
Ssang-Ryouk;pieceDeclaredAsEach;20;true;;Static;;;;;;
Ssang-Ryouk;equalNumberOfPiecesOnTheBoard;23;true;;Static;;;;;;
Ssang-Ryouk;noUndeclaredPlayerReference;21;true;;Static;;;;;;
Ssang-Ryouk;sizeOfTrack;21;false;The owner 0 does not have a track;Static;;;;;;
Svensk Bradspel;lineLessOrEqualThanBoardSide;29;false;Line concept is not present;Static;;;;;;
Svensk Bradspel;pieceDeclaredAsShared;29;false;The game does not have any piece declared as Shared;Static;;;;;;
Svensk Bradspel;pieceDeclaredAsNeutral;30;false;The game does not have any piece declared as Neutral;Static;;;;;;
Svensk Bradspel;pieceDeclaredAsEach;28;true;;Static;;;;;;
Svensk Bradspel;equalNumberOfPiecesOnTheBoard;28;true;;Static;;;;;;
Svensk Bradspel;noUndeclaredPlayerReference;29;true;;Static;;;;;;
Svensk Bradspel;sizeOfTrack;29;false;The owner 0 does not have a track;Static;;;;;;
Tables Rabbatuees;lineLessOrEqualThanBoardSide;29;false;Line concept is not present;Static;;;;;;
Tables Rabbatuees;pieceDeclaredAsShared;29;false;The game does not have any piece declared as Shared;Static;;;;;;
Tables Rabbatuees;pieceDeclaredAsNeutral;28;false;The game does not have any piece declared as Neutral;Static;;;;;;
Tables Rabbatuees;pieceDeclaredAsEach;30;true;;Static;;;;;;
Tables Rabbatuees;equalNumberOfPiecesOnTheBoard;29;true;;Static;;;;;;
Tables Rabbatuees;noUndeclaredPlayerReference;30;true;;Static;;;;;;
Tables Rabbatuees;sizeOfTrack;30;false;The owner 0 does not have a track;Static;;;;;;
Tavli;lineLessOrEqualThanBoardSide;95;false;Line concept is not present;Static;;;;;;
Tavli;pieceDeclaredAsShared;101;false;The game does not have any piece declared as Shared;Static;;;;;;
Tavli;pieceDeclaredAsNeutral;109;false;The game does not have any piece declared as Neutral;Static;;;;;;
Tavli;pieceDeclaredAsEach;98;false;The game does not have any piece declared as Each;Static;;;;;;
Tavli;equalNumberOfPiecesOnTheBoard;94;true;;Static;;;;;;
Tavli;noUndeclaredPlayerReference;95;true;;Static;;;;;;
Tavli;sizeOfTrack;100;false;The owner 0 does not have a track;Static;;;;;;
Tawula;lineLessOrEqualThanBoardSide;23;false;Line concept is not present;Static;;;;;;
Tawula;pieceDeclaredAsShared;24;false;The game does not have any piece declared as Shared;Static;;;;;;
Tawula;pieceDeclaredAsNeutral;24;false;The game does not have any piece declared as Neutral;Static;;;;;;
Tawula;pieceDeclaredAsEach;22;true;;Static;;;;;;
Tawula;equalNumberOfPiecesOnTheBoard;22;true;;Static;;;;;;
Tawula;noUndeclaredPlayerReference;23;true;;Static;;;;;;
Tawula;sizeOfTrack;23;false;The owner 0 does not have a track;Static;;;;;;
Tayam Sonalu;lineLessOrEqualThanBoardSide;43;false;Line concept is not present;Static;;;;;;
Tayam Sonalu;pieceDeclaredAsShared;42;false;The game does not have any piece declared as Shared;Static;;;;;;
Tayam Sonalu;pieceDeclaredAsNeutral;40;false;The game does not have any piece declared as Neutral;Static;;;;;;
Tayam Sonalu;pieceDeclaredAsEach;42;true;;Static;;;;;;
Tayam Sonalu;equalNumberOfPiecesOnTheBoard;47;true;;Static;;;;;;
Tayam Sonalu;noUndeclaredPlayerReference;43;true;;Static;;;;;;
Tayam Sonalu;sizeOfTrack;41;false;The owner 0 does not have a track;Static;;;;;;
Thaayam;lineLessOrEqualThanBoardSide;51;false;Line concept is not present;Static;;;;;;
Thaayam;pieceDeclaredAsShared;52;false;The game does not have any piece declared as Shared;Static;;;;;;
Thaayam;pieceDeclaredAsNeutral;48;false;The game does not have any piece declared as Neutral;Static;;;;;;
Thaayam;pieceDeclaredAsEach;49;false;Ludeme Each for the piece DoubleCounter requires at least one definition of DoubleCounterN, with N > 0;Static;;;;;;
Thaayam;equalNumberOfPiecesOnTheBoard;47;true;;Static;;;;;;
Thaayam;noUndeclaredPlayerReference;47;true;;Static;;;;;;
Thaayam;sizeOfTrack;48;false;The owner 0 does not have a track;Static;;;;;;
Todas Tablas;lineLessOrEqualThanBoardSide;22;false;Line concept is not present;Static;;;;;;
Todas Tablas;pieceDeclaredAsShared;22;false;The game does not have any piece declared as Shared;Static;;;;;;
Todas Tablas;pieceDeclaredAsNeutral;22;false;The game does not have any piece declared as Neutral;Static;;;;;;
Todas Tablas;pieceDeclaredAsEach;23;true;;Static;;;;;;
Todas Tablas;equalNumberOfPiecesOnTheBoard;23;true;;Static;;;;;;
Todas Tablas;noUndeclaredPlayerReference;21;true;;Static;;;;;;
Todas Tablas;sizeOfTrack;21;false;The owner 0 does not have a track;Static;;;;;;
Tokkadille;lineLessOrEqualThanBoardSide;49;false;Line concept is not present;Static;;;;;;
Tokkadille;pieceDeclaredAsShared;50;false;The game does not have any piece declared as Shared;Static;;;;;;
Tokkadille;pieceDeclaredAsNeutral;54;false;The game does not have any piece declared as Neutral;Static;;;;;;
Tokkadille;pieceDeclaredAsEach;49;true;;Static;;;;;;
Tokkadille;equalNumberOfPiecesOnTheBoard;49;true;;Static;;;;;;
Tokkadille;noUndeclaredPlayerReference;51;true;;Static;;;;;;
Tokkadille;sizeOfTrack;50;false;The owner 0 does not have a track;Static;;;;;;
Tsun K'i;lineLessOrEqualThanBoardSide;57;false;Line concept is not present;Static;;;;;;
Tsun K'i;pieceDeclaredAsShared;59;false;The game does not have any piece declared as Shared;Static;;;;;;
Tsun K'i;pieceDeclaredAsNeutral;60;false;The game does not have any piece declared as Neutral;Static;;;;;;
Tsun K'i;pieceDeclaredAsEach;56;true;;Static;;;;;;
Tsun K'i;equalNumberOfPiecesOnTheBoard;63;true;;Static;;;;;;
Tsun K'i;noUndeclaredPlayerReference;58;true;;Static;;;;;;
Tsun K'i;sizeOfTrack;59;false;The owner 0 does not have a track;Static;;;;;;
Tugi-Epfe;lineLessOrEqualThanBoardSide;25;false;Line concept is not present;Static;;;;;;
Tugi-Epfe;pieceDeclaredAsShared;24;false;The game does not have any piece declared as Shared;Static;;;;;;
Tugi-Epfe;pieceDeclaredAsNeutral;28;false;The game does not have any piece declared as Neutral;Static;;;;;;
Tugi-Epfe;pieceDeclaredAsEach;24;true;;Static;;;;;;
Tugi-Epfe;equalNumberOfPiecesOnTheBoard;25;true;;Static;;;;;;
Tugi-Epfe;noUndeclaredPlayerReference;25;true;;Static;;;;;;
Tugi-Epfe;sizeOfTrack;26;false;The length of the track is 41;Static;;;;;;
Uturu Uturu Kaida;lineLessOrEqualThanBoardSide;42;false;Line concept is not present;Static;;;;;;
Uturu Uturu Kaida;pieceDeclaredAsShared;34;false;The game does not have any piece declared as Shared;Static;;;;;;
Uturu Uturu Kaida;pieceDeclaredAsNeutral;34;false;The game does not have any piece declared as Neutral;Static;;;;;;
Uturu Uturu Kaida;pieceDeclaredAsEach;38;true;;Static;;;;;;
Uturu Uturu Kaida;equalNumberOfPiecesOnTheBoard;42;true;;Static;;;;;;
Uturu Uturu Kaida;noUndeclaredPlayerReference;36;true;;Static;;;;;;
Uturu Uturu Kaida;sizeOfTrack;36;false;The length of the track is 100;Static;;;;;;
Verquere;lineLessOrEqualThanBoardSide;16;false;Line concept is not present;Static;;;;;;
Verquere;pieceDeclaredAsShared;15;false;The game does not have any piece declared as Shared;Static;;;;;;
Verquere;pieceDeclaredAsNeutral;14;false;The game does not have any piece declared as Neutral;Static;;;;;;
Verquere;pieceDeclaredAsEach;15;true;;Static;;;;;;
Verquere;equalNumberOfPiecesOnTheBoard;14;true;;Static;;;;;;
Verquere;noUndeclaredPlayerReference;15;true;;Static;;;;;;
Verquere;sizeOfTrack;15;false;The owner 0 does not have a track;Static;;;;;;
XII Scripta;lineLessOrEqualThanBoardSide;23;false;Line concept is not present;Static;;;;;;
XII Scripta;pieceDeclaredAsShared;19;false;The game does not have any piece declared as Shared;Static;;;;;;
XII Scripta;pieceDeclaredAsNeutral;20;false;The game does not have any piece declared as Neutral;Static;;;;;;
XII Scripta;pieceDeclaredAsEach;19;true;;Static;;;;;;
XII Scripta;equalNumberOfPiecesOnTheBoard;19;true;;Static;;;;;;
XII Scripta;noUndeclaredPlayerReference;19;true;;Static;;;;;;
XII Scripta;sizeOfTrack;19;false;The owner 0 does not have a track;Static;;;;;;
Yahoudieh;lineLessOrEqualThanBoardSide;21;false;Line concept is not present;Static;;;;;;
Yahoudieh;pieceDeclaredAsShared;21;false;The game does not have any piece declared as Shared;Static;;;;;;
Yahoudieh;pieceDeclaredAsNeutral;24;false;The game does not have any piece declared as Neutral;Static;;;;;;
Yahoudieh;pieceDeclaredAsEach;21;true;;Static;;;;;;
Yahoudieh;equalNumberOfPiecesOnTheBoard;21;true;;Static;;;;;;
Yahoudieh;noUndeclaredPlayerReference;21;true;;Static;;;;;;
Yahoudieh;sizeOfTrack;26;false;The owner 0 does not have a track;Static;;;;;;
Agon;lineLessOrEqualThanBoardSide;105;false;Line concept is not present;Static;;;;;;
Agon;pieceDeclaredAsShared;107;false;The game does not have any piece declared as Shared;Static;;;;;;
Agon;pieceDeclaredAsNeutral;98;false;The game does not have any piece declared as Neutral;Static;;;;;;
Agon;pieceDeclaredAsEach;88;true;;Static;;;;;;
Agon;equalNumberOfPiecesOnTheBoard;89;true;;Static;;;;;;
Agon;noUndeclaredPlayerReference;88;true;;Static;;;;;;
Agon;sizeOfTrack;88;false;Track concept is not present;Static;;;;;;
Aralzaa;lineLessOrEqualThanBoardSide;10;false;Line concept is not present;Static;;;;;;
Aralzaa;pieceDeclaredAsShared;7;false;The game does not have any piece declared as Shared;Static;;;;;;
Aralzaa;pieceDeclaredAsNeutral;8;false;The game does not have any piece declared as Neutral;Static;;;;;;
Aralzaa;pieceDeclaredAsEach;7;true;;Static;;;;;;
Aralzaa;equalNumberOfPiecesOnTheBoard;7;true;;Static;;;;;;
Aralzaa;noUndeclaredPlayerReference;6;true;;Static;;;;;;
Aralzaa;sizeOfTrack;8;false;Track concept is not present;Static;;;;;;
Bajr;lineLessOrEqualThanBoardSide;16;false;Line concept is not present;Static;;;;;;
Bajr;pieceDeclaredAsShared;17;false;The game does not have any piece declared as Shared;Static;;;;;;
Bajr;pieceDeclaredAsNeutral;16;false;The game does not have any piece declared as Neutral;Static;;;;;;
Bajr;pieceDeclaredAsEach;15;true;;Static;;;;;;
Bajr;equalNumberOfPiecesOnTheBoard;15;true;;Static;;;;;;
Bajr;noUndeclaredPlayerReference;15;true;;Static;;;;;;
Bajr;sizeOfTrack;16;false;Track concept is not present;Static;;;;;;
Barca;lineLessOrEqualThanBoardSide;40;false;Line concept is not present;Static;;;;;;
Barca;pieceDeclaredAsShared;41;false;The game does not have any piece declared as Shared;Static;;;;;;
Barca;pieceDeclaredAsNeutral;39;false;The game does not have any piece declared as Neutral;Static;;;;;;
Barca;pieceDeclaredAsEach;45;true;;Static;;;;;;
Barca;equalNumberOfPiecesOnTheBoard;45;true;;Static;;;;;;
Barca;noUndeclaredPlayerReference;42;true;;Static;;;;;;
Barca;sizeOfTrack;40;false;Track concept is not present;Static;;;;;;
Camelot;lineLessOrEqualThanBoardSide;136;false;Line concept is not present;Static;;;;;;
Camelot;pieceDeclaredAsShared;127;false;The game does not have any piece declared as Shared;Static;;;;;;
Camelot;pieceDeclaredAsNeutral;132;false;The game does not have any piece declared as Neutral;Static;;;;;;
Camelot;pieceDeclaredAsEach;128;true;;Static;;;;;;
Camelot;equalNumberOfPiecesOnTheBoard;124;true;;Static;;;;;;
Camelot;noUndeclaredPlayerReference;127;true;;Static;;;;;;
Camelot;sizeOfTrack;128;false;Track concept is not present;Static;;;;;;
Cascades;lineLessOrEqualThanBoardSide;80;false;Line concept is not present;Static;;;;;;
Cascades;pieceDeclaredAsShared;72;false;The game does not have any piece declared as Shared;Static;;;;;;
Cascades;pieceDeclaredAsNeutral;70;false;The game does not have any piece declared as Neutral;Static;;;;;;
Cascades;pieceDeclaredAsEach;72;true;;Static;;;;;;
Cascades;equalNumberOfPiecesOnTheBoard;71;true;;Static;;;;;;
Cascades;noUndeclaredPlayerReference;71;true;;Static;;;;;;
Cascades;sizeOfTrack;72;false;Track concept is not present;Static;;;;;;
Chinese Checkers;lineLessOrEqualThanBoardSide;88;false;Line concept is not present;Static;;;;;;
Chinese Checkers;pieceDeclaredAsShared;82;false;The game does not have any piece declared as Shared;Static;;;;;;
Chinese Checkers;pieceDeclaredAsNeutral;77;false;The game does not have any piece declared as Neutral;Static;;;;;;
Chinese Checkers;pieceDeclaredAsEach;79;true;;Static;;;;;;
Chinese Checkers;equalNumberOfPiecesOnTheBoard;74;true;;Static;;;;;;
Chinese Checkers;noUndeclaredPlayerReference;73;true;;Static;;;;;;
Chinese Checkers;sizeOfTrack;74;false;Track concept is not present;Static;;;;;;
Conspirateurs;lineLessOrEqualThanBoardSide;111;false;Line concept is not present;Static;;;;;;
Conspirateurs;pieceDeclaredAsShared;105;false;The game does not have any piece declared as Shared;Static;;;;;;
Conspirateurs;pieceDeclaredAsNeutral;97;false;The game does not have any piece declared as Neutral;Static;;;;;;
Conspirateurs;pieceDeclaredAsEach;97;true;;Static;;;;;;
Conspirateurs;equalNumberOfPiecesOnTheBoard;110;true;;Static;;;;;;
Conspirateurs;noUndeclaredPlayerReference;101;true;;Static;;;;;;
Conspirateurs;sizeOfTrack;103;false;Track concept is not present;Static;;;;;;
Gadis;lineLessOrEqualThanBoardSide;77;false;Line concept is not present;Static;;;;;;
Gadis;pieceDeclaredAsShared;74;false;The game does not have any piece declared as Shared;Static;;;;;;
Gadis;pieceDeclaredAsNeutral;75;false;The game does not have any piece declared as Neutral;Static;;;;;;
Gadis;pieceDeclaredAsEach;82;true;;Static;;;;;;
Gadis;equalNumberOfPiecesOnTheBoard;75;true;;Static;;;;;;
Gadis;noUndeclaredPlayerReference;81;true;;Static;;;;;;
Gadis;sizeOfTrack;76;false;Track concept is not present;Static;;;;;;
Grasshopper;lineLessOrEqualThanBoardSide;37;false;Line concept is not present;Static;;;;;;
Grasshopper;pieceDeclaredAsShared;36;false;The game does not have any piece declared as Shared;Static;;;;;;
Grasshopper;pieceDeclaredAsNeutral;40;false;The game does not have any piece declared as Neutral;Static;;;;;;
Grasshopper;pieceDeclaredAsEach;38;true;;Static;;;;;;
Grasshopper;equalNumberOfPiecesOnTheBoard;40;true;;Static;;;;;;
Grasshopper;noUndeclaredPlayerReference;38;true;;Static;;;;;;
Grasshopper;sizeOfTrack;47;false;Track concept is not present;Static;;;;;;
Halma;lineLessOrEqualThanBoardSide;115;false;Line concept is not present;Static;;;;;;
Halma;pieceDeclaredAsShared;115;false;The game does not have any piece declared as Shared;Static;;;;;;
Halma;pieceDeclaredAsNeutral;109;false;The game does not have any piece declared as Neutral;Static;;;;;;
Halma;pieceDeclaredAsEach;107;true;;Static;;;;;;
Halma;equalNumberOfPiecesOnTheBoard;120;true;;Static;;;;;;
Halma;noUndeclaredPlayerReference;121;true;;Static;;;;;;
Halma;sizeOfTrack;109;false;Track concept is not present;Static;;;;;;
Lelac;lineLessOrEqualThanBoardSide;16;false;Line concept is not present;Static;;;;;;
Lelac;pieceDeclaredAsShared;14;false;A Shared Piece must appear at least twice in the description;Static;;;;;;
Lelac;pieceDeclaredAsNeutral;15;false;The game does not have any piece declared as Neutral;Static;;;;;;
Lelac;pieceDeclaredAsEach;13;false;The game does not have any piece declared as Each;Static;;;;;;
Lelac;equalNumberOfPiecesOnTheBoard;15;true;;Static;;;;;;
Lelac;noUndeclaredPlayerReference;14;true;;Static;;;;;;
Lelac;sizeOfTrack;15;false;The length of the track is 10;Static;;;;;;
O-Pat-Kono;lineLessOrEqualThanBoardSide;11;false;Line concept is not present;Static;;;;;;
O-Pat-Kono;pieceDeclaredAsShared;9;false;The game does not have any piece declared as Shared;Static;;;;;;
O-Pat-Kono;pieceDeclaredAsNeutral;10;false;The game does not have any piece declared as Neutral;Static;;;;;;
O-Pat-Kono;pieceDeclaredAsEach;8;true;;Static;;;;;;
O-Pat-Kono;equalNumberOfPiecesOnTheBoard;8;true;;Static;;;;;;
O-Pat-Kono;noUndeclaredPlayerReference;10;true;;Static;;;;;;
O-Pat-Kono;sizeOfTrack;12;false;Track concept is not present;Static;;;;;;
Salta;lineLessOrEqualThanBoardSide;56;false;Line concept is not present;Static;;;;;;
Salta;pieceDeclaredAsShared;45;false;The game does not have any piece declared as Shared;Static;;;;;;
Salta;pieceDeclaredAsNeutral;44;false;The game does not have any piece declared as Neutral;Static;;;;;;
Salta;pieceDeclaredAsEach;53;true;;Static;;;;;;
Salta;equalNumberOfPiecesOnTheBoard;48;true;;Static;;;;;;
Salta;noUndeclaredPlayerReference;44;true;;Static;;;;;;
Salta;sizeOfTrack;51;false;Track concept is not present;Static;;;;;;
Shanzak Kammar;lineLessOrEqualThanBoardSide;20;false;Line concept is not present;Static;;;;;;
Shanzak Kammar;pieceDeclaredAsShared;19;false;The game does not have any piece declared as Shared;Static;;;;;;
Shanzak Kammar;pieceDeclaredAsNeutral;21;false;The game does not have any piece declared as Neutral;Static;;;;;;
Shanzak Kammar;pieceDeclaredAsEach;18;true;;Static;;;;;;
Shanzak Kammar;equalNumberOfPiecesOnTheBoard;20;true;;Static;;;;;;
Shanzak Kammar;noUndeclaredPlayerReference;19;true;;Static;;;;;;
Shanzak Kammar;sizeOfTrack;20;false;Track concept is not present;Static;;;;;;
Suffragetto;lineLessOrEqualThanBoardSide;397;false;Line concept is not present;Static;;;;;;
Suffragetto;pieceDeclaredAsShared;381;false;The game does not have any piece declared as Shared;Static;;;;;;
Suffragetto;pieceDeclaredAsNeutral;369;false;The game does not have any piece declared as Neutral;Static;;;;;;
Suffragetto;pieceDeclaredAsEach;377;false;The game does not have any piece declared as Each;Static;;;;;;
Suffragetto;equalNumberOfPiecesOnTheBoard;380;true;;Static;;;;;;
Suffragetto;noUndeclaredPlayerReference;369;true;;Static;;;;;;
Suffragetto;sizeOfTrack;376;false;Track concept is not present;Static;;;;;;
Tablan;lineLessOrEqualThanBoardSide;38;false;Line concept is not present;Static;;;;;;
Tablan;pieceDeclaredAsShared;36;false;The game does not have any piece declared as Shared;Static;;;;;;
Tablan;pieceDeclaredAsNeutral;37;false;The game does not have any piece declared as Neutral;Static;;;;;;
Tablan;pieceDeclaredAsEach;36;true;;Static;;;;;;
Tablan;equalNumberOfPiecesOnTheBoard;36;true;;Static;;;;;;
Tablan;noUndeclaredPlayerReference;36;true;;Static;;;;;;
Tablan;sizeOfTrack;36;false;The owner 0 does not have a track;Static;;;;;;
Tandems;lineLessOrEqualThanBoardSide;25;false;Line concept is not present;Static;;;;;;
Tandems;pieceDeclaredAsShared;25;false;The game does not have any piece declared as Shared;Static;;;;;;
Tandems;pieceDeclaredAsNeutral;25;false;The game does not have any piece declared as Neutral;Static;;;;;;
Tandems;pieceDeclaredAsEach;25;true;;Static;;;;;;
Tandems;equalNumberOfPiecesOnTheBoard;24;true;;Static;;;;;;
Tandems;noUndeclaredPlayerReference;24;true;;Static;;;;;;
Tandems;sizeOfTrack;24;false;Track concept is not present;Static;;;;;;
Aime;lineLessOrEqualThanBoardSide;41;false;Line concept is not present;Static;;;;;;
Aime;pieceDeclaredAsShared;41;true;;Static;;;;;;
Aime;pieceDeclaredAsNeutral;39;false;The game does not have any piece declared as Neutral;Static;;;;;;
Aime;pieceDeclaredAsEach;41;false;Ludeme Each for the piece Ball requires at least one definition of BallN, with N > 0;Static;;;;;;
Aime;equalNumberOfPiecesOnTheBoard;39;true;;Static;;;;;;
Aime;noUndeclaredPlayerReference;39;true;;Static;;;;;;
Aime;sizeOfTrack;39;false;The owner 0 does not have a track;Static;;;;;;
Archimedes;lineLessOrEqualThanBoardSide;28;false;Line concept is not present;Static;;;;;;
Archimedes;pieceDeclaredAsShared;26;false;The game does not have any piece declared as Shared;Static;;;;;;
Archimedes;pieceDeclaredAsNeutral;25;false;The game does not have any piece declared as Neutral;Static;;;;;;
Archimedes;pieceDeclaredAsEach;25;true;;Static;;;;;;
Archimedes;equalNumberOfPiecesOnTheBoard;27;true;;Static;;;;;;
Archimedes;noUndeclaredPlayerReference;24;true;;Static;;;;;;
Archimedes;sizeOfTrack;24;false;Track concept is not present;Static;;;;;;
Arimaa;lineLessOrEqualThanBoardSide;74;false;Line concept is not present;Static;;;;;;
Arimaa;pieceDeclaredAsShared;65;false;The game does not have any piece declared as Shared;Static;;;;;;
Arimaa;pieceDeclaredAsNeutral;71;false;The game does not have any piece declared as Neutral;Static;;;;;;
Arimaa;pieceDeclaredAsEach;71;true;;Static;;;;;;
Arimaa;equalNumberOfPiecesOnTheBoard;69;true;;Static;;;;;;
Arimaa;noUndeclaredPlayerReference;68;true;;Static;;;;;;
Arimaa;sizeOfTrack;69;false;Track concept is not present;Static;;;;;;
Ashere;lineLessOrEqualThanBoardSide;29;false;Line concept is not present;Static;;;;;;
Ashere;pieceDeclaredAsShared;28;true;;Static;;;;;;
Ashere;pieceDeclaredAsNeutral;27;false;The game does not have any piece declared as Neutral;Static;;;;;;
Ashere;pieceDeclaredAsEach;30;true;;Static;;;;;;
Ashere;equalNumberOfPiecesOnTheBoard;30;true;;Static;;;;;;
Ashere;noUndeclaredPlayerReference;30;true;;Static;;;;;;
Ashere;sizeOfTrack;30;false;The owner 0 does not have a track;Static;;;;;;
Bison;lineLessOrEqualThanBoardSide;30;false;Line concept is not present;Static;;;;;;
Bison;pieceDeclaredAsShared;27;false;The game does not have any piece declared as Shared;Static;;;;;;
Bison;pieceDeclaredAsNeutral;23;false;The game does not have any piece declared as Neutral;Static;;;;;;
Bison;pieceDeclaredAsEach;23;false;The game does not have any piece declared as Each;Static;;;;;;
Bison;equalNumberOfPiecesOnTheBoard;23;false;Players do not have the same number of pieces;Static;;;;;;
Bison;noUndeclaredPlayerReference;24;true;;Static;;;;;;
Bison;sizeOfTrack;23;false;Track concept is not present;Static;;;;;;
Bombardment;lineLessOrEqualThanBoardSide;20;false;Line concept is not present;Static;;;;;;
Bombardment;pieceDeclaredAsShared;19;false;The game does not have any piece declared as Shared;Static;;;;;;
Bombardment;pieceDeclaredAsNeutral;23;false;The game does not have any piece declared as Neutral;Static;;;;;;
Bombardment;pieceDeclaredAsEach;19;true;;Static;;;;;;
Bombardment;equalNumberOfPiecesOnTheBoard;18;true;;Static;;;;;;
Bombardment;noUndeclaredPlayerReference;19;true;;Static;;;;;;
Bombardment;sizeOfTrack;19;false;Track concept is not present;Static;;;;;;
Breakthrough;lineLessOrEqualThanBoardSide;22;false;Line concept is not present;Static;;;;;;
Breakthrough;pieceDeclaredAsShared;21;false;The game does not have any piece declared as Shared;Static;;;;;;
Breakthrough;pieceDeclaredAsNeutral;21;false;The game does not have any piece declared as Neutral;Static;;;;;;
Breakthrough;pieceDeclaredAsEach;22;true;;Static;;;;;;
Breakthrough;equalNumberOfPiecesOnTheBoard;21;true;;Static;;;;;;
Breakthrough;noUndeclaredPlayerReference;20;true;;Static;;;;;;
Breakthrough;sizeOfTrack;21;false;Track concept is not present;Static;;;;;;
Center;lineLessOrEqualThanBoardSide;39;false;Line concept is not present;Static;;;;;;
Center;pieceDeclaredAsShared;34;false;The game does not have any piece declared as Shared;Static;;;;;;
Center;pieceDeclaredAsNeutral;30;false;The game does not have any piece declared as Neutral;Static;;;;;;
Center;pieceDeclaredAsEach;31;false;Ludeme Each for the piece Marker requires at least one definition of MarkerN, with N > 0;Static;;;;;;
Center;equalNumberOfPiecesOnTheBoard;28;true;;Static;;;;;;
Center;noUndeclaredPlayerReference;30;true;;Static;;;;;;
Center;sizeOfTrack;30;false;Track concept is not present;Static;;;;;;
Chong (Sakhalin);lineLessOrEqualThanBoardSide;45;false;Line concept is not present;Static;;;;;;
Chong (Sakhalin);pieceDeclaredAsShared;45;false;The game does not have any piece declared as Shared;Static;;;;;;
Chong (Sakhalin);pieceDeclaredAsNeutral;41;false;The game does not have any piece declared as Neutral;Static;;;;;;
Chong (Sakhalin);pieceDeclaredAsEach;43;true;;Static;;;;;;
Chong (Sakhalin);equalNumberOfPiecesOnTheBoard;42;true;;Static;;;;;;
Chong (Sakhalin);noUndeclaredPlayerReference;40;true;;Static;;;;;;
Chong (Sakhalin);sizeOfTrack;43;false;The owner 0 does not have a track;Static;;;;;;
Chonpa;lineLessOrEqualThanBoardSide;313;false;Line concept is not present;Static;;;;;;
Chonpa;pieceDeclaredAsShared;313;false;The game does not have any piece declared as Shared;Static;;;;;;
Chonpa;pieceDeclaredAsNeutral;309;false;The game does not have any piece declared as Neutral;Static;;;;;;
Chonpa;pieceDeclaredAsEach;303;true;;Static;;;;;;
Chonpa;equalNumberOfPiecesOnTheBoard;304;true;;Static;;;;;;
Chonpa;noUndeclaredPlayerReference;302;true;;Static;;;;;;
Chonpa;sizeOfTrack;305;false;The owner 0 does not have a track;Static;;;;;;
EinStein Wurfelt Nicht;lineLessOrEqualThanBoardSide;26;false;Line concept is not present;Static;;;;;;
EinStein Wurfelt Nicht;pieceDeclaredAsShared;25;false;The game does not have any piece declared as Shared;Static;;;;;;
EinStein Wurfelt Nicht;pieceDeclaredAsNeutral;25;false;The game does not have any piece declared as Neutral;Static;;;;;;
EinStein Wurfelt Nicht;pieceDeclaredAsEach;24;true;;Static;;;;;;
EinStein Wurfelt Nicht;equalNumberOfPiecesOnTheBoard;25;true;;Static;;;;;;
EinStein Wurfelt Nicht;noUndeclaredPlayerReference;24;true;;Static;;;;;;
EinStein Wurfelt Nicht;sizeOfTrack;29;false;Track concept is not present;Static;;;;;;
Es-Sig;lineLessOrEqualThanBoardSide;37;false;Line concept is not present;Static;;;;;;
Es-Sig;pieceDeclaredAsShared;34;false;The game does not have any piece declared as Shared;Static;;;;;;
Es-Sig;pieceDeclaredAsNeutral;35;true;;Static;;;;;;
Es-Sig;pieceDeclaredAsEach;35;true;;Static;;;;;;
Es-Sig;equalNumberOfPiecesOnTheBoard;35;false;Players do not have the same number of pieces;Static;;;;;;
Es-Sig;noUndeclaredPlayerReference;40;true;;Static;;;;;;
Es-Sig;sizeOfTrack;36;false;The length of the track is 48;Static;;;;;;
Football Chess;lineLessOrEqualThanBoardSide;272;false;Line concept is not present;Static;;;;;;
Football Chess;pieceDeclaredAsShared;252;true;;Static;;;;;;
Football Chess;pieceDeclaredAsNeutral;262;false;The game does not have any piece declared as Neutral;Static;;;;;;
Football Chess;pieceDeclaredAsEach;253;true;;Static;;;;;;
Football Chess;equalNumberOfPiecesOnTheBoard;247;true;;Static;;;;;;
Football Chess;noUndeclaredPlayerReference;253;true;;Static;;;;;;
Football Chess;sizeOfTrack;248;false;Track concept is not present;Static;;;;;;
Gauntlet;lineLessOrEqualThanBoardSide;37;false;Line concept is not present;Static;;;;;;
Gauntlet;pieceDeclaredAsShared;37;false;The game does not have any piece declared as Shared;Static;;;;;;
Gauntlet;pieceDeclaredAsNeutral;38;false;The game does not have any piece declared as Neutral;Static;;;;;;
Gauntlet;pieceDeclaredAsEach;41;true;;Static;;;;;;
Gauntlet;equalNumberOfPiecesOnTheBoard;38;false;Players do not have the same number of pieces;Static;;;;;;
Gauntlet;noUndeclaredPlayerReference;37;true;;Static;;;;;;
Gauntlet;sizeOfTrack;39;false;Track concept is not present;Static;;;;;;
Gavalata;lineLessOrEqualThanBoardSide;15;false;Line concept is not present;Static;;;;;;
Gavalata;pieceDeclaredAsShared;14;false;The game does not have any piece declared as Shared;Static;;;;;;
Gavalata;pieceDeclaredAsNeutral;15;false;The game does not have any piece declared as Neutral;Static;;;;;;
Gavalata;pieceDeclaredAsEach;16;true;;Static;;;;;;
Gavalata;equalNumberOfPiecesOnTheBoard;18;true;;Static;;;;;;
Gavalata;noUndeclaredPlayerReference;15;true;;Static;;;;;;
Gavalata;sizeOfTrack;15;false;The owner 0 does not have a track;Static;;;;;;
Geister;lineLessOrEqualThanBoardSide;40;false;Line concept is not present;Static;;;;;;
Geister;pieceDeclaredAsShared;36;false;The game does not have any piece declared as Shared;Static;;;;;;
Geister;pieceDeclaredAsNeutral;36;false;The game does not have any piece declared as Neutral;Static;;;;;;
Geister;pieceDeclaredAsEach;37;true;;Static;;;;;;
Geister;equalNumberOfPiecesOnTheBoard;38;true;;Static;;;;;;
Geister;noUndeclaredPlayerReference;33;true;;Static;;;;;;
Geister;sizeOfTrack;36;false;Track concept is not present;Static;;;;;;
Gyan Chaupar;lineLessOrEqualThanBoardSide;32;false;Line concept is not present;Static;;;;;;
Gyan Chaupar;pieceDeclaredAsShared;31;false;The game does not have any piece declared as Shared;Static;;;;;;
Gyan Chaupar;pieceDeclaredAsNeutral;34;false;The game does not have any piece declared as Neutral;Static;;;;;;
Gyan Chaupar;pieceDeclaredAsEach;31;true;;Static;;;;;;
Gyan Chaupar;equalNumberOfPiecesOnTheBoard;31;false;Players do not have the same number of pieces;Static;;;;;;
Gyan Chaupar;noUndeclaredPlayerReference;33;true;;Static;;;;;;
Gyan Chaupar;sizeOfTrack;31;false;The length of the track is 100;Static;;;;;;
Ishighan;lineLessOrEqualThanBoardSide;50;false;Line concept is not present;Static;;;;;;
Ishighan;pieceDeclaredAsShared;45;false;The game does not have any piece declared as Shared;Static;;;;;;
Ishighan;pieceDeclaredAsNeutral;44;true;;Static;;;;;;
Ishighan;pieceDeclaredAsEach;47;true;;Static;;;;;;
Ishighan;equalNumberOfPiecesOnTheBoard;50;true;;Static;;;;;;
Ishighan;noUndeclaredPlayerReference;44;true;;Static;;;;;;
Ishighan;sizeOfTrack;48;false;The length of the track is 86;Static;;;;;;
Jeson Mor;lineLessOrEqualThanBoardSide;24;false;Line concept is not present;Static;;;;;;
Jeson Mor;pieceDeclaredAsShared;21;false;The game does not have any piece declared as Shared;Static;;;;;;
Jeson Mor;pieceDeclaredAsNeutral;22;false;The game does not have any piece declared as Neutral;Static;;;;;;
Jeson Mor;pieceDeclaredAsEach;22;true;;Static;;;;;;
Jeson Mor;equalNumberOfPiecesOnTheBoard;21;true;;Static;;;;;;
Jeson Mor;noUndeclaredPlayerReference;21;true;;Static;;;;;;
Jeson Mor;sizeOfTrack;21;false;Track concept is not present;Static;;;;;;
Jungle;lineLessOrEqualThanBoardSide;49;false;Line concept is not present;Static;;;;;;
Jungle;pieceDeclaredAsShared;46;false;The game does not have any piece declared as Shared;Static;;;;;;
Jungle;pieceDeclaredAsNeutral;47;false;The game does not have any piece declared as Neutral;Static;;;;;;
Jungle;pieceDeclaredAsEach;46;true;;Static;;;;;;
Jungle;equalNumberOfPiecesOnTheBoard;53;true;;Static;;;;;;
Jungle;noUndeclaredPlayerReference;53;true;;Static;;;;;;
Jungle;sizeOfTrack;49;false;Track concept is not present;Static;;;;;;
Kawasukuts;lineLessOrEqualThanBoardSide;38;false;Line concept is not present;Static;;;;;;
Kawasukuts;pieceDeclaredAsShared;43;false;The game does not have any piece declared as Shared;Static;;;;;;
Kawasukuts;pieceDeclaredAsNeutral;37;false;The game does not have any piece declared as Neutral;Static;;;;;;
Kawasukuts;pieceDeclaredAsEach;37;true;;Static;;;;;;
Kawasukuts;equalNumberOfPiecesOnTheBoard;36;true;;Static;;;;;;
Kawasukuts;noUndeclaredPlayerReference;40;true;;Static;;;;;;
Kawasukuts;sizeOfTrack;37;false;The length of the track is 40;Static;;;;;;
King's Valley;lineLessOrEqualThanBoardSide;16;false;Line concept is not present;Static;;;;;;
King's Valley;pieceDeclaredAsShared;15;false;The game does not have any piece declared as Shared;Static;;;;;;
King's Valley;pieceDeclaredAsNeutral;15;false;The game does not have any piece declared as Neutral;Static;;;;;;
King's Valley;pieceDeclaredAsEach;15;true;;Static;;;;;;
King's Valley;equalNumberOfPiecesOnTheBoard;14;true;;Static;;;;;;
King's Valley;noUndeclaredPlayerReference;16;true;;Static;;;;;;
King's Valley;sizeOfTrack;15;false;Track concept is not present;Static;;;;;;
Knightthrough;lineLessOrEqualThanBoardSide;25;false;Line concept is not present;Static;;;;;;
Knightthrough;pieceDeclaredAsShared;22;false;The game does not have any piece declared as Shared;Static;;;;;;
Knightthrough;pieceDeclaredAsNeutral;20;false;The game does not have any piece declared as Neutral;Static;;;;;;
Knightthrough;pieceDeclaredAsEach;20;true;;Static;;;;;;
Knightthrough;equalNumberOfPiecesOnTheBoard;18;true;;Static;;;;;;
Knightthrough;noUndeclaredPlayerReference;19;true;;Static;;;;;;
Knightthrough;sizeOfTrack;18;false;Track concept is not present;Static;;;;;;
Li'b el-Merafib;lineLessOrEqualThanBoardSide;110;false;Line concept is not present;Static;;;;;;
Li'b el-Merafib;pieceDeclaredAsShared;106;false;The game does not have any piece declared as Shared;Static;;;;;;
Li'b el-Merafib;pieceDeclaredAsNeutral;108;false;A piece declared Neutral must be called as piece0;Static;;;;;;
Li'b el-Merafib;pieceDeclaredAsEach;118;true;;Static;;;;;;
Li'b el-Merafib;equalNumberOfPiecesOnTheBoard;111;false;Players do not have the same number of pieces;Static;;;;;;
Li'b el-Merafib;noUndeclaredPlayerReference;104;true;;Static;;;;;;
Li'b el-Merafib;sizeOfTrack;104;false;The length of the track is 83;Static;;;;;;
Main Pacheh;lineLessOrEqualThanBoardSide;16;false;Line concept is not present;Static;;;;;;
Main Pacheh;pieceDeclaredAsShared;16;false;The game does not have any piece declared as Shared;Static;;;;;;
Main Pacheh;pieceDeclaredAsNeutral;15;false;The game does not have any piece declared as Neutral;Static;;;;;;
Main Pacheh;pieceDeclaredAsEach;17;true;;Static;;;;;;
Main Pacheh;equalNumberOfPiecesOnTheBoard;17;true;;Static;;;;;;
Main Pacheh;noUndeclaredPlayerReference;18;true;;Static;;;;;;
Main Pacheh;sizeOfTrack;18;false;The owner 0 does not have a track;Static;;;;;;
Murus Gallicus;lineLessOrEqualThanBoardSide;62;false;Line concept is not present;Static;;;;;;
Murus Gallicus;pieceDeclaredAsShared;57;false;The game does not have any piece declared as Shared;Static;;;;;;
Murus Gallicus;pieceDeclaredAsNeutral;59;false;The game does not have any piece declared as Neutral;Static;;;;;;
Murus Gallicus;pieceDeclaredAsEach;56;true;;Static;;;;;;
Murus Gallicus;equalNumberOfPiecesOnTheBoard;56;true;;Static;;;;;;
Murus Gallicus;noUndeclaredPlayerReference;55;true;;Static;;;;;;
Murus Gallicus;sizeOfTrack;57;false;Track concept is not present;Static;;;;;;
Nebakuthana;lineLessOrEqualThanBoardSide;25;false;Line concept is not present;Static;;;;;;
Nebakuthana;pieceDeclaredAsShared;23;false;The game does not have any piece declared as Shared;Static;;;;;;
Nebakuthana;pieceDeclaredAsNeutral;24;false;The game does not have any piece declared as Neutral;Static;;;;;;
Nebakuthana;pieceDeclaredAsEach;27;false;The game does not have any piece declared as Each;Static;;;;;;
Nebakuthana;equalNumberOfPiecesOnTheBoard;26;true;;Static;;;;;;
Nebakuthana;noUndeclaredPlayerReference;24;true;;Static;;;;;;
Nebakuthana;sizeOfTrack;27;false;The owner 0 does not have a track;Static;;;;;;
Owasokotz;lineLessOrEqualThanBoardSide;33;false;Line concept is not present;Static;;;;;;
Owasokotz;pieceDeclaredAsShared;36;false;The game does not have any piece declared as Shared;Static;;;;;;
Owasokotz;pieceDeclaredAsNeutral;33;false;The game does not have any piece declared as Neutral;Static;;;;;;
Owasokotz;pieceDeclaredAsEach;33;true;;Static;;;;;;
Owasokotz;equalNumberOfPiecesOnTheBoard;34;true;;Static;;;;;;
Owasokotz;noUndeclaredPlayerReference;32;true;;Static;;;;;;
Owasokotz;sizeOfTrack;33;false;The length of the track is 40;Static;;;;;;
Paradis;lineLessOrEqualThanBoardSide;23;false;Line concept is not present;Static;;;;;;
Paradis;pieceDeclaredAsShared;22;false;The game does not have any piece declared as Shared;Static;;;;;;
Paradis;pieceDeclaredAsNeutral;22;false;The game does not have any piece declared as Neutral;Static;;;;;;
Paradis;pieceDeclaredAsEach;24;true;;Static;;;;;;
Paradis;equalNumberOfPiecesOnTheBoard;24;true;;Static;;;;;;
Paradis;noUndeclaredPlayerReference;23;true;;Static;;;;;;
Paradis;sizeOfTrack;22;false;The owner 0 does not have a track;Static;;;;;;
Pasit;lineLessOrEqualThanBoardSide;45;false;Line concept is not present;Static;;;;;;
Pasit;pieceDeclaredAsShared;42;false;The game does not have any piece declared as Shared;Static;;;;;;
Pasit;pieceDeclaredAsNeutral;44;false;The game does not have any piece declared as Neutral;Static;;;;;;
Pasit;pieceDeclaredAsEach;40;true;;Static;;;;;;
Pasit;equalNumberOfPiecesOnTheBoard;39;true;;Static;;;;;;
Pasit;noUndeclaredPlayerReference;38;true;;Static;;;;;;
Pasit;sizeOfTrack;43;false;The owner 0 does not have a track;Static;;;;;;
Patol;lineLessOrEqualThanBoardSide;37;false;Line concept is not present;Static;;;;;;
Patol;pieceDeclaredAsShared;37;false;The game does not have any piece declared as Shared;Static;;;;;;
Patol;pieceDeclaredAsNeutral;36;false;The game does not have any piece declared as Neutral;Static;;;;;;
Patol;pieceDeclaredAsEach;42;true;;Static;;;;;;
Patol;equalNumberOfPiecesOnTheBoard;37;true;;Static;;;;;;
Patol;noUndeclaredPlayerReference;37;true;;Static;;;;;;
Patol;sizeOfTrack;40;false;The length of the track is 40;Static;;;;;;
Pente Grammai;lineLessOrEqualThanBoardSide;14;false;Line concept is not present;Static;;;;;;
Pente Grammai;pieceDeclaredAsShared;12;false;The game does not have any piece declared as Shared;Static;;;;;;
Pente Grammai;pieceDeclaredAsNeutral;8;false;The game does not have any piece declared as Neutral;Static;;;;;;
Pente Grammai;pieceDeclaredAsEach;9;true;;Static;;;;;;
Pente Grammai;equalNumberOfPiecesOnTheBoard;10;true;;Static;;;;;;
Pente Grammai;noUndeclaredPlayerReference;9;true;;Static;;;;;;
Pente Grammai;sizeOfTrack;9;false;The owner 0 does not have a track;Static;;;;;;
Pylos;lineLessOrEqualThanBoardSide;43;false;Line concept is not present;Static;;;;;;
Pylos;pieceDeclaredAsShared;39;false;The game does not have any piece declared as Shared;Static;;;;;;
Pylos;pieceDeclaredAsNeutral;42;false;The game does not have any piece declared as Neutral;Static;;;;;;
Pylos;pieceDeclaredAsEach;38;true;;Static;;;;;;
Pylos;equalNumberOfPiecesOnTheBoard;38;true;;Static;;;;;;
Pylos;noUndeclaredPlayerReference;38;true;;Static;;;;;;
Pylos;sizeOfTrack;37;false;Track concept is not present;Static;;;;;;
Quoridor;lineLessOrEqualThanBoardSide;50;false;Line concept is not present;Static;;;;;;
Quoridor;pieceDeclaredAsShared;47;true;;Static;;;;;;
Quoridor;pieceDeclaredAsNeutral;58;false;The game does not have any piece declared as Neutral;Static;;;;;;
Quoridor;pieceDeclaredAsEach;50;true;;Static;;;;;;
Quoridor;equalNumberOfPiecesOnTheBoard;51;true;;Static;;;;;;
Quoridor;noUndeclaredPlayerReference;52;true;;Static;;;;;;
Quoridor;sizeOfTrack;49;false;Track concept is not present;Static;;;;;;
Reach Chess;lineLessOrEqualThanBoardSide;52;false;Line concept is not present;Static;;;;;;
Reach Chess;pieceDeclaredAsShared;47;false;The game does not have any piece declared as Shared;Static;;;;;;
Reach Chess;pieceDeclaredAsNeutral;46;false;The game does not have any piece declared as Neutral;Static;;;;;;
Reach Chess;pieceDeclaredAsEach;45;true;;Static;;;;;;
Reach Chess;equalNumberOfPiecesOnTheBoard;48;true;;Static;;;;;;
Reach Chess;noUndeclaredPlayerReference;54;true;;Static;;;;;;
Reach Chess;sizeOfTrack;46;false;Track concept is not present;Static;;;;;;
Santorini;lineLessOrEqualThanBoardSide;21;false;Line concept is not present;Static;;;;;;
Santorini;pieceDeclaredAsShared;17;false;The game does not have any piece declared as Shared;Static;;;;;;
Santorini;pieceDeclaredAsNeutral;18;true;;Static;;;;;;
Santorini;pieceDeclaredAsEach;19;true;;Static;;;;;;
Santorini;equalNumberOfPiecesOnTheBoard;24;true;;Static;;;;;;
Santorini;noUndeclaredPlayerReference;18;true;;Static;;;;;;
Santorini;sizeOfTrack;19;false;Track concept is not present;Static;;;;;;
Saturankam;lineLessOrEqualThanBoardSide;34;false;Line concept is not present;Static;;;;;;
Saturankam;pieceDeclaredAsShared;33;false;The game does not have any piece declared as Shared;Static;;;;;;
Saturankam;pieceDeclaredAsNeutral;34;false;The game does not have any piece declared as Neutral;Static;;;;;;
Saturankam;pieceDeclaredAsEach;36;true;;Static;;;;;;
Saturankam;equalNumberOfPiecesOnTheBoard;34;true;;Static;;;;;;
Saturankam;noUndeclaredPlayerReference;33;true;;Static;;;;;;
Saturankam;sizeOfTrack;34;false;The owner 0 does not have a track;Static;;;;;;
Set Dilth';lineLessOrEqualThanBoardSide;27;false;Line concept is not present;Static;;;;;;
Set Dilth';pieceDeclaredAsShared;35;false;The game does not have any piece declared as Shared;Static;;;;;;
Set Dilth';pieceDeclaredAsNeutral;28;false;The game does not have any piece declared as Neutral;Static;;;;;;
Set Dilth';pieceDeclaredAsEach;27;true;;Static;;;;;;
Set Dilth';equalNumberOfPiecesOnTheBoard;28;true;;Static;;;;;;
Set Dilth';noUndeclaredPlayerReference;27;true;;Static;;;;;;
Set Dilth';sizeOfTrack;30;false;The owner 0 does not have a track;Static;;;;;;
Setichch;lineLessOrEqualThanBoardSide;30;false;Line concept is not present;Static;;;;;;
Setichch;pieceDeclaredAsShared;28;false;The game does not have any piece declared as Shared;Static;;;;;;
Setichch;pieceDeclaredAsNeutral;27;false;The game does not have any piece declared as Neutral;Static;;;;;;
Setichch;pieceDeclaredAsEach;27;false;The game does not have any piece declared as Each;Static;;;;;;
Setichch;equalNumberOfPiecesOnTheBoard;29;true;;Static;;;;;;
Setichch;noUndeclaredPlayerReference;29;true;;Static;;;;;;
Setichch;sizeOfTrack;28;false;The length of the track is 40;Static;;;;;;
Shing Quon Tu;lineLessOrEqualThanBoardSide;136;false;Line concept is not present;Static;;;;;;
Shing Quon Tu;pieceDeclaredAsShared;131;false;The game does not have any piece declared as Shared;Static;;;;;;
Shing Quon Tu;pieceDeclaredAsNeutral;127;false;The game does not have any piece declared as Neutral;Static;;;;;;
Shing Quon Tu;pieceDeclaredAsEach;169;true;;Static;;;;;;
Shing Quon Tu;equalNumberOfPiecesOnTheBoard;125;true;;Static;;;;;;
Shing Quon Tu;noUndeclaredPlayerReference;127;true;;Static;;;;;;
Shing Quon Tu;sizeOfTrack;119;false;The length of the track is 98;Static;;;;;;
Sig (El Oued);lineLessOrEqualThanBoardSide;61;false;Line concept is not present;Static;;;;;;
Sig (El Oued);pieceDeclaredAsShared;55;false;The game does not have any piece declared as Shared;Static;;;;;;
Sig (El Oued);pieceDeclaredAsNeutral;54;false;The game does not have any piece declared as Neutral;Static;;;;;;
Sig (El Oued);pieceDeclaredAsEach;62;true;;Static;;;;;;
Sig (El Oued);equalNumberOfPiecesOnTheBoard;60;false;Players do not have the same number of pieces;Static;;;;;;
Sig (El Oued);noUndeclaredPlayerReference;57;true;;Static;;;;;;
Sig (El Oued);sizeOfTrack;61;false;The length of the track is 12;Static;;;;;;
Sig wa Duqqan (Houmt al-Arbah);lineLessOrEqualThanBoardSide;27;false;Line concept is not present;Static;;;;;;
Sig wa Duqqan (Houmt al-Arbah);pieceDeclaredAsShared;27;false;The game does not have any piece declared as Shared;Static;;;;;;
Sig wa Duqqan (Houmt al-Arbah);pieceDeclaredAsNeutral;25;true;;Static;;;;;;
Sig wa Duqqan (Houmt al-Arbah);pieceDeclaredAsEach;28;true;;Static;;;;;;
Sig wa Duqqan (Houmt al-Arbah);equalNumberOfPiecesOnTheBoard;27;false;Players do not have the same number of pieces;Static;;;;;;
Sig wa Duqqan (Houmt al-Arbah);noUndeclaredPlayerReference;24;true;;Static;;;;;;
Sig wa Duqqan (Houmt al-Arbah);sizeOfTrack;26;false;The length of the track is 15;Static;;;;;;
Sig wa Duqqan (Houmt Taourit);lineLessOrEqualThanBoardSide;40;false;Line concept is not present;Static;;;;;;
Sig wa Duqqan (Houmt Taourit);pieceDeclaredAsShared;43;false;The game does not have any piece declared as Shared;Static;;;;;;
Sig wa Duqqan (Houmt Taourit);pieceDeclaredAsNeutral;40;true;;Static;;;;;;
Sig wa Duqqan (Houmt Taourit);pieceDeclaredAsEach;40;true;;Static;;;;;;
Sig wa Duqqan (Houmt Taourit);equalNumberOfPiecesOnTheBoard;46;true;;Static;;;;;;
Sig wa Duqqan (Houmt Taourit);noUndeclaredPlayerReference;39;true;;Static;;;;;;
Sig wa Duqqan (Houmt Taourit);sizeOfTrack;39;false;The length of the track is 81;Static;;;;;;
Siga (Sri Lanka);lineLessOrEqualThanBoardSide;18;false;Line concept is not present;Static;;;;;;
Siga (Sri Lanka);pieceDeclaredAsShared;18;false;The game does not have any piece declared as Shared;Static;;;;;;
Siga (Sri Lanka);pieceDeclaredAsNeutral;18;false;The game does not have any piece declared as Neutral;Static;;;;;;
Siga (Sri Lanka);pieceDeclaredAsEach;19;true;;Static;;;;;;
Siga (Sri Lanka);equalNumberOfPiecesOnTheBoard;17;true;;Static;;;;;;
Siga (Sri Lanka);noUndeclaredPlayerReference;17;true;;Static;;;;;;
Siga (Sri Lanka);sizeOfTrack;17;false;The owner 0 does not have a track;Static;;;;;;
Sik;lineLessOrEqualThanBoardSide;31;false;Line concept is not present;Static;;;;;;
Sik;pieceDeclaredAsShared;36;false;The game does not have any piece declared as Shared;Static;;;;;;
Sik;pieceDeclaredAsNeutral;36;true;;Static;;;;;;
Sik;pieceDeclaredAsEach;31;true;;Static;;;;;;
Sik;equalNumberOfPiecesOnTheBoard;32;true;;Static;;;;;;
Sik;noUndeclaredPlayerReference;29;true;;Static;;;;;;
Sik;sizeOfTrack;37;false;The length of the track is 86;Static;;;;;;
Siryu (Race);lineLessOrEqualThanBoardSide;59;false;Line concept is not present;Static;;;;;;
Siryu (Race);pieceDeclaredAsShared;52;false;The game does not have any piece declared as Shared;Static;;;;;;
Siryu (Race);pieceDeclaredAsNeutral;53;false;The game does not have any piece declared as Neutral;Static;;;;;;
Siryu (Race);pieceDeclaredAsEach;57;true;;Static;;;;;;
Siryu (Race);equalNumberOfPiecesOnTheBoard;58;false;Players do not have the same number of pieces;Static;;;;;;
Siryu (Race);noUndeclaredPlayerReference;62;true;;Static;;;;;;
Siryu (Race);sizeOfTrack;61;false;The length of the track is 12;Static;;;;;;
Sneakthrough;lineLessOrEqualThanBoardSide;32;false;Line concept is not present;Static;;;;;;
Sneakthrough;pieceDeclaredAsShared;30;false;The game does not have any piece declared as Shared;Static;;;;;;
Sneakthrough;pieceDeclaredAsNeutral;36;false;The game does not have any piece declared as Neutral;Static;;;;;;
Sneakthrough;pieceDeclaredAsEach;33;false;The game does not have any piece declared as Each;Static;;;;;;
Sneakthrough;equalNumberOfPiecesOnTheBoard;31;true;;Static;;;;;;
Sneakthrough;noUndeclaredPlayerReference;29;true;;Static;;;;;;
Sneakthrough;sizeOfTrack;29;false;Track concept is not present;Static;;;;;;
Squadro;lineLessOrEqualThanBoardSide;95;false;Line concept is not present;Static;;;;;;
Squadro;pieceDeclaredAsShared;93;false;The game does not have any piece declared as Shared;Static;;;;;;
Squadro;pieceDeclaredAsNeutral;97;false;The game does not have any piece declared as Neutral;Static;;;;;;
Squadro;pieceDeclaredAsEach;94;true;;Static;;;;;;
Squadro;equalNumberOfPiecesOnTheBoard;94;true;;Static;;;;;;
Squadro;noUndeclaredPlayerReference;88;true;;Static;;;;;;
Squadro;sizeOfTrack;94;false;Track concept is not present;Static;;;;;;
Tamman;lineLessOrEqualThanBoardSide;18;false;Line concept is not present;Static;;;;;;
Tamman;pieceDeclaredAsShared;18;false;The game does not have any piece declared as Shared;Static;;;;;;
Tamman;pieceDeclaredAsNeutral;18;false;The game does not have any piece declared as Neutral;Static;;;;;;
Tamman;pieceDeclaredAsEach;17;true;;Static;;;;;;
Tamman;equalNumberOfPiecesOnTheBoard;19;true;;Static;;;;;;
Tamman;noUndeclaredPlayerReference;17;true;;Static;;;;;;
Tamman;sizeOfTrack;19;false;The owner 0 does not have a track;Static;;;;;;
Tasholiwe;lineLessOrEqualThanBoardSide;37;false;Line concept is not present;Static;;;;;;
Tasholiwe;pieceDeclaredAsShared;33;false;The game does not have any piece declared as Shared;Static;;;;;;
Tasholiwe;pieceDeclaredAsNeutral;33;false;The game does not have any piece declared as Neutral;Static;;;;;;
Tasholiwe;pieceDeclaredAsEach;33;true;;Static;;;;;;
Tasholiwe;equalNumberOfPiecesOnTheBoard;33;true;;Static;;;;;;
Tasholiwe;noUndeclaredPlayerReference;33;true;;Static;;;;;;
Tasholiwe;sizeOfTrack;33;false;The length of the track is 40;Static;;;;;;
The Pawn Game;lineLessOrEqualThanBoardSide;22;false;Line concept is not present;Static;;;;;;
The Pawn Game;pieceDeclaredAsShared;20;false;The game does not have any piece declared as Shared;Static;;;;;;
The Pawn Game;pieceDeclaredAsNeutral;20;false;The game does not have any piece declared as Neutral;Static;;;;;;
The Pawn Game;pieceDeclaredAsEach;20;true;;Static;;;;;;
The Pawn Game;equalNumberOfPiecesOnTheBoard;21;true;;Static;;;;;;
The Pawn Game;noUndeclaredPlayerReference;20;true;;Static;;;;;;
The Pawn Game;sizeOfTrack;23;false;Track concept is not present;Static;;;;;;
There and Back;lineLessOrEqualThanBoardSide;61;false;Line concept is not present;Static;;;;;;
There and Back;pieceDeclaredAsShared;58;false;The game does not have any piece declared as Shared;Static;;;;;;
There and Back;pieceDeclaredAsNeutral;58;false;The game does not have any piece declared as Neutral;Static;;;;;;
There and Back;pieceDeclaredAsEach;60;true;;Static;;;;;;
There and Back;equalNumberOfPiecesOnTheBoard;58;true;;Static;;;;;;
There and Back;noUndeclaredPlayerReference;59;false;P3 is not declared;Static;;;;;;
There and Back;sizeOfTrack;60;false;Track concept is not present;Static;;;;;;
Tourne-Case;lineLessOrEqualThanBoardSide;13;false;Line concept is not present;Static;;;;;;
Tourne-Case;pieceDeclaredAsShared;13;false;The game does not have any piece declared as Shared;Static;;;;;;
Tourne-Case;pieceDeclaredAsNeutral;13;false;The game does not have any piece declared as Neutral;Static;;;;;;
Tourne-Case;pieceDeclaredAsEach;12;true;;Static;;;;;;
Tourne-Case;equalNumberOfPiecesOnTheBoard;12;true;;Static;;;;;;
Tourne-Case;noUndeclaredPlayerReference;13;true;;Static;;;;;;
Tourne-Case;sizeOfTrack;13;false;The owner 0 does not have a track;Static;;;;;;
Tsaydithl;lineLessOrEqualThanBoardSide;35;false;Line concept is not present;Static;;;;;;
Tsaydithl;pieceDeclaredAsShared;33;false;The game does not have any piece declared as Shared;Static;;;;;;
Tsaydithl;pieceDeclaredAsNeutral;38;false;The game does not have any piece declared as Neutral;Static;;;;;;
Tsaydithl;pieceDeclaredAsEach;31;true;;Static;;;;;;
Tsaydithl;equalNumberOfPiecesOnTheBoard;31;true;;Static;;;;;;
Tsaydithl;noUndeclaredPlayerReference;32;true;;Static;;;;;;
Tsaydithl;sizeOfTrack;33;false;The length of the track is 40;Static;;;;;;
Zohn Ahl;lineLessOrEqualThanBoardSide;30;false;Line concept is not present;Static;;;;;;
Zohn Ahl;pieceDeclaredAsShared;29;false;The game does not have any piece declared as Shared;Static;;;;;;
Zohn Ahl;pieceDeclaredAsNeutral;28;true;;Static;;;;;;
Zohn Ahl;pieceDeclaredAsEach;29;false;The game does not have any piece declared as Each;Static;;;;;;
Zohn Ahl;equalNumberOfPiecesOnTheBoard;30;true;;Static;;;;;;
Zohn Ahl;noUndeclaredPlayerReference;28;true;;Static;;;;;;
Zohn Ahl;sizeOfTrack;28;false;The owner 0 does not have a track;Static;;;;;;
Diagonals;lineLessOrEqualThanBoardSide;27;false;Line concept is not present;Static;;;;;;
Diagonals;pieceDeclaredAsShared;27;false;The game does not have any piece declared as Shared;Static;;;;;;
Diagonals;pieceDeclaredAsNeutral;28;false;The game does not have any piece declared as Neutral;Static;;;;;;
Diagonals;pieceDeclaredAsEach;29;false;Ludeme Each for the piece Ball requires at least one definition of BallN, with N > 0;Static;;;;;;
Diagonals;equalNumberOfPiecesOnTheBoard;33;true;;Static;;;;;;
Diagonals;noUndeclaredPlayerReference;27;true;;Static;;;;;;
Diagonals;sizeOfTrack;27;false;Track concept is not present;Static;;;;;;
Los Escaques;lineLessOrEqualThanBoardSide;461;false;Line concept is not present;Static;;;;;;
Los Escaques;pieceDeclaredAsShared;451;false;The game does not have any piece declared as Shared;Static;;;;;;
Los Escaques;pieceDeclaredAsNeutral;446;false;The game does not have any piece declared as Neutral;Static;;;;;;
Los Escaques;pieceDeclaredAsEach;450;true;;Static;;;;;;
Los Escaques;equalNumberOfPiecesOnTheBoard;461;true;;Static;;;;;;
Los Escaques;noUndeclaredPlayerReference;446;true;;Static;;;;;;
Los Escaques;sizeOfTrack;444;false;The length of the track is 12;Static;;;;;;
Pasa;lineLessOrEqualThanBoardSide;9;false;Line concept is not present;Static;;;;;;
Pasa;pieceDeclaredAsShared;8;false;The game does not have any piece declared as Shared;Static;;;;;;
Pasa;pieceDeclaredAsNeutral;9;false;The game does not have any piece declared as Neutral;Static;;;;;;
Pasa;pieceDeclaredAsEach;9;false;Ludeme Each for the piece Disc requires at least one definition of DiscN, with N > 0;Static;;;;;;
Pasa;equalNumberOfPiecesOnTheBoard;9;true;;Static;;;;;;
Pasa;noUndeclaredPlayerReference;8;true;;Static;;;;;;
Pasa;sizeOfTrack;9;false;Track concept is not present;Static;;;;;;
Bao Ki Arabu (Zanzibar 1);lineLessOrEqualThanBoardSide;44;false;Line concept is not present;Static;;;;;;
Bao Ki Arabu (Zanzibar 1);pieceDeclaredAsShared;44;false;A Shared Piece must appear at least twice in the description;Static;;;;;;
Bao Ki Arabu (Zanzibar 1);pieceDeclaredAsNeutral;42;false;The game does not have any piece declared as Neutral;Static;;;;;;
Bao Ki Arabu (Zanzibar 1);pieceDeclaredAsEach;43;false;The game does not have any piece declared as Each;Static;;;;;;
Bao Ki Arabu (Zanzibar 1);equalNumberOfPiecesOnTheBoard;42;true;;Static;;;;;;
Bao Ki Arabu (Zanzibar 1);noUndeclaredPlayerReference;42;true;;Static;;;;;;
Bao Ki Arabu (Zanzibar 1);sizeOfTrack;44;false;The owner 0 does not have a track;Static;;;;;;
Bao Ki Arabu (Zanzibar 2);lineLessOrEqualThanBoardSide;24;false;Line concept is not present;Static;;;;;;
Bao Ki Arabu (Zanzibar 2);pieceDeclaredAsShared;24;false;A Shared Piece must appear at least twice in the description;Static;;;;;;
Bao Ki Arabu (Zanzibar 2);pieceDeclaredAsNeutral;24;false;The game does not have any piece declared as Neutral;Static;;;;;;
Bao Ki Arabu (Zanzibar 2);pieceDeclaredAsEach;24;false;The game does not have any piece declared as Each;Static;;;;;;
Bao Ki Arabu (Zanzibar 2);equalNumberOfPiecesOnTheBoard;25;true;;Static;;;;;;
Bao Ki Arabu (Zanzibar 2);noUndeclaredPlayerReference;24;true;;Static;;;;;;
Bao Ki Arabu (Zanzibar 2);sizeOfTrack;24;false;The owner 0 does not have a track;Static;;;;;;
Bao Kiswahili (DR Congo);lineLessOrEqualThanBoardSide;43;false;Line concept is not present;Static;;;;;;
Bao Kiswahili (DR Congo);pieceDeclaredAsShared;41;false;A Shared Piece must appear at least twice in the description;Static;;;;;;
Bao Kiswahili (DR Congo);pieceDeclaredAsNeutral;40;false;The game does not have any piece declared as Neutral;Static;;;;;;
Bao Kiswahili (DR Congo);pieceDeclaredAsEach;40;false;The game does not have any piece declared as Each;Static;;;;;;
Bao Kiswahili (DR Congo);equalNumberOfPiecesOnTheBoard;41;true;;Static;;;;;;
Bao Kiswahili (DR Congo);noUndeclaredPlayerReference;41;true;;Static;;;;;;
Bao Kiswahili (DR Congo);sizeOfTrack;41;false;The owner 0 does not have a track;Static;;;;;;
Bao Kiswahili (East Africa);lineLessOrEqualThanBoardSide;1184;false;Line concept is not present;Static;;;;;;
Bao Kiswahili (East Africa);pieceDeclaredAsShared;1161;false;A Shared Piece must appear at least twice in the description;Static;;;;;;
Bao Kiswahili (East Africa);pieceDeclaredAsNeutral;1157;false;The game does not have any piece declared as Neutral;Static;;;;;;
Bao Kiswahili (East Africa);pieceDeclaredAsEach;1148;false;The game does not have any piece declared as Each;Static;;;;;;
Bao Kiswahili (East Africa);equalNumberOfPiecesOnTheBoard;1148;true;;Static;;;;;;
Bao Kiswahili (East Africa);noUndeclaredPlayerReference;1149;true;;Static;;;;;;
Bao Kiswahili (East Africa);sizeOfTrack;1144;false;The owner 0 does not have a track;Static;;;;;;
Bao;lineLessOrEqualThanBoardSide;1171;false;Line concept is not present;Static;;;;;;
Bao;pieceDeclaredAsShared;1166;false;A Shared Piece must appear at least twice in the description;Static;;;;;;
Bao;pieceDeclaredAsNeutral;1165;false;The game does not have any piece declared as Neutral;Static;;;;;;
Bao;pieceDeclaredAsEach;1157;false;The game does not have any piece declared as Each;Static;;;;;;
Bao;equalNumberOfPiecesOnTheBoard;1160;true;;Static;;;;;;
Bao;noUndeclaredPlayerReference;1149;true;;Static;;;;;;
Bao;sizeOfTrack;1154;false;The owner 0 does not have a track;Static;;;;;;
Chiana wa Bwalo;lineLessOrEqualThanBoardSide;22;false;Line concept is not present;Static;;;;;;
Chiana wa Bwalo;pieceDeclaredAsShared;21;false;A Shared Piece must appear at least twice in the description;Static;;;;;;
Chiana wa Bwalo;pieceDeclaredAsNeutral;21;false;The game does not have any piece declared as Neutral;Static;;;;;;
Chiana wa Bwalo;pieceDeclaredAsEach;21;false;The game does not have any piece declared as Each;Static;;;;;;
Chiana wa Bwalo;equalNumberOfPiecesOnTheBoard;22;true;;Static;;;;;;
Chiana wa Bwalo;noUndeclaredPlayerReference;20;true;;Static;;;;;;
Chiana wa Bwalo;sizeOfTrack;23;false;The owner 0 does not have a track;Static;;;;;;
Chiana wa Kunja;lineLessOrEqualThanBoardSide;26;false;Line concept is not present;Static;;;;;;
Chiana wa Kunja;pieceDeclaredAsShared;25;false;The game does not have any piece declared as Shared;Static;;;;;;
Chiana wa Kunja;pieceDeclaredAsNeutral;24;false;The game does not have any piece declared as Neutral;Static;;;;;;
Chiana wa Kunja;pieceDeclaredAsEach;24;true;;Static;;;;;;
Chiana wa Kunja;equalNumberOfPiecesOnTheBoard;24;true;;Static;;;;;;
Chiana wa Kunja;noUndeclaredPlayerReference;26;true;;Static;;;;;;
Chiana wa Kunja;sizeOfTrack;27;false;The length of the track is 16;Static;;;;;;
Chisolo;lineLessOrEqualThanBoardSide;57;false;Line concept is not present;Static;;;;;;
Chisolo;pieceDeclaredAsShared;53;false;A Shared Piece must appear at least twice in the description;Static;;;;;;
Chisolo;pieceDeclaredAsNeutral;52;false;The game does not have any piece declared as Neutral;Static;;;;;;
Chisolo;pieceDeclaredAsEach;55;false;The game does not have any piece declared as Each;Static;;;;;;
Chisolo;equalNumberOfPiecesOnTheBoard;57;true;;Static;;;;;;
Chisolo;noUndeclaredPlayerReference;55;true;;Static;;;;;;
Chisolo;sizeOfTrack;54;false;The owner 0 does not have a track;Static;;;;;;
Choro (Acholi);lineLessOrEqualThanBoardSide;58;false;Line concept is not present;Static;;;;;;
Choro (Acholi);pieceDeclaredAsShared;56;false;A Shared Piece must appear at least twice in the description;Static;;;;;;
Choro (Acholi);pieceDeclaredAsNeutral;57;false;The game does not have any piece declared as Neutral;Static;;;;;;
Choro (Acholi);pieceDeclaredAsEach;55;false;The game does not have any piece declared as Each;Static;;;;;;
Choro (Acholi);equalNumberOfPiecesOnTheBoard;58;true;;Static;;;;;;
Choro (Acholi);noUndeclaredPlayerReference;58;true;;Static;;;;;;
Choro (Acholi);sizeOfTrack;62;false;The owner 0 does not have a track;Static;;;;;;
Choro (Lango);lineLessOrEqualThanBoardSide;146;false;Line concept is not present;Static;;;;;;
Choro (Lango);pieceDeclaredAsShared;137;false;A Shared Piece must appear at least twice in the description;Static;;;;;;
Choro (Lango);pieceDeclaredAsNeutral;133;false;The game does not have any piece declared as Neutral;Static;;;;;;
Choro (Lango);pieceDeclaredAsEach;135;false;The game does not have any piece declared as Each;Static;;;;;;
Choro (Lango);equalNumberOfPiecesOnTheBoard;135;true;;Static;;;;;;
Choro (Lango);noUndeclaredPlayerReference;132;true;;Static;;;;;;
Choro (Lango);sizeOfTrack;132;false;The owner 0 does not have a track;Static;;;;;;
Dongjintian (Four Players);lineLessOrEqualThanBoardSide;46;false;Line concept is not present;Static;;;;;;
Dongjintian (Four Players);pieceDeclaredAsShared;46;true;;Static;;;;;;
Dongjintian (Four Players);pieceDeclaredAsNeutral;45;false;The game does not have any piece declared as Neutral;Static;;;;;;
Dongjintian (Four Players);pieceDeclaredAsEach;48;false;The game does not have any piece declared as Each;Static;;;;;;
Dongjintian (Four Players);equalNumberOfPiecesOnTheBoard;48;true;;Static;;;;;;
Dongjintian (Four Players);noUndeclaredPlayerReference;44;true;;Static;;;;;;
Dongjintian (Four Players);sizeOfTrack;47;false;Track concept is not present;Static;;;;;;
Hawalis;lineLessOrEqualThanBoardSide;27;false;Line concept is not present;Static;;;;;;
Hawalis;pieceDeclaredAsShared;24;false;A Shared Piece must appear at least twice in the description;Static;;;;;;
Hawalis;pieceDeclaredAsNeutral;26;false;The game does not have any piece declared as Neutral;Static;;;;;;
Hawalis;pieceDeclaredAsEach;24;false;The game does not have any piece declared as Each;Static;;;;;;
Hawalis;equalNumberOfPiecesOnTheBoard;24;true;;Static;;;;;;
Hawalis;noUndeclaredPlayerReference;24;true;;Static;;;;;;
Hawalis;sizeOfTrack;25;false;The owner 0 does not have a track;Static;;;;;;
Hus (Damara);lineLessOrEqualThanBoardSide;39;false;Line concept is not present;Static;;;;;;
Hus (Damara);pieceDeclaredAsShared;37;false;A Shared Piece must appear at least twice in the description;Static;;;;;;
Hus (Damara);pieceDeclaredAsNeutral;38;false;The game does not have any piece declared as Neutral;Static;;;;;;
Hus (Damara);pieceDeclaredAsEach;38;false;The game does not have any piece declared as Each;Static;;;;;;
Hus (Damara);equalNumberOfPiecesOnTheBoard;38;true;;Static;;;;;;
Hus (Damara);noUndeclaredPlayerReference;38;true;;Static;;;;;;
Hus (Damara);sizeOfTrack;38;false;The owner 0 does not have a track;Static;;;;;;
Hus (Nama);lineLessOrEqualThanBoardSide;52;false;Line concept is not present;Static;;;;;;
Hus (Nama);pieceDeclaredAsShared;50;false;A Shared Piece must appear at least twice in the description;Static;;;;;;
Hus (Nama);pieceDeclaredAsNeutral;48;false;The game does not have any piece declared as Neutral;Static;;;;;;
Hus (Nama);pieceDeclaredAsEach;47;false;The game does not have any piece declared as Each;Static;;;;;;
Hus (Nama);equalNumberOfPiecesOnTheBoard;49;true;;Static;;;;;;
Hus (Nama);noUndeclaredPlayerReference;52;true;;Static;;;;;;
Hus (Nama);sizeOfTrack;54;false;The owner 0 does not have a track;Static;;;;;;
Ikibuguzo (Opening 1);lineLessOrEqualThanBoardSide;37;false;Line concept is not present;Static;;;;;;
Ikibuguzo (Opening 1);pieceDeclaredAsShared;39;false;A Shared Piece must appear at least twice in the description;Static;;;;;;
Ikibuguzo (Opening 1);pieceDeclaredAsNeutral;43;false;The game does not have any piece declared as Neutral;Static;;;;;;
Ikibuguzo (Opening 1);pieceDeclaredAsEach;39;false;The game does not have any piece declared as Each;Static;;;;;;
Ikibuguzo (Opening 1);equalNumberOfPiecesOnTheBoard;36;true;;Static;;;;;;
Ikibuguzo (Opening 1);noUndeclaredPlayerReference;37;true;;Static;;;;;;
Ikibuguzo (Opening 1);sizeOfTrack;37;false;The owner 0 does not have a track;Static;;;;;;
Ikibuguzo (Opening 2);lineLessOrEqualThanBoardSide;37;false;Line concept is not present;Static;;;;;;
Ikibuguzo (Opening 2);pieceDeclaredAsShared;36;false;A Shared Piece must appear at least twice in the description;Static;;;;;;
Ikibuguzo (Opening 2);pieceDeclaredAsNeutral;35;false;The game does not have any piece declared as Neutral;Static;;;;;;
Ikibuguzo (Opening 2);pieceDeclaredAsEach;36;false;The game does not have any piece declared as Each;Static;;;;;;
Ikibuguzo (Opening 2);equalNumberOfPiecesOnTheBoard;38;true;;Static;;;;;;
Ikibuguzo (Opening 2);noUndeclaredPlayerReference;42;true;;Static;;;;;;
Ikibuguzo (Opening 2);sizeOfTrack;38;false;The owner 0 does not have a track;Static;;;;;;
Isolo;lineLessOrEqualThanBoardSide;199;false;Line concept is not present;Static;;;;;;
Isolo;pieceDeclaredAsShared;197;false;A Shared Piece must appear at least twice in the description;Static;;;;;;
Isolo;pieceDeclaredAsNeutral;209;false;The game does not have any piece declared as Neutral;Static;;;;;;
Isolo;pieceDeclaredAsEach;196;false;The game does not have any piece declared as Each;Static;;;;;;
Isolo;equalNumberOfPiecesOnTheBoard;195;true;;Static;;;;;;
Isolo;noUndeclaredPlayerReference;195;true;;Static;;;;;;
Isolo;sizeOfTrack;194;false;The owner 0 does not have a track;Static;;;;;;
Katra Boaoaka;lineLessOrEqualThanBoardSide;44;false;Line concept is not present;Static;;;;;;
Katra Boaoaka;pieceDeclaredAsShared;46;false;A Shared Piece must appear at least twice in the description;Static;;;;;;
Katra Boaoaka;pieceDeclaredAsNeutral;43;false;The game does not have any piece declared as Neutral;Static;;;;;;
Katra Boaoaka;pieceDeclaredAsEach;43;false;The game does not have any piece declared as Each;Static;;;;;;
Katra Boaoaka;equalNumberOfPiecesOnTheBoard;42;true;;Static;;;;;;
Katra Boaoaka;noUndeclaredPlayerReference;42;true;;Static;;;;;;
Katra Boaoaka;sizeOfTrack;42;false;The owner 0 does not have a track;Static;;;;;;
Katra;lineLessOrEqualThanBoardSide;38;false;Line concept is not present;Static;;;;;;
Katra;pieceDeclaredAsShared;43;false;A Shared Piece must appear at least twice in the description;Static;;;;;;
Katra;pieceDeclaredAsNeutral;38;false;The game does not have any piece declared as Neutral;Static;;;;;;
Katra;pieceDeclaredAsEach;37;false;The game does not have any piece declared as Each;Static;;;;;;
Katra;equalNumberOfPiecesOnTheBoard;39;true;;Static;;;;;;
Katra;noUndeclaredPlayerReference;37;true;;Static;;;;;;
Katra;sizeOfTrack;39;false;The owner 0 does not have a track;Static;;;;;;
Kisolo (Lali);lineLessOrEqualThanBoardSide;23;false;Line concept is not present;Static;;;;;;
Kisolo (Lali);pieceDeclaredAsShared;22;false;A Shared Piece must appear at least twice in the description;Static;;;;;;
Kisolo (Lali);pieceDeclaredAsNeutral;23;false;The game does not have any piece declared as Neutral;Static;;;;;;
Kisolo (Lali);pieceDeclaredAsEach;22;false;The game does not have any piece declared as Each;Static;;;;;;
Kisolo (Lali);equalNumberOfPiecesOnTheBoard;23;true;;Static;;;;;;
Kisolo (Lali);noUndeclaredPlayerReference;22;true;;Static;;;;;;
Kisolo (Lali);sizeOfTrack;23;false;The owner 0 does not have a track;Static;;;;;;
Kisolo;lineLessOrEqualThanBoardSide;46;false;Line concept is not present;Static;;;;;;
Kisolo;pieceDeclaredAsShared;43;false;A Shared Piece must appear at least twice in the description;Static;;;;;;
Kisolo;pieceDeclaredAsNeutral;42;false;The game does not have any piece declared as Neutral;Static;;;;;;
Kisolo;pieceDeclaredAsEach;43;false;The game does not have any piece declared as Each;Static;;;;;;
Kisolo;equalNumberOfPiecesOnTheBoard;44;true;;Static;;;;;;
Kisolo;noUndeclaredPlayerReference;42;true;;Static;;;;;;
Kisolo;sizeOfTrack;44;false;The owner 0 does not have a track;Static;;;;;;
Kubuguza;lineLessOrEqualThanBoardSide;54;false;Line concept is not present;Static;;;;;;
Kubuguza;pieceDeclaredAsShared;54;false;A Shared Piece must appear at least twice in the description;Static;;;;;;
Kubuguza;pieceDeclaredAsNeutral;48;false;The game does not have any piece declared as Neutral;Static;;;;;;
Kubuguza;pieceDeclaredAsEach;50;false;The game does not have any piece declared as Each;Static;;;;;;
Kubuguza;equalNumberOfPiecesOnTheBoard;48;true;;Static;;;;;;
Kubuguza;noUndeclaredPlayerReference;50;true;;Static;;;;;;
Kubuguza;sizeOfTrack;48;false;The owner 0 does not have a track;Static;;;;;;
Lisolo;lineLessOrEqualThanBoardSide;21;false;Line concept is not present;Static;;;;;;
Lisolo;pieceDeclaredAsShared;21;false;A Shared Piece must appear at least twice in the description;Static;;;;;;
Lisolo;pieceDeclaredAsNeutral;20;false;The game does not have any piece declared as Neutral;Static;;;;;;
Lisolo;pieceDeclaredAsEach;21;false;The game does not have any piece declared as Each;Static;;;;;;
Lisolo;equalNumberOfPiecesOnTheBoard;21;true;;Static;;;;;;
Lisolo;noUndeclaredPlayerReference;21;true;;Static;;;;;;
Lisolo;sizeOfTrack;22;false;The owner 0 does not have a track;Static;;;;;;
Lobudok;lineLessOrEqualThanBoardSide;216;false;Line concept is not present;Static;;;;;;
Lobudok;pieceDeclaredAsShared;197;false;A Shared Piece must appear at least twice in the description;Static;;;;;;
Lobudok;pieceDeclaredAsNeutral;205;false;The game does not have any piece declared as Neutral;Static;;;;;;
Lobudok;pieceDeclaredAsEach;206;false;The game does not have any piece declared as Each;Static;;;;;;
Lobudok;equalNumberOfPiecesOnTheBoard;201;true;;Static;;;;;;
Lobudok;noUndeclaredPlayerReference;199;true;;Static;;;;;;
Lobudok;sizeOfTrack;200;false;The owner 0 does not have a track;Static;;;;;;
Makonn;lineLessOrEqualThanBoardSide;35;false;Line concept is not present;Static;;;;;;
Makonn;pieceDeclaredAsShared;35;false;A Shared Piece must appear at least twice in the description;Static;;;;;;
Makonn;pieceDeclaredAsNeutral;36;false;The game does not have any piece declared as Neutral;Static;;;;;;
Makonn;pieceDeclaredAsEach;35;false;The game does not have any piece declared as Each;Static;;;;;;
Makonn;equalNumberOfPiecesOnTheBoard;35;true;;Static;;;;;;
Makonn;noUndeclaredPlayerReference;38;true;;Static;;;;;;
Makonn;sizeOfTrack;35;false;The owner 0 does not have a track;Static;;;;;;
Mangola;lineLessOrEqualThanBoardSide;76;false;Line concept is not present;Static;;;;;;
Mangola;pieceDeclaredAsShared;78;false;A Shared Piece must appear at least twice in the description;Static;;;;;;
Mangola;pieceDeclaredAsNeutral;76;false;The game does not have any piece declared as Neutral;Static;;;;;;
Mangola;pieceDeclaredAsEach;79;false;The game does not have any piece declared as Each;Static;;;;;;
Mangola;equalNumberOfPiecesOnTheBoard;76;true;;Static;;;;;;
Mangola;noUndeclaredPlayerReference;76;true;;Static;;;;;;
Mangola;sizeOfTrack;78;false;The owner 0 does not have a track;Static;;;;;;
Mefuvha;lineLessOrEqualThanBoardSide;137;false;Line concept is not present;Static;;;;;;
Mefuvha;pieceDeclaredAsShared;135;false;A Shared Piece must appear at least twice in the description;Static;;;;;;
Mefuvha;pieceDeclaredAsNeutral;143;false;The game does not have any piece declared as Neutral;Static;;;;;;
Mefuvha;pieceDeclaredAsEach;142;false;The game does not have any piece declared as Each;Static;;;;;;
Mefuvha;equalNumberOfPiecesOnTheBoard;138;true;;Static;;;;;;
Mefuvha;noUndeclaredPlayerReference;135;true;;Static;;;;;;
Mefuvha;sizeOfTrack;138;false;The owner 0 does not have a track;Static;;;;;;
Misoro Tsoro (Additional Capture);lineLessOrEqualThanBoardSide;24;false;Line concept is not present;Static;;;;;;
Misoro Tsoro (Additional Capture);pieceDeclaredAsShared;24;false;A Shared Piece must appear at least twice in the description;Static;;;;;;
Misoro Tsoro (Additional Capture);pieceDeclaredAsNeutral;24;false;The game does not have any piece declared as Neutral;Static;;;;;;
Misoro Tsoro (Additional Capture);pieceDeclaredAsEach;24;false;The game does not have any piece declared as Each;Static;;;;;;
Misoro Tsoro (Additional Capture);equalNumberOfPiecesOnTheBoard;25;true;;Static;;;;;;
Misoro Tsoro (Additional Capture);noUndeclaredPlayerReference;24;true;;Static;;;;;;
Misoro Tsoro (Additional Capture);sizeOfTrack;23;false;The owner 0 does not have a track;Static;;;;;;
Misoro Tsoro;lineLessOrEqualThanBoardSide;22;false;Line concept is not present;Static;;;;;;
Misoro Tsoro;pieceDeclaredAsShared;21;false;A Shared Piece must appear at least twice in the description;Static;;;;;;
Misoro Tsoro;pieceDeclaredAsNeutral;21;false;The game does not have any piece declared as Neutral;Static;;;;;;
Misoro Tsoro;pieceDeclaredAsEach;21;false;The game does not have any piece declared as Each;Static;;;;;;
Misoro Tsoro;equalNumberOfPiecesOnTheBoard;21;true;;Static;;;;;;
Misoro Tsoro;noUndeclaredPlayerReference;21;true;;Static;;;;;;
Misoro Tsoro;sizeOfTrack;24;false;The owner 0 does not have a track;Static;;;;;;
Moruba;lineLessOrEqualThanBoardSide;21;false;Line concept is not present;Static;;;;;;
Moruba;pieceDeclaredAsShared;21;false;A Shared Piece must appear at least twice in the description;Static;;;;;;
Moruba;pieceDeclaredAsNeutral;21;false;The game does not have any piece declared as Neutral;Static;;;;;;
Moruba;pieceDeclaredAsEach;21;false;The game does not have any piece declared as Each;Static;;;;;;
Moruba;equalNumberOfPiecesOnTheBoard;20;true;;Static;;;;;;
Moruba;noUndeclaredPlayerReference;21;true;;Static;;;;;;
Moruba;sizeOfTrack;21;false;The owner 0 does not have a track;Static;;;;;;
Msuwa wa Kunja;lineLessOrEqualThanBoardSide;32;false;Line concept is not present;Static;;;;;;
Msuwa wa Kunja;pieceDeclaredAsShared;33;false;A Shared Piece must appear at least twice in the description;Static;;;;;;
Msuwa wa Kunja;pieceDeclaredAsNeutral;32;false;The game does not have any piece declared as Neutral;Static;;;;;;
Msuwa wa Kunja;pieceDeclaredAsEach;32;false;The game does not have any piece declared as Each;Static;;;;;;
Msuwa wa Kunja;equalNumberOfPiecesOnTheBoard;33;true;;Static;;;;;;
Msuwa wa Kunja;noUndeclaredPlayerReference;32;true;;Static;;;;;;
Msuwa wa Kunja;sizeOfTrack;32;false;The owner 0 does not have a track;Static;;;;;;
Msuwa;lineLessOrEqualThanBoardSide;35;false;Line concept is not present;Static;;;;;;
Msuwa;pieceDeclaredAsShared;33;false;A Shared Piece must appear at least twice in the description;Static;;;;;;
Msuwa;pieceDeclaredAsNeutral;32;false;The game does not have any piece declared as Neutral;Static;;;;;;
Msuwa;pieceDeclaredAsEach;32;false;The game does not have any piece declared as Each;Static;;;;;;
Msuwa;equalNumberOfPiecesOnTheBoard;33;true;;Static;;;;;;
Msuwa;noUndeclaredPlayerReference;34;true;;Static;;;;;;
Msuwa;sizeOfTrack;33;false;The owner 0 does not have a track;Static;;;;;;
Musoro Tsoro;lineLessOrEqualThanBoardSide;36;false;Line concept is not present;Static;;;;;;
Musoro Tsoro;pieceDeclaredAsShared;35;true;;Static;;;;;;
Musoro Tsoro;pieceDeclaredAsNeutral;34;false;The game does not have any piece declared as Neutral;Static;;;;;;
Musoro Tsoro;pieceDeclaredAsEach;40;false;The game does not have any piece declared as Each;Static;;;;;;
Musoro Tsoro;equalNumberOfPiecesOnTheBoard;39;true;;Static;;;;;;
Musoro Tsoro;noUndeclaredPlayerReference;38;true;;Static;;;;;;
Musoro Tsoro;sizeOfTrack;35;false;The owner 0 does not have a track;Static;;;;;;
Muvalavala (Luena);lineLessOrEqualThanBoardSide;32;false;Line concept is not present;Static;;;;;;
Muvalavala (Luena);pieceDeclaredAsShared;30;false;A Shared Piece must appear at least twice in the description;Static;;;;;;
Muvalavala (Luena);pieceDeclaredAsNeutral;30;false;The game does not have any piece declared as Neutral;Static;;;;;;
Muvalavala (Luena);pieceDeclaredAsEach;29;false;The game does not have any piece declared as Each;Static;;;;;;
Muvalavala (Luena);equalNumberOfPiecesOnTheBoard;29;true;;Static;;;;;;
Muvalavala (Luena);noUndeclaredPlayerReference;32;true;;Static;;;;;;
Muvalavala (Luena);sizeOfTrack;29;false;The owner 0 does not have a track;Static;;;;;;
Muvalavala (Quioco);lineLessOrEqualThanBoardSide;34;false;Line concept is not present;Static;;;;;;
Muvalavala (Quioco);pieceDeclaredAsShared;32;false;A Shared Piece must appear at least twice in the description;Static;;;;;;
Muvalavala (Quioco);pieceDeclaredAsNeutral;33;false;The game does not have any piece declared as Neutral;Static;;;;;;
Muvalavala (Quioco);pieceDeclaredAsEach;33;false;The game does not have any piece declared as Each;Static;;;;;;
Muvalavala (Quioco);equalNumberOfPiecesOnTheBoard;37;true;;Static;;;;;;
Muvalavala (Quioco);noUndeclaredPlayerReference;38;true;;Static;;;;;;
Muvalavala (Quioco);sizeOfTrack;34;false;The owner 0 does not have a track;Static;;;;;;
Mwambulula;lineLessOrEqualThanBoardSide;35;false;Line concept is not present;Static;;;;;;
Mwambulula;pieceDeclaredAsShared;38;false;A Shared Piece must appear at least twice in the description;Static;;;;;;
Mwambulula;pieceDeclaredAsNeutral;36;false;The game does not have any piece declared as Neutral;Static;;;;;;
Mwambulula;pieceDeclaredAsEach;35;false;The game does not have any piece declared as Each;Static;;;;;;
Mwambulula;equalNumberOfPiecesOnTheBoard;35;true;;Static;;;;;;
Mwambulula;noUndeclaredPlayerReference;34;true;;Static;;;;;;
Mwambulula;sizeOfTrack;34;false;The owner 0 does not have a track;Static;;;;;;
Mweiso;lineLessOrEqualThanBoardSide;48;false;Line concept is not present;Static;;;;;;
Mweiso;pieceDeclaredAsShared;49;false;A Shared Piece must appear at least twice in the description;Static;;;;;;
Mweiso;pieceDeclaredAsNeutral;48;false;The game does not have any piece declared as Neutral;Static;;;;;;
Mweiso;pieceDeclaredAsEach;53;false;The game does not have any piece declared as Each;Static;;;;;;
Mweiso;equalNumberOfPiecesOnTheBoard;53;true;;Static;;;;;;
Mweiso;noUndeclaredPlayerReference;48;true;;Static;;;;;;
Mweiso;sizeOfTrack;52;false;The owner 0 does not have a track;Static;;;;;;
Mwendo;lineLessOrEqualThanBoardSide;35;false;Line concept is not present;Static;;;;;;
Mwendo;pieceDeclaredAsShared;32;false;The game does not have any piece declared as Shared;Static;;;;;;
Mwendo;pieceDeclaredAsNeutral;35;false;The game does not have any piece declared as Neutral;Static;;;;;;
Mwendo;pieceDeclaredAsEach;34;true;;Static;;;;;;
Mwendo;equalNumberOfPiecesOnTheBoard;34;true;;Static;;;;;;
Mwendo;noUndeclaredPlayerReference;33;true;;Static;;;;;;
Mwendo;sizeOfTrack;33;false;The length of the track is 24;Static;;;;;;
Mweso;lineLessOrEqualThanBoardSide;47;false;Line concept is not present;Static;;;;;;
Mweso;pieceDeclaredAsShared;49;false;A Shared Piece must appear at least twice in the description;Static;;;;;;
Mweso;pieceDeclaredAsNeutral;49;false;The game does not have any piece declared as Neutral;Static;;;;;;
Mweso;pieceDeclaredAsEach;47;false;The game does not have any piece declared as Each;Static;;;;;;
Mweso;equalNumberOfPiecesOnTheBoard;48;true;;Static;;;;;;
Mweso;noUndeclaredPlayerReference;48;true;;Static;;;;;;
Mweso;sizeOfTrack;46;false;The owner 0 does not have a track;Static;;;;;;
Namudilakunze;lineLessOrEqualThanBoardSide;35;false;Line concept is not present;Static;;;;;;
Namudilakunze;pieceDeclaredAsShared;34;false;A Shared Piece must appear at least twice in the description;Static;;;;;;
Namudilakunze;pieceDeclaredAsNeutral;35;false;The game does not have any piece declared as Neutral;Static;;;;;;
Namudilakunze;pieceDeclaredAsEach;36;false;The game does not have any piece declared as Each;Static;;;;;;
Namudilakunze;equalNumberOfPiecesOnTheBoard;37;true;;Static;;;;;;
Namudilakunze;noUndeclaredPlayerReference;37;true;;Static;;;;;;
Namudilakunze;sizeOfTrack;40;false;The owner 0 does not have a track;Static;;;;;;
Nchayo;lineLessOrEqualThanBoardSide;25;false;Line concept is not present;Static;;;;;;
Nchayo;pieceDeclaredAsShared;27;false;A Shared Piece must appear at least twice in the description;Static;;;;;;
Nchayo;pieceDeclaredAsNeutral;24;false;The game does not have any piece declared as Neutral;Static;;;;;;
Nchayo;pieceDeclaredAsEach;24;false;The game does not have any piece declared as Each;Static;;;;;;
Nchayo;equalNumberOfPiecesOnTheBoard;22;true;;Static;;;;;;
Nchayo;noUndeclaredPlayerReference;20;true;;Static;;;;;;
Nchayo;sizeOfTrack;23;false;The owner 0 does not have a track;Static;;;;;;
Nchuwa;lineLessOrEqualThanBoardSide;25;false;Line concept is not present;Static;;;;;;
Nchuwa;pieceDeclaredAsShared;24;false;A Shared Piece must appear at least twice in the description;Static;;;;;;
Nchuwa;pieceDeclaredAsNeutral;25;false;The game does not have any piece declared as Neutral;Static;;;;;;
Nchuwa;pieceDeclaredAsEach;23;false;The game does not have any piece declared as Each;Static;;;;;;
Nchuwa;equalNumberOfPiecesOnTheBoard;26;true;;Static;;;;;;
Nchuwa;noUndeclaredPlayerReference;24;true;;Static;;;;;;
Nchuwa;sizeOfTrack;24;false;The owner 0 does not have a track;Static;;;;;;
Ngolo;lineLessOrEqualThanBoardSide;29;false;Line concept is not present;Static;;;;;;
Ngolo;pieceDeclaredAsShared;27;false;A Shared Piece must appear at least twice in the description;Static;;;;;;
Ngolo;pieceDeclaredAsNeutral;27;false;The game does not have any piece declared as Neutral;Static;;;;;;
Ngolo;pieceDeclaredAsEach;28;false;The game does not have any piece declared as Each;Static;;;;;;
Ngolo;equalNumberOfPiecesOnTheBoard;28;true;;Static;;;;;;
Ngolo;noUndeclaredPlayerReference;34;true;;Static;;;;;;
Ngolo;sizeOfTrack;32;false;The owner 0 does not have a track;Static;;;;;;
Ngulungu;lineLessOrEqualThanBoardSide;17;false;Line concept is not present;Static;;;;;;
Ngulungu;pieceDeclaredAsShared;15;false;The game does not have any piece declared as Shared;Static;;;;;;
Ngulungu;pieceDeclaredAsNeutral;16;false;The game does not have any piece declared as Neutral;Static;;;;;;
Ngulungu;pieceDeclaredAsEach;16;true;;Static;;;;;;
Ngulungu;equalNumberOfPiecesOnTheBoard;19;true;;Static;;;;;;
Ngulungu;noUndeclaredPlayerReference;17;true;;Static;;;;;;
Ngulungu;sizeOfTrack;17;false;The length of the track is 14;Static;;;;;;
Njombwa (One Counter);lineLessOrEqualThanBoardSide;47;false;Line concept is not present;Static;;;;;;
Njombwa (One Counter);pieceDeclaredAsShared;47;false;A Shared Piece must appear at least twice in the description;Static;;;;;;
Njombwa (One Counter);pieceDeclaredAsNeutral;46;false;The game does not have any piece declared as Neutral;Static;;;;;;
Njombwa (One Counter);pieceDeclaredAsEach;45;false;The game does not have any piece declared as Each;Static;;;;;;
Njombwa (One Counter);equalNumberOfPiecesOnTheBoard;46;true;;Static;;;;;;
Njombwa (One Counter);noUndeclaredPlayerReference;47;true;;Static;;;;;;
Njombwa (One Counter);sizeOfTrack;51;false;The owner 0 does not have a track;Static;;;;;;
Njombwa (Two Counters);lineLessOrEqualThanBoardSide;30;false;Line concept is not present;Static;;;;;;
Njombwa (Two Counters);pieceDeclaredAsShared;27;false;A Shared Piece must appear at least twice in the description;Static;;;;;;
Njombwa (Two Counters);pieceDeclaredAsNeutral;27;false;The game does not have any piece declared as Neutral;Static;;;;;;
Njombwa (Two Counters);pieceDeclaredAsEach;27;false;The game does not have any piece declared as Each;Static;;;;;;
Njombwa (Two Counters);equalNumberOfPiecesOnTheBoard;31;true;;Static;;;;;;
Njombwa (Two Counters);noUndeclaredPlayerReference;29;true;;Static;;;;;;
Njombwa (Two Counters);sizeOfTrack;30;false;The owner 0 does not have a track;Static;;;;;;
Njombwa;lineLessOrEqualThanBoardSide;35;false;Line concept is not present;Static;;;;;;
Njombwa;pieceDeclaredAsShared;32;false;A Shared Piece must appear at least twice in the description;Static;;;;;;
Njombwa;pieceDeclaredAsNeutral;32;false;The game does not have any piece declared as Neutral;Static;;;;;;
Njombwa;pieceDeclaredAsEach;35;false;The game does not have any piece declared as Each;Static;;;;;;
Njombwa;equalNumberOfPiecesOnTheBoard;33;true;;Static;;;;;;
Njombwa;noUndeclaredPlayerReference;33;true;;Static;;;;;;
Njombwa;sizeOfTrack;33;false;The owner 0 does not have a track;Static;;;;;;
Nsolo;lineLessOrEqualThanBoardSide;30;false;Line concept is not present;Static;;;;;;
Nsolo;pieceDeclaredAsShared;35;false;A Shared Piece must appear at least twice in the description;Static;;;;;;
Nsolo;pieceDeclaredAsNeutral;34;false;The game does not have any piece declared as Neutral;Static;;;;;;
Nsolo;pieceDeclaredAsEach;31;false;The game does not have any piece declared as Each;Static;;;;;;
Nsolo;equalNumberOfPiecesOnTheBoard;31;true;;Static;;;;;;
Nsolo;noUndeclaredPlayerReference;30;true;;Static;;;;;;
Nsolo;sizeOfTrack;34;false;The owner 0 does not have a track;Static;;;;;;
Nsumbi;lineLessOrEqualThanBoardSide;41;false;Line concept is not present;Static;;;;;;
Nsumbi;pieceDeclaredAsShared;42;false;A Shared Piece must appear at least twice in the description;Static;;;;;;
Nsumbi;pieceDeclaredAsNeutral;40;false;The game does not have any piece declared as Neutral;Static;;;;;;
Nsumbi;pieceDeclaredAsEach;40;false;The game does not have any piece declared as Each;Static;;;;;;
Nsumbi;equalNumberOfPiecesOnTheBoard;40;true;;Static;;;;;;
Nsumbi;noUndeclaredPlayerReference;40;true;;Static;;;;;;
Nsumbi;sizeOfTrack;42;false;The owner 0 does not have a track;Static;;;;;;
Otep;lineLessOrEqualThanBoardSide;34;false;Line concept is not present;Static;;;;;;
Otep;pieceDeclaredAsShared;32;false;A Shared Piece must appear at least twice in the description;Static;;;;;;
Otep;pieceDeclaredAsNeutral;29;false;The game does not have any piece declared as Neutral;Static;;;;;;
Otep;pieceDeclaredAsEach;29;false;The game does not have any piece declared as Each;Static;;;;;;
Otep;equalNumberOfPiecesOnTheBoard;30;true;;Static;;;;;;
Otep;noUndeclaredPlayerReference;32;true;;Static;;;;;;
Otep;sizeOfTrack;31;false;The owner 0 does not have a track;Static;;;;;;
Owela (Benguela);lineLessOrEqualThanBoardSide;35;false;Line concept is not present;Static;;;;;;
Owela (Benguela);pieceDeclaredAsShared;34;false;A Shared Piece must appear at least twice in the description;Static;;;;;;
Owela (Benguela);pieceDeclaredAsNeutral;35;false;The game does not have any piece declared as Neutral;Static;;;;;;
Owela (Benguela);pieceDeclaredAsEach;34;false;The game does not have any piece declared as Each;Static;;;;;;
Owela (Benguela);equalNumberOfPiecesOnTheBoard;32;true;;Static;;;;;;
Owela (Benguela);noUndeclaredPlayerReference;35;true;;Static;;;;;;
Owela (Benguela);sizeOfTrack;33;false;The owner 0 does not have a track;Static;;;;;;
Pereauni;lineLessOrEqualThanBoardSide;77;false;Line concept is not present;Static;;;;;;
Pereauni;pieceDeclaredAsShared;78;false;A Shared Piece must appear at least twice in the description;Static;;;;;;
Pereauni;pieceDeclaredAsNeutral;76;false;The game does not have any piece declared as Neutral;Static;;;;;;
Pereauni;pieceDeclaredAsEach;73;false;The game does not have any piece declared as Each;Static;;;;;;
Pereauni;equalNumberOfPiecesOnTheBoard;77;true;;Static;;;;;;
Pereauni;noUndeclaredPlayerReference;72;true;;Static;;;;;;
Pereauni;sizeOfTrack;75;false;The owner 0 does not have a track;Static;;;;;;
Quela;lineLessOrEqualThanBoardSide;56;false;Line concept is not present;Static;;;;;;
Quela;pieceDeclaredAsShared;52;false;A Shared Piece must appear at least twice in the description;Static;;;;;;
Quela;pieceDeclaredAsNeutral;50;false;The game does not have any piece declared as Neutral;Static;;;;;;
Quela;pieceDeclaredAsEach;54;false;The game does not have any piece declared as Each;Static;;;;;;
Quela;equalNumberOfPiecesOnTheBoard;51;true;;Static;;;;;;
Quela;noUndeclaredPlayerReference;49;true;;Static;;;;;;
Quela;sizeOfTrack;52;false;The owner 0 does not have a track;Static;;;;;;
Quendo;lineLessOrEqualThanBoardSide;20;false;Line concept is not present;Static;;;;;;
Quendo;pieceDeclaredAsShared;19;false;The game does not have any piece declared as Shared;Static;;;;;;
Quendo;pieceDeclaredAsNeutral;19;false;The game does not have any piece declared as Neutral;Static;;;;;;
Quendo;pieceDeclaredAsEach;19;true;;Static;;;;;;
Quendo;equalNumberOfPiecesOnTheBoard;18;true;;Static;;;;;;
Quendo;noUndeclaredPlayerReference;18;true;;Static;;;;;;
Quendo;sizeOfTrack;20;false;The length of the track is 20;Static;;;;;;
Quiela;lineLessOrEqualThanBoardSide;41;false;Line concept is not present;Static;;;;;;
Quiela;pieceDeclaredAsShared;43;false;A Shared Piece must appear at least twice in the description;Static;;;;;;
Quiela;pieceDeclaredAsNeutral;39;false;The game does not have any piece declared as Neutral;Static;;;;;;
Quiela;pieceDeclaredAsEach;36;false;The game does not have any piece declared as Each;Static;;;;;;
Quiela;equalNumberOfPiecesOnTheBoard;39;true;;Static;;;;;;
Quiela;noUndeclaredPlayerReference;38;true;;Static;;;;;;
Quiela;sizeOfTrack;38;false;The owner 0 does not have a track;Static;;;;;;
Ryakati;lineLessOrEqualThanBoardSide;92;false;Line concept is not present;Static;;;;;;
Ryakati;pieceDeclaredAsShared;95;false;A Shared Piece must appear at least twice in the description;Static;;;;;;
Ryakati;pieceDeclaredAsNeutral;98;false;The game does not have any piece declared as Neutral;Static;;;;;;
Ryakati;pieceDeclaredAsEach;97;false;The game does not have any piece declared as Each;Static;;;;;;
Ryakati;equalNumberOfPiecesOnTheBoard;96;true;;Static;;;;;;
Ryakati;noUndeclaredPlayerReference;96;true;;Static;;;;;;
Ryakati;sizeOfTrack;95;false;The owner 0 does not have a track;Static;;;;;;
Spreta;lineLessOrEqualThanBoardSide;38;false;Line concept is not present;Static;;;;;;
Spreta;pieceDeclaredAsShared;38;false;A Shared Piece must appear at least twice in the description;Static;;;;;;
Spreta;pieceDeclaredAsNeutral;42;false;The game does not have any piece declared as Neutral;Static;;;;;;
Spreta;pieceDeclaredAsEach;37;false;The game does not have any piece declared as Each;Static;;;;;;
Spreta;equalNumberOfPiecesOnTheBoard;37;true;;Static;;;;;;
Spreta;noUndeclaredPlayerReference;37;true;;Static;;;;;;
Spreta;sizeOfTrack;42;false;The owner 0 does not have a track;Static;;;;;;
Sute;lineLessOrEqualThanBoardSide;18;false;Line concept is not present;Static;;;;;;
Sute;pieceDeclaredAsShared;18;false;A Shared Piece must appear at least twice in the description;Static;;;;;;
Sute;pieceDeclaredAsNeutral;17;false;The game does not have any piece declared as Neutral;Static;;;;;;
Sute;pieceDeclaredAsEach;18;false;The game does not have any piece declared as Each;Static;;;;;;
Sute;equalNumberOfPiecesOnTheBoard;17;true;;Static;;;;;;
Sute;noUndeclaredPlayerReference;18;true;;Static;;;;;;
Sute;sizeOfTrack;17;false;The owner 0 does not have a track;Static;;;;;;
Tchela;lineLessOrEqualThanBoardSide;39;false;Line concept is not present;Static;;;;;;
Tchela;pieceDeclaredAsShared;38;false;A Shared Piece must appear at least twice in the description;Static;;;;;;
Tchela;pieceDeclaredAsNeutral;41;false;The game does not have any piece declared as Neutral;Static;;;;;;
Tchela;pieceDeclaredAsEach;37;false;The game does not have any piece declared as Each;Static;;;;;;
Tchela;equalNumberOfPiecesOnTheBoard;42;true;;Static;;;;;;
Tchela;noUndeclaredPlayerReference;41;true;;Static;;;;;;
Tchela;sizeOfTrack;38;false;The owner 0 does not have a track;Static;;;;;;
Tshuba;lineLessOrEqualThanBoardSide;27;false;Line concept is not present;Static;;;;;;
Tshuba;pieceDeclaredAsShared;27;false;A Shared Piece must appear at least twice in the description;Static;;;;;;
Tshuba;pieceDeclaredAsNeutral;25;false;The game does not have any piece declared as Neutral;Static;;;;;;
Tshuba;pieceDeclaredAsEach;25;false;The game does not have any piece declared as Each;Static;;;;;;
Tshuba;equalNumberOfPiecesOnTheBoard;24;true;;Static;;;;;;
Tshuba;noUndeclaredPlayerReference;24;true;;Static;;;;;;
Tshuba;sizeOfTrack;24;false;The owner 0 does not have a track;Static;;;;;;
Tsoro (Additional Capture);lineLessOrEqualThanBoardSide;26;false;Line concept is not present;Static;;;;;;
Tsoro (Additional Capture);pieceDeclaredAsShared;27;false;A Shared Piece must appear at least twice in the description;Static;;;;;;
Tsoro (Additional Capture);pieceDeclaredAsNeutral;25;false;The game does not have any piece declared as Neutral;Static;;;;;;
Tsoro (Additional Capture);pieceDeclaredAsEach;25;false;The game does not have any piece declared as Each;Static;;;;;;
Tsoro (Additional Capture);equalNumberOfPiecesOnTheBoard;26;true;;Static;;;;;;
Tsoro (Additional Capture);noUndeclaredPlayerReference;26;true;;Static;;;;;;
Tsoro (Additional Capture);sizeOfTrack;26;false;The owner 0 does not have a track;Static;;;;;;
Tsoro (Baia);lineLessOrEqualThanBoardSide;71;false;Line concept is not present;Static;;;;;;
Tsoro (Baia);pieceDeclaredAsShared;68;false;A Shared Piece must appear at least twice in the description;Static;;;;;;
Tsoro (Baia);pieceDeclaredAsNeutral;64;false;The game does not have any piece declared as Neutral;Static;;;;;;
Tsoro (Baia);pieceDeclaredAsEach;66;false;The game does not have any piece declared as Each;Static;;;;;;
Tsoro (Baia);equalNumberOfPiecesOnTheBoard;62;true;;Static;;;;;;
Tsoro (Baia);noUndeclaredPlayerReference;63;true;;Static;;;;;;
Tsoro (Baia);sizeOfTrack;62;false;The owner 0 does not have a track;Static;;;;;;
Tsoro (Reentered Captures);lineLessOrEqualThanBoardSide;35;false;Line concept is not present;Static;;;;;;
Tsoro (Reentered Captures);pieceDeclaredAsShared;33;false;A Shared Piece must appear at least twice in the description;Static;;;;;;
Tsoro (Reentered Captures);pieceDeclaredAsNeutral;40;false;The game does not have any piece declared as Neutral;Static;;;;;;
Tsoro (Reentered Captures);pieceDeclaredAsEach;36;false;The game does not have any piece declared as Each;Static;;;;;;
Tsoro (Reentered Captures);equalNumberOfPiecesOnTheBoard;34;true;;Static;;;;;;
Tsoro (Reentered Captures);noUndeclaredPlayerReference;36;true;;Static;;;;;;
Tsoro (Reentered Captures);sizeOfTrack;36;false;The owner 0 does not have a track;Static;;;;;;
Tsoro;lineLessOrEqualThanBoardSide;24;false;Line concept is not present;Static;;;;;;
Tsoro;pieceDeclaredAsShared;24;false;A Shared Piece must appear at least twice in the description;Static;;;;;;
Tsoro;pieceDeclaredAsNeutral;23;false;The game does not have any piece declared as Neutral;Static;;;;;;
Tsoro;pieceDeclaredAsEach;23;false;The game does not have any piece declared as Each;Static;;;;;;
Tsoro;equalNumberOfPiecesOnTheBoard;22;true;;Static;;;;;;
Tsoro;noUndeclaredPlayerReference;22;true;;Static;;;;;;
Tsoro;sizeOfTrack;25;false;The owner 0 does not have a track;Static;;;;;;
Katro;lineLessOrEqualThanBoardSide;85;false;Line concept is not present;Static;;;;;;
Katro;pieceDeclaredAsShared;90;false;A Shared Piece must appear at least twice in the description;Static;;;;;;
Katro;pieceDeclaredAsNeutral;91;false;The game does not have any piece declared as Neutral;Static;;;;;;
Katro;pieceDeclaredAsEach;89;false;The game does not have any piece declared as Each;Static;;;;;;
Katro;equalNumberOfPiecesOnTheBoard;88;true;;Static;;;;;;
Katro;noUndeclaredPlayerReference;85;true;;Static;;;;;;
Katro;sizeOfTrack;86;false;The owner 0 does not have a track;Static;;;;;;
Mbelele;lineLessOrEqualThanBoardSide;56;false;Line concept is not present;Static;;;;;;
Mbelele;pieceDeclaredAsShared;53;false;A Shared Piece must appear at least twice in the description;Static;;;;;;
Mbelele;pieceDeclaredAsNeutral;53;false;The game does not have any piece declared as Neutral;Static;;;;;;
Mbelele;pieceDeclaredAsEach;53;false;The game does not have any piece declared as Each;Static;;;;;;
Mbelele;equalNumberOfPiecesOnTheBoard;52;true;;Static;;;;;;
Mbelele;noUndeclaredPlayerReference;54;true;;Static;;;;;;
Mbelele;sizeOfTrack;53;false;The owner 0 does not have a track;Static;;;;;;
Okwe (Achalla);lineLessOrEqualThanBoardSide;20;false;Line concept is not present;Static;;;;;;
Okwe (Achalla);pieceDeclaredAsShared;19;false;A Shared Piece must appear at least twice in the description;Static;;;;;;
Okwe (Achalla);pieceDeclaredAsNeutral;19;false;The game does not have any piece declared as Neutral;Static;;;;;;
Okwe (Achalla);pieceDeclaredAsEach;18;false;The game does not have any piece declared as Each;Static;;;;;;
Okwe (Achalla);equalNumberOfPiecesOnTheBoard;19;true;;Static;;;;;;
Okwe (Achalla);noUndeclaredPlayerReference;19;true;;Static;;;;;;
Okwe (Achalla);sizeOfTrack;22;false;The length of the track is 10;Static;;;;;;
Pic;lineLessOrEqualThanBoardSide;15;false;Line concept is not present;Static;;;;;;
Pic;pieceDeclaredAsShared;15;false;A Shared Piece must appear at least twice in the description;Static;;;;;;
Pic;pieceDeclaredAsNeutral;13;false;The game does not have any piece declared as Neutral;Static;;;;;;
Pic;pieceDeclaredAsEach;14;false;The game does not have any piece declared as Each;Static;;;;;;
Pic;equalNumberOfPiecesOnTheBoard;13;true;;Static;;;;;;
Pic;noUndeclaredPlayerReference;13;true;;Static;;;;;;
Pic;sizeOfTrack;14;false;The length of the track is 0;Static;;;;;;
Sat Gol;lineLessOrEqualThanBoardSide;20;false;Line concept is not present;Static;;;;;;
Sat Gol;pieceDeclaredAsShared;19;false;A Shared Piece must appear at least twice in the description;Static;;;;;;
Sat Gol;pieceDeclaredAsNeutral;19;false;The game does not have any piece declared as Neutral;Static;;;;;;
Sat Gol;pieceDeclaredAsEach;19;false;The game does not have any piece declared as Each;Static;;;;;;
Sat Gol;equalNumberOfPiecesOnTheBoard;19;true;;Static;;;;;;
Sat Gol;noUndeclaredPlayerReference;18;true;;Static;;;;;;
Sat Gol;sizeOfTrack;21;false;The length of the track is 0;Static;;;;;;
Abalala'e;lineLessOrEqualThanBoardSide;53;false;Line concept is not present;Static;;;;;;
Abalala'e;pieceDeclaredAsShared;53;false;A Shared Piece must appear at least twice in the description;Static;;;;;;
Abalala'e;pieceDeclaredAsNeutral;52;false;The game does not have any piece declared as Neutral;Static;;;;;;
Abalala'e;pieceDeclaredAsEach;53;false;The game does not have any piece declared as Each;Static;;;;;;
Abalala'e;equalNumberOfPiecesOnTheBoard;51;true;;Static;;;;;;
Abalala'e;noUndeclaredPlayerReference;51;true;;Static;;;;;;
Abalala'e;sizeOfTrack;56;false;The owner 0 does not have a track;Static;;;;;;
Gabata (Adowa);lineLessOrEqualThanBoardSide;29;false;Line concept is not present;Static;;;;;;
Gabata (Adowa);pieceDeclaredAsShared;27;false;A Shared Piece must appear at least twice in the description;Static;;;;;;
Gabata (Adowa);pieceDeclaredAsNeutral;25;false;The game does not have any piece declared as Neutral;Static;;;;;;
Gabata (Adowa);pieceDeclaredAsEach;28;false;The game does not have any piece declared as Each;Static;;;;;;
Gabata (Adowa);equalNumberOfPiecesOnTheBoard;27;true;;Static;;;;;;
Gabata (Adowa);noUndeclaredPlayerReference;26;true;;Static;;;;;;
Gabata (Adowa);sizeOfTrack;26;false;The length of the track is 10;Static;;;;;;
Gabata (Aksum);lineLessOrEqualThanBoardSide;32;false;Line concept is not present;Static;;;;;;
Gabata (Aksum);pieceDeclaredAsShared;29;false;A Shared Piece must appear at least twice in the description;Static;;;;;;
Gabata (Aksum);pieceDeclaredAsNeutral;30;false;The game does not have any piece declared as Neutral;Static;;;;;;
Gabata (Aksum);pieceDeclaredAsEach;30;false;The game does not have any piece declared as Each;Static;;;;;;
Gabata (Aksum);equalNumberOfPiecesOnTheBoard;30;true;;Static;;;;;;
Gabata (Aksum);noUndeclaredPlayerReference;29;true;;Static;;;;;;
Gabata (Aksum);sizeOfTrack;30;false;The length of the track is 10;Static;;;;;;
Rab'e;lineLessOrEqualThanBoardSide;24;false;Line concept is not present;Static;;;;;;
Rab'e;pieceDeclaredAsShared;22;false;A Shared Piece must appear at least twice in the description;Static;;;;;;
Rab'e;pieceDeclaredAsNeutral;25;false;The game does not have any piece declared as Neutral;Static;;;;;;
Rab'e;pieceDeclaredAsEach;27;false;The game does not have any piece declared as Each;Static;;;;;;
Rab'e;equalNumberOfPiecesOnTheBoard;23;true;;Static;;;;;;
Rab'e;noUndeclaredPlayerReference;22;true;;Static;;;;;;
Rab'e;sizeOfTrack;22;false;The length of the track is 10;Static;;;;;;
Selus (Massawa);lineLessOrEqualThanBoardSide;59;false;Line concept is not present;Static;;;;;;
Selus (Massawa);pieceDeclaredAsShared;60;false;A Shared Piece must appear at least twice in the description;Static;;;;;;
Selus (Massawa);pieceDeclaredAsNeutral;56;false;The game does not have any piece declared as Neutral;Static;;;;;;
Selus (Massawa);pieceDeclaredAsEach;57;false;The game does not have any piece declared as Each;Static;;;;;;
Selus (Massawa);equalNumberOfPiecesOnTheBoard;59;true;;Static;;;;;;
Selus (Massawa);noUndeclaredPlayerReference;56;true;;Static;;;;;;
Selus (Massawa);sizeOfTrack;60;false;The length of the track is 10;Static;;;;;;
Selus;lineLessOrEqualThanBoardSide;103;false;Line concept is not present;Static;;;;;;
Selus;pieceDeclaredAsShared;101;false;A Shared Piece must appear at least twice in the description;Static;;;;;;
Selus;pieceDeclaredAsNeutral;97;false;The game does not have any piece declared as Neutral;Static;;;;;;
Selus;pieceDeclaredAsEach;96;false;The game does not have any piece declared as Each;Static;;;;;;
Selus;equalNumberOfPiecesOnTheBoard;99;true;;Static;;;;;;
Selus;noUndeclaredPlayerReference;102;true;;Static;;;;;;
Selus;sizeOfTrack;101;false;The length of the track is 18;Static;;;;;;
The Concentration Game;lineLessOrEqualThanBoardSide;58;false;Line concept is not present;Static;;;;;;
The Concentration Game;pieceDeclaredAsShared;62;false;A Shared Piece must appear at least twice in the description;Static;;;;;;
The Concentration Game;pieceDeclaredAsNeutral;57;false;The game does not have any piece declared as Neutral;Static;;;;;;
The Concentration Game;pieceDeclaredAsEach;59;false;The game does not have any piece declared as Each;Static;;;;;;
The Concentration Game;equalNumberOfPiecesOnTheBoard;63;true;;Static;;;;;;
The Concentration Game;noUndeclaredPlayerReference;65;true;;Static;;;;;;
The Concentration Game;sizeOfTrack;57;false;The length of the track is 11;Static;;;;;;
Adi;lineLessOrEqualThanBoardSide;34;false;Line concept is not present;Static;;;;;;
Adi;pieceDeclaredAsShared;30;false;A Shared Piece must appear at least twice in the description;Static;;;;;;
Adi;pieceDeclaredAsNeutral;29;false;The game does not have any piece declared as Neutral;Static;;;;;;
Adi;pieceDeclaredAsEach;29;false;The game does not have any piece declared as Each;Static;;;;;;
Adi;equalNumberOfPiecesOnTheBoard;28;true;;Static;;;;;;
Adi;noUndeclaredPlayerReference;28;true;;Static;;;;;;
Adi;sizeOfTrack;32;false;The length of the track is 12;Static;;;;;;
Adidada;lineLessOrEqualThanBoardSide;20;false;Line concept is not present;Static;;;;;;
Adidada;pieceDeclaredAsShared;20;false;A Shared Piece must appear at least twice in the description;Static;;;;;;
Adidada;pieceDeclaredAsNeutral;19;false;The game does not have any piece declared as Neutral;Static;;;;;;
Adidada;pieceDeclaredAsEach;22;false;The game does not have any piece declared as Each;Static;;;;;;
Adidada;equalNumberOfPiecesOnTheBoard;19;true;;Static;;;;;;
Adidada;noUndeclaredPlayerReference;19;true;;Static;;;;;;
Adidada;sizeOfTrack;20;false;The length of the track is 6;Static;;;;;;
Adjiboto;lineLessOrEqualThanBoardSide;28;false;Line concept is not present;Static;;;;;;
Adjiboto;pieceDeclaredAsShared;26;false;A Shared Piece must appear at least twice in the description;Static;;;;;;
Adjiboto;pieceDeclaredAsNeutral;25;false;The game does not have any piece declared as Neutral;Static;;;;;;
Adjiboto;pieceDeclaredAsEach;26;false;The game does not have any piece declared as Each;Static;;;;;;
Adjiboto;equalNumberOfPiecesOnTheBoard;23;true;;Static;;;;;;
Adjiboto;noUndeclaredPlayerReference;25;true;;Static;;;;;;
Adjiboto;sizeOfTrack;27;false;The length of the track is 4;Static;;;;;;
Ako Okwe;lineLessOrEqualThanBoardSide;33;false;Line concept is not present;Static;;;;;;
Ako Okwe;pieceDeclaredAsShared;31;false;A Shared Piece must appear at least twice in the description;Static;;;;;;
Ako Okwe;pieceDeclaredAsNeutral;29;false;The game does not have any piece declared as Neutral;Static;;;;;;
Ako Okwe;pieceDeclaredAsEach;32;false;The game does not have any piece declared as Each;Static;;;;;;
Ako Okwe;equalNumberOfPiecesOnTheBoard;29;true;;Static;;;;;;
Ako Okwe;noUndeclaredPlayerReference;30;true;;Static;;;;;;
Ako Okwe;sizeOfTrack;30;false;The length of the track is 10;Static;;;;;;
Altiev;lineLessOrEqualThanBoardSide;17;false;Line concept is not present;Static;;;;;;
Altiev;pieceDeclaredAsShared;17;false;A Shared Piece must appear at least twice in the description;Static;;;;;;
Altiev;pieceDeclaredAsNeutral;16;false;The game does not have any piece declared as Neutral;Static;;;;;;
Altiev;pieceDeclaredAsEach;17;false;The game does not have any piece declared as Each;Static;;;;;;
Altiev;equalNumberOfPiecesOnTheBoard;18;true;;Static;;;;;;
Altiev;noUndeclaredPlayerReference;20;true;;Static;;;;;;
Altiev;sizeOfTrack;21;false;The length of the track is 12;Static;;;;;;
Andada;lineLessOrEqualThanBoardSide;25;false;Line concept is not present;Static;;;;;;
Andada;pieceDeclaredAsShared;22;false;A Shared Piece must appear at least twice in the description;Static;;;;;;
Andada;pieceDeclaredAsNeutral;21;false;The game does not have any piece declared as Neutral;Static;;;;;;
Andada;pieceDeclaredAsEach;22;false;The game does not have any piece declared as Each;Static;;;;;;
Andada;equalNumberOfPiecesOnTheBoard;22;true;;Static;;;;;;
Andada;noUndeclaredPlayerReference;24;true;;Static;;;;;;
Andada;sizeOfTrack;22;false;The length of the track is 24;Static;;;;;;
Andot;lineLessOrEqualThanBoardSide;32;false;Line concept is not present;Static;;;;;;
Andot;pieceDeclaredAsShared;29;false;A Shared Piece must appear at least twice in the description;Static;;;;;;
Andot;pieceDeclaredAsNeutral;29;false;The game does not have any piece declared as Neutral;Static;;;;;;
Andot;pieceDeclaredAsEach;28;false;The game does not have any piece declared as Each;Static;;;;;;
Andot;equalNumberOfPiecesOnTheBoard;28;true;;Static;;;;;;
Andot;noUndeclaredPlayerReference;29;true;;Static;;;;;;
Andot;sizeOfTrack;28;false;The length of the track is 12;Static;;;;;;
Aw-li On-nam Ot-tjin;lineLessOrEqualThanBoardSide;15;false;Line concept is not present;Static;;;;;;
Aw-li On-nam Ot-tjin;pieceDeclaredAsShared;11;false;A Shared Piece must appear at least twice in the description;Static;;;;;;
Aw-li On-nam Ot-tjin;pieceDeclaredAsNeutral;10;false;The game does not have any piece declared as Neutral;Static;;;;;;
Aw-li On-nam Ot-tjin;pieceDeclaredAsEach;11;false;The game does not have any piece declared as Each;Static;;;;;;
Aw-li On-nam Ot-tjin;equalNumberOfPiecesOnTheBoard;12;true;;Static;;;;;;
Aw-li On-nam Ot-tjin;noUndeclaredPlayerReference;11;true;;Static;;;;;;
Aw-li On-nam Ot-tjin;sizeOfTrack;12;false;The length of the track is 18;Static;;;;;;
Awagagae;lineLessOrEqualThanBoardSide;47;false;Line concept is not present;Static;;;;;;
Awagagae;pieceDeclaredAsShared;46;false;A Shared Piece must appear at least twice in the description;Static;;;;;;
Awagagae;pieceDeclaredAsNeutral;43;false;The game does not have any piece declared as Neutral;Static;;;;;;
Awagagae;pieceDeclaredAsEach;43;false;The game does not have any piece declared as Each;Static;;;;;;
Awagagae;equalNumberOfPiecesOnTheBoard;43;true;;Static;;;;;;
Awagagae;noUndeclaredPlayerReference;42;true;;Static;;;;;;
Awagagae;sizeOfTrack;43;false;The length of the track is 5;Static;;;;;;
Awari;lineLessOrEqualThanBoardSide;55;false;Line concept is not present;Static;;;;;;
Awari;pieceDeclaredAsShared;53;false;A Shared Piece must appear at least twice in the description;Static;;;;;;
Awari;pieceDeclaredAsNeutral;53;false;The game does not have any piece declared as Neutral;Static;;;;;;
Awari;pieceDeclaredAsEach;60;false;The game does not have any piece declared as Each;Static;;;;;;
Awari;equalNumberOfPiecesOnTheBoard;60;true;;Static;;;;;;
Awari;noUndeclaredPlayerReference;54;true;;Static;;;;;;
Awari;sizeOfTrack;59;false;The length of the track is 5;Static;;;;;;
Azigo;lineLessOrEqualThanBoardSide;41;false;Line concept is not present;Static;;;;;;
Azigo;pieceDeclaredAsShared;41;false;A Shared Piece must appear at least twice in the description;Static;;;;;;
Azigo;pieceDeclaredAsNeutral;39;false;The game does not have any piece declared as Neutral;Static;;;;;;
Azigo;pieceDeclaredAsEach;40;false;The game does not have any piece declared as Each;Static;;;;;;
Azigo;equalNumberOfPiecesOnTheBoard;42;true;;Static;;;;;;
Azigo;noUndeclaredPlayerReference;40;true;;Static;;;;;;
Azigo;sizeOfTrack;41;false;The length of the track is 19;Static;;;;;;
Baqura;lineLessOrEqualThanBoardSide;44;false;Line concept is not present;Static;;;;;;
Baqura;pieceDeclaredAsShared;46;false;A Shared Piece must appear at least twice in the description;Static;;;;;;
Baqura;pieceDeclaredAsNeutral;39;false;The game does not have any piece declared as Neutral;Static;;;;;;
Baqura;pieceDeclaredAsEach;39;false;The game does not have any piece declared as Each;Static;;;;;;
Baqura;equalNumberOfPiecesOnTheBoard;42;true;;Static;;;;;;
Baqura;noUndeclaredPlayerReference;40;true;;Static;;;;;;
Baqura;sizeOfTrack;42;false;The length of the track is 5;Static;;;;;;
Bay Khom;lineLessOrEqualThanBoardSide;39;false;Line concept is not present;Static;;;;;;
Bay Khom;pieceDeclaredAsShared;38;false;A Shared Piece must appear at least twice in the description;Static;;;;;;
Bay Khom;pieceDeclaredAsNeutral;38;false;The game does not have any piece declared as Neutral;Static;;;;;;
Bay Khom;pieceDeclaredAsEach;39;false;The game does not have any piece declared as Each;Static;;;;;;
Bay Khom;equalNumberOfPiecesOnTheBoard;40;true;;Static;;;;;;
Bay Khom;noUndeclaredPlayerReference;40;true;;Static;;;;;;
Bay Khom;sizeOfTrack;44;false;The length of the track is 5;Static;;;;;;
Bechi;lineLessOrEqualThanBoardSide;62;false;Line concept is not present;Static;;;;;;
Bechi;pieceDeclaredAsShared;66;false;A Shared Piece must appear at least twice in the description;Static;;;;;;
Bechi;pieceDeclaredAsNeutral;63;false;The game does not have any piece declared as Neutral;Static;;;;;;
Bechi;pieceDeclaredAsEach;65;false;The game does not have any piece declared as Each;Static;;;;;;
Bechi;equalNumberOfPiecesOnTheBoard;68;true;;Static;;;;;;
Bechi;noUndeclaredPlayerReference;62;true;;Static;;;;;;
Bechi;sizeOfTrack;71;true;;Static;;;;;;
Bosh;lineLessOrEqualThanBoardSide;28;false;Line concept is not present;Static;;;;;;
Bosh;pieceDeclaredAsShared;28;false;A Shared Piece must appear at least twice in the description;Static;;;;;;
Bosh;pieceDeclaredAsNeutral;27;false;The game does not have any piece declared as Neutral;Static;;;;;;
Bosh;pieceDeclaredAsEach;25;false;The game does not have any piece declared as Each;Static;;;;;;
Bosh;equalNumberOfPiecesOnTheBoard;27;true;;Static;;;;;;
Bosh;noUndeclaredPlayerReference;27;true;;Static;;;;;;
Bosh;sizeOfTrack;27;false;The length of the track is 4;Static;;;;;;
Boukerourou;lineLessOrEqualThanBoardSide;17;false;Line concept is not present;Static;;;;;;
Boukerourou;pieceDeclaredAsShared;24;false;A Shared Piece must appear at least twice in the description;Static;;;;;;
Boukerourou;pieceDeclaredAsNeutral;14;false;The game does not have any piece declared as Neutral;Static;;;;;;
Boukerourou;pieceDeclaredAsEach;14;false;The game does not have any piece declared as Each;Static;;;;;;
Boukerourou;equalNumberOfPiecesOnTheBoard;14;true;;Static;;;;;;
Boukerourou;noUndeclaredPlayerReference;14;true;;Static;;;;;;
Boukerourou;sizeOfTrack;14;false;The length of the track is 8;Static;;;;;;
Buqruru;lineLessOrEqualThanBoardSide;103;false;Line concept is not present;Static;;;;;;
Buqruru;pieceDeclaredAsShared;106;false;A Shared Piece must appear at least twice in the description;Static;;;;;;
Buqruru;pieceDeclaredAsNeutral;111;false;The game does not have any piece declared as Neutral;Static;;;;;;
Buqruru;pieceDeclaredAsEach;109;false;The game does not have any piece declared as Each;Static;;;;;;
Buqruru;equalNumberOfPiecesOnTheBoard;105;true;;Static;;;;;;
Buqruru;noUndeclaredPlayerReference;100;true;;Static;;;;;;
Buqruru;sizeOfTrack;102;true;;Static;;;;;;
Ceelkoqyuqkoqiji;lineLessOrEqualThanBoardSide;130;false;Line concept is not present;Static;;;;;;
Ceelkoqyuqkoqiji;pieceDeclaredAsShared;119;true;;Static;;;;;;
Ceelkoqyuqkoqiji;pieceDeclaredAsNeutral;122;false;The game does not have any piece declared as Neutral;Static;;;;;;
Ceelkoqyuqkoqiji;pieceDeclaredAsEach;121;false;The game does not have any piece declared as Each;Static;;;;;;
Ceelkoqyuqkoqiji;equalNumberOfPiecesOnTheBoard;121;true;;Static;;;;;;
Ceelkoqyuqkoqiji;noUndeclaredPlayerReference;122;true;;Static;;;;;;
Ceelkoqyuqkoqiji;sizeOfTrack;122;false;The length of the track is 6;Static;;;;;;
Chongka';lineLessOrEqualThanBoardSide;18;false;Line concept is not present;Static;;;;;;
Chongka';pieceDeclaredAsShared;16;false;A Shared Piece must appear at least twice in the description;Static;;;;;;
Chongka';pieceDeclaredAsNeutral;16;false;The game does not have any piece declared as Neutral;Static;;;;;;
Chongka';pieceDeclaredAsEach;17;false;The game does not have any piece declared as Each;Static;;;;;;
Chongka';equalNumberOfPiecesOnTheBoard;18;true;;Static;;;;;;
Chongka';noUndeclaredPlayerReference;16;true;;Static;;;;;;
Chongka';sizeOfTrack;18;false;The owner 0 does not have a track;Static;;;;;;
Chonka;lineLessOrEqualThanBoardSide;18;false;Line concept is not present;Static;;;;;;
Chonka;pieceDeclaredAsShared;17;false;A Shared Piece must appear at least twice in the description;Static;;;;;;
Chonka;pieceDeclaredAsNeutral;17;false;The game does not have any piece declared as Neutral;Static;;;;;;
Chonka;pieceDeclaredAsEach;18;false;The game does not have any piece declared as Each;Static;;;;;;
Chonka;equalNumberOfPiecesOnTheBoard;20;true;;Static;;;;;;
Chonka;noUndeclaredPlayerReference;22;true;;Static;;;;;;
Chonka;sizeOfTrack;19;false;The owner 0 does not have a track;Static;;;;;;
Chungcajon;lineLessOrEqualThanBoardSide;16;false;Line concept is not present;Static;;;;;;
Chungcajon;pieceDeclaredAsShared;16;false;A Shared Piece must appear at least twice in the description;Static;;;;;;
Chungcajon;pieceDeclaredAsNeutral;14;false;The game does not have any piece declared as Neutral;Static;;;;;;
Chungcajon;pieceDeclaredAsEach;15;false;The game does not have any piece declared as Each;Static;;;;;;
Chungcajon;equalNumberOfPiecesOnTheBoard;16;true;;Static;;;;;;
Chungcajon;noUndeclaredPlayerReference;19;true;;Static;;;;;;
Chungcajon;sizeOfTrack;17;false;The owner 0 does not have a track;Static;;;;;;
Dabuda;lineLessOrEqualThanBoardSide;25;false;Line concept is not present;Static;;;;;;
Dabuda;pieceDeclaredAsShared;23;false;A Shared Piece must appear at least twice in the description;Static;;;;;;
Dabuda;pieceDeclaredAsNeutral;23;false;The game does not have any piece declared as Neutral;Static;;;;;;
Dabuda;pieceDeclaredAsEach;25;false;The game does not have any piece declared as Each;Static;;;;;;
Dabuda;equalNumberOfPiecesOnTheBoard;23;true;;Static;;;;;;
Dabuda;noUndeclaredPlayerReference;23;true;;Static;;;;;;
Dabuda;sizeOfTrack;25;false;The length of the track is 9;Static;;;;;;
Daramuti;lineLessOrEqualThanBoardSide;138;false;Line concept is not present;Static;;;;;;
Daramuti;pieceDeclaredAsShared;142;false;A Shared Piece must appear at least twice in the description;Static;;;;;;
Daramuti;pieceDeclaredAsNeutral;143;false;The game does not have any piece declared as Neutral;Static;;;;;;
Daramuti;pieceDeclaredAsEach;135;false;The game does not have any piece declared as Each;Static;;;;;;
Daramuti;equalNumberOfPiecesOnTheBoard;135;true;;Static;;;;;;
Daramuti;noUndeclaredPlayerReference;133;true;;Static;;;;;;
Daramuti;sizeOfTrack;137;false;The length of the track is 14;Static;;;;;;
Das Bohnenspiel;lineLessOrEqualThanBoardSide;19;false;Line concept is not present;Static;;;;;;
Das Bohnenspiel;pieceDeclaredAsShared;18;false;A Shared Piece must appear at least twice in the description;Static;;;;;;
Das Bohnenspiel;pieceDeclaredAsNeutral;19;false;The game does not have any piece declared as Neutral;Static;;;;;;
Das Bohnenspiel;pieceDeclaredAsEach;18;false;The game does not have any piece declared as Each;Static;;;;;;
Das Bohnenspiel;equalNumberOfPiecesOnTheBoard;18;true;;Static;;;;;;
Das Bohnenspiel;noUndeclaredPlayerReference;20;true;;Static;;;;;;
Das Bohnenspiel;sizeOfTrack;19;false;The length of the track is 12;Static;;;;;;
Deka;lineLessOrEqualThanBoardSide;24;false;Line concept is not present;Static;;;;;;
Deka;pieceDeclaredAsShared;23;false;A Shared Piece must appear at least twice in the description;Static;;;;;;
Deka;pieceDeclaredAsNeutral;22;false;The game does not have any piece declared as Neutral;Static;;;;;;
Deka;pieceDeclaredAsEach;23;false;The game does not have any piece declared as Each;Static;;;;;;
Deka;equalNumberOfPiecesOnTheBoard;23;true;;Static;;;;;;
Deka;noUndeclaredPlayerReference;24;true;;Static;;;;;;
Deka;sizeOfTrack;23;false;The length of the track is 12;Static;;;;;;
Dongjintian;lineLessOrEqualThanBoardSide;37;false;Line concept is not present;Static;;;;;;
Dongjintian;pieceDeclaredAsShared;35;false;A Shared Piece must appear at least twice in the description;Static;;;;;;
Dongjintian;pieceDeclaredAsNeutral;36;false;The game does not have any piece declared as Neutral;Static;;;;;;
Dongjintian;pieceDeclaredAsEach;35;false;The game does not have any piece declared as Each;Static;;;;;;
Dongjintian;equalNumberOfPiecesOnTheBoard;38;true;;Static;;;;;;
Dongjintian;noUndeclaredPlayerReference;38;true;;Static;;;;;;
Dongjintian;sizeOfTrack;36;false;The length of the track is 4;Static;;;;;;
Duene;lineLessOrEqualThanBoardSide;26;false;Line concept is not present;Static;;;;;;
Duene;pieceDeclaredAsShared;25;false;A Shared Piece must appear at least twice in the description;Static;;;;;;
Duene;pieceDeclaredAsNeutral;24;false;The game does not have any piece declared as Neutral;Static;;;;;;
Duene;pieceDeclaredAsEach;25;false;The game does not have any piece declared as Each;Static;;;;;;
Duene;equalNumberOfPiecesOnTheBoard;24;true;;Static;;;;;;
Duene;noUndeclaredPlayerReference;27;true;;Static;;;;;;
Duene;sizeOfTrack;25;false;The length of the track is 12;Static;;;;;;
En Gehe;lineLessOrEqualThanBoardSide;25;false;Line concept is not present;Static;;;;;;
En Gehe;pieceDeclaredAsShared;25;false;A Shared Piece must appear at least twice in the description;Static;;;;;;
En Gehe;pieceDeclaredAsNeutral;25;false;The game does not have any piece declared as Neutral;Static;;;;;;
En Gehe;pieceDeclaredAsEach;24;false;The game does not have any piece declared as Each;Static;;;;;;
En Gehe;equalNumberOfPiecesOnTheBoard;25;true;;Static;;;;;;
En Gehe;noUndeclaredPlayerReference;24;true;;Static;;;;;;
En Gehe;sizeOfTrack;25;false;The length of the track is 39;Static;;;;;;
English Wari (St. Lucia);lineLessOrEqualThanBoardSide;17;false;Line concept is not present;Static;;;;;;
English Wari (St. Lucia);pieceDeclaredAsShared;16;false;A Shared Piece must appear at least twice in the description;Static;;;;;;
English Wari (St. Lucia);pieceDeclaredAsNeutral;14;false;The game does not have any piece declared as Neutral;Static;;;;;;
English Wari (St. Lucia);pieceDeclaredAsEach;14;false;The game does not have any piece declared as Each;Static;;;;;;
English Wari (St. Lucia);equalNumberOfPiecesOnTheBoard;15;true;;Static;;;;;;
English Wari (St. Lucia);noUndeclaredPlayerReference;14;true;;Static;;;;;;
English Wari (St. Lucia);sizeOfTrack;15;false;The length of the track is 12;Static;;;;;;
Enindji;lineLessOrEqualThanBoardSide;18;false;Line concept is not present;Static;;;;;;
Enindji;pieceDeclaredAsShared;18;false;A Shared Piece must appear at least twice in the description;Static;;;;;;
Enindji;pieceDeclaredAsNeutral;18;false;The game does not have any piece declared as Neutral;Static;;;;;;
Enindji;pieceDeclaredAsEach;21;false;The game does not have any piece declared as Each;Static;;;;;;
Enindji;equalNumberOfPiecesOnTheBoard;24;true;;Static;;;;;;
Enindji;noUndeclaredPlayerReference;20;true;;Static;;;;;;
Enindji;sizeOfTrack;19;false;The length of the track is 12;Static;;;;;;
Erherhe;lineLessOrEqualThanBoardSide;21;false;Line concept is not present;Static;;;;;;
Erherhe;pieceDeclaredAsShared;20;false;A Shared Piece must appear at least twice in the description;Static;;;;;;
Erherhe;pieceDeclaredAsNeutral;20;false;The game does not have any piece declared as Neutral;Static;;;;;;
Erherhe;pieceDeclaredAsEach;25;false;The game does not have any piece declared as Each;Static;;;;;;
Erherhe;equalNumberOfPiecesOnTheBoard;22;true;;Static;;;;;;
Erherhe;noUndeclaredPlayerReference;22;true;;Static;;;;;;
Erherhe;sizeOfTrack;23;false;The length of the track is 12;Static;;;;;;
FairKalah;lineLessOrEqualThanBoardSide;23;false;Line concept is not present;Static;;;;;;
FairKalah;pieceDeclaredAsShared;23;false;A Shared Piece must appear at least twice in the description;Static;;;;;;
FairKalah;pieceDeclaredAsNeutral;22;false;The game does not have any piece declared as Neutral;Static;;;;;;
FairKalah;pieceDeclaredAsEach;22;false;The game does not have any piece declared as Each;Static;;;;;;
FairKalah;equalNumberOfPiecesOnTheBoard;22;true;;Static;;;;;;
FairKalah;noUndeclaredPlayerReference;23;true;;Static;;;;;;
FairKalah;sizeOfTrack;24;false;The length of the track is 14;Static;;;;;;
Fergen Gobale;lineLessOrEqualThanBoardSide;50;false;Line concept is not present;Static;;;;;;
Fergen Gobale;pieceDeclaredAsShared;51;false;A Shared Piece must appear at least twice in the description;Static;;;;;;
Fergen Gobale;pieceDeclaredAsNeutral;53;false;The game does not have any piece declared as Neutral;Static;;;;;;
Fergen Gobale;pieceDeclaredAsEach;51;false;The game does not have any piece declared as Each;Static;;;;;;
Fergen Gobale;equalNumberOfPiecesOnTheBoard;48;true;;Static;;;;;;
Fergen Gobale;noUndeclaredPlayerReference;49;true;;Static;;;;;;
Fergen Gobale;sizeOfTrack;46;false;The length of the track is 4;Static;;;;;;
Foji;lineLessOrEqualThanBoardSide;24;false;Line concept is not present;Static;;;;;;
Foji;pieceDeclaredAsShared;25;false;A Shared Piece must appear at least twice in the description;Static;;;;;;
Foji;pieceDeclaredAsNeutral;23;false;The game does not have any piece declared as Neutral;Static;;;;;;
Foji;pieceDeclaredAsEach;25;false;The game does not have any piece declared as Each;Static;;;;;;
Foji;equalNumberOfPiecesOnTheBoard;24;true;;Static;;;;;;
Foji;noUndeclaredPlayerReference;23;true;;Static;;;;;;
Foji;sizeOfTrack;23;false;The length of the track is 5;Static;;;;;;
Fondji;lineLessOrEqualThanBoardSide;55;false;Line concept is not present;Static;;;;;;
Fondji;pieceDeclaredAsShared;62;false;A Shared Piece must appear at least twice in the description;Static;;;;;;
Fondji;pieceDeclaredAsNeutral;57;false;The game does not have any piece declared as Neutral;Static;;;;;;
Fondji;pieceDeclaredAsEach;55;false;The game does not have any piece declared as Each;Static;;;;;;
Fondji;equalNumberOfPiecesOnTheBoard;59;true;;Static;;;;;;
Fondji;noUndeclaredPlayerReference;56;true;;Static;;;;;;
Fondji;sizeOfTrack;54;false;The length of the track is 12;Static;;;;;;
French Wari;lineLessOrEqualThanBoardSide;17;false;Line concept is not present;Static;;;;;;
French Wari;pieceDeclaredAsShared;16;false;A Shared Piece must appear at least twice in the description;Static;;;;;;
French Wari;pieceDeclaredAsNeutral;16;false;The game does not have any piece declared as Neutral;Static;;;;;;
French Wari;pieceDeclaredAsEach;17;false;The game does not have any piece declared as Each;Static;;;;;;
French Wari;equalNumberOfPiecesOnTheBoard;17;true;;Static;;;;;;
French Wari;noUndeclaredPlayerReference;16;true;;Static;;;;;;
French Wari;sizeOfTrack;16;false;The length of the track is 5;Static;;;;;;
Gabata (Adegrat);lineLessOrEqualThanBoardSide;19;false;Line concept is not present;Static;;;;;;
Gabata (Adegrat);pieceDeclaredAsShared;18;false;A Shared Piece must appear at least twice in the description;Static;;;;;;
Gabata (Adegrat);pieceDeclaredAsNeutral;18;false;The game does not have any piece declared as Neutral;Static;;;;;;
Gabata (Adegrat);pieceDeclaredAsEach;21;false;The game does not have any piece declared as Each;Static;;;;;;
Gabata (Adegrat);equalNumberOfPiecesOnTheBoard;23;true;;Static;;;;;;
Gabata (Adegrat);noUndeclaredPlayerReference;21;true;;Static;;;;;;
Gabata (Adegrat);sizeOfTrack;18;false;The length of the track is 5;Static;;;;;;
Gabata (Ansaba);lineLessOrEqualThanBoardSide;21;false;Line concept is not present;Static;;;;;;
Gabata (Ansaba);pieceDeclaredAsShared;20;false;A Shared Piece must appear at least twice in the description;Static;;;;;;
Gabata (Ansaba);pieceDeclaredAsNeutral;19;false;The game does not have any piece declared as Neutral;Static;;;;;;
Gabata (Ansaba);pieceDeclaredAsEach;20;false;The game does not have any piece declared as Each;Static;;;;;;
Gabata (Ansaba);equalNumberOfPiecesOnTheBoard;19;true;;Static;;;;;;
Gabata (Ansaba);noUndeclaredPlayerReference;19;true;;Static;;;;;;
Gabata (Ansaba);sizeOfTrack;19;false;The length of the track is 5;Static;;;;;;
Gabata (Ghinda);lineLessOrEqualThanBoardSide;30;false;Line concept is not present;Static;;;;;;
Gabata (Ghinda);pieceDeclaredAsShared;31;false;A Shared Piece must appear at least twice in the description;Static;;;;;;
Gabata (Ghinda);pieceDeclaredAsNeutral;29;false;The game does not have any piece declared as Neutral;Static;;;;;;
Gabata (Ghinda);pieceDeclaredAsEach;31;false;The game does not have any piece declared as Each;Static;;;;;;
Gabata (Ghinda);equalNumberOfPiecesOnTheBoard;29;true;;Static;;;;;;
Gabata (Ghinda);noUndeclaredPlayerReference;28;true;;Static;;;;;;
Gabata (Ghinda);sizeOfTrack;29;false;The length of the track is 5;Static;;;;;;
Gabata (Oromo);lineLessOrEqualThanBoardSide;20;false;Line concept is not present;Static;;;;;;
Gabata (Oromo);pieceDeclaredAsShared;20;false;A Shared Piece must appear at least twice in the description;Static;;;;;;
Gabata (Oromo);pieceDeclaredAsNeutral;18;false;The game does not have any piece declared as Neutral;Static;;;;;;
Gabata (Oromo);pieceDeclaredAsEach;22;false;The game does not have any piece declared as Each;Static;;;;;;
Gabata (Oromo);equalNumberOfPiecesOnTheBoard;26;true;;Static;;;;;;
Gabata (Oromo);noUndeclaredPlayerReference;21;true;;Static;;;;;;
Gabata (Oromo);sizeOfTrack;20;false;The length of the track is 5;Static;;;;;;
Gabata (Shoa and Adegrat);lineLessOrEqualThanBoardSide;46;false;Line concept is not present;Static;;;;;;
Gabata (Shoa and Adegrat);pieceDeclaredAsShared;45;false;A Shared Piece must appear at least twice in the description;Static;;;;;;
Gabata (Shoa and Adegrat);pieceDeclaredAsNeutral;44;false;The game does not have any piece declared as Neutral;Static;;;;;;
Gabata (Shoa and Adegrat);pieceDeclaredAsEach;46;false;The game does not have any piece declared as Each;Static;;;;;;
Gabata (Shoa and Adegrat);equalNumberOfPiecesOnTheBoard;44;true;;Static;;;;;;
Gabata (Shoa and Adegrat);noUndeclaredPlayerReference;43;true;;Static;;;;;;
Gabata (Shoa and Adegrat);sizeOfTrack;42;false;The length of the track is 5;Static;;;;;;
Gabata (Shoa I);lineLessOrEqualThanBoardSide;32;false;Line concept is not present;Static;;;;;;
Gabata (Shoa I);pieceDeclaredAsShared;33;false;A Shared Piece must appear at least twice in the description;Static;;;;;;
Gabata (Shoa I);pieceDeclaredAsNeutral;32;false;The game does not have any piece declared as Neutral;Static;;;;;;
Gabata (Shoa I);pieceDeclaredAsEach;34;false;The game does not have any piece declared as Each;Static;;;;;;
Gabata (Shoa I);equalNumberOfPiecesOnTheBoard;40;true;;Static;;;;;;
Gabata (Shoa I);noUndeclaredPlayerReference;32;true;;Static;;;;;;
Gabata (Shoa I);sizeOfTrack;33;false;The length of the track is 5;Static;;;;;;
Gabata (Wuqro);lineLessOrEqualThanBoardSide;36;false;Line concept is not present;Static;;;;;;
Gabata (Wuqro);pieceDeclaredAsShared;33;false;A Shared Piece must appear at least twice in the description;Static;;;;;;
Gabata (Wuqro);pieceDeclaredAsNeutral;32;false;The game does not have any piece declared as Neutral;Static;;;;;;
Gabata (Wuqro);pieceDeclaredAsEach;31;false;The game does not have any piece declared as Each;Static;;;;;;
Gabata (Wuqro);equalNumberOfPiecesOnTheBoard;31;true;;Static;;;;;;
Gabata (Wuqro);noUndeclaredPlayerReference;31;true;;Static;;;;;;
Gabata (Wuqro);sizeOfTrack;33;false;The length of the track is 5;Static;;;;;;
Galatjang;lineLessOrEqualThanBoardSide;46;false;Line concept is not present;Static;;;;;;
Galatjang;pieceDeclaredAsShared;43;false;A Shared Piece must appear at least twice in the description;Static;;;;;;
Galatjang;pieceDeclaredAsNeutral;43;false;The game does not have any piece declared as Neutral;Static;;;;;;
Galatjang;pieceDeclaredAsEach;52;false;The game does not have any piece declared as Each;Static;;;;;;
Galatjang;equalNumberOfPiecesOnTheBoard;45;true;;Static;;;;;;
Galatjang;noUndeclaredPlayerReference;44;true;;Static;;;;;;
Galatjang;sizeOfTrack;46;false;The owner 0 does not have a track;Static;;;;;;
Gamacha (Nobility);lineLessOrEqualThanBoardSide;19;false;Line concept is not present;Static;;;;;;
Gamacha (Nobility);pieceDeclaredAsShared;18;false;A Shared Piece must appear at least twice in the description;Static;;;;;;
Gamacha (Nobility);pieceDeclaredAsNeutral;20;false;The game does not have any piece declared as Neutral;Static;;;;;;
Gamacha (Nobility);pieceDeclaredAsEach;17;false;The game does not have any piece declared as Each;Static;;;;;;
Gamacha (Nobility);equalNumberOfPiecesOnTheBoard;17;true;;Static;;;;;;
Gamacha (Nobility);noUndeclaredPlayerReference;17;true;;Static;;;;;;
Gamacha (Nobility);sizeOfTrack;17;false;The length of the track is 5;Static;;;;;;
Gamacha;lineLessOrEqualThanBoardSide;15;false;Line concept is not present;Static;;;;;;
Gamacha;pieceDeclaredAsShared;15;false;A Shared Piece must appear at least twice in the description;Static;;;;;;
Gamacha;pieceDeclaredAsNeutral;15;false;The game does not have any piece declared as Neutral;Static;;;;;;
Gamacha;pieceDeclaredAsEach;15;false;The game does not have any piece declared as Each;Static;;;;;;
Gamacha;equalNumberOfPiecesOnTheBoard;16;true;;Static;;;;;;
Gamacha;noUndeclaredPlayerReference;14;true;;Static;;;;;;
Gamacha;sizeOfTrack;15;false;The length of the track is 24;Static;;;;;;
Gifia;lineLessOrEqualThanBoardSide;22;false;Line concept is not present;Static;;;;;;
Gifia;pieceDeclaredAsShared;22;false;A Shared Piece must appear at least twice in the description;Static;;;;;;
Gifia;pieceDeclaredAsNeutral;21;false;The game does not have any piece declared as Neutral;Static;;;;;;
Gifia;pieceDeclaredAsEach;23;false;The game does not have any piece declared as Each;Static;;;;;;
Gifia;equalNumberOfPiecesOnTheBoard;25;true;;Static;;;;;;
Gifia;noUndeclaredPlayerReference;26;true;;Static;;;;;;
Gifia;sizeOfTrack;22;false;The length of the track is 8;Static;;;;;;
Halusa;lineLessOrEqualThanBoardSide;37;false;Line concept is not present;Static;;;;;;
Halusa;pieceDeclaredAsShared;36;false;A Shared Piece must appear at least twice in the description;Static;;;;;;
Halusa;pieceDeclaredAsNeutral;39;false;The game does not have any piece declared as Neutral;Static;;;;;;
Halusa;pieceDeclaredAsEach;35;false;The game does not have any piece declared as Each;Static;;;;;;
Halusa;equalNumberOfPiecesOnTheBoard;34;true;;Static;;;;;;
Halusa;noUndeclaredPlayerReference;35;true;;Static;;;;;;
Halusa;sizeOfTrack;34;false;The length of the track is 5;Static;;;;;;
Hoyito;lineLessOrEqualThanBoardSide;17;false;Line concept is not present;Static;;;;;;
Hoyito;pieceDeclaredAsShared;14;false;A Shared Piece must appear at least twice in the description;Static;;;;;;
Hoyito;pieceDeclaredAsNeutral;14;false;The game does not have any piece declared as Neutral;Static;;;;;;
Hoyito;pieceDeclaredAsEach;13;false;The game does not have any piece declared as Each;Static;;;;;;
Hoyito;equalNumberOfPiecesOnTheBoard;15;true;;Static;;;;;;
Hoyito;noUndeclaredPlayerReference;14;true;;Static;;;;;;
Hoyito;sizeOfTrack;14;false;The length of the track is 5;Static;;;;;;
Hufesay;lineLessOrEqualThanBoardSide;24;false;Line concept is not present;Static;;;;;;
Hufesay;pieceDeclaredAsShared;24;false;A Shared Piece must appear at least twice in the description;Static;;;;;;
Hufesay;pieceDeclaredAsNeutral;24;false;The game does not have any piece declared as Neutral;Static;;;;;;
Hufesay;pieceDeclaredAsEach;27;false;The game does not have any piece declared as Each;Static;;;;;;
Hufesay;equalNumberOfPiecesOnTheBoard;27;true;;Static;;;;;;
Hufesay;noUndeclaredPlayerReference;25;true;;Static;;;;;;
Hufesay;sizeOfTrack;24;false;The length of the track is 5;Static;;;;;;
I Pere;lineLessOrEqualThanBoardSide;11;false;Line concept is not present;Static;;;;;;
I Pere;pieceDeclaredAsShared;10;false;A Shared Piece must appear at least twice in the description;Static;;;;;;
I Pere;pieceDeclaredAsNeutral;10;false;The game does not have any piece declared as Neutral;Static;;;;;;
I Pere;pieceDeclaredAsEach;10;false;The game does not have any piece declared as Each;Static;;;;;;
I Pere;equalNumberOfPiecesOnTheBoard;12;true;;Static;;;;;;
I Pere;noUndeclaredPlayerReference;9;true;;Static;;;;;;
I Pere;sizeOfTrack;9;false;The length of the track is 10;Static;;;;;;
I;lineLessOrEqualThanBoardSide;10;false;Line concept is not present;Static;;;;;;
I;pieceDeclaredAsShared;9;false;A Shared Piece must appear at least twice in the description;Static;;;;;;
I;pieceDeclaredAsNeutral;9;false;The game does not have any piece declared as Neutral;Static;;;;;;
I;pieceDeclaredAsEach;9;false;The game does not have any piece declared as Each;Static;;;;;;
I;equalNumberOfPiecesOnTheBoard;9;true;;Static;;;;;;
I;noUndeclaredPlayerReference;9;true;;Static;;;;;;
I;sizeOfTrack;9;false;The length of the track is 2;Static;;;;;;
Intotoi;lineLessOrEqualThanBoardSide;90;false;Line concept is not present;Static;;;;;;
Intotoi;pieceDeclaredAsShared;88;false;A Shared Piece must appear at least twice in the description;Static;;;;;;
Intotoi;pieceDeclaredAsNeutral;93;false;The game does not have any piece declared as Neutral;Static;;;;;;
Intotoi;pieceDeclaredAsEach;95;false;The game does not have any piece declared as Each;Static;;;;;;
Intotoi;equalNumberOfPiecesOnTheBoard;94;true;;Static;;;;;;
Intotoi;noUndeclaredPlayerReference;90;true;;Static;;;;;;
Intotoi;sizeOfTrack;92;false;The length of the track is 11;Static;;;;;;
Iyogh;lineLessOrEqualThanBoardSide;106;false;Line concept is not present;Static;;;;;;
Iyogh;pieceDeclaredAsShared;112;false;A Shared Piece must appear at least twice in the description;Static;;;;;;
Iyogh;pieceDeclaredAsNeutral;111;false;The game does not have any piece declared as Neutral;Static;;;;;;
Iyogh;pieceDeclaredAsEach;104;false;The game does not have any piece declared as Each;Static;;;;;;
Iyogh;equalNumberOfPiecesOnTheBoard;106;true;;Static;;;;;;
Iyogh;noUndeclaredPlayerReference;107;true;;Static;;;;;;
Iyogh;sizeOfTrack;105;false;The length of the track is 7;Static;;;;;;
J'erin;lineLessOrEqualThanBoardSide;31;false;Line concept is not present;Static;;;;;;
J'erin;pieceDeclaredAsShared;32;false;A Shared Piece must appear at least twice in the description;Static;;;;;;
J'erin;pieceDeclaredAsNeutral;30;false;The game does not have any piece declared as Neutral;Static;;;;;;
J'erin;pieceDeclaredAsEach;30;false;The game does not have any piece declared as Each;Static;;;;;;
J'erin;equalNumberOfPiecesOnTheBoard;30;true;;Static;;;;;;
J'erin;noUndeclaredPlayerReference;29;true;;Static;;;;;;
J'erin;sizeOfTrack;30;false;The length of the track is 5;Static;;;;;;
J'odu;lineLessOrEqualThanBoardSide;25;false;Line concept is not present;Static;;;;;;
J'odu;pieceDeclaredAsShared;25;false;A Shared Piece must appear at least twice in the description;Static;;;;;;
J'odu;pieceDeclaredAsNeutral;25;false;The game does not have any piece declared as Neutral;Static;;;;;;
J'odu;pieceDeclaredAsEach;24;false;The game does not have any piece declared as Each;Static;;;;;;
J'odu;equalNumberOfPiecesOnTheBoard;25;true;;Static;;;;;;
J'odu;noUndeclaredPlayerReference;24;true;;Static;;;;;;
J'odu;sizeOfTrack;25;false;The length of the track is 12;Static;;;;;;
Jimafesosh;lineLessOrEqualThanBoardSide;34;false;Line concept is not present;Static;;;;;;
Jimafesosh;pieceDeclaredAsShared;34;false;A Shared Piece must appear at least twice in the description;Static;;;;;;
Jimafesosh;pieceDeclaredAsNeutral;34;false;The game does not have any piece declared as Neutral;Static;;;;;;
Jimafesosh;pieceDeclaredAsEach;35;false;The game does not have any piece declared as Each;Static;;;;;;
Jimafesosh;equalNumberOfPiecesOnTheBoard;34;true;;Static;;;;;;
Jimafesosh;noUndeclaredPlayerReference;34;true;;Static;;;;;;
Jimafesosh;sizeOfTrack;33;false;The length of the track is 5;Static;;;;;;
Kalah;lineLessOrEqualThanBoardSide;19;false;Line concept is not present;Static;;;;;;
Kalah;pieceDeclaredAsShared;16;false;A Shared Piece must appear at least twice in the description;Static;;;;;;
Kalah;pieceDeclaredAsNeutral;16;false;The game does not have any piece declared as Neutral;Static;;;;;;
Kalah;pieceDeclaredAsEach;15;false;The game does not have any piece declared as Each;Static;;;;;;
Kalah;equalNumberOfPiecesOnTheBoard;15;true;;Static;;;;;;
Kalah;noUndeclaredPlayerReference;16;true;;Static;;;;;;
Kalah;sizeOfTrack;16;false;The length of the track is 14;Static;;;;;;
Kanji Guti;lineLessOrEqualThanBoardSide;21;false;Line concept is not present;Static;;;;;;
Kanji Guti;pieceDeclaredAsShared;20;false;A Shared Piece must appear at least twice in the description;Static;;;;;;
Kanji Guti;pieceDeclaredAsNeutral;18;false;The game does not have any piece declared as Neutral;Static;;;;;;
Kanji Guti;pieceDeclaredAsEach;18;false;The game does not have any piece declared as Each;Static;;;;;;
Kanji Guti;equalNumberOfPiecesOnTheBoard;21;true;;Static;;;;;;
Kanji Guti;noUndeclaredPlayerReference;19;true;;Static;;;;;;
Kanji Guti;sizeOfTrack;18;false;The length of the track is 6;Static;;;;;;
Kapana Bona;lineLessOrEqualThanBoardSide;9;false;Line concept is not present;Static;;;;;;
Kapana Bona;pieceDeclaredAsShared;8;false;A Shared Piece must appear at least twice in the description;Static;;;;;;
Kapana Bona;pieceDeclaredAsNeutral;8;false;The game does not have any piece declared as Neutral;Static;;;;;;
Kapana Bona;pieceDeclaredAsEach;8;false;The game does not have any piece declared as Each;Static;;;;;;
Kapana Bona;equalNumberOfPiecesOnTheBoard;9;true;;Static;;;;;;
Kapana Bona;noUndeclaredPlayerReference;8;true;;Static;;;;;;
Kapana Bona;sizeOfTrack;8;false;The length of the track is 2;Static;;;;;;
Kara;lineLessOrEqualThanBoardSide;12;false;Line concept is not present;Static;;;;;;
Kara;pieceDeclaredAsShared;11;false;A Shared Piece must appear at least twice in the description;Static;;;;;;
Kara;pieceDeclaredAsNeutral;12;false;The game does not have any piece declared as Neutral;Static;;;;;;
Kara;pieceDeclaredAsEach;11;false;The game does not have any piece declared as Each;Static;;;;;;
Kara;equalNumberOfPiecesOnTheBoard;11;true;;Static;;;;;;
Kara;noUndeclaredPlayerReference;12;true;;Static;;;;;;
Kara;sizeOfTrack;12;false;The length of the track is 6;Static;;;;;;
Kay;lineLessOrEqualThanBoardSide;18;false;Line concept is not present;Static;;;;;;
Kay;pieceDeclaredAsShared;19;false;A Shared Piece must appear at least twice in the description;Static;;;;;;
Kay;pieceDeclaredAsNeutral;20;false;The game does not have any piece declared as Neutral;Static;;;;;;
Kay;pieceDeclaredAsEach;19;false;The game does not have any piece declared as Each;Static;;;;;;
Kay;equalNumberOfPiecesOnTheBoard;18;true;;Static;;;;;;
Kay;noUndeclaredPlayerReference;17;true;;Static;;;;;;
Kay;sizeOfTrack;19;false;The length of the track is 12;Static;;;;;;
Khrour;lineLessOrEqualThanBoardSide;19;false;Line concept is not present;Static;;;;;;
Khrour;pieceDeclaredAsShared;19;false;A Shared Piece must appear at least twice in the description;Static;;;;;;
Khrour;pieceDeclaredAsNeutral;20;false;The game does not have any piece declared as Neutral;Static;;;;;;
Khrour;pieceDeclaredAsEach;19;false;The game does not have any piece declared as Each;Static;;;;;;
Khrour;equalNumberOfPiecesOnTheBoard;19;true;;Static;;;;;;
Khrour;noUndeclaredPlayerReference;20;true;;Static;;;;;;
Khrour;sizeOfTrack;20;false;The length of the track is 1;Static;;;;;;
Khutka Boia;lineLessOrEqualThanBoardSide;38;false;Line concept is not present;Static;;;;;;
Khutka Boia;pieceDeclaredAsShared;34;false;A Shared Piece must appear at least twice in the description;Static;;;;;;
Khutka Boia;pieceDeclaredAsNeutral;34;false;The game does not have any piece declared as Neutral;Static;;;;;;
Khutka Boia;pieceDeclaredAsEach;33;false;The game does not have any piece declared as Each;Static;;;;;;
Khutka Boia;equalNumberOfPiecesOnTheBoard;34;true;;Static;;;;;;
Khutka Boia;noUndeclaredPlayerReference;36;true;;Static;;;;;;
Khutka Boia;sizeOfTrack;33;false;The length of the track is 4;Static;;;;;;
Kiuthi;lineLessOrEqualThanBoardSide;113;false;Line concept is not present;Static;;;;;;
Kiuthi;pieceDeclaredAsShared;112;false;A Shared Piece must appear at least twice in the description;Static;;;;;;
Kiuthi;pieceDeclaredAsNeutral;110;false;The game does not have any piece declared as Neutral;Static;;;;;;
Kiuthi;pieceDeclaredAsEach;105;false;The game does not have any piece declared as Each;Static;;;;;;
Kiuthi;equalNumberOfPiecesOnTheBoard;114;true;;Static;;;;;;
Kiuthi;noUndeclaredPlayerReference;118;true;;Static;;;;;;
Kiuthi;sizeOfTrack;109;false;The length of the track is 12;Static;;;;;;
Koro;lineLessOrEqualThanBoardSide;15;false;Line concept is not present;Static;;;;;;
Koro;pieceDeclaredAsShared;14;false;A Shared Piece must appear at least twice in the description;Static;;;;;;
Koro;pieceDeclaredAsNeutral;14;false;The game does not have any piece declared as Neutral;Static;;;;;;
Koro;pieceDeclaredAsEach;14;false;The game does not have any piece declared as Each;Static;;;;;;
Koro;equalNumberOfPiecesOnTheBoard;17;true;;Static;;;;;;
Koro;noUndeclaredPlayerReference;15;true;;Static;;;;;;
Koro;sizeOfTrack;14;false;The length of the track is 12;Static;;;;;;
Kotu Baendum;lineLessOrEqualThanBoardSide;160;false;Line concept is not present;Static;;;;;;
Kotu Baendum;pieceDeclaredAsShared;162;false;A Shared Piece must appear at least twice in the description;Static;;;;;;
Kotu Baendum;pieceDeclaredAsNeutral;155;false;The game does not have any piece declared as Neutral;Static;;;;;;
Kotu Baendum;pieceDeclaredAsEach;154;false;The game does not have any piece declared as Each;Static;;;;;;
Kotu Baendum;equalNumberOfPiecesOnTheBoard;154;true;;Static;;;;;;
Kotu Baendum;noUndeclaredPlayerReference;154;true;;Static;;;;;;
Kotu Baendum;sizeOfTrack;157;false;The length of the track is 14;Static;;;;;;
Kpo;lineLessOrEqualThanBoardSide;10;false;Line concept is not present;Static;;;;;;
Kpo;pieceDeclaredAsShared;8;false;A Shared Piece must appear at least twice in the description;Static;;;;;;
Kpo;pieceDeclaredAsNeutral;8;false;The game does not have any piece declared as Neutral;Static;;;;;;
Kpo;pieceDeclaredAsEach;9;false;The game does not have any piece declared as Each;Static;;;;;;
Kpo;equalNumberOfPiecesOnTheBoard;8;true;;Static;;;;;;
Kpo;noUndeclaredPlayerReference;9;true;;Static;;;;;;
Kpo;sizeOfTrack;8;false;The length of the track is 12;Static;;;;;;
La'b Akila;lineLessOrEqualThanBoardSide;24;false;Line concept is not present;Static;;;;;;
La'b Akila;pieceDeclaredAsShared;23;false;A Shared Piece must appear at least twice in the description;Static;;;;;;
La'b Akila;pieceDeclaredAsNeutral;24;false;The game does not have any piece declared as Neutral;Static;;;;;;
La'b Akila;pieceDeclaredAsEach;23;false;The game does not have any piece declared as Each;Static;;;;;;
La'b Akila;equalNumberOfPiecesOnTheBoard;23;true;;Static;;;;;;
La'b Akila;noUndeclaredPlayerReference;23;true;;Static;;;;;;
La'b Akila;sizeOfTrack;23;false;The length of the track is 6;Static;;;;;;
Lam Waladach;lineLessOrEqualThanBoardSide;22;false;Line concept is not present;Static;;;;;;
Lam Waladach;pieceDeclaredAsShared;20;false;A Shared Piece must appear at least twice in the description;Static;;;;;;
Lam Waladach;pieceDeclaredAsNeutral;20;false;The game does not have any piece declared as Neutral;Static;;;;;;
Lam Waladach;pieceDeclaredAsEach;21;false;The game does not have any piece declared as Each;Static;;;;;;
Lam Waladach;equalNumberOfPiecesOnTheBoard;22;true;;Static;;;;;;
Lam Waladach;noUndeclaredPlayerReference;21;true;;Static;;;;;;
Lam Waladach;sizeOfTrack;22;false;The length of the track is 5;Static;;;;;;
Lamosh;lineLessOrEqualThanBoardSide;27;false;Line concept is not present;Static;;;;;;
Lamosh;pieceDeclaredAsShared;25;false;A Shared Piece must appear at least twice in the description;Static;;;;;;
Lamosh;pieceDeclaredAsNeutral;24;false;The game does not have any piece declared as Neutral;Static;;;;;;
Lamosh;pieceDeclaredAsEach;25;false;The game does not have any piece declared as Each;Static;;;;;;
Lamosh;equalNumberOfPiecesOnTheBoard;24;true;;Static;;;;;;
Lamosh;noUndeclaredPlayerReference;28;true;;Static;;;;;;
Lamosh;sizeOfTrack;26;false;The length of the track is 5;Static;;;;;;
Laomuzhu;lineLessOrEqualThanBoardSide;43;false;Line concept is not present;Static;;;;;;
Laomuzhu;pieceDeclaredAsShared;41;true;;Static;;;;;;
Laomuzhu;pieceDeclaredAsNeutral;42;false;The game does not have any piece declared as Neutral;Static;;;;;;
Laomuzhu;pieceDeclaredAsEach;43;false;The game does not have any piece declared as Each;Static;;;;;;
Laomuzhu;equalNumberOfPiecesOnTheBoard;42;true;;Static;;;;;;
Laomuzhu;noUndeclaredPlayerReference;42;true;;Static;;;;;;
Laomuzhu;sizeOfTrack;42;false;The length of the track is 4;Static;;;;;;
Leyla Gobale (Gabradarre);lineLessOrEqualThanBoardSide;31;false;Line concept is not present;Static;;;;;;
Leyla Gobale (Gabradarre);pieceDeclaredAsShared;31;false;A Shared Piece must appear at least twice in the description;Static;;;;;;
Leyla Gobale (Gabradarre);pieceDeclaredAsNeutral;30;false;The game does not have any piece declared as Neutral;Static;;;;;;
Leyla Gobale (Gabradarre);pieceDeclaredAsEach;30;false;The game does not have any piece declared as Each;Static;;;;;;
Leyla Gobale (Gabradarre);equalNumberOfPiecesOnTheBoard;29;true;;Static;;;;;;
Leyla Gobale (Gabradarre);noUndeclaredPlayerReference;30;true;;Static;;;;;;
Leyla Gobale (Gabradarre);sizeOfTrack;33;false;The length of the track is 5;Static;;;;;;
Leyla Gobale (Somaliland);lineLessOrEqualThanBoardSide;33;false;Line concept is not present;Static;;;;;;
Leyla Gobale (Somaliland);pieceDeclaredAsShared;31;false;A Shared Piece must appear at least twice in the description;Static;;;;;;
Leyla Gobale (Somaliland);pieceDeclaredAsNeutral;30;false;The game does not have any piece declared as Neutral;Static;;;;;;
Leyla Gobale (Somaliland);pieceDeclaredAsEach;29;false;The game does not have any piece declared as Each;Static;;;;;;
Leyla Gobale (Somaliland);equalNumberOfPiecesOnTheBoard;31;true;;Static;;;;;;
Leyla Gobale (Somaliland);noUndeclaredPlayerReference;29;true;;Static;;;;;;
Leyla Gobale (Somaliland);sizeOfTrack;29;false;The length of the track is 5;Static;;;;;;
Leyla;lineLessOrEqualThanBoardSide;26;false;Line concept is not present;Static;;;;;;
Leyla;pieceDeclaredAsShared;23;false;A Shared Piece must appear at least twice in the description;Static;;;;;;
Leyla;pieceDeclaredAsNeutral;23;false;The game does not have any piece declared as Neutral;Static;;;;;;
Leyla;pieceDeclaredAsEach;23;false;The game does not have any piece declared as Each;Static;;;;;;
Leyla;equalNumberOfPiecesOnTheBoard;23;true;;Static;;;;;;
Leyla;noUndeclaredPlayerReference;23;true;;Static;;;;;;
Leyla;sizeOfTrack;22;false;The length of the track is 5;Static;;;;;;
Li'b al-'Aqil;lineLessOrEqualThanBoardSide;43;false;Line concept is not present;Static;;;;;;
Li'b al-'Aqil;pieceDeclaredAsShared;43;true;;Static;;;;;;
Li'b al-'Aqil;pieceDeclaredAsNeutral;45;false;The game does not have any piece declared as Neutral;Static;;;;;;
Li'b al-'Aqil;pieceDeclaredAsEach;44;false;The game does not have any piece declared as Each;Static;;;;;;
Li'b al-'Aqil;equalNumberOfPiecesOnTheBoard;42;true;;Static;;;;;;
Li'b al-'Aqil;noUndeclaredPlayerReference;45;true;;Static;;;;;;
Li'b al-'Aqil;sizeOfTrack;43;false;The length of the track is 5;Static;;;;;;
Li'b al-Ghashim;lineLessOrEqualThanBoardSide;44;false;Line concept is not present;Static;;;;;;
Li'b al-Ghashim;pieceDeclaredAsShared;42;true;;Static;;;;;;
Li'b al-Ghashim;pieceDeclaredAsNeutral;45;false;The game does not have any piece declared as Neutral;Static;;;;;;
Li'b al-Ghashim;pieceDeclaredAsEach;43;false;The game does not have any piece declared as Each;Static;;;;;;
Li'b al-Ghashim;equalNumberOfPiecesOnTheBoard;43;true;;Static;;;;;;
Li'b al-Ghashim;noUndeclaredPlayerReference;43;true;;Static;;;;;;
Li'b al-Ghashim;sizeOfTrack;48;false;The length of the track is 5;Static;;;;;;
Lontu-Holo;lineLessOrEqualThanBoardSide;34;false;Line concept is not present;Static;;;;;;
Lontu-Holo;pieceDeclaredAsShared;29;false;A Shared Piece must appear at least twice in the description;Static;;;;;;
Lontu-Holo;pieceDeclaredAsNeutral;27;false;The game does not have any piece declared as Neutral;Static;;;;;;
Lontu-Holo;pieceDeclaredAsEach;27;false;The game does not have any piece declared as Each;Static;;;;;;
Lontu-Holo;equalNumberOfPiecesOnTheBoard;28;true;;Static;;;;;;
Lontu-Holo;noUndeclaredPlayerReference;26;true;;Static;;;;;;
Lontu-Holo;sizeOfTrack;28;false;The owner 0 does not have a track;Static;;;;;;
Luuth;lineLessOrEqualThanBoardSide;19;false;Line concept is not present;Static;;;;;;
Luuth;pieceDeclaredAsShared;16;false;A Shared Piece must appear at least twice in the description;Static;;;;;;
Luuth;pieceDeclaredAsNeutral;16;false;The game does not have any piece declared as Neutral;Static;;;;;;
Luuth;pieceDeclaredAsEach;16;false;The game does not have any piece declared as Each;Static;;;;;;
Luuth;equalNumberOfPiecesOnTheBoard;17;true;;Static;;;;;;
Luuth;noUndeclaredPlayerReference;15;true;;Static;;;;;;
Luuth;sizeOfTrack;17;false;The length of the track is 6;Static;;;;;;
Main Chongkak;lineLessOrEqualThanBoardSide;24;false;Line concept is not present;Static;;;;;;
Main Chongkak;pieceDeclaredAsShared;22;false;A Shared Piece must appear at least twice in the description;Static;;;;;;
Main Chongkak;pieceDeclaredAsNeutral;23;false;The game does not have any piece declared as Neutral;Static;;;;;;
Main Chongkak;pieceDeclaredAsEach;23;false;The game does not have any piece declared as Each;Static;;;;;;
Main Chongkak;equalNumberOfPiecesOnTheBoard;24;true;;Static;;;;;;
Main Chongkak;noUndeclaredPlayerReference;23;true;;Static;;;;;;
Main Chongkak;sizeOfTrack;23;false;The length of the track is 14;Static;;;;;;
Mangala (Bedouin);lineLessOrEqualThanBoardSide;20;false;Line concept is not present;Static;;;;;;
Mangala (Bedouin);pieceDeclaredAsShared;20;true;;Static;;;;;;
Mangala (Bedouin);pieceDeclaredAsNeutral;18;false;The game does not have any piece declared as Neutral;Static;;;;;;
Mangala (Bedouin);pieceDeclaredAsEach;17;false;The game does not have any piece declared as Each;Static;;;;;;
Mangala (Bedouin);equalNumberOfPiecesOnTheBoard;17;true;;Static;;;;;;
Mangala (Bedouin);noUndeclaredPlayerReference;18;true;;Static;;;;;;
Mangala (Bedouin);sizeOfTrack;17;false;The length of the track is 5;Static;;;;;;
Mangala (Suez);lineLessOrEqualThanBoardSide;14;false;Line concept is not present;Static;;;;;;
Mangala (Suez);pieceDeclaredAsShared;15;false;A Shared Piece must appear at least twice in the description;Static;;;;;;
Mangala (Suez);pieceDeclaredAsNeutral;15;false;The game does not have any piece declared as Neutral;Static;;;;;;
Mangala (Suez);pieceDeclaredAsEach;14;false;The game does not have any piece declared as Each;Static;;;;;;
Mangala (Suez);equalNumberOfPiecesOnTheBoard;14;true;;Static;;;;;;
Mangala (Suez);noUndeclaredPlayerReference;13;true;;Static;;;;;;
Mangala (Suez);sizeOfTrack;13;false;The length of the track is 5;Static;;;;;;
Mangala (Turkey);lineLessOrEqualThanBoardSide;12;false;Line concept is not present;Static;;;;;;
Mangala (Turkey);pieceDeclaredAsShared;11;false;A Shared Piece must appear at least twice in the description;Static;;;;;;
Mangala (Turkey);pieceDeclaredAsNeutral;11;false;The game does not have any piece declared as Neutral;Static;;;;;;
Mangala (Turkey);pieceDeclaredAsEach;11;false;The game does not have any piece declared as Each;Static;;;;;;
Mangala (Turkey);equalNumberOfPiecesOnTheBoard;12;true;;Static;;;;;;
Mangala (Turkey);noUndeclaredPlayerReference;11;true;;Static;;;;;;
Mangala (Turkey);sizeOfTrack;11;false;The length of the track is 6;Static;;;;;;
Mankala;lineLessOrEqualThanBoardSide;13;false;Line concept is not present;Static;;;;;;
Mankala;pieceDeclaredAsShared;11;false;A Shared Piece must appear at least twice in the description;Static;;;;;;
Mankala;pieceDeclaredAsNeutral;12;false;The game does not have any piece declared as Neutral;Static;;;;;;
Mankala;pieceDeclaredAsEach;11;false;The game does not have any piece declared as Each;Static;;;;;;
Mankala;equalNumberOfPiecesOnTheBoard;13;true;;Static;;;;;;
Mankala;noUndeclaredPlayerReference;12;true;;Static;;;;;;
Mankala;sizeOfTrack;11;false;The length of the track is 5;Static;;;;;;
Mawkar Katiya;lineLessOrEqualThanBoardSide;45;false;Line concept is not present;Static;;;;;;
Mawkar Katiya;pieceDeclaredAsShared;45;false;A Shared Piece must appear at least twice in the description;Static;;;;;;
Mawkar Katiya;pieceDeclaredAsNeutral;50;false;The game does not have any piece declared as Neutral;Static;;;;;;
Mawkar Katiya;pieceDeclaredAsEach;48;false;The game does not have any piece declared as Each;Static;;;;;;
Mawkar Katiya;equalNumberOfPiecesOnTheBoard;47;true;;Static;;;;;;
Mawkar Katiya;noUndeclaredPlayerReference;49;true;;Static;;;;;;
Mawkar Katiya;sizeOfTrack;46;false;The length of the track is 6;Static;;;;;;
Meusueb;lineLessOrEqualThanBoardSide;19;false;Line concept is not present;Static;;;;;;
Meusueb;pieceDeclaredAsShared;20;false;A Shared Piece must appear at least twice in the description;Static;;;;;;
Meusueb;pieceDeclaredAsNeutral;19;false;The game does not have any piece declared as Neutral;Static;;;;;;
Meusueb;pieceDeclaredAsEach;19;false;The game does not have any piece declared as Each;Static;;;;;;
Meusueb;equalNumberOfPiecesOnTheBoard;19;true;;Static;;;;;;
Meusueb;noUndeclaredPlayerReference;19;true;;Static;;;;;;
Meusueb;sizeOfTrack;18;false;The length of the track is 12;Static;;;;;;
Mewegae;lineLessOrEqualThanBoardSide;33;false;Line concept is not present;Static;;;;;;
Mewegae;pieceDeclaredAsShared;32;false;A Shared Piece must appear at least twice in the description;Static;;;;;;
Mewegae;pieceDeclaredAsNeutral;33;false;The game does not have any piece declared as Neutral;Static;;;;;;
Mewegae;pieceDeclaredAsEach;34;false;The game does not have any piece declared as Each;Static;;;;;;
Mewegae;equalNumberOfPiecesOnTheBoard;39;true;;Static;;;;;;
Mewegae;noUndeclaredPlayerReference;34;true;;Static;;;;;;
Mewegae;sizeOfTrack;34;false;The length of the track is 5;Static;;;;;;
Mewelad;lineLessOrEqualThanBoardSide;22;false;Line concept is not present;Static;;;;;;
Mewelad;pieceDeclaredAsShared;20;false;A Shared Piece must appear at least twice in the description;Static;;;;;;
Mewelad;pieceDeclaredAsNeutral;26;false;The game does not have any piece declared as Neutral;Static;;;;;;
Mewelad;pieceDeclaredAsEach;24;false;The game does not have any piece declared as Each;Static;;;;;;
Mewelad;equalNumberOfPiecesOnTheBoard;22;true;;Static;;;;;;
Mewelad;noUndeclaredPlayerReference;21;true;;Static;;;;;;
Mewelad;sizeOfTrack;21;false;The length of the track is 5;Static;;;;;;
Motiq;lineLessOrEqualThanBoardSide;34;false;Line concept is not present;Static;;;;;;
Motiq;pieceDeclaredAsShared;33;false;A Shared Piece must appear at least twice in the description;Static;;;;;;
Motiq;pieceDeclaredAsNeutral;34;false;The game does not have any piece declared as Neutral;Static;;;;;;
Motiq;pieceDeclaredAsEach;36;false;The game does not have any piece declared as Each;Static;;;;;;
Motiq;equalNumberOfPiecesOnTheBoard;33;true;;Static;;;;;;
Motiq;noUndeclaredPlayerReference;34;true;;Static;;;;;;
Motiq;sizeOfTrack;37;false;The length of the track is 6;Static;;;;;;
Ntyenge;lineLessOrEqualThanBoardSide;15;false;Line concept is not present;Static;;;;;;
Ntyenge;pieceDeclaredAsShared;10;false;A Shared Piece must appear at least twice in the description;Static;;;;;;
Ntyenge;pieceDeclaredAsNeutral;10;false;The game does not have any piece declared as Neutral;Static;;;;;;
Ntyenge;pieceDeclaredAsEach;9;false;The game does not have any piece declared as Each;Static;;;;;;
Ntyenge;equalNumberOfPiecesOnTheBoard;9;true;;Static;;;;;;
Ntyenge;noUndeclaredPlayerReference;9;true;;Static;;;;;;
Ntyenge;sizeOfTrack;12;false;The length of the track is 7;Static;;;;;;
O An Quan;lineLessOrEqualThanBoardSide;123;false;Line concept is not present;Static;;;;;;
O An Quan;pieceDeclaredAsShared;122;true;;Static;;;;;;
O An Quan;pieceDeclaredAsNeutral;121;false;The game does not have any piece declared as Neutral;Static;;;;;;
O An Quan;pieceDeclaredAsEach;125;false;The game does not have any piece declared as Each;Static;;;;;;
O An Quan;equalNumberOfPiecesOnTheBoard;125;true;;Static;;;;;;
O An Quan;noUndeclaredPlayerReference;123;true;;Static;;;;;;
O An Quan;sizeOfTrack;118;false;The length of the track is 6;Static;;;;;;
Obridje;lineLessOrEqualThanBoardSide;18;false;Line concept is not present;Static;;;;;;
Obridje;pieceDeclaredAsShared;18;false;A Shared Piece must appear at least twice in the description;Static;;;;;;
Obridje;pieceDeclaredAsNeutral;17;false;The game does not have any piece declared as Neutral;Static;;;;;;
Obridje;pieceDeclaredAsEach;17;false;The game does not have any piece declared as Each;Static;;;;;;
Obridje;equalNumberOfPiecesOnTheBoard;17;true;;Static;;;;;;
Obridje;noUndeclaredPlayerReference;16;true;;Static;;;;;;
Obridje;sizeOfTrack;17;false;The length of the track is 12;Static;;;;;;
Okwe (Nigeria);lineLessOrEqualThanBoardSide;21;false;Line concept is not present;Static;;;;;;
Okwe (Nigeria);pieceDeclaredAsShared;20;false;A Shared Piece must appear at least twice in the description;Static;;;;;;
Okwe (Nigeria);pieceDeclaredAsNeutral;20;false;The game does not have any piece declared as Neutral;Static;;;;;;
Okwe (Nigeria);pieceDeclaredAsEach;21;false;The game does not have any piece declared as Each;Static;;;;;;
Okwe (Nigeria);equalNumberOfPiecesOnTheBoard;22;true;;Static;;;;;;
Okwe (Nigeria);noUndeclaredPlayerReference;22;true;;Static;;;;;;
Okwe (Nigeria);sizeOfTrack;20;false;The length of the track is 9;Static;;;;;;
Omangunta Peeta;lineLessOrEqualThanBoardSide;40;false;Line concept is not present;Static;;;;;;
Omangunta Peeta;pieceDeclaredAsShared;42;false;A Shared Piece must appear at least twice in the description;Static;;;;;;
Omangunta Peeta;pieceDeclaredAsNeutral;42;false;The game does not have any piece declared as Neutral;Static;;;;;;
Omangunta Peeta;pieceDeclaredAsEach;42;false;The game does not have any piece declared as Each;Static;;;;;;
Omangunta Peeta;equalNumberOfPiecesOnTheBoard;40;true;;Static;;;;;;
Omangunta Peeta;noUndeclaredPlayerReference;40;true;;Static;;;;;;
Omangunta Peeta;sizeOfTrack;39;false;The length of the track is 6;Static;;;;;;
Oure Ngat;lineLessOrEqualThanBoardSide;10;false;Line concept is not present;Static;;;;;;
Oure Ngat;pieceDeclaredAsShared;9;false;A Shared Piece must appear at least twice in the description;Static;;;;;;
Oure Ngat;pieceDeclaredAsNeutral;10;false;The game does not have any piece declared as Neutral;Static;;;;;;
Oure Ngat;pieceDeclaredAsEach;9;false;The game does not have any piece declared as Each;Static;;;;;;
Oure Ngat;equalNumberOfPiecesOnTheBoard;10;true;;Static;;;;;;
Oure Ngat;noUndeclaredPlayerReference;9;true;;Static;;;;;;
Oure Ngat;sizeOfTrack;11;true;;Static;;;;;;
Ovalhu;lineLessOrEqualThanBoardSide;30;false;Line concept is not present;Static;;;;;;
Ovalhu;pieceDeclaredAsShared;29;false;A Shared Piece must appear at least twice in the description;Static;;;;;;
Ovalhu;pieceDeclaredAsNeutral;29;false;The game does not have any piece declared as Neutral;Static;;;;;;
Ovalhu;pieceDeclaredAsEach;28;false;The game does not have any piece declared as Each;Static;;;;;;
Ovalhu;equalNumberOfPiecesOnTheBoard;28;true;;Static;;;;;;
Ovalhu;noUndeclaredPlayerReference;29;true;;Static;;;;;;
Ovalhu;sizeOfTrack;31;false;The owner 0 does not have a track;Static;;;;;;
Oware;lineLessOrEqualThanBoardSide;54;false;Line concept is not present;Static;;;;;;
Oware;pieceDeclaredAsShared;54;false;A Shared Piece must appear at least twice in the description;Static;;;;;;
Oware;pieceDeclaredAsNeutral;57;false;The game does not have any piece declared as Neutral;Static;;;;;;
Oware;pieceDeclaredAsEach;56;false;The game does not have any piece declared as Each;Static;;;;;;
Oware;equalNumberOfPiecesOnTheBoard;63;true;;Static;;;;;;
Oware;noUndeclaredPlayerReference;57;true;;Static;;;;;;
Oware;sizeOfTrack;59;false;The length of the track is 12;Static;;;;;;
Pachgarhwa;lineLessOrEqualThanBoardSide;16;false;Line concept is not present;Static;;;;;;
Pachgarhwa;pieceDeclaredAsShared;15;false;A Shared Piece must appear at least twice in the description;Static;;;;;;
Pachgarhwa;pieceDeclaredAsNeutral;15;false;The game does not have any piece declared as Neutral;Static;;;;;;
Pachgarhwa;pieceDeclaredAsEach;16;false;The game does not have any piece declared as Each;Static;;;;;;
Pachgarhwa;equalNumberOfPiecesOnTheBoard;15;true;;Static;;;;;;
Pachgarhwa;noUndeclaredPlayerReference;14;true;;Static;;;;;;
Pachgarhwa;sizeOfTrack;15;false;The length of the track is 4;Static;;;;;;
Pallankuli;lineLessOrEqualThanBoardSide;29;false;Line concept is not present;Static;;;;;;
Pallankuli;pieceDeclaredAsShared;27;false;A Shared Piece must appear at least twice in the description;Static;;;;;;
Pallankuli;pieceDeclaredAsNeutral;26;false;The game does not have any piece declared as Neutral;Static;;;;;;
Pallankuli;pieceDeclaredAsEach;27;false;The game does not have any piece declared as Each;Static;;;;;;
Pallankuli;equalNumberOfPiecesOnTheBoard;27;true;;Static;;;;;;
Pallankuli;noUndeclaredPlayerReference;27;true;;Static;;;;;;
Pallankuli;sizeOfTrack;26;false;The length of the track is 6;Static;;;;;;
Papan Dakon;lineLessOrEqualThanBoardSide;22;false;Line concept is not present;Static;;;;;;
Papan Dakon;pieceDeclaredAsShared;23;false;A Shared Piece must appear at least twice in the description;Static;;;;;;
Papan Dakon;pieceDeclaredAsNeutral;21;false;The game does not have any piece declared as Neutral;Static;;;;;;
Papan Dakon;pieceDeclaredAsEach;20;false;The game does not have any piece declared as Each;Static;;;;;;
Papan Dakon;equalNumberOfPiecesOnTheBoard;19;true;;Static;;;;;;
Papan Dakon;noUndeclaredPlayerReference;19;true;;Static;;;;;;
Papan Dakon;sizeOfTrack;19;false;The owner 0 does not have a track;Static;;;;;;
Puhulmutu;lineLessOrEqualThanBoardSide;119;false;Line concept is not present;Static;;;;;;
Puhulmutu;pieceDeclaredAsShared;112;false;A Shared Piece must appear at least twice in the description;Static;;;;;;
Puhulmutu;pieceDeclaredAsNeutral;113;false;The game does not have any piece declared as Neutral;Static;;;;;;
Puhulmutu;pieceDeclaredAsEach;120;false;The game does not have any piece declared as Each;Static;;;;;;
Puhulmutu;equalNumberOfPiecesOnTheBoard;117;true;;Static;;;;;;
Puhulmutu;noUndeclaredPlayerReference;115;true;;Static;;;;;;
Puhulmutu;sizeOfTrack;114;false;The length of the track is 14;Static;;;;;;
Qelat (Beni Amir-Mensa);lineLessOrEqualThanBoardSide;18;false;Line concept is not present;Static;;;;;;
Qelat (Beni Amir-Mensa);pieceDeclaredAsShared;17;false;A Shared Piece must appear at least twice in the description;Static;;;;;;
Qelat (Beni Amir-Mensa);pieceDeclaredAsNeutral;16;false;The game does not have any piece declared as Neutral;Static;;;;;;
Qelat (Beni Amir-Mensa);pieceDeclaredAsEach;17;false;The game does not have any piece declared as Each;Static;;;;;;
Qelat (Beni Amir-Mensa);equalNumberOfPiecesOnTheBoard;17;true;;Static;;;;;;
Qelat (Beni Amir-Mensa);noUndeclaredPlayerReference;17;true;;Static;;;;;;
Qelat (Beni Amir-Mensa);sizeOfTrack;16;false;The length of the track is 12;Static;;;;;;
Qelat;lineLessOrEqualThanBoardSide;26;false;Line concept is not present;Static;;;;;;
Qelat;pieceDeclaredAsShared;26;false;A Shared Piece must appear at least twice in the description;Static;;;;;;
Qelat;pieceDeclaredAsNeutral;26;false;The game does not have any piece declared as Neutral;Static;;;;;;
Qelat;pieceDeclaredAsEach;27;false;The game does not have any piece declared as Each;Static;;;;;;
Qelat;equalNumberOfPiecesOnTheBoard;27;true;;Static;;;;;;
Qelat;noUndeclaredPlayerReference;25;true;;Static;;;;;;
Qelat;sizeOfTrack;25;false;The length of the track is 5;Static;;;;;;
Raja Pasu Mandiri;lineLessOrEqualThanBoardSide;52;false;Line concept is not present;Static;;;;;;
Raja Pasu Mandiri;pieceDeclaredAsShared;53;false;A Shared Piece must appear at least twice in the description;Static;;;;;;
Raja Pasu Mandiri;pieceDeclaredAsNeutral;52;false;The game does not have any piece declared as Neutral;Static;;;;;;
Raja Pasu Mandiri;pieceDeclaredAsEach;52;false;The game does not have any piece declared as Each;Static;;;;;;
Raja Pasu Mandiri;equalNumberOfPiecesOnTheBoard;51;true;;Static;;;;;;
Raja Pasu Mandiri;noUndeclaredPlayerReference;53;true;;Static;;;;;;
Raja Pasu Mandiri;sizeOfTrack;51;false;The length of the track is 14;Static;;;;;;
Rio Kadalis;lineLessOrEqualThanBoardSide;20;false;Line concept is not present;Static;;;;;;
Rio Kadalis;pieceDeclaredAsShared;21;false;A Shared Piece must appear at least twice in the description;Static;;;;;;
Rio Kadalis;pieceDeclaredAsNeutral;21;false;The game does not have any piece declared as Neutral;Static;;;;;;
Rio Kadalis;pieceDeclaredAsEach;20;false;The game does not have any piece declared as Each;Static;;;;;;
Rio Kadalis;equalNumberOfPiecesOnTheBoard;21;true;;Static;;;;;;
Rio Kadalis;noUndeclaredPlayerReference;21;true;;Static;;;;;;
Rio Kadalis;sizeOfTrack;22;false;The length of the track is 5;Static;;;;;;
Shono;lineLessOrEqualThanBoardSide;30;false;Line concept is not present;Static;;;;;;
Shono;pieceDeclaredAsShared;29;false;A Shared Piece must appear at least twice in the description;Static;;;;;;
Shono;pieceDeclaredAsNeutral;30;false;The game does not have any piece declared as Neutral;Static;;;;;;
Shono;pieceDeclaredAsEach;29;false;The game does not have any piece declared as Each;Static;;;;;;
Shono;equalNumberOfPiecesOnTheBoard;30;true;;Static;;;;;;
Shono;noUndeclaredPlayerReference;30;true;;Static;;;;;;
Shono;sizeOfTrack;29;false;The length of the track is 12;Static;;;;;;
Sonka;lineLessOrEqualThanBoardSide;14;false;Line concept is not present;Static;;;;;;
Sonka;pieceDeclaredAsShared;14;false;A Shared Piece must appear at least twice in the description;Static;;;;;;
Sonka;pieceDeclaredAsNeutral;17;false;The game does not have any piece declared as Neutral;Static;;;;;;
Sonka;pieceDeclaredAsEach;18;false;The game does not have any piece declared as Each;Static;;;;;;
Sonka;equalNumberOfPiecesOnTheBoard;17;true;;Static;;;;;;
Sonka;noUndeclaredPlayerReference;16;true;;Static;;;;;;
Sonka;sizeOfTrack;15;false;The owner 0 does not have a track;Static;;;;;;
Sungka;lineLessOrEqualThanBoardSide;17;false;Line concept is not present;Static;;;;;;
Sungka;pieceDeclaredAsShared;15;false;A Shared Piece must appear at least twice in the description;Static;;;;;;
Sungka;pieceDeclaredAsNeutral;15;false;The game does not have any piece declared as Neutral;Static;;;;;;
Sungka;pieceDeclaredAsEach;18;false;The game does not have any piece declared as Each;Static;;;;;;
Sungka;equalNumberOfPiecesOnTheBoard;18;true;;Static;;;;;;
Sungka;noUndeclaredPlayerReference;17;true;;Static;;;;;;
Sungka;sizeOfTrack;17;false;The length of the track is 16;Static;;;;;;
Tap Urdy;lineLessOrEqualThanBoardSide;16;false;Line concept is not present;Static;;;;;;
Tap Urdy;pieceDeclaredAsShared;15;false;A Shared Piece must appear at least twice in the description;Static;;;;;;
Tap Urdy;pieceDeclaredAsNeutral;15;false;The game does not have any piece declared as Neutral;Static;;;;;;
Tap Urdy;pieceDeclaredAsEach;14;false;The game does not have any piece declared as Each;Static;;;;;;
Tap Urdy;equalNumberOfPiecesOnTheBoard;15;true;;Static;;;;;;
Tap Urdy;noUndeclaredPlayerReference;15;true;;Static;;;;;;
Tap Urdy;sizeOfTrack;15;false;The length of the track is 5;Static;;;;;;
Tapata;lineLessOrEqualThanBoardSide;18;false;Line concept is not present;Static;;;;;;
Tapata;pieceDeclaredAsShared;18;false;A Shared Piece must appear at least twice in the description;Static;;;;;;
Tapata;pieceDeclaredAsNeutral;20;false;The game does not have any piece declared as Neutral;Static;;;;;;
Tapata;pieceDeclaredAsEach;18;false;The game does not have any piece declared as Each;Static;;;;;;
Tapata;equalNumberOfPiecesOnTheBoard;18;true;;Static;;;;;;
Tapata;noUndeclaredPlayerReference;18;true;;Static;;;;;;
Tapata;sizeOfTrack;19;false;The length of the track is 24;Static;;;;;;
Ti;lineLessOrEqualThanBoardSide;25;false;Line concept is not present;Static;;;;;;
Ti;pieceDeclaredAsShared;26;true;;Static;;;;;;
Ti;pieceDeclaredAsNeutral;29;false;The game does not have any piece declared as Neutral;Static;;;;;;
Ti;pieceDeclaredAsEach;26;false;The game does not have any piece declared as Each;Static;;;;;;
Ti;equalNumberOfPiecesOnTheBoard;29;true;;Static;;;;;;
Ti;noUndeclaredPlayerReference;25;true;;Static;;;;;;
Ti;sizeOfTrack;27;false;The length of the track is 12;Static;;;;;;
Toguz Kumalak;lineLessOrEqualThanBoardSide;33;false;Line concept is not present;Static;;;;;;
Toguz Kumalak;pieceDeclaredAsShared;31;false;A Shared Piece must appear at least twice in the description;Static;;;;;;
Toguz Kumalak;pieceDeclaredAsNeutral;30;false;The game does not have any piece declared as Neutral;Static;;;;;;
Toguz Kumalak;pieceDeclaredAsEach;33;false;The game does not have any piece declared as Each;Static;;;;;;
Toguz Kumalak;equalNumberOfPiecesOnTheBoard;32;true;;Static;;;;;;
Toguz Kumalak;noUndeclaredPlayerReference;30;true;;Static;;;;;;
Toguz Kumalak;sizeOfTrack;30;false;The length of the track is 18;Static;;;;;;
Tuz;lineLessOrEqualThanBoardSide;32;false;Line concept is not present;Static;;;;;;
Tuz;pieceDeclaredAsShared;32;false;A Shared Piece must appear at least twice in the description;Static;;;;;;
Tuz;pieceDeclaredAsNeutral;33;false;The game does not have any piece declared as Neutral;Static;;;;;;
Tuz;pieceDeclaredAsEach;33;false;The game does not have any piece declared as Each;Static;;;;;;
Tuz;equalNumberOfPiecesOnTheBoard;37;true;;Static;;;;;;
Tuz;noUndeclaredPlayerReference;35;true;;Static;;;;;;
Tuz;sizeOfTrack;33;false;The length of the track is 5;Static;;;;;;
Um el Banat;lineLessOrEqualThanBoardSide;25;false;Line concept is not present;Static;;;;;;
Um el Banat;pieceDeclaredAsShared;24;false;A Shared Piece must appear at least twice in the description;Static;;;;;;
Um el Banat;pieceDeclaredAsNeutral;26;false;The game does not have any piece declared as Neutral;Static;;;;;;
Um el Banat;pieceDeclaredAsEach;24;false;The game does not have any piece declared as Each;Static;;;;;;
Um el Banat;equalNumberOfPiecesOnTheBoard;25;true;;Static;;;;;;
Um el Banat;noUndeclaredPlayerReference;24;true;;Static;;;;;;
Um el Banat;sizeOfTrack;24;false;The length of the track is 5;Static;;;;;;
Um el Tuweisat;lineLessOrEqualThanBoardSide;45;false;Line concept is not present;Static;;;;;;
Um el Tuweisat;pieceDeclaredAsShared;46;false;A Shared Piece must appear at least twice in the description;Static;;;;;;
Um el Tuweisat;pieceDeclaredAsNeutral;45;false;The game does not have any piece declared as Neutral;Static;;;;;;
Um el Tuweisat;pieceDeclaredAsEach;44;false;The game does not have any piece declared as Each;Static;;;;;;
Um el Tuweisat;equalNumberOfPiecesOnTheBoard;46;true;;Static;;;;;;
Um el Tuweisat;noUndeclaredPlayerReference;52;true;;Static;;;;;;
Um el Tuweisat;sizeOfTrack;46;false;The length of the track is 2;Static;;;;;;
Um el-Bagara;lineLessOrEqualThanBoardSide;35;false;Line concept is not present;Static;;;;;;
Um el-Bagara;pieceDeclaredAsShared;37;false;A Shared Piece must appear at least twice in the description;Static;;;;;;
Um el-Bagara;pieceDeclaredAsNeutral;36;false;The game does not have any piece declared as Neutral;Static;;;;;;
Um el-Bagara;pieceDeclaredAsEach;36;false;The game does not have any piece declared as Each;Static;;;;;;
Um el-Bagara;equalNumberOfPiecesOnTheBoard;34;true;;Static;;;;;;
Um el-Bagara;noUndeclaredPlayerReference;34;true;;Static;;;;;;
Um el-Bagara;sizeOfTrack;35;false;The length of the track is 4;Static;;;;;;
Um el-Bil;lineLessOrEqualThanBoardSide;9;false;Line concept is not present;Static;;;;;;
Um el-Bil;pieceDeclaredAsShared;8;false;A Shared Piece must appear at least twice in the description;Static;;;;;;
Um el-Bil;pieceDeclaredAsNeutral;7;false;The game does not have any piece declared as Neutral;Static;;;;;;
Um el-Bil;pieceDeclaredAsEach;8;false;The game does not have any piece declared as Each;Static;;;;;;
Um el-Bil;equalNumberOfPiecesOnTheBoard;9;true;;Static;;;;;;
Um el-Bil;noUndeclaredPlayerReference;10;true;;Static;;;;;;
Um el-Bil;sizeOfTrack;9;false;The length of the track is 5;Static;;;;;;
Unnee Tugalluulax;lineLessOrEqualThanBoardSide;10;false;Line concept is not present;Static;;;;;;
Unnee Tugalluulax;pieceDeclaredAsShared;9;false;A Shared Piece must appear at least twice in the description;Static;;;;;;
Unnee Tugalluulax;pieceDeclaredAsNeutral;9;false;The game does not have any piece declared as Neutral;Static;;;;;;
Unnee Tugalluulax;pieceDeclaredAsEach;9;false;The game does not have any piece declared as Each;Static;;;;;;
Unnee Tugalluulax;equalNumberOfPiecesOnTheBoard;9;true;;Static;;;;;;
Unnee Tugalluulax;noUndeclaredPlayerReference;8;true;;Static;;;;;;
Unnee Tugalluulax;sizeOfTrack;8;false;The length of the track is 5;Static;;;;;;
Uril;lineLessOrEqualThanBoardSide;57;false;Line concept is not present;Static;;;;;;
Uril;pieceDeclaredAsShared;54;false;A Shared Piece must appear at least twice in the description;Static;;;;;;
Uril;pieceDeclaredAsNeutral;57;false;The game does not have any piece declared as Neutral;Static;;;;;;
Uril;pieceDeclaredAsEach;54;false;The game does not have any piece declared as Each;Static;;;;;;
Uril;equalNumberOfPiecesOnTheBoard;55;true;;Static;;;;;;
Uril;noUndeclaredPlayerReference;54;true;;Static;;;;;;
Uril;sizeOfTrack;53;false;The length of the track is 12;Static;;;;;;
Uthi;lineLessOrEqualThanBoardSide;61;false;Line concept is not present;Static;;;;;;
Uthi;pieceDeclaredAsShared;64;false;A Shared Piece must appear at least twice in the description;Static;;;;;;
Uthi;pieceDeclaredAsNeutral;68;false;The game does not have any piece declared as Neutral;Static;;;;;;
Uthi;pieceDeclaredAsEach;63;false;The game does not have any piece declared as Each;Static;;;;;;
Uthi;equalNumberOfPiecesOnTheBoard;67;true;;Static;;;;;;
Uthi;noUndeclaredPlayerReference;62;true;;Static;;;;;;
Uthi;sizeOfTrack;63;false;The length of the track is 16;Static;;;;;;
Vai Lung Thlan;lineLessOrEqualThanBoardSide;10;false;Line concept is not present;Static;;;;;;
Vai Lung Thlan;pieceDeclaredAsShared;11;false;A Shared Piece must appear at least twice in the description;Static;;;;;;
Vai Lung Thlan;pieceDeclaredAsNeutral;10;false;The game does not have any piece declared as Neutral;Static;;;;;;
Vai Lung Thlan;pieceDeclaredAsEach;9;false;The game does not have any piece declared as Each;Static;;;;;;
Vai Lung Thlan;equalNumberOfPiecesOnTheBoard;10;true;;Static;;;;;;
Vai Lung Thlan;noUndeclaredPlayerReference;10;true;;Static;;;;;;
Vai Lung Thlan;sizeOfTrack;9;false;The length of the track is 5;Static;;;;;;
Wa'ache Waledat;lineLessOrEqualThanBoardSide;29;false;Line concept is not present;Static;;;;;;
Wa'ache Waledat;pieceDeclaredAsShared;28;false;A Shared Piece must appear at least twice in the description;Static;;;;;;
Wa'ache Waledat;pieceDeclaredAsNeutral;28;false;The game does not have any piece declared as Neutral;Static;;;;;;
Wa'ache Waledat;pieceDeclaredAsEach;33;false;The game does not have any piece declared as Each;Static;;;;;;
Wa'ache Waledat;equalNumberOfPiecesOnTheBoard;31;true;;Static;;;;;;
Wa'ache Waledat;noUndeclaredPlayerReference;32;true;;Static;;;;;;
Wa'ache Waledat;sizeOfTrack;30;false;The length of the track is 5;Static;;;;;;
Walak-Pussa;lineLessOrEqualThanBoardSide;138;false;Line concept is not present;Static;;;;;;
Walak-Pussa;pieceDeclaredAsShared;132;false;A Shared Piece must appear at least twice in the description;Static;;;;;;
Walak-Pussa;pieceDeclaredAsNeutral;135;false;The game does not have any piece declared as Neutral;Static;;;;;;
Walak-Pussa;pieceDeclaredAsEach;142;false;The game does not have any piece declared as Each;Static;;;;;;
Walak-Pussa;equalNumberOfPiecesOnTheBoard;136;true;;Static;;;;;;
Walak-Pussa;noUndeclaredPlayerReference;132;true;;Static;;;;;;
Walak-Pussa;sizeOfTrack;134;false;The length of the track is 14;Static;;;;;;
Wari;lineLessOrEqualThanBoardSide;8;false;Line concept is not present;Static;;;;;;
Wari;pieceDeclaredAsShared;7;false;A Shared Piece must appear at least twice in the description;Static;;;;;;
Wari;pieceDeclaredAsNeutral;8;false;The game does not have any piece declared as Neutral;Static;;;;;;
Wari;pieceDeclaredAsEach;7;false;The game does not have any piece declared as Each;Static;;;;;;
Wari;equalNumberOfPiecesOnTheBoard;8;true;;Static;;;;;;
Wari;noUndeclaredPlayerReference;7;true;;Static;;;;;;
Wari;sizeOfTrack;8;false;The length of the track is 12;Static;;;;;;
Waurie;lineLessOrEqualThanBoardSide;8;false;Line concept is not present;Static;;;;;;
Waurie;pieceDeclaredAsShared;8;false;A Shared Piece must appear at least twice in the description;Static;;;;;;
Waurie;pieceDeclaredAsNeutral;8;false;The game does not have any piece declared as Neutral;Static;;;;;;
Waurie;pieceDeclaredAsEach;10;false;The game does not have any piece declared as Each;Static;;;;;;
Waurie;equalNumberOfPiecesOnTheBoard;10;true;;Static;;;;;;
Waurie;noUndeclaredPlayerReference;8;true;;Static;;;;;;
Waurie;sizeOfTrack;8;false;The length of the track is 14;Static;;;;;;
Whyo;lineLessOrEqualThanBoardSide;44;false;Line concept is not present;Static;;;;;;
Whyo;pieceDeclaredAsShared;44;true;;Static;;;;;;
Whyo;pieceDeclaredAsNeutral;43;false;The game does not have any piece declared as Neutral;Static;;;;;;
Whyo;pieceDeclaredAsEach;44;false;The game does not have any piece declared as Each;Static;;;;;;
Whyo;equalNumberOfPiecesOnTheBoard;46;true;;Static;;;;;;
Whyo;noUndeclaredPlayerReference;43;true;;Static;;;;;;
Whyo;sizeOfTrack;44;false;The length of the track is 12;Static;;;;;;
Woli;lineLessOrEqualThanBoardSide;56;false;Line concept is not present;Static;;;;;;
Woli;pieceDeclaredAsShared;55;false;A Shared Piece must appear at least twice in the description;Static;;;;;;
Woli;pieceDeclaredAsNeutral;54;false;The game does not have any piece declared as Neutral;Static;;;;;;
Woli;pieceDeclaredAsEach;56;false;The game does not have any piece declared as Each;Static;;;;;;
Woli;equalNumberOfPiecesOnTheBoard;55;true;;Static;;;;;;
Woli;noUndeclaredPlayerReference;54;true;;Static;;;;;;
Woli;sizeOfTrack;54;false;The length of the track is 5;Static;;;;;;
Wore;lineLessOrEqualThanBoardSide;10;false;Line concept is not present;Static;;;;;;
Wore;pieceDeclaredAsShared;8;false;A Shared Piece must appear at least twice in the description;Static;;;;;;
Wore;pieceDeclaredAsNeutral;7;false;The game does not have any piece declared as Neutral;Static;;;;;;
Wore;pieceDeclaredAsEach;8;false;The game does not have any piece declared as Each;Static;;;;;;
Wore;equalNumberOfPiecesOnTheBoard;7;true;;Static;;;;;;
Wore;noUndeclaredPlayerReference;8;true;;Static;;;;;;
Wore;sizeOfTrack;8;true;;Static;;;;;;
Wouri;lineLessOrEqualThanBoardSide;26;false;Line concept is not present;Static;;;;;;
Wouri;pieceDeclaredAsShared;27;false;A Shared Piece must appear at least twice in the description;Static;;;;;;
Wouri;pieceDeclaredAsNeutral;26;false;The game does not have any piece declared as Neutral;Static;;;;;;
Wouri;pieceDeclaredAsEach;26;false;The game does not have any piece declared as Each;Static;;;;;;
Wouri;equalNumberOfPiecesOnTheBoard;27;true;;Static;;;;;;
Wouri;noUndeclaredPlayerReference;28;true;;Static;;;;;;
Wouri;sizeOfTrack;29;false;The length of the track is 5;Static;;;;;;
Yovodi;lineLessOrEqualThanBoardSide;20;false;Line concept is not present;Static;;;;;;
Yovodi;pieceDeclaredAsShared;21;false;A Shared Piece must appear at least twice in the description;Static;;;;;;
Yovodi;pieceDeclaredAsNeutral;19;false;The game does not have any piece declared as Neutral;Static;;;;;;
Yovodi;pieceDeclaredAsEach;18;false;The game does not have any piece declared as Each;Static;;;;;;
Yovodi;equalNumberOfPiecesOnTheBoard;18;true;;Static;;;;;;
Yovodi;noUndeclaredPlayerReference;19;true;;Static;;;;;;
Yovodi;sizeOfTrack;18;false;The length of the track is 12;Static;;;;;;
Yovodji;lineLessOrEqualThanBoardSide;29;false;Line concept is not present;Static;;;;;;
Yovodji;pieceDeclaredAsShared;27;false;A Shared Piece must appear at least twice in the description;Static;;;;;;
Yovodji;pieceDeclaredAsNeutral;27;false;The game does not have any piece declared as Neutral;Static;;;;;;
Yovodji;pieceDeclaredAsEach;26;false;The game does not have any piece declared as Each;Static;;;;;;
Yovodji;equalNumberOfPiecesOnTheBoard;26;true;;Static;;;;;;
Yovodji;noUndeclaredPlayerReference;25;true;;Static;;;;;;
Yovodji;sizeOfTrack;25;false;The length of the track is 5;Static;;;;;;
Yucebao;lineLessOrEqualThanBoardSide;40;false;Line concept is not present;Static;;;;;;
Yucebao;pieceDeclaredAsShared;41;true;;Static;;;;;;
Yucebao;pieceDeclaredAsNeutral;39;false;The game does not have any piece declared as Neutral;Static;;;;;;
Yucebao;pieceDeclaredAsEach;39;false;The game does not have any piece declared as Each;Static;;;;;;
Yucebao;equalNumberOfPiecesOnTheBoard;47;true;;Static;;;;;;
Yucebao;noUndeclaredPlayerReference;43;true;;Static;;;;;;
Yucebao;sizeOfTrack;42;false;The length of the track is 6;Static;;;;;;
4 Squared;lineLessOrEqualThanBoardSide;86;false;Line concept is not present;Static;;;;;;
4 Squared;pieceDeclaredAsShared;83;false;The game does not have any piece declared as Shared;Static;;;;;;
4 Squared;pieceDeclaredAsNeutral;81;false;The game does not have any piece declared as Neutral;Static;;;;;;
4 Squared;pieceDeclaredAsEach;83;true;;Static;;;;;;
4 Squared;equalNumberOfPiecesOnTheBoard;91;true;;Static;;;;;;
4 Squared;noUndeclaredPlayerReference;85;true;;Static;;;;;;
4 Squared;sizeOfTrack;84;false;Track concept is not present;Static;;;;;;
Amazons;lineLessOrEqualThanBoardSide;26;false;Line concept is not present;Static;;;;;;
Amazons;pieceDeclaredAsShared;26;false;The game does not have any piece declared as Shared;Static;;;;;;
Amazons;pieceDeclaredAsNeutral;30;true;;Static;;;;;;
Amazons;pieceDeclaredAsEach;24;true;;Static;;;;;;
Amazons;equalNumberOfPiecesOnTheBoard;24;true;;Static;;;;;;
Amazons;noUndeclaredPlayerReference;24;true;;Static;;;;;;
Amazons;sizeOfTrack;24;false;Track concept is not present;Static;;;;;;
Bamboo;lineLessOrEqualThanBoardSide;28;false;Line concept is not present;Static;;;;;;
Bamboo;pieceDeclaredAsShared;25;false;The game does not have any piece declared as Shared;Static;;;;;;
Bamboo;pieceDeclaredAsNeutral;22;false;The game does not have any piece declared as Neutral;Static;;;;;;
Bamboo;pieceDeclaredAsEach;22;false;Ludeme Each for the piece Disc requires at least one definition of DiscN, with N > 0;Static;;;;;;
Bamboo;equalNumberOfPiecesOnTheBoard;28;true;;Static;;;;;;
Bamboo;noUndeclaredPlayerReference;28;true;;Static;;;;;;
Bamboo;sizeOfTrack;26;false;Track concept is not present;Static;;;;;;
Banqi;lineLessOrEqualThanBoardSide;52;false;Line concept is not present;Static;;;;;;
Banqi;pieceDeclaredAsShared;52;false;The game does not have any piece declared as Shared;Static;;;;;;
Banqi;pieceDeclaredAsNeutral;49;false;The game does not have any piece declared as Neutral;Static;;;;;;
Banqi;pieceDeclaredAsEach;49;true;;Static;;;;;;
Banqi;equalNumberOfPiecesOnTheBoard;49;true;;Static;;;;;;
Banqi;noUndeclaredPlayerReference;48;true;;Static;;;;;;
Banqi;sizeOfTrack;58;false;Track concept is not present;Static;;;;;;
Blue Nile;lineLessOrEqualThanBoardSide;24;false;Line concept is not present;Static;;;;;;
Blue Nile;pieceDeclaredAsShared;24;false;The game does not have any piece declared as Shared;Static;;;;;;
Blue Nile;pieceDeclaredAsNeutral;25;true;;Static;;;;;;
Blue Nile;pieceDeclaredAsEach;30;false;The game does not have any piece declared as Each;Static;;;;;;
Blue Nile;equalNumberOfPiecesOnTheBoard;28;true;;Static;;;;;;
Blue Nile;noUndeclaredPlayerReference;25;true;;Static;;;;;;
Blue Nile;sizeOfTrack;22;false;Track concept is not present;Static;;;;;;
Claustro;lineLessOrEqualThanBoardSide;22;false;Line concept is not present;Static;;;;;;
Claustro;pieceDeclaredAsShared;23;false;The game does not have any piece declared as Shared;Static;;;;;;
Claustro;pieceDeclaredAsNeutral;28;false;The game does not have any piece declared as Neutral;Static;;;;;;
Claustro;pieceDeclaredAsEach;22;false;The game does not have any piece declared as Each;Static;;;;;;
Claustro;equalNumberOfPiecesOnTheBoard;22;true;;Static;;;;;;
Claustro;noUndeclaredPlayerReference;21;true;;Static;;;;;;
Claustro;sizeOfTrack;21;false;Track concept is not present;Static;;;;;;
Co Chan Cho;lineLessOrEqualThanBoardSide;10;false;Line concept is not present;Static;;;;;;
Co Chan Cho;pieceDeclaredAsShared;8;false;The game does not have any piece declared as Shared;Static;;;;;;
Co Chan Cho;pieceDeclaredAsNeutral;8;false;The game does not have any piece declared as Neutral;Static;;;;;;
Co Chan Cho;pieceDeclaredAsEach;9;true;;Static;;;;;;
Co Chan Cho;equalNumberOfPiecesOnTheBoard;8;true;;Static;;;;;;
Co Chan Cho;noUndeclaredPlayerReference;8;true;;Static;;;;;;
Co Chan Cho;sizeOfTrack;9;false;Track concept is not present;Static;;;;;;
Col;lineLessOrEqualThanBoardSide;25;false;Line concept is not present;Static;;;;;;
Col;pieceDeclaredAsShared;21;false;The game does not have any piece declared as Shared;Static;;;;;;
Col;pieceDeclaredAsNeutral;26;false;The game does not have any piece declared as Neutral;Static;;;;;;
Col;pieceDeclaredAsEach;24;false;The game does not have any piece declared as Each;Static;;;;;;
Col;equalNumberOfPiecesOnTheBoard;23;true;;Static;;;;;;
Col;noUndeclaredPlayerReference;22;true;;Static;;;;;;
Col;sizeOfTrack;27;false;Track concept is not present;Static;;;;;;
Cram;lineLessOrEqualThanBoardSide;15;false;Line concept is not present;Static;;;;;;
Cram;pieceDeclaredAsShared;14;false;The game does not have any piece declared as Shared;Static;;;;;;
Cram;pieceDeclaredAsNeutral;12;false;The game does not have any piece declared as Neutral;Static;;;;;;
Cram;pieceDeclaredAsEach;13;false;The game does not have any piece declared as Each;Static;;;;;;
Cram;equalNumberOfPiecesOnTheBoard;12;true;;Static;;;;;;
Cram;noUndeclaredPlayerReference;11;true;;Static;;;;;;
Cram;sizeOfTrack;14;false;Track concept is not present;Static;;;;;;
Do Guti;lineLessOrEqualThanBoardSide;6;false;Line concept is not present;Static;;;;;;
Do Guti;pieceDeclaredAsShared;5;false;The game does not have any piece declared as Shared;Static;;;;;;
Do Guti;pieceDeclaredAsNeutral;7;false;The game does not have any piece declared as Neutral;Static;;;;;;
Do Guti;pieceDeclaredAsEach;8;true;;Static;;;;;;
Do Guti;equalNumberOfPiecesOnTheBoard;5;true;;Static;;;;;;
Do Guti;noUndeclaredPlayerReference;6;true;;Static;;;;;;
Do Guti;sizeOfTrack;6;false;Track concept is not present;Static;;;;;;
Dodo;lineLessOrEqualThanBoardSide;18;false;Line concept is not present;Static;;;;;;
Dodo;pieceDeclaredAsShared;15;false;The game does not have any piece declared as Shared;Static;;;;;;
Dodo;pieceDeclaredAsNeutral;17;false;The game does not have any piece declared as Neutral;Static;;;;;;
Dodo;pieceDeclaredAsEach;16;true;;Static;;;;;;
Dodo;equalNumberOfPiecesOnTheBoard;14;true;;Static;;;;;;
Dodo;noUndeclaredPlayerReference;15;true;;Static;;;;;;
Dodo;sizeOfTrack;14;false;Track concept is not present;Static;;;;;;
Domineering;lineLessOrEqualThanBoardSide;11;false;Line concept is not present;Static;;;;;;
Domineering;pieceDeclaredAsShared;10;false;The game does not have any piece declared as Shared;Static;;;;;;
Domineering;pieceDeclaredAsNeutral;11;false;The game does not have any piece declared as Neutral;Static;;;;;;
Domineering;pieceDeclaredAsEach;10;false;The game does not have any piece declared as Each;Static;;;;;;
Domineering;equalNumberOfPiecesOnTheBoard;12;true;;Static;;;;;;
Domineering;noUndeclaredPlayerReference;10;true;;Static;;;;;;
Domineering;sizeOfTrack;12;false;Track concept is not present;Static;;;;;;
Dorvon Cag;lineLessOrEqualThanBoardSide;6;false;Line concept is not present;Static;;;;;;
Dorvon Cag;pieceDeclaredAsShared;6;false;The game does not have any piece declared as Shared;Static;;;;;;
Dorvon Cag;pieceDeclaredAsNeutral;6;false;The game does not have any piece declared as Neutral;Static;;;;;;
Dorvon Cag;pieceDeclaredAsEach;6;true;;Static;;;;;;
Dorvon Cag;equalNumberOfPiecesOnTheBoard;6;true;;Static;;;;;;
Dorvon Cag;noUndeclaredPlayerReference;5;true;;Static;;;;;;
Dorvon Cag;sizeOfTrack;5;false;Track concept is not present;Static;;;;;;
Duidoku;lineLessOrEqualThanBoardSide;154;false;Line concept is not present;Static;;;;;;
Duidoku;pieceDeclaredAsShared;151;false;The game does not have any piece declared as Shared;Static;;;;;;
Duidoku;pieceDeclaredAsNeutral;136;false;A piece declared Neutral must be called as piece0;Static;;;;;;
Duidoku;pieceDeclaredAsEach;129;false;The game does not have any piece declared as Each;Static;;;;;;
Duidoku;equalNumberOfPiecesOnTheBoard;131;true;;Static;;;;;;
Duidoku;noUndeclaredPlayerReference;126;true;;Static;;;;;;
Duidoku;sizeOfTrack;127;false;Track concept is not present;Static;;;;;;
Epoxy;lineLessOrEqualThanBoardSide;49;false;Line concept is not present;Static;;;;;;
Epoxy;pieceDeclaredAsShared;50;false;The game does not have any piece declared as Shared;Static;;;;;;
Epoxy;pieceDeclaredAsNeutral;48;false;The game does not have any piece declared as Neutral;Static;;;;;;
Epoxy;pieceDeclaredAsEach;48;false;Ludeme Each for the piece Ball requires at least one definition of BallN, with N > 0;Static;;;;;;
Epoxy;equalNumberOfPiecesOnTheBoard;46;true;;Static;;;;;;
Epoxy;noUndeclaredPlayerReference;49;true;;Static;;;;;;
Epoxy;sizeOfTrack;47;false;Track concept is not present;Static;;;;;;
Ex Nihilo;lineLessOrEqualThanBoardSide;1114;false;Line concept is not present;Static;;;;;;
Ex Nihilo;pieceDeclaredAsShared;1097;false;The game does not have any piece declared as Shared;Static;;;;;;
Ex Nihilo;pieceDeclaredAsNeutral;1089;false;The game does not have any piece declared as Neutral;Static;;;;;;
Ex Nihilo;pieceDeclaredAsEach;1094;false;Ludeme Each for the piece Disc requires at least one definition of DiscN, with N > 0;Static;;;;;;
Ex Nihilo;equalNumberOfPiecesOnTheBoard;1089;true;;Static;;;;;;
Ex Nihilo;noUndeclaredPlayerReference;1098;true;;Static;;;;;;
Ex Nihilo;sizeOfTrack;1092;false;Track concept is not present;Static;;;;;;
First Attack;lineLessOrEqualThanBoardSide;15;false;Line concept is not present;Static;;;;;;
First Attack;pieceDeclaredAsShared;18;true;;Static;;;;;;
First Attack;pieceDeclaredAsNeutral;15;false;The game does not have any piece declared as Neutral;Static;;;;;;
First Attack;pieceDeclaredAsEach;15;false;The game does not have any piece declared as Each;Static;;;;;;
First Attack;equalNumberOfPiecesOnTheBoard;15;true;;Static;;;;;;
First Attack;noUndeclaredPlayerReference;16;true;;Static;;;;;;
First Attack;sizeOfTrack;16;false;Track concept is not present;Static;;;;;;
Forge;lineLessOrEqualThanBoardSide;17;false;Line concept is not present;Static;;;;;;
Forge;pieceDeclaredAsShared;17;false;The game does not have any piece declared as Shared;Static;;;;;;
Forge;pieceDeclaredAsNeutral;17;false;The game does not have any piece declared as Neutral;Static;;;;;;
Forge;pieceDeclaredAsEach;17;true;;Static;;;;;;
Forge;equalNumberOfPiecesOnTheBoard;17;true;;Static;;;;;;
Forge;noUndeclaredPlayerReference;17;true;;Static;;;;;;
Forge;sizeOfTrack;17;false;Track concept is not present;Static;;;;;;
Game of Dwarfs;lineLessOrEqualThanBoardSide;12;false;Line concept is not present;Static;;;;;;
Game of Dwarfs;pieceDeclaredAsShared;12;false;The game does not have any piece declared as Shared;Static;;;;;;
Game of Dwarfs;pieceDeclaredAsNeutral;10;false;The game does not have any piece declared as Neutral;Static;;;;;;
Game of Dwarfs;pieceDeclaredAsEach;10;false;The game does not have any piece declared as Each;Static;;;;;;
Game of Dwarfs;equalNumberOfPiecesOnTheBoard;11;true;;Static;;;;;;
Game of Dwarfs;noUndeclaredPlayerReference;10;true;;Static;;;;;;
Game of Dwarfs;sizeOfTrack;11;false;Track concept is not present;Static;;;;;;
Gopher;lineLessOrEqualThanBoardSide;36;false;Line concept is not present;Static;;;;;;
Gopher;pieceDeclaredAsShared;36;false;The game does not have any piece declared as Shared;Static;;;;;;
Gopher;pieceDeclaredAsNeutral;35;false;The game does not have any piece declared as Neutral;Static;;;;;;
Gopher;pieceDeclaredAsEach;32;false;Ludeme Each for the piece Disc requires at least one definition of DiscN, with N > 0;Static;;;;;;
Gopher;equalNumberOfPiecesOnTheBoard;32;true;;Static;;;;;;
Gopher;noUndeclaredPlayerReference;36;true;;Static;;;;;;
Gopher;sizeOfTrack;34;false;Track concept is not present;Static;;;;;;
Gurvan Xudag;lineLessOrEqualThanBoardSide;8;false;Line concept is not present;Static;;;;;;
Gurvan Xudag;pieceDeclaredAsShared;7;false;The game does not have any piece declared as Shared;Static;;;;;;
Gurvan Xudag;pieceDeclaredAsNeutral;9;false;The game does not have any piece declared as Neutral;Static;;;;;;
Gurvan Xudag;pieceDeclaredAsEach;7;false;The game does not have any piece declared as Each;Static;;;;;;
Gurvan Xudag;equalNumberOfPiecesOnTheBoard;7;true;;Static;;;;;;
Gurvan Xudag;noUndeclaredPlayerReference;7;true;;Static;;;;;;
Gurvan Xudag;sizeOfTrack;8;false;Track concept is not present;Static;;;;;;
Hex Amazons;lineLessOrEqualThanBoardSide;59;false;Line concept is not present;Static;;;;;;
Hex Amazons;pieceDeclaredAsShared;56;false;The game does not have any piece declared as Shared;Static;;;;;;
Hex Amazons;pieceDeclaredAsNeutral;59;true;;Static;;;;;;
Hex Amazons;pieceDeclaredAsEach;59;true;;Static;;;;;;
Hex Amazons;equalNumberOfPiecesOnTheBoard;56;true;;Static;;;;;;
Hex Amazons;noUndeclaredPlayerReference;57;true;;Static;;;;;;
Hex Amazons;sizeOfTrack;56;false;Track concept is not present;Static;;;;;;
Ho-Bag Gonu;lineLessOrEqualThanBoardSide;8;false;Line concept is not present;Static;;;;;;
Ho-Bag Gonu;pieceDeclaredAsShared;8;false;The game does not have any piece declared as Shared;Static;;;;;;
Ho-Bag Gonu;pieceDeclaredAsNeutral;7;false;The game does not have any piece declared as Neutral;Static;;;;;;
Ho-Bag Gonu;pieceDeclaredAsEach;9;true;;Static;;;;;;
Ho-Bag Gonu;equalNumberOfPiecesOnTheBoard;8;true;;Static;;;;;;
Ho-Bag Gonu;noUndeclaredPlayerReference;10;true;;Static;;;;;;
Ho-Bag Gonu;sizeOfTrack;10;false;Track concept is not present;Static;;;;;;
Isolation;lineLessOrEqualThanBoardSide;22;false;Line concept is not present;Static;;;;;;
Isolation;pieceDeclaredAsShared;17;false;The game does not have any piece declared as Shared;Static;;;;;;
Isolation;pieceDeclaredAsNeutral;15;true;;Static;;;;;;
Isolation;pieceDeclaredAsEach;14;true;;Static;;;;;;
Isolation;equalNumberOfPiecesOnTheBoard;14;true;;Static;;;;;;
Isolation;noUndeclaredPlayerReference;13;true;;Static;;;;;;
Isolation;sizeOfTrack;13;false;Track concept is not present;Static;;;;;;
Janes Soppi (Symmetrical);lineLessOrEqualThanBoardSide;8;false;Line concept is not present;Static;;;;;;
Janes Soppi (Symmetrical);pieceDeclaredAsShared;7;false;The game does not have any piece declared as Shared;Static;;;;;;
Janes Soppi (Symmetrical);pieceDeclaredAsNeutral;6;false;The game does not have any piece declared as Neutral;Static;;;;;;
Janes Soppi (Symmetrical);pieceDeclaredAsEach;8;false;The game does not have any piece declared as Each;Static;;;;;;
Janes Soppi (Symmetrical);equalNumberOfPiecesOnTheBoard;7;true;;Static;;;;;;
Janes Soppi (Symmetrical);noUndeclaredPlayerReference;9;true;;Static;;;;;;
Janes Soppi (Symmetrical);sizeOfTrack;7;false;Track concept is not present;Static;;;;;;
Jostle;lineLessOrEqualThanBoardSide;28;false;Line concept is not present;Static;;;;;;
Jostle;pieceDeclaredAsShared;27;false;The game does not have any piece declared as Shared;Static;;;;;;
Jostle;pieceDeclaredAsNeutral;30;false;The game does not have any piece declared as Neutral;Static;;;;;;
Jostle;pieceDeclaredAsEach;25;true;;Static;;;;;;
Jostle;equalNumberOfPiecesOnTheBoard;27;true;;Static;;;;;;
Jostle;noUndeclaredPlayerReference;26;true;;Static;;;;;;
Jostle;sizeOfTrack;26;false;Track concept is not present;Static;;;;;;
L Game;lineLessOrEqualThanBoardSide;13;false;Line concept is not present;Static;;;;;;
L Game;pieceDeclaredAsShared;13;false;The game does not have any piece declared as Shared;Static;;;;;;
L Game;pieceDeclaredAsNeutral;13;true;;Static;;;;;;
L Game;pieceDeclaredAsEach;13;false;The game does not have any piece declared as Each;Static;;;;;;
L Game;equalNumberOfPiecesOnTheBoard;14;true;;Static;;;;;;
L Game;noUndeclaredPlayerReference;14;true;;Static;;;;;;
L Game;sizeOfTrack;14;false;Track concept is not present;Static;;;;;;
Lewthwaite's Game;lineLessOrEqualThanBoardSide;16;false;Line concept is not present;Static;;;;;;
Lewthwaite's Game;pieceDeclaredAsShared;14;false;The game does not have any piece declared as Shared;Static;;;;;;
Lewthwaite's Game;pieceDeclaredAsNeutral;14;false;The game does not have any piece declared as Neutral;Static;;;;;;
Lewthwaite's Game;pieceDeclaredAsEach;14;true;;Static;;;;;;
Lewthwaite's Game;equalNumberOfPiecesOnTheBoard;15;true;;Static;;;;;;
Lewthwaite's Game;noUndeclaredPlayerReference;15;true;;Static;;;;;;
Lewthwaite's Game;sizeOfTrack;14;false;Track concept is not present;Static;;;;;;
Madelinette;lineLessOrEqualThanBoardSide;6;false;Line concept is not present;Static;;;;;;
Madelinette;pieceDeclaredAsShared;5;false;The game does not have any piece declared as Shared;Static;;;;;;
Madelinette;pieceDeclaredAsNeutral;5;false;The game does not have any piece declared as Neutral;Static;;;;;;
Madelinette;pieceDeclaredAsEach;6;true;;Static;;;;;;
Madelinette;equalNumberOfPiecesOnTheBoard;5;true;;Static;;;;;;
Madelinette;noUndeclaredPlayerReference;5;true;;Static;;;;;;
Madelinette;sizeOfTrack;5;false;Track concept is not present;Static;;;;;;
Mu Torere;lineLessOrEqualThanBoardSide;9;false;Line concept is not present;Static;;;;;;
Mu Torere;pieceDeclaredAsShared;8;false;The game does not have any piece declared as Shared;Static;;;;;;
Mu Torere;pieceDeclaredAsNeutral;9;false;The game does not have any piece declared as Neutral;Static;;;;;;
Mu Torere;pieceDeclaredAsEach;9;true;;Static;;;;;;
Mu Torere;equalNumberOfPiecesOnTheBoard;8;true;;Static;;;;;;
Mu Torere;noUndeclaredPlayerReference;9;true;;Static;;;;;;
Mu Torere;sizeOfTrack;9;false;Track concept is not present;Static;;;;;;
NoGo;lineLessOrEqualThanBoardSide;21;false;Line concept is not present;Static;;;;;;
NoGo;pieceDeclaredAsShared;17;false;The game does not have any piece declared as Shared;Static;;;;;;
NoGo;pieceDeclaredAsNeutral;19;false;The game does not have any piece declared as Neutral;Static;;;;;;
NoGo;pieceDeclaredAsEach;16;false;Ludeme Each for the piece Marker requires at least one definition of MarkerN, with N > 0;Static;;;;;;
NoGo;equalNumberOfPiecesOnTheBoard;16;true;;Static;;;;;;
NoGo;noUndeclaredPlayerReference;15;true;;Static;;;;;;
NoGo;sizeOfTrack;15;false;Track concept is not present;Static;;;;;;
Oumoul Kono;lineLessOrEqualThanBoardSide;7;false;Line concept is not present;Static;;;;;;
Oumoul Kono;pieceDeclaredAsShared;7;false;The game does not have any piece declared as Shared;Static;;;;;;
Oumoul Kono;pieceDeclaredAsNeutral;7;false;The game does not have any piece declared as Neutral;Static;;;;;;
Oumoul Kono;pieceDeclaredAsEach;6;true;;Static;;;;;;
Oumoul Kono;equalNumberOfPiecesOnTheBoard;6;true;;Static;;;;;;
Oumoul Kono;noUndeclaredPlayerReference;6;true;;Static;;;;;;
Oumoul Kono;sizeOfTrack;7;false;Track concept is not present;Static;;;;;;
Overflow;lineLessOrEqualThanBoardSide;103;false;Line concept is not present;Static;;;;;;
Overflow;pieceDeclaredAsShared;102;false;The game does not have any piece declared as Shared;Static;;;;;;
Overflow;pieceDeclaredAsNeutral;109;false;The game does not have any piece declared as Neutral;Static;;;;;;
Overflow;pieceDeclaredAsEach;105;false;The game does not have any piece declared as Each;Static;;;;;;
Overflow;equalNumberOfPiecesOnTheBoard;104;false;Players do not have the same number of pieces;Static;;;;;;
Overflow;noUndeclaredPlayerReference;110;true;;Static;;;;;;
Overflow;sizeOfTrack;106;false;Track concept is not present;Static;;;;;;
Pathway;lineLessOrEqualThanBoardSide;12;false;Line concept is not present;Static;;;;;;
Pathway;pieceDeclaredAsShared;11;false;The game does not have any piece declared as Shared;Static;;;;;;
Pathway;pieceDeclaredAsNeutral;11;false;The game does not have any piece declared as Neutral;Static;;;;;;
Pathway;pieceDeclaredAsEach;11;false;Ludeme Each for the piece Disc requires at least one definition of DiscN, with N > 0;Static;;;;;;
Pathway;equalNumberOfPiecesOnTheBoard;11;true;;Static;;;;;;
Pathway;noUndeclaredPlayerReference;11;true;;Static;;;;;;
Pathway;sizeOfTrack;12;false;Track concept is not present;Static;;;;;;
Pentomino;lineLessOrEqualThanBoardSide;23;false;Line concept is not present;Static;;;;;;
Pentomino;pieceDeclaredAsShared;21;false;The game does not have any piece declared as Shared;Static;;;;;;
Pentomino;pieceDeclaredAsNeutral;20;false;The game does not have any piece declared as Neutral;Static;;;;;;
Pentomino;pieceDeclaredAsEach;20;false;The game does not have any piece declared as Each;Static;;;;;;
Pentomino;equalNumberOfPiecesOnTheBoard;22;true;;Static;;;;;;
Pentomino;noUndeclaredPlayerReference;21;true;;Static;;;;;;
Pentomino;sizeOfTrack;21;false;Track concept is not present;Static;;;;;;
Pong Hau K'i;lineLessOrEqualThanBoardSide;5;false;Line concept is not present;Static;;;;;;
Pong Hau K'i;pieceDeclaredAsShared;5;false;The game does not have any piece declared as Shared;Static;;;;;;
Pong Hau K'i;pieceDeclaredAsNeutral;4;false;The game does not have any piece declared as Neutral;Static;;;;;;
Pong Hau K'i;pieceDeclaredAsEach;4;true;;Static;;;;;;
Pong Hau K'i;equalNumberOfPiecesOnTheBoard;4;true;;Static;;;;;;
Pong Hau K'i;noUndeclaredPlayerReference;4;true;;Static;;;;;;
Pong Hau K'i;sizeOfTrack;4;false;Track concept is not present;Static;;;;;;
Quantum Leap;lineLessOrEqualThanBoardSide;26;false;Line concept is not present;Static;;;;;;
Quantum Leap;pieceDeclaredAsShared;27;false;The game does not have any piece declared as Shared;Static;;;;;;
Quantum Leap;pieceDeclaredAsNeutral;23;false;The game does not have any piece declared as Neutral;Static;;;;;;
Quantum Leap;pieceDeclaredAsEach;24;true;;Static;;;;;;
Quantum Leap;equalNumberOfPiecesOnTheBoard;23;true;;Static;;;;;;
Quantum Leap;noUndeclaredPlayerReference;24;true;;Static;;;;;;
Quantum Leap;sizeOfTrack;24;false;Track concept is not present;Static;;;;;;
Ratio;lineLessOrEqualThanBoardSide;14;false;Line concept is not present;Static;;;;;;
Ratio;pieceDeclaredAsShared;14;false;The game does not have any piece declared as Shared;Static;;;;;;
Ratio;pieceDeclaredAsNeutral;14;false;The game does not have any piece declared as Neutral;Static;;;;;;
Ratio;pieceDeclaredAsEach;14;false;The game does not have any piece declared as Each;Static;;;;;;
Ratio;equalNumberOfPiecesOnTheBoard;14;true;;Static;;;;;;
Ratio;noUndeclaredPlayerReference;15;true;;Static;;;;;;
Ratio;sizeOfTrack;17;false;Track concept is not present;Static;;;;;;
Snailtrail;lineLessOrEqualThanBoardSide;14;false;Line concept is not present;Static;;;;;;
Snailtrail;pieceDeclaredAsShared;14;false;The game does not have any piece declared as Shared;Static;;;;;;
Snailtrail;pieceDeclaredAsNeutral;13;true;;Static;;;;;;
Snailtrail;pieceDeclaredAsEach;13;true;;Static;;;;;;
Snailtrail;equalNumberOfPiecesOnTheBoard;13;true;;Static;;;;;;
Snailtrail;noUndeclaredPlayerReference;13;true;;Static;;;;;;
Snailtrail;sizeOfTrack;13;false;Track concept is not present;Static;;;;;;
Snort;lineLessOrEqualThanBoardSide;16;false;Line concept is not present;Static;;;;;;
Snort;pieceDeclaredAsShared;15;false;The game does not have any piece declared as Shared;Static;;;;;;
Snort;pieceDeclaredAsNeutral;16;false;The game does not have any piece declared as Neutral;Static;;;;;;
Snort;pieceDeclaredAsEach;15;false;The game does not have any piece declared as Each;Static;;;;;;
Snort;equalNumberOfPiecesOnTheBoard;15;true;;Static;;;;;;
Snort;noUndeclaredPlayerReference;16;true;;Static;;;;;;
Snort;sizeOfTrack;15;false;Track concept is not present;Static;;;;;;
Snowpaque;lineLessOrEqualThanBoardSide;21;false;Line concept is not present;Static;;;;;;
Snowpaque;pieceDeclaredAsShared;24;false;The game does not have any piece declared as Shared;Static;;;;;;
Snowpaque;pieceDeclaredAsNeutral;21;true;;Static;;;;;;
Snowpaque;pieceDeclaredAsEach;21;false;The game does not have any piece declared as Each;Static;;;;;;
Snowpaque;equalNumberOfPiecesOnTheBoard;21;true;;Static;;;;;;
Snowpaque;noUndeclaredPlayerReference;21;true;;Static;;;;;;
Snowpaque;sizeOfTrack;22;false;Track concept is not present;Static;;;;;;
Spots;lineLessOrEqualThanBoardSide;21;false;Line concept is not present;Static;;;;;;
Spots;pieceDeclaredAsShared;22;false;The game does not have any piece declared as Shared;Static;;;;;;
Spots;pieceDeclaredAsNeutral;21;true;;Static;;;;;;
Spots;pieceDeclaredAsEach;21;false;The game does not have any piece declared as Each;Static;;;;;;
Spots;equalNumberOfPiecesOnTheBoard;21;true;;Static;;;;;;
Spots;noUndeclaredPlayerReference;24;true;;Static;;;;;;
Spots;sizeOfTrack;27;false;Track concept is not present;Static;;;;;;
Susan;lineLessOrEqualThanBoardSide;30;false;Line concept is not present;Static;;;;;;
Susan;pieceDeclaredAsShared;25;false;The game does not have any piece declared as Shared;Static;;;;;;
Susan;pieceDeclaredAsNeutral;26;false;The game does not have any piece declared as Neutral;Static;;;;;;
Susan;pieceDeclaredAsEach;26;false;Ludeme Each for the piece Marker requires at least one definition of MarkerN, with N > 0;Static;;;;;;
Susan;equalNumberOfPiecesOnTheBoard;28;true;;Static;;;;;;
Susan;noUndeclaredPlayerReference;28;true;;Static;;;;;;
Susan;sizeOfTrack;27;false;Track concept is not present;Static;;;;;;
T'uk T'uk;lineLessOrEqualThanBoardSide;10;false;Line concept is not present;Static;;;;;;
T'uk T'uk;pieceDeclaredAsShared;9;false;The game does not have any piece declared as Shared;Static;;;;;;
T'uk T'uk;pieceDeclaredAsNeutral;9;false;The game does not have any piece declared as Neutral;Static;;;;;;
T'uk T'uk;pieceDeclaredAsEach;12;true;;Static;;;;;;
T'uk T'uk;equalNumberOfPiecesOnTheBoard;10;true;;Static;;;;;;
T'uk T'uk;noUndeclaredPlayerReference;9;true;;Static;;;;;;
T'uk T'uk;sizeOfTrack;10;false;Track concept is not present;Static;;;;;;
TacTix;lineLessOrEqualThanBoardSide;19;false;Line concept is not present;Static;;;;;;
TacTix;pieceDeclaredAsShared;18;true;;Static;;;;;;
TacTix;pieceDeclaredAsNeutral;17;false;The game does not have any piece declared as Neutral;Static;;;;;;
TacTix;pieceDeclaredAsEach;18;false;The game does not have any piece declared as Each;Static;;;;;;
TacTix;equalNumberOfPiecesOnTheBoard;17;false;Players do not have the same number of pieces;Static;;;;;;
TacTix;noUndeclaredPlayerReference;18;true;;Static;;;;;;
TacTix;sizeOfTrack;17;false;Track concept is not present;Static;;;;;;
Temeen Tavag;lineLessOrEqualThanBoardSide;6;false;Line concept is not present;Static;;;;;;
Temeen Tavag;pieceDeclaredAsShared;6;false;The game does not have any piece declared as Shared;Static;;;;;;
Temeen Tavag;pieceDeclaredAsNeutral;4;false;The game does not have any piece declared as Neutral;Static;;;;;;
Temeen Tavag;pieceDeclaredAsEach;5;true;;Static;;;;;;
Temeen Tavag;equalNumberOfPiecesOnTheBoard;5;true;;Static;;;;;;
Temeen Tavag;noUndeclaredPlayerReference;5;true;;Static;;;;;;
Temeen Tavag;sizeOfTrack;5;false;Track concept is not present;Static;;;;;;
Toads and Frogs;lineLessOrEqualThanBoardSide;7;false;Line concept is not present;Static;;;;;;
Toads and Frogs;pieceDeclaredAsShared;6;false;The game does not have any piece declared as Shared;Static;;;;;;
Toads and Frogs;pieceDeclaredAsNeutral;6;false;The game does not have any piece declared as Neutral;Static;;;;;;
Toads and Frogs;pieceDeclaredAsEach;9;false;The game does not have any piece declared as Each;Static;;;;;;
Toads and Frogs;equalNumberOfPiecesOnTheBoard;7;true;;Static;;;;;;
Toads and Frogs;noUndeclaredPlayerReference;7;true;;Static;;;;;;
Toads and Frogs;sizeOfTrack;7;false;Track concept is not present;Static;;;;;;
Tron;lineLessOrEqualThanBoardSide;35;false;Line concept is not present;Static;;;;;;
Tron;pieceDeclaredAsShared;25;false;The game does not have any piece declared as Shared;Static;;;;;;
Tron;pieceDeclaredAsNeutral;25;false;The game does not have any piece declared as Neutral;Static;;;;;;
Tron;pieceDeclaredAsEach;24;false;Ludeme Each for the piece Square requires at least one definition of SquareN, with N > 0;Static;;;;;;
Tron;equalNumberOfPiecesOnTheBoard;25;true;;Static;;;;;;
Tron;noUndeclaredPlayerReference;27;true;;Static;;;;;;
Tron;sizeOfTrack;25;false;Track concept is not present;Static;;;;;;
Tugul Shodra;lineLessOrEqualThanBoardSide;5;false;Line concept is not present;Static;;;;;;
Tugul Shodra;pieceDeclaredAsShared;4;false;The game does not have any piece declared as Shared;Static;;;;;;
Tugul Shodra;pieceDeclaredAsNeutral;4;false;The game does not have any piece declared as Neutral;Static;;;;;;
Tugul Shodra;pieceDeclaredAsEach;4;true;;Static;;;;;;
Tugul Shodra;equalNumberOfPiecesOnTheBoard;3;true;;Static;;;;;;
Tugul Shodra;noUndeclaredPlayerReference;4;true;;Static;;;;;;
Tugul Shodra;sizeOfTrack;3;false;Track concept is not present;Static;;;;;;
00'Y';lineLessOrEqualThanBoardSide;51;false;Line concept is not present;Static;;;;;;
00'Y';pieceDeclaredAsShared;49;false;The game does not have any piece declared as Shared;Static;;;;;;
00'Y';pieceDeclaredAsNeutral;48;false;A piece declared Neutral must be called as piece0;Static;;;;;;
00'Y';pieceDeclaredAsEach;47;false;Ludeme Each for the piece Disc requires at least one definition of DiscN, with N > 0;Static;;;;;;
00'Y';equalNumberOfPiecesOnTheBoard;53;true;;Static;;;;;;
00'Y';noUndeclaredPlayerReference;53;true;;Static;;;;;;
00'Y';sizeOfTrack;52;false;Track concept is not present;Static;;;;;;
Abak;lineLessOrEqualThanBoardSide;37;false;Line concept is not present;Static;;;;;;
Abak;pieceDeclaredAsShared;39;false;The game does not have any piece declared as Shared;Static;;;;;;
Abak;pieceDeclaredAsNeutral;39;false;The game does not have any piece declared as Neutral;Static;;;;;;
Abak;pieceDeclaredAsEach;35;false;Ludeme Each for the piece Disc requires at least one definition of DiscN, with N > 0;Static;;;;;;
Abak;equalNumberOfPiecesOnTheBoard;35;true;;Static;;;;;;
Abak;noUndeclaredPlayerReference;35;true;;Static;;;;;;
Abak;sizeOfTrack;36;false;Track concept is not present;Static;;;;;;
Atoll;lineLessOrEqualThanBoardSide;70;false;Line concept is not present;Static;;;;;;
Atoll;pieceDeclaredAsShared;64;false;The game does not have any piece declared as Shared;Static;;;;;;
Atoll;pieceDeclaredAsNeutral;69;false;The game does not have any piece declared as Neutral;Static;;;;;;
Atoll;pieceDeclaredAsEach;62;true;;Static;;;;;;
Atoll;equalNumberOfPiecesOnTheBoard;65;true;;Static;;;;;;
Atoll;noUndeclaredPlayerReference;62;true;;Static;;;;;;
Atoll;sizeOfTrack;65;false;Track concept is not present;Static;;;;;;
Bide;lineLessOrEqualThanBoardSide;351;false;Line concept is not present;Static;;;;;;
Bide;pieceDeclaredAsShared;347;false;The game does not have any piece declared as Shared;Static;;;;;;
Bide;pieceDeclaredAsNeutral;340;false;The game does not have any piece declared as Neutral;Static;;;;;;
Bide;pieceDeclaredAsEach;336;false;Ludeme Each for the piece Disc requires at least one definition of DiscN, with N > 0;Static;;;;;;
Bide;equalNumberOfPiecesOnTheBoard;345;true;;Static;;;;;;
Bide;noUndeclaredPlayerReference;333;true;;Static;;;;;;
Bide;sizeOfTrack;337;false;Track concept is not present;Static;;;;;;
Bipartisan Y;lineLessOrEqualThanBoardSide;30;false;Line concept is not present;Static;;;;;;
Bipartisan Y;pieceDeclaredAsShared;29;false;The game does not have any piece declared as Shared;Static;;;;;;
Bipartisan Y;pieceDeclaredAsNeutral;29;false;A piece declared Neutral must be called as piece0;Static;;;;;;
Bipartisan Y;pieceDeclaredAsEach;29;false;Ludeme Each for the piece Disc requires at least one definition of DiscN, with N > 0;Static;;;;;;
Bipartisan Y;equalNumberOfPiecesOnTheBoard;29;true;;Static;;;;;;
Bipartisan Y;noUndeclaredPlayerReference;32;true;;Static;;;;;;
Bipartisan Y;sizeOfTrack;30;false;Track concept is not present;Static;;;;;;
Chameleon;lineLessOrEqualThanBoardSide;53;false;Line concept is not present;Static;;;;;;
Chameleon;pieceDeclaredAsShared;49;false;The game does not have any piece declared as Shared;Static;;;;;;
Chameleon;pieceDeclaredAsNeutral;48;false;The game does not have any piece declared as Neutral;Static;;;;;;
Chameleon;pieceDeclaredAsEach;48;true;;Static;;;;;;
Chameleon;equalNumberOfPiecesOnTheBoard;51;true;;Static;;;;;;
Chameleon;noUndeclaredPlayerReference;48;true;;Static;;;;;;
Chameleon;sizeOfTrack;50;false;Track concept is not present;Static;;;;;;
Coil;lineLessOrEqualThanBoardSide;58;false;Line concept is not present;Static;;;;;;
Coil;pieceDeclaredAsShared;55;false;The game does not have any piece declared as Shared;Static;;;;;;
Coil;pieceDeclaredAsNeutral;56;false;The game does not have any piece declared as Neutral;Static;;;;;;
Coil;pieceDeclaredAsEach;59;true;;Static;;;;;;
Coil;equalNumberOfPiecesOnTheBoard;56;false;Players do not have the same number of pieces;Static;;;;;;
Coil;noUndeclaredPlayerReference;55;true;;Static;;;;;;
Coil;sizeOfTrack;57;false;Track concept is not present;Static;;;;;;
ConHex;lineLessOrEqualThanBoardSide;110;false;Line concept is not present;Static;;;;;;
ConHex;pieceDeclaredAsShared;73;false;The game does not have any piece declared as Shared;Static;;;;;;
ConHex;pieceDeclaredAsNeutral;66;false;The game does not have any piece declared as Neutral;Static;;;;;;
ConHex;pieceDeclaredAsEach;66;false;Ludeme Each for the piece Marker requires at least one definition of MarkerN, with N > 0;Static;;;;;;
ConHex;equalNumberOfPiecesOnTheBoard;65;true;;Static;;;;;;
ConHex;noUndeclaredPlayerReference;64;true;;Static;;;;;;
ConHex;sizeOfTrack;66;false;Track concept is not present;Static;;;;;;
Cross;lineLessOrEqualThanBoardSide;31;false;Line concept is not present;Static;;;;;;
Cross;pieceDeclaredAsShared;31;false;The game does not have any piece declared as Shared;Static;;;;;;
Cross;pieceDeclaredAsNeutral;28;false;The game does not have any piece declared as Neutral;Static;;;;;;
Cross;pieceDeclaredAsEach;37;false;Ludeme Each for the piece Marker requires at least one definition of MarkerN, with N > 0;Static;;;;;;
Cross;equalNumberOfPiecesOnTheBoard;29;true;;Static;;;;;;
Cross;noUndeclaredPlayerReference;27;true;;Static;;;;;;
Cross;sizeOfTrack;28;false;Track concept is not present;Static;;;;;;
Crossway;lineLessOrEqualThanBoardSide;110;false;Line concept is not present;Static;;;;;;
Crossway;pieceDeclaredAsShared;104;false;The game does not have any piece declared as Shared;Static;;;;;;
Crossway;pieceDeclaredAsNeutral;105;false;The game does not have any piece declared as Neutral;Static;;;;;;
Crossway;pieceDeclaredAsEach;120;false;Ludeme Each for the piece Marker requires at least one definition of MarkerN, with N > 0;Static;;;;;;
Crossway;equalNumberOfPiecesOnTheBoard;116;true;;Static;;;;;;
Crossway;noUndeclaredPlayerReference;106;true;;Static;;;;;;
Crossway;sizeOfTrack;104;false;Track concept is not present;Static;;;;;;
Defector Y;lineLessOrEqualThanBoardSide;49;false;Line concept is not present;Static;;;;;;
Defector Y;pieceDeclaredAsShared;51;false;The game does not have any piece declared as Shared;Static;;;;;;
Defector Y;pieceDeclaredAsNeutral;58;false;A piece declared Neutral must be called as piece0;Static;;;;;;
Defector Y;pieceDeclaredAsEach;49;false;Ludeme Each for the piece Disc requires at least one definition of DiscN, with N > 0;Static;;;;;;
Defector Y;equalNumberOfPiecesOnTheBoard;50;true;;Static;;;;;;
Defector Y;noUndeclaredPlayerReference;50;true;;Static;;;;;;
Defector Y;sizeOfTrack;51;false;Track concept is not present;Static;;;;;;
Diagonal Hex;lineLessOrEqualThanBoardSide;48;false;Line concept is not present;Static;;;;;;
Diagonal Hex;pieceDeclaredAsShared;48;false;The game does not have any piece declared as Shared;Static;;;;;;
Diagonal Hex;pieceDeclaredAsNeutral;47;false;The game does not have any piece declared as Neutral;Static;;;;;;
Diagonal Hex;pieceDeclaredAsEach;45;false;Ludeme Each for the piece Marker requires at least one definition of MarkerN, with N > 0;Static;;;;;;
Diagonal Hex;equalNumberOfPiecesOnTheBoard;45;true;;Static;;;;;;
Diagonal Hex;noUndeclaredPlayerReference;59;true;;Static;;;;;;
Diagonal Hex;sizeOfTrack;52;false;Track concept is not present;Static;;;;;;
DuploHex;lineLessOrEqualThanBoardSide;26;false;Line concept is not present;Static;;;;;;
DuploHex;pieceDeclaredAsShared;28;false;The game does not have any piece declared as Shared;Static;;;;;;
DuploHex;pieceDeclaredAsNeutral;26;false;The game does not have any piece declared as Neutral;Static;;;;;;
DuploHex;pieceDeclaredAsEach;31;false;Ludeme Each for the piece DoubleCounter requires at least one definition of DoubleCounterN, with N > 0;Static;;;;;;
DuploHex;equalNumberOfPiecesOnTheBoard;29;true;;Static;;;;;;
DuploHex;noUndeclaredPlayerReference;25;true;;Static;;;;;;
DuploHex;sizeOfTrack;26;false;Track concept is not present;Static;;;;;;
Esa Hex;lineLessOrEqualThanBoardSide;47;false;Line concept is not present;Static;;;;;;
Esa Hex;pieceDeclaredAsShared;59;false;The game does not have any piece declared as Shared;Static;;;;;;
Esa Hex;pieceDeclaredAsNeutral;51;false;The game does not have any piece declared as Neutral;Static;;;;;;
Esa Hex;pieceDeclaredAsEach;51;false;Ludeme Each for the piece Marker requires at least one definition of MarkerN, with N > 0;Static;;;;;;
Esa Hex;equalNumberOfPiecesOnTheBoard;62;true;;Static;;;;;;
Esa Hex;noUndeclaredPlayerReference;62;true;;Static;;;;;;
Esa Hex;sizeOfTrack;56;false;Track concept is not present;Static;;;;;;
Fractal;lineLessOrEqualThanBoardSide;450;false;Line concept is not present;Static;;;;;;
Fractal;pieceDeclaredAsShared;439;false;The game does not have any piece declared as Shared;Static;;;;;;
Fractal;pieceDeclaredAsNeutral;429;false;The game does not have any piece declared as Neutral;Static;;;;;;
Fractal;pieceDeclaredAsEach;443;false;Ludeme Each for the piece Marker requires at least one definition of MarkerN, with N > 0;Static;;;;;;
Fractal;equalNumberOfPiecesOnTheBoard;430;true;;Static;;;;;;
Fractal;noUndeclaredPlayerReference;430;true;;Static;;;;;;
Fractal;sizeOfTrack;430;false;Track concept is not present;Static;;;;;;
Gale;lineLessOrEqualThanBoardSide;54;false;Line concept is not present;Static;;;;;;
Gale;pieceDeclaredAsShared;52;false;The game does not have any piece declared as Shared;Static;;;;;;
Gale;pieceDeclaredAsNeutral;58;false;The game does not have any piece declared as Neutral;Static;;;;;;
Gale;pieceDeclaredAsEach;51;true;;Static;;;;;;
Gale;equalNumberOfPiecesOnTheBoard;54;true;;Static;;;;;;
Gale;noUndeclaredPlayerReference;55;true;;Static;;;;;;
Gale;sizeOfTrack;58;false;Track concept is not present;Static;;;;;;
Gonnect;lineLessOrEqualThanBoardSide;39;false;Line concept is not present;Static;;;;;;
Gonnect;pieceDeclaredAsShared;43;false;The game does not have any piece declared as Shared;Static;;;;;;
Gonnect;pieceDeclaredAsNeutral;44;false;The game does not have any piece declared as Neutral;Static;;;;;;
Gonnect;pieceDeclaredAsEach;38;false;Ludeme Each for the piece Marker requires at least one definition of MarkerN, with N > 0;Static;;;;;;
Gonnect;equalNumberOfPiecesOnTheBoard;43;true;;Static;;;;;;
Gonnect;noUndeclaredPlayerReference;40;true;;Static;;;;;;
Gonnect;sizeOfTrack;38;false;Track concept is not present;Static;;;;;;
Gyre;lineLessOrEqualThanBoardSide;59;false;Line concept is not present;Static;;;;;;
Gyre;pieceDeclaredAsShared;52;false;The game does not have any piece declared as Shared;Static;;;;;;
Gyre;pieceDeclaredAsNeutral;57;false;The game does not have any piece declared as Neutral;Static;;;;;;
Gyre;pieceDeclaredAsEach;56;false;Ludeme Each for the piece Disc requires at least one definition of DiscN, with N > 0;Static;;;;;;
Gyre;equalNumberOfPiecesOnTheBoard;53;true;;Static;;;;;;
Gyre;noUndeclaredPlayerReference;51;true;;Static;;;;;;
Gyre;sizeOfTrack;55;false;Track concept is not present;Static;;;;;;
Havannah;lineLessOrEqualThanBoardSide;88;false;Line concept is not present;Static;;;;;;
Havannah;pieceDeclaredAsShared;73;false;The game does not have any piece declared as Shared;Static;;;;;;
Havannah;pieceDeclaredAsNeutral;75;false;The game does not have any piece declared as Neutral;Static;;;;;;
Havannah;pieceDeclaredAsEach;71;false;Ludeme Each for the piece Marker requires at least one definition of MarkerN, with N > 0;Static;;;;;;
Havannah;equalNumberOfPiecesOnTheBoard;71;true;;Static;;;;;;
Havannah;noUndeclaredPlayerReference;70;true;;Static;;;;;;
Havannah;sizeOfTrack;80;false;Track concept is not present;Static;;;;;;
Hex;lineLessOrEqualThanBoardSide;52;false;Line concept is not present;Static;;;;;;
Hex;pieceDeclaredAsShared;53;false;The game does not have any piece declared as Shared;Static;;;;;;
Hex;pieceDeclaredAsNeutral;52;false;The game does not have any piece declared as Neutral;Static;;;;;;
Hex;pieceDeclaredAsEach;48;false;Ludeme Each for the piece Marker requires at least one definition of MarkerN, with N > 0;Static;;;;;;
Hex;equalNumberOfPiecesOnTheBoard;47;true;;Static;;;;;;
Hex;noUndeclaredPlayerReference;50;true;;Static;;;;;;
Hex;sizeOfTrack;45;false;Track concept is not present;Static;;;;;;
Master Y;lineLessOrEqualThanBoardSide;32;false;Line concept is not present;Static;;;;;;
Master Y;pieceDeclaredAsShared;32;false;The game does not have any piece declared as Shared;Static;;;;;;
Master Y;pieceDeclaredAsNeutral;32;false;The game does not have any piece declared as Neutral;Static;;;;;;
Master Y;pieceDeclaredAsEach;39;false;The game does not have any piece declared as Each;Static;;;;;;
Master Y;equalNumberOfPiecesOnTheBoard;42;true;;Static;;;;;;
Master Y;noUndeclaredPlayerReference;33;true;;Static;;;;;;
Master Y;sizeOfTrack;33;false;Track concept is not present;Static;;;;;;
Onyx;lineLessOrEqualThanBoardSide;161;false;Line concept is not present;Static;;;;;;
Onyx;pieceDeclaredAsShared;161;false;The game does not have any piece declared as Shared;Static;;;;;;
Onyx;pieceDeclaredAsNeutral;166;false;The game does not have any piece declared as Neutral;Static;;;;;;
Onyx;pieceDeclaredAsEach;158;true;;Static;;;;;;
Onyx;equalNumberOfPiecesOnTheBoard;165;true;;Static;;;;;;
Onyx;noUndeclaredPlayerReference;155;true;;Static;;;;;;
Onyx;sizeOfTrack;159;false;Track concept is not present;Static;;;;;;
Pippinzip (Zipline variant);lineLessOrEqualThanBoardSide;49;false;Line concept is not present;Static;;;;;;
Pippinzip (Zipline variant);pieceDeclaredAsShared;47;false;The game does not have any piece declared as Shared;Static;;;;;;
Pippinzip (Zipline variant);pieceDeclaredAsNeutral;50;false;The game does not have any piece declared as Neutral;Static;;;;;;
Pippinzip (Zipline variant);pieceDeclaredAsEach;47;false;Ludeme Each for the piece Disc requires at least one definition of DiscN, with N > 0;Static;;;;;;
Pippinzip (Zipline variant);equalNumberOfPiecesOnTheBoard;47;true;;Static;;;;;;
Pippinzip (Zipline variant);noUndeclaredPlayerReference;52;true;;Static;;;;;;
Pippinzip (Zipline variant);sizeOfTrack;50;false;Track concept is not present;Static;;;;;;
Pippinzip;lineLessOrEqualThanBoardSide;46;false;Line concept is not present;Static;;;;;;
Pippinzip;pieceDeclaredAsShared;46;false;The game does not have any piece declared as Shared;Static;;;;;;
Pippinzip;pieceDeclaredAsNeutral;48;false;The game does not have any piece declared as Neutral;Static;;;;;;
Pippinzip;pieceDeclaredAsEach;45;false;Ludeme Each for the piece Disc requires at least one definition of DiscN, with N > 0;Static;;;;;;
Pippinzip;equalNumberOfPiecesOnTheBoard;46;true;;Static;;;;;;
Pippinzip;noUndeclaredPlayerReference;46;true;;Static;;;;;;
Pippinzip;sizeOfTrack;50;false;Track concept is not present;Static;;;;;;
Resolve;lineLessOrEqualThanBoardSide;47;false;Line concept is not present;Static;;;;;;
Resolve;pieceDeclaredAsShared;45;false;The game does not have any piece declared as Shared;Static;;;;;;
Resolve;pieceDeclaredAsNeutral;48;false;The game does not have any piece declared as Neutral;Static;;;;;;
Resolve;pieceDeclaredAsEach;46;false;The game does not have any piece declared as Each;Static;;;;;;
Resolve;equalNumberOfPiecesOnTheBoard;48;true;;Static;;;;;;
Resolve;noUndeclaredPlayerReference;48;true;;Static;;;;;;
Resolve;sizeOfTrack;48;false;Track concept is not present;Static;;;;;;
Scaffold;lineLessOrEqualThanBoardSide;49;false;Line concept is not present;Static;;;;;;
Scaffold;pieceDeclaredAsShared;52;false;The game does not have any piece declared as Shared;Static;;;;;;
Scaffold;pieceDeclaredAsNeutral;49;false;The game does not have any piece declared as Neutral;Static;;;;;;
Scaffold;pieceDeclaredAsEach;46;false;Ludeme Each for the piece Marker requires at least one definition of MarkerN, with N > 0;Static;;;;;;
Scaffold;equalNumberOfPiecesOnTheBoard;49;true;;Static;;;;;;
Scaffold;noUndeclaredPlayerReference;51;true;;Static;;;;;;
Scaffold;sizeOfTrack;47;false;Track concept is not present;Static;;;;;;
Tabu Y;lineLessOrEqualThanBoardSide;24;false;Line concept is not present;Static;;;;;;
Tabu Y;pieceDeclaredAsShared;23;false;The game does not have any piece declared as Shared;Static;;;;;;
Tabu Y;pieceDeclaredAsNeutral;24;false;The game does not have any piece declared as Neutral;Static;;;;;;
Tabu Y;pieceDeclaredAsEach;22;false;The game does not have any piece declared as Each;Static;;;;;;
Tabu Y;equalNumberOfPiecesOnTheBoard;23;true;;Static;;;;;;
Tabu Y;noUndeclaredPlayerReference;28;true;;Static;;;;;;
Tabu Y;sizeOfTrack;23;false;Track concept is not present;Static;;;;;;
Tara;lineLessOrEqualThanBoardSide;26;false;Line concept is not present;Static;;;;;;
Tara;pieceDeclaredAsShared;27;false;The game does not have any piece declared as Shared;Static;;;;;;
Tara;pieceDeclaredAsNeutral;25;false;The game does not have any piece declared as Neutral;Static;;;;;;
Tara;pieceDeclaredAsEach;25;false;Ludeme Each for the piece Ball requires at least one definition of BallN, with N > 0;Static;;;;;;
Tara;equalNumberOfPiecesOnTheBoard;28;true;;Static;;;;;;
Tara;noUndeclaredPlayerReference;25;true;;Static;;;;;;
Tara;sizeOfTrack;24;false;Track concept is not present;Static;;;;;;
Three-Player Hex;lineLessOrEqualThanBoardSide;17;false;Line concept is not present;Static;;;;;;
Three-Player Hex;pieceDeclaredAsShared;16;false;The game does not have any piece declared as Shared;Static;;;;;;
Three-Player Hex;pieceDeclaredAsNeutral;15;false;The game does not have any piece declared as Neutral;Static;;;;;;
Three-Player Hex;pieceDeclaredAsEach;15;false;Ludeme Each for the piece Marker requires at least one definition of MarkerN, with N > 0;Static;;;;;;
Three-Player Hex;equalNumberOfPiecesOnTheBoard;14;true;;Static;;;;;;
Three-Player Hex;noUndeclaredPlayerReference;15;true;;Static;;;;;;
Three-Player Hex;sizeOfTrack;16;false;Track concept is not present;Static;;;;;;
Trax;lineLessOrEqualThanBoardSide;1281;false;Line concept is not present;Static;;;;;;
Trax;pieceDeclaredAsShared;1191;false;The game does not have any piece declared as Shared;Static;;;;;;
Trax;pieceDeclaredAsNeutral;1174;false;The game does not have any piece declared as Neutral;Static;;;;;;
Trax;pieceDeclaredAsEach;1201;false;The game does not have any piece declared as Each;Static;;;;;;
Trax;equalNumberOfPiecesOnTheBoard;1207;true;;Static;;;;;;
Trax;noUndeclaredPlayerReference;1191;true;;Static;;;;;;
Trax;sizeOfTrack;1132;false;Track concept is not present;Static;;;;;;
Troll;lineLessOrEqualThanBoardSide;27;false;Line concept is not present;Static;;;;;;
Troll;pieceDeclaredAsShared;44;false;The game does not have any piece declared as Shared;Static;;;;;;
Troll;pieceDeclaredAsNeutral;41;false;The game does not have any piece declared as Neutral;Static;;;;;;
Troll;pieceDeclaredAsEach;29;false;Ludeme Each for the piece Ball requires at least one definition of BallN, with N > 0;Static;;;;;;
Troll;equalNumberOfPiecesOnTheBoard;26;true;;Static;;;;;;
Troll;noUndeclaredPlayerReference;26;true;;Static;;;;;;
Troll;sizeOfTrack;30;false;Track concept is not present;Static;;;;;;
Unlur;lineLessOrEqualThanBoardSide;60;false;Line concept is not present;Static;;;;;;
Unlur;pieceDeclaredAsShared;58;false;The game does not have any piece declared as Shared;Static;;;;;;
Unlur;pieceDeclaredAsNeutral;57;false;The game does not have any piece declared as Neutral;Static;;;;;;
Unlur;pieceDeclaredAsEach;59;false;Ludeme Each for the piece Disc requires at least one definition of DiscN, with N > 0;Static;;;;;;
Unlur;equalNumberOfPiecesOnTheBoard;58;true;;Static;;;;;;
Unlur;noUndeclaredPlayerReference;61;true;;Static;;;;;;
Unlur;sizeOfTrack;61;false;Track concept is not present;Static;;;;;;
Y (Hex);lineLessOrEqualThanBoardSide;66;false;Line concept is not present;Static;;;;;;
Y (Hex);pieceDeclaredAsShared;73;false;The game does not have any piece declared as Shared;Static;;;;;;
Y (Hex);pieceDeclaredAsNeutral;68;false;The game does not have any piece declared as Neutral;Static;;;;;;
Y (Hex);pieceDeclaredAsEach;65;false;Ludeme Each for the piece Marker requires at least one definition of MarkerN, with N > 0;Static;;;;;;
Y (Hex);equalNumberOfPiecesOnTheBoard;66;true;;Static;;;;;;
Y (Hex);noUndeclaredPlayerReference;69;true;;Static;;;;;;
Y (Hex);sizeOfTrack;79;false;Track concept is not present;Static;;;;;;
Y;lineLessOrEqualThanBoardSide;23;false;Line concept is not present;Static;;;;;;
Y;pieceDeclaredAsShared;25;false;The game does not have any piece declared as Shared;Static;;;;;;
Y;pieceDeclaredAsNeutral;25;false;The game does not have any piece declared as Neutral;Static;;;;;;
Y;pieceDeclaredAsEach;25;false;The game does not have any piece declared as Each;Static;;;;;;
Y;equalNumberOfPiecesOnTheBoard;22;true;;Static;;;;;;
Y;noUndeclaredPlayerReference;23;true;;Static;;;;;;
Y;sizeOfTrack;22;false;Track concept is not present;Static;;;;;;
Abrobad;lineLessOrEqualThanBoardSide;14;false;Line concept is not present;Static;;;;;;
Abrobad;pieceDeclaredAsShared;13;false;The game does not have any piece declared as Shared;Static;;;;;;
Abrobad;pieceDeclaredAsNeutral;14;false;The game does not have any piece declared as Neutral;Static;;;;;;
Abrobad;pieceDeclaredAsEach;14;false;Ludeme Each for the piece Hex requires at least one definition of HexN, with N > 0;Static;;;;;;
Abrobad;equalNumberOfPiecesOnTheBoard;13;true;;Static;;;;;;
Abrobad;noUndeclaredPlayerReference;14;true;;Static;;;;;;
Abrobad;sizeOfTrack;13;false;Track concept is not present;Static;;;;;;
Brain Coral;lineLessOrEqualThanBoardSide;28;false;Line concept is not present;Static;;;;;;
Brain Coral;pieceDeclaredAsShared;26;false;The game does not have any piece declared as Shared;Static;;;;;;
Brain Coral;pieceDeclaredAsNeutral;29;false;The game does not have any piece declared as Neutral;Static;;;;;;
Brain Coral;pieceDeclaredAsEach;26;false;Ludeme Each for the piece Ball requires at least one definition of BallN, with N > 0;Static;;;;;;
Brain Coral;equalNumberOfPiecesOnTheBoard;25;true;;Static;;;;;;
Brain Coral;noUndeclaredPlayerReference;28;true;;Static;;;;;;
Brain Coral;sizeOfTrack;31;false;Track concept is not present;Static;;;;;;
Brood;lineLessOrEqualThanBoardSide;164;false;Line concept is not present;Static;;;;;;
Brood;pieceDeclaredAsShared;151;false;The game does not have any piece declared as Shared;Static;;;;;;
Brood;pieceDeclaredAsNeutral;152;false;The game does not have any piece declared as Neutral;Static;;;;;;
Brood;pieceDeclaredAsEach;155;false;Ludeme Each for the piece Hex requires at least one definition of HexN, with N > 0;Static;;;;;;
Brood;equalNumberOfPiecesOnTheBoard;154;true;;Static;;;;;;
Brood;noUndeclaredPlayerReference;154;true;;Static;;;;;;
Brood;sizeOfTrack;149;false;Track concept is not present;Static;;;;;;
Catchup;lineLessOrEqualThanBoardSide;25;false;Line concept is not present;Static;;;;;;
Catchup;pieceDeclaredAsShared;24;false;The game does not have any piece declared as Shared;Static;;;;;;
Catchup;pieceDeclaredAsNeutral;24;false;The game does not have any piece declared as Neutral;Static;;;;;;
Catchup;pieceDeclaredAsEach;25;false;Ludeme Each for the piece Marker requires at least one definition of MarkerN, with N > 0;Static;;;;;;
Catchup;equalNumberOfPiecesOnTheBoard;28;true;;Static;;;;;;
Catchup;noUndeclaredPlayerReference;25;true;;Static;;;;;;
Catchup;sizeOfTrack;25;false;Track concept is not present;Static;;;;;;
Elea;lineLessOrEqualThanBoardSide;25;false;Line concept is not present;Static;;;;;;
Elea;pieceDeclaredAsShared;23;false;The game does not have any piece declared as Shared;Static;;;;;;
Elea;pieceDeclaredAsNeutral;24;false;The game does not have any piece declared as Neutral;Static;;;;;;
Elea;pieceDeclaredAsEach;24;false;Ludeme Each for the piece Disc requires at least one definition of DiscN, with N > 0;Static;;;;;;
Elea;equalNumberOfPiecesOnTheBoard;23;true;;Static;;;;;;
Elea;noUndeclaredPlayerReference;24;true;;Static;;;;;;
Elea;sizeOfTrack;26;false;Track concept is not present;Static;;;;;;
Feed the Ducks;lineLessOrEqualThanBoardSide;26;false;Line concept is not present;Static;;;;;;
Feed the Ducks;pieceDeclaredAsShared;25;false;The game does not have any piece declared as Shared;Static;;;;;;
Feed the Ducks;pieceDeclaredAsNeutral;27;false;The game does not have any piece declared as Neutral;Static;;;;;;
Feed the Ducks;pieceDeclaredAsEach;29;true;;Static;;;;;;
Feed the Ducks;equalNumberOfPiecesOnTheBoard;27;true;;Static;;;;;;
Feed the Ducks;noUndeclaredPlayerReference;25;true;;Static;;;;;;
Feed the Ducks;sizeOfTrack;24;false;Track concept is not present;Static;;;;;;
Groups;lineLessOrEqualThanBoardSide;15;false;Line concept is not present;Static;;;;;;
Groups;pieceDeclaredAsShared;17;false;The game does not have any piece declared as Shared;Static;;;;;;
Groups;pieceDeclaredAsNeutral;15;false;The game does not have any piece declared as Neutral;Static;;;;;;
Groups;pieceDeclaredAsEach;16;true;;Static;;;;;;
Groups;equalNumberOfPiecesOnTheBoard;15;true;;Static;;;;;;
Groups;noUndeclaredPlayerReference;16;true;;Static;;;;;;
Groups;sizeOfTrack;16;false;Track concept is not present;Static;;;;;;
Gygoreg;lineLessOrEqualThanBoardSide;57;false;Line concept is not present;Static;;;;;;
Gygoreg;pieceDeclaredAsShared;54;false;The game does not have any piece declared as Shared;Static;;;;;;
Gygoreg;pieceDeclaredAsNeutral;59;false;The game does not have any piece declared as Neutral;Static;;;;;;
Gygoreg;pieceDeclaredAsEach;57;true;;Static;;;;;;
Gygoreg;equalNumberOfPiecesOnTheBoard;55;true;;Static;;;;;;
Gygoreg;noUndeclaredPlayerReference;55;true;;Static;;;;;;
Gygoreg;sizeOfTrack;56;false;Track concept is not present;Static;;;;;;
Hermit;lineLessOrEqualThanBoardSide;47;false;Line concept is not present;Static;;;;;;
Hermit;pieceDeclaredAsShared;37;false;The game does not have any piece declared as Shared;Static;;;;;;
Hermit;pieceDeclaredAsNeutral;39;false;A piece declared Neutral must be called as piece0;Static;;;;;;
Hermit;pieceDeclaredAsEach;41;false;Ludeme Each for the piece Marker requires at least one definition of MarkerN, with N > 0;Static;;;;;;
Hermit;equalNumberOfPiecesOnTheBoard;37;true;;Static;;;;;;
Hermit;noUndeclaredPlayerReference;36;true;;Static;;;;;;
Hermit;sizeOfTrack;35;false;Track concept is not present;Static;;;;;;
Lines of Action;lineLessOrEqualThanBoardSide;26;false;Line concept is not present;Static;;;;;;
Lines of Action;pieceDeclaredAsShared;27;false;The game does not have any piece declared as Shared;Static;;;;;;
Lines of Action;pieceDeclaredAsNeutral;26;false;The game does not have any piece declared as Neutral;Static;;;;;;
Lines of Action;pieceDeclaredAsEach;25;true;;Static;;;;;;
Lines of Action;equalNumberOfPiecesOnTheBoard;26;true;;Static;;;;;;
Lines of Action;noUndeclaredPlayerReference;26;true;;Static;;;;;;
Lines of Action;sizeOfTrack;27;false;Track concept is not present;Static;;;;;;
Make Muster;lineLessOrEqualThanBoardSide;24;false;Line concept is not present;Static;;;;;;
Make Muster;pieceDeclaredAsShared;23;false;The game does not have any piece declared as Shared;Static;;;;;;
Make Muster;pieceDeclaredAsNeutral;27;false;The game does not have any piece declared as Neutral;Static;;;;;;
Make Muster;pieceDeclaredAsEach;28;false;Ludeme Each for the piece Disc requires at least one definition of DiscN, with N > 0;Static;;;;;;
Make Muster;equalNumberOfPiecesOnTheBoard;28;true;;Static;;;;;;
Make Muster;noUndeclaredPlayerReference;26;true;;Static;;;;;;
Make Muster;sizeOfTrack;27;false;Track concept is not present;Static;;;;;;
Manalath;lineLessOrEqualThanBoardSide;35;false;Line concept is not present;Static;;;;;;
Manalath;pieceDeclaredAsShared;31;false;The game does not have any piece declared as Shared;Static;;;;;;
Manalath;pieceDeclaredAsNeutral;28;false;The game does not have any piece declared as Neutral;Static;;;;;;
Manalath;pieceDeclaredAsEach;25;true;;Static;;;;;;
Manalath;equalNumberOfPiecesOnTheBoard;28;true;;Static;;;;;;
Manalath;noUndeclaredPlayerReference;26;true;;Static;;;;;;
Manalath;sizeOfTrack;25;false;Track concept is not present;Static;;;;;;
Manifold;lineLessOrEqualThanBoardSide;169;false;Line concept is not present;Static;;;;;;
Manifold;pieceDeclaredAsShared;176;false;The game does not have any piece declared as Shared;Static;;;;;;
Manifold;pieceDeclaredAsNeutral;171;false;The game does not have any piece declared as Neutral;Static;;;;;;
Manifold;pieceDeclaredAsEach;163;false;Ludeme Each for the piece Hex requires at least one definition of HexN, with N > 0;Static;;;;;;
Manifold;equalNumberOfPiecesOnTheBoard;167;true;;Static;;;;;;
Manifold;noUndeclaredPlayerReference;166;true;;Static;;;;;;
Manifold;sizeOfTrack;166;false;Track concept is not present;Static;;;;;;
Meridians;lineLessOrEqualThanBoardSide;75;false;Line concept is not present;Static;;;;;;
Meridians;pieceDeclaredAsShared;67;false;The game does not have any piece declared as Shared;Static;;;;;;
Meridians;pieceDeclaredAsNeutral;68;false;The game does not have any piece declared as Neutral;Static;;;;;;
Meridians;pieceDeclaredAsEach;68;false;Ludeme Each for the piece Disc requires at least one definition of DiscN, with N > 0;Static;;;;;;
Meridians;equalNumberOfPiecesOnTheBoard;69;true;;Static;;;;;;
Meridians;noUndeclaredPlayerReference;72;true;;Static;;;;;;
Meridians;sizeOfTrack;67;false;Track concept is not present;Static;;;;;;
Mono;lineLessOrEqualThanBoardSide;25;false;Line concept is not present;Static;;;;;;
Mono;pieceDeclaredAsShared;23;false;The game does not have any piece declared as Shared;Static;;;;;;
Mono;pieceDeclaredAsNeutral;24;false;The game does not have any piece declared as Neutral;Static;;;;;;
Mono;pieceDeclaredAsEach;25;false;Ludeme Each for the piece Disc requires at least one definition of DiscN, with N > 0;Static;;;;;;
Mono;equalNumberOfPiecesOnTheBoard;25;true;;Static;;;;;;
Mono;noUndeclaredPlayerReference;25;true;;Static;;;;;;
Mono;sizeOfTrack;25;false;Track concept is not present;Static;;;;;;
Odd;lineLessOrEqualThanBoardSide;28;false;Line concept is not present;Static;;;;;;
Odd;pieceDeclaredAsShared;23;false;The game does not have any piece declared as Shared;Static;;;;;;
Odd;pieceDeclaredAsNeutral;24;false;The game does not have any piece declared as Neutral;Static;;;;;;
Odd;pieceDeclaredAsEach;25;true;;Static;;;;;;
Odd;equalNumberOfPiecesOnTheBoard;24;true;;Static;;;;;;
Odd;noUndeclaredPlayerReference;23;true;;Static;;;;;;
Odd;sizeOfTrack;24;false;Track concept is not present;Static;;;;;;
Omega;lineLessOrEqualThanBoardSide;23;false;Line concept is not present;Static;;;;;;
Omega;pieceDeclaredAsShared;23;false;The game does not have any piece declared as Shared;Static;;;;;;
Omega;pieceDeclaredAsNeutral;24;false;The game does not have any piece declared as Neutral;Static;;;;;;
Omega;pieceDeclaredAsEach;23;false;Ludeme Each for the piece Marker requires at least one definition of MarkerN, with N > 0;Static;;;;;;
Omega;equalNumberOfPiecesOnTheBoard;23;true;;Static;;;;;;
Omega;noUndeclaredPlayerReference;23;true;;Static;;;;;;
Omega;sizeOfTrack;24;false;Track concept is not present;Static;;;;;;
Omny;lineLessOrEqualThanBoardSide;65;false;Line concept is not present;Static;;;;;;
Omny;pieceDeclaredAsShared;65;false;The game does not have any piece declared as Shared;Static;;;;;;
Omny;pieceDeclaredAsNeutral;58;false;The game does not have any piece declared as Neutral;Static;;;;;;
Omny;pieceDeclaredAsEach;59;false;Ludeme Each for the piece Disc requires at least one definition of DiscN, with N > 0;Static;;;;;;
Omny;equalNumberOfPiecesOnTheBoard;57;true;;Static;;;;;;
Omny;noUndeclaredPlayerReference;57;true;;Static;;;;;;
Omny;sizeOfTrack;57;false;Track concept is not present;Static;;;;;;
Product;lineLessOrEqualThanBoardSide;20;false;Line concept is not present;Static;;;;;;
Product;pieceDeclaredAsShared;20;false;The game does not have any piece declared as Shared;Static;;;;;;
Product;pieceDeclaredAsNeutral;23;false;The game does not have any piece declared as Neutral;Static;;;;;;
Product;pieceDeclaredAsEach;21;false;Ludeme Each for the piece Marker requires at least one definition of MarkerN, with N > 0;Static;;;;;;
Product;equalNumberOfPiecesOnTheBoard;19;true;;Static;;;;;;
Product;noUndeclaredPlayerReference;22;true;;Static;;;;;;
Product;sizeOfTrack;25;false;Track concept is not present;Static;;;;;;
RootZone;lineLessOrEqualThanBoardSide;73;false;Line concept is not present;Static;;;;;;
RootZone;pieceDeclaredAsShared;74;false;The game does not have any piece declared as Shared;Static;;;;;;
RootZone;pieceDeclaredAsNeutral;74;false;The game does not have any piece declared as Neutral;Static;;;;;;
RootZone;pieceDeclaredAsEach;72;false;Ludeme Each for the piece Disc requires at least one definition of DiscN, with N > 0;Static;;;;;;
RootZone;equalNumberOfPiecesOnTheBoard;72;true;;Static;;;;;;
RootZone;noUndeclaredPlayerReference;70;true;;Static;;;;;;
RootZone;sizeOfTrack;80;false;Track concept is not present;Static;;;;;;
Signum;lineLessOrEqualThanBoardSide;39;false;Line concept is not present;Static;;;;;;
Signum;pieceDeclaredAsShared;37;false;The game does not have any piece declared as Shared;Static;;;;;;
Signum;pieceDeclaredAsNeutral;41;false;The game does not have any piece declared as Neutral;Static;;;;;;
Signum;pieceDeclaredAsEach;37;false;Ludeme Each for the piece Disc requires at least one definition of DiscN, with N > 0;Static;;;;;;
Signum;equalNumberOfPiecesOnTheBoard;40;true;;Static;;;;;;
Signum;noUndeclaredPlayerReference;36;true;;Static;;;;;;
Signum;sizeOfTrack;35;false;Track concept is not present;Static;;;;;;
Symple;lineLessOrEqualThanBoardSide;145;false;Line concept is not present;Static;;;;;;
Symple;pieceDeclaredAsShared;154;false;The game does not have any piece declared as Shared;Static;;;;;;
Symple;pieceDeclaredAsNeutral;153;true;;Static;;;;;;
Symple;pieceDeclaredAsEach;144;false;Ludeme Each for the piece Marker requires at least one definition of MarkerN, with N > 0;Static;;;;;;
Symple;equalNumberOfPiecesOnTheBoard;153;true;;Static;;;;;;
Symple;noUndeclaredPlayerReference;188;true;;Static;;;;;;
Symple;sizeOfTrack;158;false;Track concept is not present;Static;;;;;;
Vigilance;lineLessOrEqualThanBoardSide;314;false;Line concept is not present;Static;;;;;;
Vigilance;pieceDeclaredAsShared;310;false;The game does not have any piece declared as Shared;Static;;;;;;
Vigilance;pieceDeclaredAsNeutral;313;false;The game does not have any piece declared as Neutral;Static;;;;;;
Vigilance;pieceDeclaredAsEach;333;false;Ludeme Each for the piece Disc requires at least one definition of DiscN, with N > 0;Static;;;;;;
Vigilance;equalNumberOfPiecesOnTheBoard;313;true;;Static;;;;;;
Vigilance;noUndeclaredPlayerReference;314;true;;Static;;;;;;
Vigilance;sizeOfTrack;312;false;Track concept is not present;Static;;;;;;
Yoin;lineLessOrEqualThanBoardSide;58;false;Line concept is not present;Static;;;;;;
Yoin;pieceDeclaredAsShared;51;false;The game does not have any piece declared as Shared;Static;;;;;;
Yoin;pieceDeclaredAsNeutral;51;false;The game does not have any piece declared as Neutral;Static;;;;;;
Yoin;pieceDeclaredAsEach;51;false;Ludeme Each for the piece Disc requires at least one definition of DiscN, with N > 0;Static;;;;;;
Yoin;equalNumberOfPiecesOnTheBoard;52;true;;Static;;;;;;
Yoin;noUndeclaredPlayerReference;51;true;;Static;;;;;;
Yoin;sizeOfTrack;54;false;Track concept is not present;Static;;;;;;
3D Tic-Tac-Toe;lineLessOrEqualThanBoardSide;15;true;;Static;;;;;;
3D Tic-Tac-Toe;pieceDeclaredAsShared;14;false;The game does not have any piece declared as Shared;Static;;;;;;
3D Tic-Tac-Toe;pieceDeclaredAsNeutral;12;true;;Static;;;;;;
3D Tic-Tac-Toe;pieceDeclaredAsEach;15;false;The game does not have any piece declared as Each;Static;;;;;;
3D Tic-Tac-Toe;equalNumberOfPiecesOnTheBoard;13;true;;Static;;;;;;
3D Tic-Tac-Toe;noUndeclaredPlayerReference;13;true;;Static;;;;;;
3D Tic-Tac-Toe;sizeOfTrack;13;false;Track concept is not present;Static;;;;;;
A Simple Game;lineLessOrEqualThanBoardSide;14;true;;Static;;;;;;
A Simple Game;pieceDeclaredAsShared;14;false;The game does not have any piece declared as Shared;Static;;;;;;
A Simple Game;pieceDeclaredAsNeutral;15;false;The game does not have any piece declared as Neutral;Static;;;;;;
A Simple Game;pieceDeclaredAsEach;14;true;;Static;;;;;;
A Simple Game;equalNumberOfPiecesOnTheBoard;15;true;;Static;;;;;;
A Simple Game;noUndeclaredPlayerReference;14;true;;Static;;;;;;
A Simple Game;sizeOfTrack;16;false;Track concept is not present;Static;;;;;;
Achi;lineLessOrEqualThanBoardSide;11;false;"Cannot read the array length because ""this.dim"" is null";Static;;;;;;
Achi;pieceDeclaredAsShared;11;false;The game does not have any piece declared as Shared;Static;;;;;;
Achi;pieceDeclaredAsNeutral;10;false;The game does not have any piece declared as Neutral;Static;;;;;;
Achi;pieceDeclaredAsEach;10;true;;Static;;;;;;
Achi;equalNumberOfPiecesOnTheBoard;10;true;;Static;;;;;;
Achi;noUndeclaredPlayerReference;11;true;;Static;;;;;;
Achi;sizeOfTrack;10;false;Track concept is not present;Static;;;;;;
Agilidade;lineLessOrEqualThanBoardSide;8;false;"Cannot read the array length because ""this.dim"" is null";Static;;;;;;
Agilidade;pieceDeclaredAsShared;6;false;The game does not have any piece declared as Shared;Static;;;;;;
Agilidade;pieceDeclaredAsNeutral;6;false;The game does not have any piece declared as Neutral;Static;;;;;;
Agilidade;pieceDeclaredAsEach;6;true;;Static;;;;;;
Agilidade;equalNumberOfPiecesOnTheBoard;6;true;;Static;;;;;;
Agilidade;noUndeclaredPlayerReference;5;true;;Static;;;;;;
Agilidade;sizeOfTrack;6;false;Track concept is not present;Static;;;;;;
Akidada;lineLessOrEqualThanBoardSide;6;true;;Static;;;;;;
Akidada;pieceDeclaredAsShared;6;false;The game does not have any piece declared as Shared;Static;;;;;;
Akidada;pieceDeclaredAsNeutral;7;false;The game does not have any piece declared as Neutral;Static;;;;;;
Akidada;pieceDeclaredAsEach;6;true;;Static;;;;;;
Akidada;equalNumberOfPiecesOnTheBoard;8;true;;Static;;;;;;
Akidada;noUndeclaredPlayerReference;6;true;;Static;;;;;;
Akidada;sizeOfTrack;6;false;Track concept is not present;Static;;;;;;
All Queens Chess;lineLessOrEqualThanBoardSide;15;true;;Static;;;;;;
All Queens Chess;pieceDeclaredAsShared;14;false;The game does not have any piece declared as Shared;Static;;;;;;
All Queens Chess;pieceDeclaredAsNeutral;13;false;The game does not have any piece declared as Neutral;Static;;;;;;
All Queens Chess;pieceDeclaredAsEach;14;true;;Static;;;;;;
All Queens Chess;equalNumberOfPiecesOnTheBoard;14;true;;Static;;;;;;
All Queens Chess;noUndeclaredPlayerReference;13;true;;Static;;;;;;
All Queens Chess;sizeOfTrack;14;false;Track concept is not present;Static;;;;;;
Alquerque de Tres;lineLessOrEqualThanBoardSide;5;true;;Static;;;;;;
Alquerque de Tres;pieceDeclaredAsShared;6;false;The game does not have any piece declared as Shared;Static;;;;;;
Alquerque de Tres;pieceDeclaredAsNeutral;4;false;The game does not have any piece declared as Neutral;Static;;;;;;
Alquerque de Tres;pieceDeclaredAsEach;5;true;;Static;;;;;;
Alquerque de Tres;equalNumberOfPiecesOnTheBoard;5;true;;Static;;;;;;
Alquerque de Tres;noUndeclaredPlayerReference;5;true;;Static;;;;;;
Alquerque de Tres;sizeOfTrack;5;false;Track concept is not present;Static;;;;;;
Altan Xaraacaj;lineLessOrEqualThanBoardSide;17;true;;Static;;;;;;
Altan Xaraacaj;pieceDeclaredAsShared;17;false;The game does not have any piece declared as Shared;Static;;;;;;
Altan Xaraacaj;pieceDeclaredAsNeutral;16;false;The game does not have any piece declared as Neutral;Static;;;;;;
Altan Xaraacaj;pieceDeclaredAsEach;17;true;;Static;;;;;;
Altan Xaraacaj;equalNumberOfPiecesOnTheBoard;18;true;;Static;;;;;;
Altan Xaraacaj;noUndeclaredPlayerReference;17;true;;Static;;;;;;
Altan Xaraacaj;sizeOfTrack;17;false;Track concept is not present;Static;;;;;;
Andantino;lineLessOrEqualThanBoardSide;1528;true;;Static;;;;;;
Andantino;pieceDeclaredAsShared;1851;false;The game does not have any piece declared as Shared;Static;;;;;;
Andantino;pieceDeclaredAsNeutral;1284;false;The game does not have any piece declared as Neutral;Static;;;;;;
Andantino;pieceDeclaredAsEach;1437;false;The game does not have any piece declared as Each;Static;;;;;;
Andantino;equalNumberOfPiecesOnTheBoard;1359;true;;Static;;;;;;
Andantino;noUndeclaredPlayerReference;2069;true;;Static;;;;;;
Andantino;sizeOfTrack;2180;false;Track concept is not present;Static;;;;;;
Aqrad;lineLessOrEqualThanBoardSide;21;true;;Static;;;;;;
Aqrad;pieceDeclaredAsShared;21;false;The game does not have any piece declared as Shared;Static;;;;;;
Aqrad;pieceDeclaredAsNeutral;23;false;The game does not have any piece declared as Neutral;Static;;;;;;
Aqrad;pieceDeclaredAsEach;21;true;;Static;;;;;;
Aqrad;equalNumberOfPiecesOnTheBoard;31;true;;Static;;;;;;
Aqrad;noUndeclaredPlayerReference;21;true;;Static;;;;;;
Aqrad;sizeOfTrack;19;false;Track concept is not present;Static;;;;;;
Bolotudu;lineLessOrEqualThanBoardSide;17;true;;Static;;;;;;
Bolotudu;pieceDeclaredAsShared;17;false;The game does not have any piece declared as Shared;Static;;;;;;
Bolotudu;pieceDeclaredAsNeutral;17;false;The game does not have any piece declared as Neutral;Static;;;;;;
Bolotudu;pieceDeclaredAsEach;18;true;;Static;;;;;;
Bolotudu;equalNumberOfPiecesOnTheBoard;16;true;;Static;;;;;;
Bolotudu;noUndeclaredPlayerReference;16;true;;Static;;;;;;
Bolotudu;sizeOfTrack;19;false;Track concept is not present;Static;;;;;;
Bravalath;lineLessOrEqualThanBoardSide;1572;true;;Static;;;;;;
Bravalath;pieceDeclaredAsShared;1434;false;The game does not have any piece declared as Shared;Static;;;;;;
Bravalath;pieceDeclaredAsNeutral;1373;false;The game does not have any piece declared as Neutral;Static;;;;;;
Bravalath;pieceDeclaredAsEach;1508;false;The game does not have any piece declared as Each;Static;;;;;;
Bravalath;equalNumberOfPiecesOnTheBoard;1698;true;;Static;;;;;;
Bravalath;noUndeclaredPlayerReference;1439;true;;Static;;;;;;
Bravalath;sizeOfTrack;1493;false;Track concept is not present;Static;;;;;;
Broken Line;lineLessOrEqualThanBoardSide;70;true;;Static;;;;;;
Broken Line;pieceDeclaredAsShared;44;false;The game does not have any piece declared as Shared;Static;;;;;;
Broken Line;pieceDeclaredAsNeutral;61;false;The game does not have any piece declared as Neutral;Static;;;;;;
Broken Line;pieceDeclaredAsEach;57;false;Ludeme Each for the piece Marker requires at least one definition of MarkerN, with N > 0;Static;;;;;;
Broken Line;equalNumberOfPiecesOnTheBoard;53;true;;Static;;;;;;
Broken Line;noUndeclaredPlayerReference;45;true;;Static;;;;;;
Broken Line;sizeOfTrack;48;false;Track concept is not present;Static;;;;;;
Callanish;lineLessOrEqualThanBoardSide;53;false;Line concept is not present;Static;;;;;;
Callanish;pieceDeclaredAsShared;50;false;The game does not have any piece declared as Shared;Static;;;;;;
Callanish;pieceDeclaredAsNeutral;54;false;The game does not have any piece declared as Neutral;Static;;;;;;
Callanish;pieceDeclaredAsEach;51;false;Ludeme Each for the piece Disc requires at least one definition of DiscN, with N > 0;Static;;;;;;
Callanish;equalNumberOfPiecesOnTheBoard;50;true;;Static;;;;;;
Callanish;noUndeclaredPlayerReference;55;true;;Static;;;;;;
Callanish;sizeOfTrack;52;false;Track concept is not present;Static;;;;;;
Centrifugal Force;lineLessOrEqualThanBoardSide;58;true;;Static;;;;;;
Centrifugal Force;pieceDeclaredAsShared;55;false;The game does not have any piece declared as Shared;Static;;;;;;
Centrifugal Force;pieceDeclaredAsNeutral;59;true;;Static;;;;;;
Centrifugal Force;pieceDeclaredAsEach;54;false;The game does not have any piece declared as Each;Static;;;;;;
Centrifugal Force;equalNumberOfPiecesOnTheBoard;56;true;;Static;;;;;;
Centrifugal Force;noUndeclaredPlayerReference;66;true;;Static;;;;;;
Centrifugal Force;sizeOfTrack;58;false;Track concept is not present;Static;;;;;;
Centripetal Force;lineLessOrEqualThanBoardSide;81;true;;Static;;;;;;
Centripetal Force;pieceDeclaredAsShared;95;false;The game does not have any piece declared as Shared;Static;;;;;;
Centripetal Force;pieceDeclaredAsNeutral;70;true;;Static;;;;;;
Centripetal Force;pieceDeclaredAsEach;66;false;The game does not have any piece declared as Each;Static;;;;;;
Centripetal Force;equalNumberOfPiecesOnTheBoard;67;true;;Static;;;;;;
Centripetal Force;noUndeclaredPlayerReference;81;true;;Static;;;;;;
Centripetal Force;sizeOfTrack;72;false;Track concept is not present;Static;;;;;;
Connect Four;lineLessOrEqualThanBoardSide;6;true;;Static;;;;;;
Connect Four;pieceDeclaredAsShared;5;false;The game does not have any piece declared as Shared;Static;;;;;;
Connect Four;pieceDeclaredAsNeutral;7;false;The game does not have any piece declared as Neutral;Static;;;;;;
Connect Four;pieceDeclaredAsEach;7;false;Ludeme Each for the piece Disc requires at least one definition of DiscN, with N > 0;Static;;;;;;
Connect Four;equalNumberOfPiecesOnTheBoard;5;true;;Static;;;;;;
Connect Four;noUndeclaredPlayerReference;5;true;;Static;;;;;;
Connect Four;sizeOfTrack;8;false;Track concept is not present;Static;;;;;;
Connect6;lineLessOrEqualThanBoardSide;101;true;;Static;;;;;;
Connect6;pieceDeclaredAsShared;99;false;The game does not have any piece declared as Shared;Static;;;;;;
Connect6;pieceDeclaredAsNeutral;102;false;The game does not have any piece declared as Neutral;Static;;;;;;
Connect6;pieceDeclaredAsEach;113;false;Ludeme Each for the piece Marker requires at least one definition of MarkerN, with N > 0;Static;;;;;;
Connect6;equalNumberOfPiecesOnTheBoard;113;true;;Static;;;;;;
Connect6;noUndeclaredPlayerReference;104;true;;Static;;;;;;
Connect6;sizeOfTrack;109;false;Track concept is not present;Static;;;;;;
Dai Hasami Shogi;lineLessOrEqualThanBoardSide;27;true;;Static;;;;;;
Dai Hasami Shogi;pieceDeclaredAsShared;30;false;The game does not have any piece declared as Shared;Static;;;;;;
Dai Hasami Shogi;pieceDeclaredAsNeutral;28;false;The game does not have any piece declared as Neutral;Static;;;;;;
Dai Hasami Shogi;pieceDeclaredAsEach;32;true;;Static;;;;;;
Dai Hasami Shogi;equalNumberOfPiecesOnTheBoard;31;true;;Static;;;;;;
Dai Hasami Shogi;noUndeclaredPlayerReference;27;true;;Static;;;;;;
Dai Hasami Shogi;sizeOfTrack;29;false;Track concept is not present;Static;;;;;;
Dala;lineLessOrEqualThanBoardSide;23;true;;Static;;;;;;
Dala;pieceDeclaredAsShared;27;false;The game does not have any piece declared as Shared;Static;;;;;;
Dala;pieceDeclaredAsNeutral;24;false;The game does not have any piece declared as Neutral;Static;;;;;;
Dala;pieceDeclaredAsEach;29;true;;Static;;;;;;
Dala;equalNumberOfPiecesOnTheBoard;27;true;;Static;;;;;;
Dala;noUndeclaredPlayerReference;23;true;;Static;;;;;;
Dala;sizeOfTrack;25;false;Track concept is not present;Static;;;;;;
Dara;lineLessOrEqualThanBoardSide;13;true;;Static;;;;;;
Dara;pieceDeclaredAsShared;17;false;The game does not have any piece declared as Shared;Static;;;;;;
Dara;pieceDeclaredAsNeutral;14;false;The game does not have any piece declared as Neutral;Static;;;;;;
Dara;pieceDeclaredAsEach;13;true;;Static;;;;;;
Dara;equalNumberOfPiecesOnTheBoard;12;true;;Static;;;;;;
Dara;noUndeclaredPlayerReference;16;true;;Static;;;;;;
Dara;sizeOfTrack;20;false;Track concept is not present;Static;;;;;;
Dig Dig;lineLessOrEqualThanBoardSide;19;false;"Cannot read the array length because ""this.dim"" is null";Static;;;;;;
Dig Dig;pieceDeclaredAsShared;20;false;The game does not have any piece declared as Shared;Static;;;;;;
Dig Dig;pieceDeclaredAsNeutral;23;false;The game does not have any piece declared as Neutral;Static;;;;;;
Dig Dig;pieceDeclaredAsEach;22;true;;Static;;;;;;
Dig Dig;equalNumberOfPiecesOnTheBoard;32;true;;Static;;;;;;
Dig Dig;noUndeclaredPlayerReference;28;true;;Static;;;;;;
Dig Dig;sizeOfTrack;23;false;Track concept is not present;Static;;;;;;
Djara-Badakh;lineLessOrEqualThanBoardSide;8;true;;Static;;;;;;
Djara-Badakh;pieceDeclaredAsShared;6;false;The game does not have any piece declared as Shared;Static;;;;;;
Djara-Badakh;pieceDeclaredAsNeutral;5;false;The game does not have any piece declared as Neutral;Static;;;;;;
Djara-Badakh;pieceDeclaredAsEach;6;true;;Static;;;;;;
Djara-Badakh;equalNumberOfPiecesOnTheBoard;9;true;;Static;;;;;;
Djara-Badakh;noUndeclaredPlayerReference;18;true;;Static;;;;;;
Djara-Badakh;sizeOfTrack;8;false;Track concept is not present;Static;;;;;;
Dra;lineLessOrEqualThanBoardSide;15;true;;Static;;;;;;
Dra;pieceDeclaredAsShared;14;false;The game does not have any piece declared as Shared;Static;;;;;;
Dra;pieceDeclaredAsNeutral;16;false;The game does not have any piece declared as Neutral;Static;;;;;;
Dra;pieceDeclaredAsEach;12;true;;Static;;;;;;
Dra;equalNumberOfPiecesOnTheBoard;18;true;;Static;;;;;;
Dra;noUndeclaredPlayerReference;14;true;;Static;;;;;;
Dra;sizeOfTrack;13;false;Track concept is not present;Static;;;;;;
Driesticken;lineLessOrEqualThanBoardSide;7;true;;Static;;;;;;
Driesticken;pieceDeclaredAsShared;6;false;The game does not have any piece declared as Shared;Static;;;;;;
Driesticken;pieceDeclaredAsNeutral;6;false;The game does not have any piece declared as Neutral;Static;;;;;;
Driesticken;pieceDeclaredAsEach;5;true;;Static;;;;;;
Driesticken;equalNumberOfPiecesOnTheBoard;6;true;;Static;;;;;;
Driesticken;noUndeclaredPlayerReference;6;true;;Static;;;;;;
Driesticken;sizeOfTrack;5;false;Track concept is not present;Static;;;;;;
Dris at-Talata;lineLessOrEqualThanBoardSide;8;true;;Static;;;;;;
Dris at-Talata;pieceDeclaredAsShared;6;false;The game does not have any piece declared as Shared;Static;;;;;;
Dris at-Talata;pieceDeclaredAsNeutral;7;false;The game does not have any piece declared as Neutral;Static;;;;;;
Dris at-Talata;pieceDeclaredAsEach;6;true;;Static;;;;;;
Dris at-Talata;equalNumberOfPiecesOnTheBoard;6;true;;Static;;;;;;
Dris at-Talata;noUndeclaredPlayerReference;6;true;;Static;;;;;;
Dris at-Talata;sizeOfTrack;6;false;Track concept is not present;Static;;;;;;
Engijn Zirge;lineLessOrEqualThanBoardSide;7;true;;Static;;;;;;
Engijn Zirge;pieceDeclaredAsShared;6;false;The game does not have any piece declared as Shared;Static;;;;;;
Engijn Zirge;pieceDeclaredAsNeutral;6;false;The game does not have any piece declared as Neutral;Static;;;;;;
Engijn Zirge;pieceDeclaredAsEach;5;true;;Static;;;;;;
Engijn Zirge;equalNumberOfPiecesOnTheBoard;10;true;;Static;;;;;;
Engijn Zirge;noUndeclaredPlayerReference;7;true;;Static;;;;;;
Engijn Zirge;sizeOfTrack;6;false;Track concept is not present;Static;;;;;;
Epelle;lineLessOrEqualThanBoardSide;8;true;;Static;;;;;;
Epelle;pieceDeclaredAsShared;8;false;The game does not have any piece declared as Shared;Static;;;;;;
Epelle;pieceDeclaredAsNeutral;8;false;The game does not have any piece declared as Neutral;Static;;;;;;
Epelle;pieceDeclaredAsEach;8;true;;Static;;;;;;
Epelle;equalNumberOfPiecesOnTheBoard;8;true;;Static;;;;;;
Epelle;noUndeclaredPlayerReference;8;true;;Static;;;;;;
Epelle;sizeOfTrack;11;false;Track concept is not present;Static;;;;;;
Fanorona Telo;lineLessOrEqualThanBoardSide;8;true;;Static;;;;;;
Fanorona Telo;pieceDeclaredAsShared;7;false;The game does not have any piece declared as Shared;Static;;;;;;
Fanorona Telo;pieceDeclaredAsNeutral;6;false;The game does not have any piece declared as Neutral;Static;;;;;;
Fanorona Telo;pieceDeclaredAsEach;8;true;;Static;;;;;;
Fanorona Telo;equalNumberOfPiecesOnTheBoard;7;true;;Static;;;;;;
Fanorona Telo;noUndeclaredPlayerReference;6;true;;Static;;;;;;
Fanorona Telo;sizeOfTrack;11;false;Track concept is not present;Static;;;;;;
Fart (5x5);lineLessOrEqualThanBoardSide;29;true;;Static;;;;;;
Fart (5x5);pieceDeclaredAsShared;23;false;The game does not have any piece declared as Shared;Static;;;;;;
Fart (5x5);pieceDeclaredAsNeutral;32;false;The game does not have any piece declared as Neutral;Static;;;;;;
Fart (5x5);pieceDeclaredAsEach;23;true;;Static;;;;;;
Fart (5x5);equalNumberOfPiecesOnTheBoard;20;true;;Static;;;;;;
Fart (5x5);noUndeclaredPlayerReference;25;true;;Static;;;;;;
Fart (5x5);sizeOfTrack;37;false;Track concept is not present;Static;;;;;;
Fart (7x7);lineLessOrEqualThanBoardSide;28;true;;Static;;;;;;
Fart (7x7);pieceDeclaredAsShared;30;false;The game does not have any piece declared as Shared;Static;;;;;;
Fart (7x7);pieceDeclaredAsNeutral;28;false;The game does not have any piece declared as Neutral;Static;;;;;;
Fart (7x7);pieceDeclaredAsEach;27;true;;Static;;;;;;
Fart (7x7);equalNumberOfPiecesOnTheBoard;25;true;;Static;;;;;;
Fart (7x7);noUndeclaredPlayerReference;26;true;;Static;;;;;;
Fart (7x7);sizeOfTrack;30;false;Track concept is not present;Static;;;;;;
Fettas;lineLessOrEqualThanBoardSide;12;false;"Cannot read the array length because ""this.dim"" is null";Static;;;;;;
Fettas;pieceDeclaredAsShared;11;false;The game does not have any piece declared as Shared;Static;;;;;;
Fettas;pieceDeclaredAsNeutral;10;false;The game does not have any piece declared as Neutral;Static;;;;;;
Fettas;pieceDeclaredAsEach;12;true;;Static;;;;;;
Fettas;equalNumberOfPiecesOnTheBoard;9;true;;Static;;;;;;
Fettas;noUndeclaredPlayerReference;9;true;;Static;;;;;;
Fettas;sizeOfTrack;14;false;Track concept is not present;Static;;;;;;
Fivalath;lineLessOrEqualThanBoardSide;23;true;;Static;;;;;;
Fivalath;pieceDeclaredAsShared;39;false;The game does not have any piece declared as Shared;Static;;;;;;
Fivalath;pieceDeclaredAsNeutral;29;false;The game does not have any piece declared as Neutral;Static;;;;;;
Fivalath;pieceDeclaredAsEach;24;false;Ludeme Each for the piece Ball requires at least one definition of BallN, with N > 0;Static;;;;;;
Fivalath;equalNumberOfPiecesOnTheBoard;21;true;;Static;;;;;;
Fivalath;noUndeclaredPlayerReference;31;true;;Static;;;;;;
Fivalath;sizeOfTrack;37;false;Track concept is not present;Static;;;;;;
Five Men's Morris;lineLessOrEqualThanBoardSide;14;false;"Cannot read the array length because ""this.dim"" is null";Static;;;;;;
Five Men's Morris;pieceDeclaredAsShared;12;false;The game does not have any piece declared as Shared;Static;;;;;;
Five Men's Morris;pieceDeclaredAsNeutral;15;false;The game does not have any piece declared as Neutral;Static;;;;;;
Five Men's Morris;pieceDeclaredAsEach;16;true;;Static;;;;;;
Five Men's Morris;equalNumberOfPiecesOnTheBoard;12;true;;Static;;;;;;
Five Men's Morris;noUndeclaredPlayerReference;13;true;;Static;;;;;;
Five Men's Morris;sizeOfTrack;17;false;Track concept is not present;Static;;;;;;
Gobblet Gobblers;lineLessOrEqualThanBoardSide;20;true;;Static;;;;;;
Gobblet Gobblers;pieceDeclaredAsShared;17;false;The game does not have any piece declared as Shared;Static;;;;;;
Gobblet Gobblers;pieceDeclaredAsNeutral;19;false;The game does not have any piece declared as Neutral;Static;;;;;;
Gobblet Gobblers;pieceDeclaredAsEach;17;false;The game does not have any piece declared as Each;Static;;;;;;
Gobblet Gobblers;equalNumberOfPiecesOnTheBoard;17;true;;Static;;;;;;
Gobblet Gobblers;noUndeclaredPlayerReference;16;true;;Static;;;;;;
Gobblet Gobblers;sizeOfTrack;14;false;Track concept is not present;Static;;;;;;
Gomoku;lineLessOrEqualThanBoardSide;65;true;;Static;;;;;;
Gomoku;pieceDeclaredAsShared;61;false;The game does not have any piece declared as Shared;Static;;;;;;
Gomoku;pieceDeclaredAsNeutral;61;false;The game does not have any piece declared as Neutral;Static;;;;;;
Gomoku;pieceDeclaredAsEach;58;false;Ludeme Each for the piece Marker requires at least one definition of MarkerN, with N > 0;Static;;;;;;
Gomoku;equalNumberOfPiecesOnTheBoard;55;true;;Static;;;;;;
Gomoku;noUndeclaredPlayerReference;55;true;;Static;;;;;;
Gomoku;sizeOfTrack;58;false;Track concept is not present;Static;;;;;;
Gurgaldaj;lineLessOrEqualThanBoardSide;12;false;"Cannot read the array length because ""this.dim"" is null";Static;;;;;;
Gurgaldaj;pieceDeclaredAsShared;11;false;The game does not have any piece declared as Shared;Static;;;;;;
Gurgaldaj;pieceDeclaredAsNeutral;12;false;The game does not have any piece declared as Neutral;Static;;;;;;
Gurgaldaj;pieceDeclaredAsEach;11;true;;Static;;;;;;
Gurgaldaj;equalNumberOfPiecesOnTheBoard;14;true;;Static;;;;;;
Gurgaldaj;noUndeclaredPlayerReference;12;true;;Static;;;;;;
Gurgaldaj;sizeOfTrack;11;false;Track concept is not present;Static;;;;;;
Jeson Zam;lineLessOrEqualThanBoardSide;17;false;"Cannot read the array length because ""this.dim"" is null";Static;;;;;;
Jeson Zam;pieceDeclaredAsShared;16;false;The game does not have any piece declared as Shared;Static;;;;;;
Jeson Zam;pieceDeclaredAsNeutral;17;false;The game does not have any piece declared as Neutral;Static;;;;;;
Jeson Zam;pieceDeclaredAsEach;17;true;;Static;;;;;;
Jeson Zam;equalNumberOfPiecesOnTheBoard;21;true;;Static;;;;;;
Jeson Zam;noUndeclaredPlayerReference;18;true;;Static;;;;;;
Jeson Zam;sizeOfTrack;16;false;Track concept is not present;Static;;;;;;
Kassle;lineLessOrEqualThanBoardSide;45;true;;Static;;;;;;
Kassle;pieceDeclaredAsShared;44;false;The game does not have any piece declared as Shared;Static;;;;;;
Kassle;pieceDeclaredAsNeutral;46;false;The game does not have any piece declared as Neutral;Static;;;;;;
Kassle;pieceDeclaredAsEach;46;false;Ludeme Each for the piece Square requires at least one definition of SquareN, with N > 0;Static;;;;;;
Kassle;equalNumberOfPiecesOnTheBoard;48;true;;Static;;;;;;
Kassle;noUndeclaredPlayerReference;49;true;;Static;;;;;;
Kassle;sizeOfTrack;43;false;Track concept is not present;Static;;;;;;
Katsela;lineLessOrEqualThanBoardSide;9;true;;Static;;;;;;
Katsela;pieceDeclaredAsShared;7;false;The game does not have any piece declared as Shared;Static;;;;;;
Katsela;pieceDeclaredAsNeutral;8;false;The game does not have any piece declared as Neutral;Static;;;;;;
Katsela;pieceDeclaredAsEach;9;true;;Static;;;;;;
Katsela;equalNumberOfPiecesOnTheBoard;7;true;;Static;;;;;;
Katsela;noUndeclaredPlayerReference;6;true;;Static;;;;;;
Katsela;sizeOfTrack;10;false;Track concept is not present;Static;;;;;;
Keryo-Pente;lineLessOrEqualThanBoardSide;430;true;;Static;;;;;;
Keryo-Pente;pieceDeclaredAsShared;406;false;The game does not have any piece declared as Shared;Static;;;;;;
Keryo-Pente;pieceDeclaredAsNeutral;416;false;The game does not have any piece declared as Neutral;Static;;;;;;
Keryo-Pente;pieceDeclaredAsEach;431;false;Ludeme Each for the piece Ball requires at least one definition of BallN, with N > 0;Static;;;;;;
Keryo-Pente;equalNumberOfPiecesOnTheBoard;429;true;;Static;;;;;;
Keryo-Pente;noUndeclaredPlayerReference;428;true;;Static;;;;;;
Keryo-Pente;sizeOfTrack;428;false;Track concept is not present;Static;;;;;;
La Chascona;lineLessOrEqualThanBoardSide;18;false;"Cannot read the array length because ""this.dim"" is null";Static;;;;;;
La Chascona;pieceDeclaredAsShared;14;false;The game does not have any piece declared as Shared;Static;;;;;;
La Chascona;pieceDeclaredAsNeutral;17;false;The game does not have any piece declared as Neutral;Static;;;;;;
La Chascona;pieceDeclaredAsEach;15;true;;Static;;;;;;
La Chascona;equalNumberOfPiecesOnTheBoard;16;true;;Static;;;;;;
La Chascona;noUndeclaredPlayerReference;16;true;;Static;;;;;;
La Chascona;sizeOfTrack;16;false;Track concept is not present;Static;;;;;;
Les Pendus;lineLessOrEqualThanBoardSide;7;true;;Static;;;;;;
Les Pendus;pieceDeclaredAsShared;7;false;The game does not have any piece declared as Shared;Static;;;;;;
Les Pendus;pieceDeclaredAsNeutral;8;false;The game does not have any piece declared as Neutral;Static;;;;;;
Les Pendus;pieceDeclaredAsEach;7;true;;Static;;;;;;
Les Pendus;equalNumberOfPiecesOnTheBoard;7;true;;Static;;;;;;
Les Pendus;noUndeclaredPlayerReference;8;true;;Static;;;;;;
Les Pendus;sizeOfTrack;8;false;Track concept is not present;Static;;;;;;
Liu Tsi;lineLessOrEqualThanBoardSide;8;true;;Static;;;;;;
Liu Tsi;pieceDeclaredAsShared;7;false;The game does not have any piece declared as Shared;Static;;;;;;
Liu Tsi;pieceDeclaredAsNeutral;7;false;The game does not have any piece declared as Neutral;Static;;;;;;
Liu Tsi;pieceDeclaredAsEach;8;true;;Static;;;;;;
Liu Tsi;equalNumberOfPiecesOnTheBoard;9;true;;Static;;;;;;
Liu Tsi;noUndeclaredPlayerReference;7;true;;Static;;;;;;
Liu Tsi;sizeOfTrack;9;false;Track concept is not present;Static;;;;;;
Marelle Quadruple;lineLessOrEqualThanBoardSide;15;true;;Static;;;;;;
Marelle Quadruple;pieceDeclaredAsShared;15;false;The game does not have any piece declared as Shared;Static;;;;;;
Marelle Quadruple;pieceDeclaredAsNeutral;13;false;The game does not have any piece declared as Neutral;Static;;;;;;
Marelle Quadruple;pieceDeclaredAsEach;14;true;;Static;;;;;;
Marelle Quadruple;equalNumberOfPiecesOnTheBoard;13;true;;Static;;;;;;
Marelle Quadruple;noUndeclaredPlayerReference;12;true;;Static;;;;;;
Marelle Quadruple;sizeOfTrack;13;false;Track concept is not present;Static;;;;;;
Marelle Triple;lineLessOrEqualThanBoardSide;19;false;"Cannot read the array length because ""this.dim"" is null";Static;;;;;;
Marelle Triple;pieceDeclaredAsShared;17;false;The game does not have any piece declared as Shared;Static;;;;;;
Marelle Triple;pieceDeclaredAsNeutral;17;false;The game does not have any piece declared as Neutral;Static;;;;;;
Marelle Triple;pieceDeclaredAsEach;18;true;;Static;;;;;;
Marelle Triple;equalNumberOfPiecesOnTheBoard;19;true;;Static;;;;;;
Marelle Triple;noUndeclaredPlayerReference;16;true;;Static;;;;;;
Marelle Triple;sizeOfTrack;17;false;Track concept is not present;Static;;;;;;
Mbenga Alignment Game;lineLessOrEqualThanBoardSide;5;true;;Static;;;;;;
Mbenga Alignment Game;pieceDeclaredAsShared;4;false;The game does not have any piece declared as Shared;Static;;;;;;
Mbenga Alignment Game;pieceDeclaredAsNeutral;4;false;The game does not have any piece declared as Neutral;Static;;;;;;
Mbenga Alignment Game;pieceDeclaredAsEach;5;true;;Static;;;;;;
Mbenga Alignment Game;equalNumberOfPiecesOnTheBoard;4;true;;Static;;;;;;
Mbenga Alignment Game;noUndeclaredPlayerReference;4;true;;Static;;;;;;
Mbenga Alignment Game;sizeOfTrack;4;false;Track concept is not present;Static;;;;;;
Millieu;lineLessOrEqualThanBoardSide;145;false;Line concept is not present;Static;;;;;;
Millieu;pieceDeclaredAsShared;143;true;;Static;;;;;;
Millieu;pieceDeclaredAsNeutral;130;false;The game does not have any piece declared as Neutral;Static;;;;;;
Millieu;pieceDeclaredAsEach;144;false;The game does not have any piece declared as Each;Static;;;;;;
Millieu;equalNumberOfPiecesOnTheBoard;137;true;;Static;;;;;;
Millieu;noUndeclaredPlayerReference;150;true;;Static;;;;;;
Millieu;sizeOfTrack;150;false;Track concept is not present;Static;;;;;;
Minefield;lineLessOrEqualThanBoardSide;29;false;Line concept is not present;Static;;;;;;
Minefield;pieceDeclaredAsShared;32;false;The game does not have any piece declared as Shared;Static;;;;;;
Minefield;pieceDeclaredAsNeutral;30;false;The game does not have any piece declared as Neutral;Static;;;;;;
Minefield;pieceDeclaredAsEach;29;false;The game does not have any piece declared as Each;Static;;;;;;
Minefield;equalNumberOfPiecesOnTheBoard;33;true;;Static;;;;;;
Minefield;noUndeclaredPlayerReference;32;true;;Static;;;;;;
Minefield;sizeOfTrack;32;false;Track concept is not present;Static;;;;;;
Mlabalaba;lineLessOrEqualThanBoardSide;12;false;"Cannot read the array length because ""this.dim"" is null";Static;;;;;;
Mlabalaba;pieceDeclaredAsShared;11;false;The game does not have any piece declared as Shared;Static;;;;;;
Mlabalaba;pieceDeclaredAsNeutral;15;false;The game does not have any piece declared as Neutral;Static;;;;;;
Mlabalaba;pieceDeclaredAsEach;14;true;;Static;;;;;;
Mlabalaba;equalNumberOfPiecesOnTheBoard;15;true;;Static;;;;;;
Mlabalaba;noUndeclaredPlayerReference;14;true;;Static;;;;;;
Mlabalaba;sizeOfTrack;16;false;Track concept is not present;Static;;;;;;
Morabaraba;lineLessOrEqualThanBoardSide;17;false;"Cannot read the array length because ""this.dim"" is null";Static;;;;;;
Morabaraba;pieceDeclaredAsShared;16;false;The game does not have any piece declared as Shared;Static;;;;;;
Morabaraba;pieceDeclaredAsNeutral;16;false;The game does not have any piece declared as Neutral;Static;;;;;;
Morabaraba;pieceDeclaredAsEach;14;true;;Static;;;;;;
Morabaraba;equalNumberOfPiecesOnTheBoard;12;true;;Static;;;;;;
Morabaraba;noUndeclaredPlayerReference;12;true;;Static;;;;;;
Morabaraba;sizeOfTrack;12;false;Track concept is not present;Static;;;;;;
Moxie;lineLessOrEqualThanBoardSide;17;true;;Static;;;;;;
Moxie;pieceDeclaredAsShared;16;false;The game does not have any piece declared as Shared;Static;;;;;;
Moxie;pieceDeclaredAsNeutral;15;false;The game does not have any piece declared as Neutral;Static;;;;;;
Moxie;pieceDeclaredAsEach;17;true;;Static;;;;;;
Moxie;equalNumberOfPiecesOnTheBoard;16;true;;Static;;;;;;
Moxie;noUndeclaredPlayerReference;15;true;;Static;;;;;;
Moxie;sizeOfTrack;15;false;Track concept is not present;Static;;;;;;
Mulabalaba;lineLessOrEqualThanBoardSide;11;false;"Cannot read the array length because ""this.dim"" is null";Static;;;;;;
Mulabalaba;pieceDeclaredAsShared;9;false;The game does not have any piece declared as Shared;Static;;;;;;
Mulabalaba;pieceDeclaredAsNeutral;10;false;The game does not have any piece declared as Neutral;Static;;;;;;
Mulabalaba;pieceDeclaredAsEach;9;true;;Static;;;;;;
Mulabalaba;equalNumberOfPiecesOnTheBoard;11;true;;Static;;;;;;
Mulabalaba;noUndeclaredPlayerReference;16;true;;Static;;;;;;
Mulabalaba;sizeOfTrack;16;false;Track concept is not present;Static;;;;;;
Mylna;lineLessOrEqualThanBoardSide;16;false;"Cannot read the array length because ""this.dim"" is null";Static;;;;;;
Mylna;pieceDeclaredAsShared;13;false;The game does not have any piece declared as Shared;Static;;;;;;
Mylna;pieceDeclaredAsNeutral;13;false;The game does not have any piece declared as Neutral;Static;;;;;;
Mylna;pieceDeclaredAsEach;14;true;;Static;;;;;;
Mylna;equalNumberOfPiecesOnTheBoard;12;true;;Static;;;;;;
Mylna;noUndeclaredPlayerReference;12;true;;Static;;;;;;
Mylna;sizeOfTrack;12;false;Track concept is not present;Static;;;;;;
Nao Guti;lineLessOrEqualThanBoardSide;10;false;"Cannot read the array length because ""this.dim"" is null";Static;;;;;;
Nao Guti;pieceDeclaredAsShared;10;false;The game does not have any piece declared as Shared;Static;;;;;;
Nao Guti;pieceDeclaredAsNeutral;9;false;The game does not have any piece declared as Neutral;Static;;;;;;
Nao Guti;pieceDeclaredAsEach;10;true;;Static;;;;;;
Nao Guti;equalNumberOfPiecesOnTheBoard;9;true;;Static;;;;;;
Nao Guti;noUndeclaredPlayerReference;14;true;;Static;;;;;;
Nao Guti;sizeOfTrack;11;false;Track concept is not present;Static;;;;;;
Nerenchi Keliya;lineLessOrEqualThanBoardSide;12;false;"Cannot read the array length because ""this.dim"" is null";Static;;;;;;
Nerenchi Keliya;pieceDeclaredAsShared;11;false;The game does not have any piece declared as Shared;Static;;;;;;
Nerenchi Keliya;pieceDeclaredAsNeutral;10;false;The game does not have any piece declared as Neutral;Static;;;;;;
Nerenchi Keliya;pieceDeclaredAsEach;10;true;;Static;;;;;;
Nerenchi Keliya;equalNumberOfPiecesOnTheBoard;10;true;;Static;;;;;;
Nerenchi Keliya;noUndeclaredPlayerReference;13;true;;Static;;;;;;
Nerenchi Keliya;sizeOfTrack;14;false;Track concept is not present;Static;;;;;;
Ngre E E;lineLessOrEqualThanBoardSide;8;true;;Static;;;;;;
Ngre E E;pieceDeclaredAsShared;7;false;The game does not have any piece declared as Shared;Static;;;;;;
Ngre E E;pieceDeclaredAsNeutral;7;false;The game does not have any piece declared as Neutral;Static;;;;;;
Ngre E E;pieceDeclaredAsEach;5;true;;Static;;;;;;
Ngre E E;equalNumberOfPiecesOnTheBoard;6;true;;Static;;;;;;
Ngre E E;noUndeclaredPlayerReference;6;true;;Static;;;;;;
Ngre E E;sizeOfTrack;6;false;Track concept is not present;Static;;;;;;
Ngrin;lineLessOrEqualThanBoardSide;6;true;;Static;;;;;;
Ngrin;pieceDeclaredAsShared;5;false;The game does not have any piece declared as Shared;Static;;;;;;
Ngrin;pieceDeclaredAsNeutral;4;false;The game does not have any piece declared as Neutral;Static;;;;;;
Ngrin;pieceDeclaredAsEach;7;false;Ludeme Each for the piece Marker requires at least one definition of MarkerN, with N > 0;Static;;;;;;
Ngrin;equalNumberOfPiecesOnTheBoard;5;true;;Static;;;;;;
Ngrin;noUndeclaredPlayerReference;6;true;;Static;;;;;;
Ngrin;sizeOfTrack;5;false;Track concept is not present;Static;;;;;;
Nine Holes;lineLessOrEqualThanBoardSide;7;true;;Static;;;;;;
Nine Holes;pieceDeclaredAsShared;6;false;The game does not have any piece declared as Shared;Static;;;;;;
Nine Holes;pieceDeclaredAsNeutral;5;false;The game does not have any piece declared as Neutral;Static;;;;;;
Nine Holes;pieceDeclaredAsEach;5;true;;Static;;;;;;
Nine Holes;equalNumberOfPiecesOnTheBoard;5;true;;Static;;;;;;
Nine Holes;noUndeclaredPlayerReference;6;true;;Static;;;;;;
Nine Holes;sizeOfTrack;6;false;Track concept is not present;Static;;;;;;
Nine Men's Morris;lineLessOrEqualThanBoardSide;15;false;"Cannot read the array length because ""this.dim"" is null";Static;;;;;;
Nine Men's Morris;pieceDeclaredAsShared;15;false;The game does not have any piece declared as Shared;Static;;;;;;
Nine Men's Morris;pieceDeclaredAsNeutral;15;false;The game does not have any piece declared as Neutral;Static;;;;;;
Nine Men's Morris;pieceDeclaredAsEach;18;true;;Static;;;;;;
Nine Men's Morris;equalNumberOfPiecesOnTheBoard;20;true;;Static;;;;;;
Nine Men's Morris;noUndeclaredPlayerReference;16;true;;Static;;;;;;
Nine Men's Morris;sizeOfTrack;16;false;Track concept is not present;Static;;;;;;
Niranchy;lineLessOrEqualThanBoardSide;8;false;"Cannot read the array length because ""this.dim"" is null";Static;;;;;;
Niranchy;pieceDeclaredAsShared;9;false;The game does not have any piece declared as Shared;Static;;;;;;
Niranchy;pieceDeclaredAsNeutral;8;false;The game does not have any piece declared as Neutral;Static;;;;;;
Niranchy;pieceDeclaredAsEach;7;true;;Static;;;;;;
Niranchy;equalNumberOfPiecesOnTheBoard;8;true;;Static;;;;;;
Niranchy;noUndeclaredPlayerReference;7;true;;Static;;;;;;
Niranchy;sizeOfTrack;7;false;Track concept is not present;Static;;;;;;
Notakto;lineLessOrEqualThanBoardSide;36;false;"Cannot read the array length because ""this.dim"" is null";Static;;;;;;
Notakto;pieceDeclaredAsShared;37;false;The game does not have any piece declared as Shared;Static;;;;;;
Notakto;pieceDeclaredAsNeutral;31;false;The game does not have any piece declared as Neutral;Static;;;;;;
Notakto;pieceDeclaredAsEach;31;false;Ludeme Each for the piece Marker requires at least one definition of MarkerN, with N > 0;Static;;;;;;
Notakto;equalNumberOfPiecesOnTheBoard;34;true;;Static;;;;;;
Notakto;noUndeclaredPlayerReference;36;true;;Static;;;;;;
Notakto;sizeOfTrack;38;false;Track concept is not present;Static;;;;;;
Nzengue (Small);lineLessOrEqualThanBoardSide;12;false;"Cannot read the array length because ""this.dim"" is null";Static;;;;;;
Nzengue (Small);pieceDeclaredAsShared;11;false;The game does not have any piece declared as Shared;Static;;;;;;
Nzengue (Small);pieceDeclaredAsNeutral;11;false;The game does not have any piece declared as Neutral;Static;;;;;;
Nzengue (Small);pieceDeclaredAsEach;10;true;;Static;;;;;;
Nzengue (Small);equalNumberOfPiecesOnTheBoard;10;true;;Static;;;;;;
Nzengue (Small);noUndeclaredPlayerReference;13;true;;Static;;;;;;
Nzengue (Small);sizeOfTrack;13;false;Track concept is not present;Static;;;;;;
Order and Chaos;lineLessOrEqualThanBoardSide;16;true;;Static;;;;;;
Order and Chaos;pieceDeclaredAsShared;13;true;;Static;;;;;;
Order and Chaos;pieceDeclaredAsNeutral;14;false;The game does not have any piece declared as Neutral;Static;;;;;;
Order and Chaos;pieceDeclaredAsEach;16;false;The game does not have any piece declared as Each;Static;;;;;;
Order and Chaos;equalNumberOfPiecesOnTheBoard;14;true;;Static;;;;;;
Order and Chaos;noUndeclaredPlayerReference;16;true;;Static;;;;;;
Order and Chaos;sizeOfTrack;17;false;Track concept is not present;Static;;;;;;
Pentago;lineLessOrEqualThanBoardSide;82;true;;Static;;;;;;
Pentago;pieceDeclaredAsShared;82;false;The game does not have any piece declared as Shared;Static;;;;;;
Pentago;pieceDeclaredAsNeutral;76;false;The game does not have any piece declared as Neutral;Static;;;;;;
Pentago;pieceDeclaredAsEach;76;false;Ludeme Each for the piece Ball requires at least one definition of BallN, with N > 0;Static;;;;;;
Pentago;equalNumberOfPiecesOnTheBoard;75;true;;Static;;;;;;
Pentago;noUndeclaredPlayerReference;80;true;;Static;;;;;;
Pentago;sizeOfTrack;86;false;Track concept is not present;Static;;;;;;
Pentalath;lineLessOrEqualThanBoardSide;37;false;"Cannot read the array length because ""this.dim"" is null";Static;;;;;;
Pentalath;pieceDeclaredAsShared;42;false;The game does not have any piece declared as Shared;Static;;;;;;
Pentalath;pieceDeclaredAsNeutral;34;false;The game does not have any piece declared as Neutral;Static;;;;;;
Pentalath;pieceDeclaredAsEach;31;false;Ludeme Each for the piece Marker requires at least one definition of MarkerN, with N > 0;Static;;;;;;
Pentalath;equalNumberOfPiecesOnTheBoard;32;true;;Static;;;;;;
Pentalath;noUndeclaredPlayerReference;32;true;;Static;;;;;;
Pentalath;sizeOfTrack;35;false;Track concept is not present;Static;;;;;;
Pente;lineLessOrEqualThanBoardSide;431;true;;Static;;;;;;
Pente;pieceDeclaredAsShared;410;false;The game does not have any piece declared as Shared;Static;;;;;;
Pente;pieceDeclaredAsNeutral;421;false;The game does not have any piece declared as Neutral;Static;;;;;;
Pente;pieceDeclaredAsEach;412;false;Ludeme Each for the piece Ball requires at least one definition of BallN, with N > 0;Static;;;;;;
Pente;equalNumberOfPiecesOnTheBoard;447;true;;Static;;;;;;
Pente;noUndeclaredPlayerReference;501;true;;Static;;;;;;
Pente;sizeOfTrack;433;false;Track concept is not present;Static;;;;;;
Picaria;lineLessOrEqualThanBoardSide;7;true;;Static;;;;;;
Picaria;pieceDeclaredAsShared;6;false;The game does not have any piece declared as Shared;Static;;;;;;
Picaria;pieceDeclaredAsNeutral;6;false;The game does not have any piece declared as Neutral;Static;;;;;;
Picaria;pieceDeclaredAsEach;6;true;;Static;;;;;;
Picaria;equalNumberOfPiecesOnTheBoard;6;true;;Static;;;;;;
Picaria;noUndeclaredPlayerReference;6;true;;Static;;;;;;
Picaria;sizeOfTrack;6;false;Track concept is not present;Static;;;;;;
Plotto;lineLessOrEqualThanBoardSide;2044;true;;Static;;;;;;
Plotto;pieceDeclaredAsShared;1571;false;The game does not have any piece declared as Shared;Static;;;;;;
Plotto;pieceDeclaredAsNeutral;2297;false;The game does not have any piece declared as Neutral;Static;;;;;;
Plotto;pieceDeclaredAsEach;1851;false;The game does not have any piece declared as Each;Static;;;;;;
Plotto;equalNumberOfPiecesOnTheBoard;2141;true;;Static;;;;;;
Plotto;noUndeclaredPlayerReference;1899;true;;Static;;;;;;
Plotto;sizeOfTrack;1837;false;Track concept is not present;Static;;;;;;
Pushing Me XO;lineLessOrEqualThanBoardSide;41;true;;Static;;;;;;
Pushing Me XO;pieceDeclaredAsShared;31;false;The game does not have any piece declared as Shared;Static;;;;;;
Pushing Me XO;pieceDeclaredAsNeutral;27;true;;Static;;;;;;
Pushing Me XO;pieceDeclaredAsEach;35;false;The game does not have any piece declared as Each;Static;;;;;;
Pushing Me XO;equalNumberOfPiecesOnTheBoard;26;true;;Static;;;;;;
Pushing Me XO;noUndeclaredPlayerReference;26;true;;Static;;;;;;
Pushing Me XO;sizeOfTrack;27;false;Track concept is not present;Static;;;;;;
Quarto;lineLessOrEqualThanBoardSide;29;true;;Static;;;;;;
Quarto;pieceDeclaredAsShared;38;false;The game does not have any piece declared as Shared;Static;;;;;;
Quarto;pieceDeclaredAsNeutral;31;false;The game does not have any piece declared as Neutral;Static;;;;;;
Quarto;pieceDeclaredAsEach;36;true;;Static;;;;;;
Quarto;equalNumberOfPiecesOnTheBoard;34;true;;Static;;;;;;
Quarto;noUndeclaredPlayerReference;37;true;;Static;;;;;;
Quarto;sizeOfTrack;31;false;Track concept is not present;Static;;;;;;
Quixo;lineLessOrEqualThanBoardSide;31;true;;Static;;;;;;
Quixo;pieceDeclaredAsShared;30;false;The game does not have any piece declared as Shared;Static;;;;;;
Quixo;pieceDeclaredAsNeutral;34;true;;Static;;;;;;
Quixo;pieceDeclaredAsEach;35;false;The game does not have any piece declared as Each;Static;;;;;;
Quixo;equalNumberOfPiecesOnTheBoard;31;true;;Static;;;;;;
Quixo;noUndeclaredPlayerReference;30;true;;Static;;;;;;
Quixo;sizeOfTrack;29;false;Track concept is not present;Static;;;;;;
Ring;lineLessOrEqualThanBoardSide;10;false;"Cannot read the array length because ""this.dim"" is null";Static;;;;;;
Ring;pieceDeclaredAsShared;10;false;The game does not have any piece declared as Shared;Static;;;;;;
Ring;pieceDeclaredAsNeutral;10;false;The game does not have any piece declared as Neutral;Static;;;;;;
Ring;pieceDeclaredAsEach;10;true;;Static;;;;;;
Ring;equalNumberOfPiecesOnTheBoard;9;true;;Static;;;;;;
Ring;noUndeclaredPlayerReference;10;true;;Static;;;;;;
Ring;sizeOfTrack;9;false;Track concept is not present;Static;;;;;;
Ringo;lineLessOrEqualThanBoardSide;1515;true;;Static;;;;;;
Ringo;pieceDeclaredAsShared;1484;false;The game does not have any piece declared as Shared;Static;;;;;;
Ringo;pieceDeclaredAsNeutral;1462;false;The game does not have any piece declared as Neutral;Static;;;;;;
Ringo;pieceDeclaredAsEach;1531;false;Ludeme Each for the piece Disc requires at least one definition of DiscN, with N > 0;Static;;;;;;
Ringo;equalNumberOfPiecesOnTheBoard;1666;true;;Static;;;;;;
Ringo;noUndeclaredPlayerReference;1393;true;;Static;;;;;;
Ringo;sizeOfTrack;1401;false;Track concept is not present;Static;;;;;;
Roll-Ing to Four;lineLessOrEqualThanBoardSide;18;true;;Static;;;;;;
Roll-Ing to Four;pieceDeclaredAsShared;35;false;The game does not have any piece declared as Shared;Static;;;;;;
Roll-Ing to Four;pieceDeclaredAsNeutral;17;false;The game does not have any piece declared as Neutral;Static;;;;;;
Roll-Ing to Four;pieceDeclaredAsEach;16;true;;Static;;;;;;
Roll-Ing to Four;equalNumberOfPiecesOnTheBoard;22;true;;Static;;;;;;
Roll-Ing to Four;noUndeclaredPlayerReference;18;true;;Static;;;;;;
Roll-Ing to Four;sizeOfTrack;21;false;Track concept is not present;Static;;;;;;
Round Merels;lineLessOrEqualThanBoardSide;10;false;"Cannot read the array length because ""this.dim"" is null";Static;;;;;;
Round Merels;pieceDeclaredAsShared;9;false;The game does not have any piece declared as Shared;Static;;;;;;
Round Merels;pieceDeclaredAsNeutral;13;false;The game does not have any piece declared as Neutral;Static;;;;;;
Round Merels;pieceDeclaredAsEach;17;true;;Static;;;;;;
Round Merels;equalNumberOfPiecesOnTheBoard;8;true;;Static;;;;;;
Round Merels;noUndeclaredPlayerReference;9;true;;Static;;;;;;
Round Merels;sizeOfTrack;9;false;Track concept is not present;Static;;;;;;
Sam K'i;lineLessOrEqualThanBoardSide;23;false;"Cannot read the array length because ""this.dim"" is null";Static;;;;;;
Sam K'i;pieceDeclaredAsShared;27;false;The game does not have any piece declared as Shared;Static;;;;;;
Sam K'i;pieceDeclaredAsNeutral;21;false;The game does not have any piece declared as Neutral;Static;;;;;;
Sam K'i;pieceDeclaredAsEach;20;true;;Static;;;;;;
Sam K'i;equalNumberOfPiecesOnTheBoard;19;true;;Static;;;;;;
Sam K'i;noUndeclaredPlayerReference;29;true;;Static;;;;;;
Sam K'i;sizeOfTrack;25;false;Track concept is not present;Static;;;;;;
San-Noku-Narabe;lineLessOrEqualThanBoardSide;9;true;;Static;;;;;;
San-Noku-Narabe;pieceDeclaredAsShared;8;false;The game does not have any piece declared as Shared;Static;;;;;;
San-Noku-Narabe;pieceDeclaredAsNeutral;7;false;The game does not have any piece declared as Neutral;Static;;;;;;
San-Noku-Narabe;pieceDeclaredAsEach;8;true;;Static;;;;;;
San-Noku-Narabe;equalNumberOfPiecesOnTheBoard;8;true;;Static;;;;;;
San-Noku-Narabe;noUndeclaredPlayerReference;6;true;;Static;;;;;;
San-Noku-Narabe;sizeOfTrack;7;false;Track concept is not present;Static;;;;;;
Score Four;lineLessOrEqualThanBoardSide;12;false;"Cannot read the array length because ""this.dim"" is null";Static;;;;;;
Score Four;pieceDeclaredAsShared;14;false;The game does not have any piece declared as Shared;Static;;;;;;
Score Four;pieceDeclaredAsNeutral;8;false;The game does not have any piece declared as Neutral;Static;;;;;;
Score Four;pieceDeclaredAsEach;10;false;Ludeme Each for the piece discFlat requires at least one definition of discFlatN, with N > 0;Static;;;;;;
Score Four;equalNumberOfPiecesOnTheBoard;11;true;;Static;;;;;;
Score Four;noUndeclaredPlayerReference;11;true;;Static;;;;;;
Score Four;sizeOfTrack;14;false;Track concept is not present;Static;;;;;;
Selbia;lineLessOrEqualThanBoardSide;6;true;;Static;;;;;;
Selbia;pieceDeclaredAsShared;7;false;The game does not have any piece declared as Shared;Static;;;;;;
Selbia;pieceDeclaredAsNeutral;8;false;The game does not have any piece declared as Neutral;Static;;;;;;
Selbia;pieceDeclaredAsEach;6;true;;Static;;;;;;
Selbia;equalNumberOfPiecesOnTheBoard;6;true;;Static;;;;;;
Selbia;noUndeclaredPlayerReference;5;true;;Static;;;;;;
Selbia;sizeOfTrack;5;false;Track concept is not present;Static;;;;;;
Shah;lineLessOrEqualThanBoardSide;21;false;"Cannot read the array length because ""this.dim"" is null";Static;;;;;;
Shah;pieceDeclaredAsShared;20;false;The game does not have any piece declared as Shared;Static;;;;;;
Shah;pieceDeclaredAsNeutral;21;false;The game does not have any piece declared as Neutral;Static;;;;;;
Shah;pieceDeclaredAsEach;29;true;;Static;;;;;;
Shah;equalNumberOfPiecesOnTheBoard;22;true;;Static;;;;;;
Shah;noUndeclaredPlayerReference;23;true;;Static;;;;;;
Shah;sizeOfTrack;20;false;Track concept is not present;Static;;;;;;
Shisima;lineLessOrEqualThanBoardSide;11;false;"Cannot read the array length because ""this.dim"" is null";Static;;;;;;
Shisima;pieceDeclaredAsShared;7;false;The game does not have any piece declared as Shared;Static;;;;;;
Shisima;pieceDeclaredAsNeutral;5;false;The game does not have any piece declared as Neutral;Static;;;;;;
Shisima;pieceDeclaredAsEach;7;true;;Static;;;;;;
Shisima;equalNumberOfPiecesOnTheBoard;5;true;;Static;;;;;;
Shisima;noUndeclaredPlayerReference;6;true;;Static;;;;;;
Shisima;sizeOfTrack;6;false;Track concept is not present;Static;;;;;;
Shiva;lineLessOrEqualThanBoardSide;28;true;;Static;;;;;;
Shiva;pieceDeclaredAsShared;16;false;The game does not have any piece declared as Shared;Static;;;;;;
Shiva;pieceDeclaredAsNeutral;15;false;The game does not have any piece declared as Neutral;Static;;;;;;
Shiva;pieceDeclaredAsEach;15;true;;Static;;;;;;
Shiva;equalNumberOfPiecesOnTheBoard;14;true;;Static;;;;;;
Shiva;noUndeclaredPlayerReference;20;true;;Static;;;;;;
Shiva;sizeOfTrack;16;false;Track concept is not present;Static;;;;;;
Six Insect Game;lineLessOrEqualThanBoardSide;22;true;;Static;;;;;;
Six Insect Game;pieceDeclaredAsShared;31;false;The game does not have any piece declared as Shared;Static;;;;;;
Six Insect Game;pieceDeclaredAsNeutral;21;false;The game does not have any piece declared as Neutral;Static;;;;;;
Six Insect Game;pieceDeclaredAsEach;22;true;;Static;;;;;;
Six Insect Game;equalNumberOfPiecesOnTheBoard;22;true;;Static;;;;;;
Six Insect Game;noUndeclaredPlayerReference;26;true;;Static;;;;;;
Six Insect Game;sizeOfTrack;28;false;Track concept is not present;Static;;;;;;
Six Men's Morris;lineLessOrEqualThanBoardSide;13;false;"Cannot read the array length because ""this.dim"" is null";Static;;;;;;
Six Men's Morris;pieceDeclaredAsShared;10;false;The game does not have any piece declared as Shared;Static;;;;;;
Six Men's Morris;pieceDeclaredAsNeutral;9;false;The game does not have any piece declared as Neutral;Static;;;;;;
Six Men's Morris;pieceDeclaredAsEach;12;true;;Static;;;;;;
Six Men's Morris;equalNumberOfPiecesOnTheBoard;11;true;;Static;;;;;;
Six Men's Morris;noUndeclaredPlayerReference;11;true;;Static;;;;;;
Six Men's Morris;sizeOfTrack;10;false;Track concept is not present;Static;;;;;;
Six-Penny Madell;lineLessOrEqualThanBoardSide;23;false;"Cannot read the array length because ""this.dim"" is null";Static;;;;;;
Six-Penny Madell;pieceDeclaredAsShared;12;false;The game does not have any piece declared as Shared;Static;;;;;;
Six-Penny Madell;pieceDeclaredAsNeutral;11;false;The game does not have any piece declared as Neutral;Static;;;;;;
Six-Penny Madell;pieceDeclaredAsEach;10;true;;Static;;;;;;
Six-Penny Madell;equalNumberOfPiecesOnTheBoard;10;true;;Static;;;;;;
Six-Penny Madell;noUndeclaredPlayerReference;10;true;;Static;;;;;;
Six-Penny Madell;sizeOfTrack;12;false;Track concept is not present;Static;;;;;;
Spava;lineLessOrEqualThanBoardSide;18;true;;Static;;;;;;
Spava;pieceDeclaredAsShared;29;false;The game does not have any piece declared as Shared;Static;;;;;;
Spava;pieceDeclaredAsNeutral;18;false;The game does not have any piece declared as Neutral;Static;;;;;;
Spava;pieceDeclaredAsEach;19;false;Ludeme Each for the piece Ball requires at least one definition of BallN, with N > 0;Static;;;;;;
Spava;equalNumberOfPiecesOnTheBoard;18;true;;Static;;;;;;
Spava;noUndeclaredPlayerReference;21;true;;Static;;;;;;
Spava;sizeOfTrack;19;false;Track concept is not present;Static;;;;;;
Spline;lineLessOrEqualThanBoardSide;22;true;;Static;;;;;;
Spline;pieceDeclaredAsShared;26;false;The game does not have any piece declared as Shared;Static;;;;;;
Spline;pieceDeclaredAsNeutral;17;false;The game does not have any piece declared as Neutral;Static;;;;;;
Spline;pieceDeclaredAsEach;18;false;Ludeme Each for the piece Ball requires at least one definition of BallN, with N > 0;Static;;;;;;
Spline;equalNumberOfPiecesOnTheBoard;16;true;;Static;;;;;;
Spline;noUndeclaredPlayerReference;20;true;;Static;;;;;;
Spline;sizeOfTrack;19;false;Track concept is not present;Static;;;;;;
Squava;lineLessOrEqualThanBoardSide;11;true;;Static;;;;;;
Squava;pieceDeclaredAsShared;20;false;The game does not have any piece declared as Shared;Static;;;;;;
Squava;pieceDeclaredAsNeutral;12;false;The game does not have any piece declared as Neutral;Static;;;;;;
Squava;pieceDeclaredAsEach;9;false;Ludeme Each for the piece Marker requires at least one definition of MarkerN, with N > 0;Static;;;;;;
Squava;equalNumberOfPiecesOnTheBoard;11;true;;Static;;;;;;
Squava;noUndeclaredPlayerReference;9;true;;Static;;;;;;
Squava;sizeOfTrack;9;false;Track concept is not present;Static;;;;;;
Sujjua;lineLessOrEqualThanBoardSide;7;false;"Cannot read the array length because ""this.dim"" is null";Static;;;;;;
Sujjua;pieceDeclaredAsShared;10;false;The game does not have any piece declared as Shared;Static;;;;;;
Sujjua;pieceDeclaredAsNeutral;7;false;The game does not have any piece declared as Neutral;Static;;;;;;
Sujjua;pieceDeclaredAsEach;6;true;;Static;;;;;;
Sujjua;equalNumberOfPiecesOnTheBoard;7;true;;Static;;;;;;
Sujjua;noUndeclaredPlayerReference;9;true;;Static;;;;;;
Sujjua;sizeOfTrack;6;false;Track concept is not present;Static;;;;;;
Symbol S.2;lineLessOrEqualThanBoardSide;19;false;"Cannot read the array length because ""this.dim"" is null";Static;;;;;;
Symbol S.2;pieceDeclaredAsShared;11;false;The game does not have any piece declared as Shared;Static;;;;;;
Symbol S.2;pieceDeclaredAsNeutral;10;false;The game does not have any piece declared as Neutral;Static;;;;;;
Symbol S.2;pieceDeclaredAsEach;9;true;;Static;;;;;;
Symbol S.2;equalNumberOfPiecesOnTheBoard;12;true;;Static;;;;;;
Symbol S.2;noUndeclaredPlayerReference;9;true;;Static;;;;;;
Symbol S.2;sizeOfTrack;12;false;Track concept is not present;Static;;;;;;
T'mbl;lineLessOrEqualThanBoardSide;9;true;;Static;;;;;;
T'mbl;pieceDeclaredAsShared;8;false;The game does not have any piece declared as Shared;Static;;;;;;
T'mbl;pieceDeclaredAsNeutral;7;false;The game does not have any piece declared as Neutral;Static;;;;;;
T'mbl;pieceDeclaredAsEach;7;true;;Static;;;;;;
T'mbl;equalNumberOfPiecesOnTheBoard;12;true;;Static;;;;;;
T'mbl;noUndeclaredPlayerReference;19;true;;Static;;;;;;
T'mbl;sizeOfTrack;12;false;Track concept is not present;Static;;;;;;
Tant Fant;lineLessOrEqualThanBoardSide;9;true;;Static;;;;;;
Tant Fant;pieceDeclaredAsShared;10;false;The game does not have any piece declared as Shared;Static;;;;;;
Tant Fant;pieceDeclaredAsNeutral;10;false;The game does not have any piece declared as Neutral;Static;;;;;;
Tant Fant;pieceDeclaredAsEach;8;true;;Static;;;;;;
Tant Fant;equalNumberOfPiecesOnTheBoard;9;true;;Static;;;;;;
Tant Fant;noUndeclaredPlayerReference;11;true;;Static;;;;;;
Tant Fant;sizeOfTrack;10;false;Track concept is not present;Static;;;;;;
Tapatan;lineLessOrEqualThanBoardSide;7;true;;Static;;;;;;
Tapatan;pieceDeclaredAsShared;5;false;The game does not have any piece declared as Shared;Static;;;;;;
Tapatan;pieceDeclaredAsNeutral;6;false;The game does not have any piece declared as Neutral;Static;;;;;;
Tapatan;pieceDeclaredAsEach;8;true;;Static;;;;;;
Tapatan;equalNumberOfPiecesOnTheBoard;17;true;;Static;;;;;;
Tapatan;noUndeclaredPlayerReference;9;true;;Static;;;;;;
Tapatan;sizeOfTrack;8;false;Track concept is not present;Static;;;;;;
Tauru;lineLessOrEqualThanBoardSide;19;true;;Static;;;;;;
Tauru;pieceDeclaredAsShared;20;false;The game does not have any piece declared as Shared;Static;;;;;;
Tauru;pieceDeclaredAsNeutral;17;false;The game does not have any piece declared as Neutral;Static;;;;;;
Tauru;pieceDeclaredAsEach;16;true;;Static;;;;;;
Tauru;equalNumberOfPiecesOnTheBoard;24;true;;Static;;;;;;
Tauru;noUndeclaredPlayerReference;25;true;;Static;;;;;;
Tauru;sizeOfTrack;22;false;Track concept is not present;Static;;;;;;
Tavan Tal;lineLessOrEqualThanBoardSide;19;false;"Cannot read the array length because ""this.dim"" is null";Static;;;;;;
Tavan Tal;pieceDeclaredAsShared;20;false;The game does not have any piece declared as Shared;Static;;;;;;
Tavan Tal;pieceDeclaredAsNeutral;18;false;The game does not have any piece declared as Neutral;Static;;;;;;
Tavan Tal;pieceDeclaredAsEach;20;true;;Static;;;;;;
Tavan Tal;equalNumberOfPiecesOnTheBoard;23;true;;Static;;;;;;
Tavan Tal;noUndeclaredPlayerReference;15;true;;Static;;;;;;
Tavan Tal;sizeOfTrack;19;false;Track concept is not present;Static;;;;;;
Teeko;lineLessOrEqualThanBoardSide;14;true;;Static;;;;;;
Teeko;pieceDeclaredAsShared;10;false;The game does not have any piece declared as Shared;Static;;;;;;
Teeko;pieceDeclaredAsNeutral;10;false;The game does not have any piece declared as Neutral;Static;;;;;;
Teeko;pieceDeclaredAsEach;20;true;;Static;;;;;;
Teeko;equalNumberOfPiecesOnTheBoard;12;true;;Static;;;;;;
Teeko;noUndeclaredPlayerReference;10;true;;Static;;;;;;
Teeko;sizeOfTrack;11;false;Track concept is not present;Static;;;;;;
Three Men's Morris;lineLessOrEqualThanBoardSide;8;true;;Static;;;;;;
Three Men's Morris;pieceDeclaredAsShared;6;false;The game does not have any piece declared as Shared;Static;;;;;;
Three Men's Morris;pieceDeclaredAsNeutral;7;false;The game does not have any piece declared as Neutral;Static;;;;;;
Three Men's Morris;pieceDeclaredAsEach;9;true;;Static;;;;;;
Three Men's Morris;equalNumberOfPiecesOnTheBoard;6;true;;Static;;;;;;
Three Men's Morris;noUndeclaredPlayerReference;6;true;;Static;;;;;;
Three Men's Morris;sizeOfTrack;7;false;Track concept is not present;Static;;;;;;
Tic-Tac-Chess;lineLessOrEqualThanBoardSide;10;true;;Static;;;;;;
Tic-Tac-Chess;pieceDeclaredAsShared;9;false;The game does not have any piece declared as Shared;Static;;;;;;
Tic-Tac-Chess;pieceDeclaredAsNeutral;17;false;The game does not have any piece declared as Neutral;Static;;;;;;
Tic-Tac-Chess;pieceDeclaredAsEach;10;true;;Static;;;;;;
Tic-Tac-Chess;equalNumberOfPiecesOnTheBoard;9;true;;Static;;;;;;
Tic-Tac-Chess;noUndeclaredPlayerReference;10;true;;Static;;;;;;
Tic-Tac-Chess;sizeOfTrack;8;false;Track concept is not present;Static;;;;;;
Tic-Tac-Die;lineLessOrEqualThanBoardSide;9;true;;Static;;;;;;
Tic-Tac-Die;pieceDeclaredAsShared;7;false;The game does not have any piece declared as Shared;Static;;;;;;
Tic-Tac-Die;pieceDeclaredAsNeutral;11;false;The game does not have any piece declared as Neutral;Static;;;;;;
Tic-Tac-Die;pieceDeclaredAsEach;10;false;The game does not have any piece declared as Each;Static;;;;;;
Tic-Tac-Die;equalNumberOfPiecesOnTheBoard;8;true;;Static;;;;;;
Tic-Tac-Die;noUndeclaredPlayerReference;10;true;;Static;;;;;;
Tic-Tac-Die;sizeOfTrack;16;false;Track concept is not present;Static;;;;;;
Tic-Tac-Four;lineLessOrEqualThanBoardSide;10;true;;Static;;;;;;
Tic-Tac-Four;pieceDeclaredAsShared;9;false;The game does not have any piece declared as Shared;Static;;;;;;
Tic-Tac-Four;pieceDeclaredAsNeutral;11;false;The game does not have any piece declared as Neutral;Static;;;;;;
Tic-Tac-Four;pieceDeclaredAsEach;9;false;The game does not have any piece declared as Each;Static;;;;;;
Tic-Tac-Four;equalNumberOfPiecesOnTheBoard;10;true;;Static;;;;;;
Tic-Tac-Four;noUndeclaredPlayerReference;12;true;;Static;;;;;;
Tic-Tac-Four;sizeOfTrack;10;false;Track concept is not present;Static;;;;;;
Tic-Tac-Mo;lineLessOrEqualThanBoardSide;8;true;;Static;;;;;;
Tic-Tac-Mo;pieceDeclaredAsShared;8;false;The game does not have any piece declared as Shared;Static;;;;;;
Tic-Tac-Mo;pieceDeclaredAsNeutral;6;false;The game does not have any piece declared as Neutral;Static;;;;;;
Tic-Tac-Mo;pieceDeclaredAsEach;6;false;The game does not have any piece declared as Each;Static;;;;;;
Tic-Tac-Mo;equalNumberOfPiecesOnTheBoard;16;true;;Static;;;;;;
Tic-Tac-Mo;noUndeclaredPlayerReference;7;true;;Static;;;;;;
Tic-Tac-Mo;sizeOfTrack;9;false;Track concept is not present;Static;;;;;;
Tic-Tac-Toe Misere;lineLessOrEqualThanBoardSide;5;true;;Static;;;;;;
Tic-Tac-Toe Misere;pieceDeclaredAsShared;6;false;The game does not have any piece declared as Shared;Static;;;;;;
Tic-Tac-Toe Misere;pieceDeclaredAsNeutral;5;false;The game does not have any piece declared as Neutral;Static;;;;;;
Tic-Tac-Toe Misere;pieceDeclaredAsEach;8;false;The game does not have any piece declared as Each;Static;;;;;;
Tic-Tac-Toe Misere;equalNumberOfPiecesOnTheBoard;5;true;;Static;;;;;;
Tic-Tac-Toe Misere;noUndeclaredPlayerReference;6;true;;Static;;;;;;
Tic-Tac-Toe Misere;sizeOfTrack;6;false;Track concept is not present;Static;;;;;;
Tic-Tac-Toe;lineLessOrEqualThanBoardSide;7;true;;Static;;;;;;
Tic-Tac-Toe;pieceDeclaredAsShared;5;false;The game does not have any piece declared as Shared;Static;;;;;;
Tic-Tac-Toe;pieceDeclaredAsNeutral;8;false;The game does not have any piece declared as Neutral;Static;;;;;;
Tic-Tac-Toe;pieceDeclaredAsEach;7;false;The game does not have any piece declared as Each;Static;;;;;;
Tic-Tac-Toe;equalNumberOfPiecesOnTheBoard;5;true;;Static;;;;;;
Tic-Tac-Toe;noUndeclaredPlayerReference;7;true;;Static;;;;;;
Tic-Tac-Toe;sizeOfTrack;5;false;Track concept is not present;Static;;;;;;
Traffic Lights;lineLessOrEqualThanBoardSide;19;true;;Static;;;;;;
Traffic Lights;pieceDeclaredAsShared;10;true;;Static;;;;;;
Traffic Lights;pieceDeclaredAsNeutral;13;false;The game does not have any piece declared as Neutral;Static;;;;;;
Traffic Lights;pieceDeclaredAsEach;10;false;The game does not have any piece declared as Each;Static;;;;;;
Traffic Lights;equalNumberOfPiecesOnTheBoard;13;true;;Static;;;;;;
Traffic Lights;noUndeclaredPlayerReference;10;true;;Static;;;;;;
Traffic Lights;sizeOfTrack;11;false;Track concept is not present;Static;;;;;;
Trianon;lineLessOrEqualThanBoardSide;24;false;Line concept is not present;Static;;;;;;
Trianon;pieceDeclaredAsShared;27;false;The game does not have any piece declared as Shared;Static;;;;;;
Trianon;pieceDeclaredAsNeutral;23;false;The game does not have any piece declared as Neutral;Static;;;;;;
Trianon;pieceDeclaredAsEach;31;false;Ludeme Each for the piece Ball requires at least one definition of BallN, with N > 0;Static;;;;;;
Trianon;equalNumberOfPiecesOnTheBoard;23;true;;Static;;;;;;
Trianon;noUndeclaredPlayerReference;35;true;;Static;;;;;;
Trianon;sizeOfTrack;24;false;Track concept is not present;Static;;;;;;
Triodi (Chios);lineLessOrEqualThanBoardSide;8;true;;Static;;;;;;
Triodi (Chios);pieceDeclaredAsShared;9;false;The game does not have any piece declared as Shared;Static;;;;;;
Triodi (Chios);pieceDeclaredAsNeutral;10;false;The game does not have any piece declared as Neutral;Static;;;;;;
Triodi (Chios);pieceDeclaredAsEach;8;true;;Static;;;;;;
Triodi (Chios);equalNumberOfPiecesOnTheBoard;9;true;;Static;;;;;;
Triodi (Chios);noUndeclaredPlayerReference;8;true;;Static;;;;;;
Triodi (Chios);sizeOfTrack;9;false;Track concept is not present;Static;;;;;;
Triodi (Diagonal);lineLessOrEqualThanBoardSide;16;false;"Cannot read the array length because ""this.dim"" is null";Static;;;;;;
Triodi (Diagonal);pieceDeclaredAsShared;12;false;The game does not have any piece declared as Shared;Static;;;;;;
Triodi (Diagonal);pieceDeclaredAsNeutral;22;false;The game does not have any piece declared as Neutral;Static;;;;;;
Triodi (Diagonal);pieceDeclaredAsEach;12;true;;Static;;;;;;
Triodi (Diagonal);equalNumberOfPiecesOnTheBoard;16;true;;Static;;;;;;
Triodi (Diagonal);noUndeclaredPlayerReference;13;true;;Static;;;;;;
Triodi (Diagonal);sizeOfTrack;13;false;Track concept is not present;Static;;;;;;
Triodi;lineLessOrEqualThanBoardSide;14;false;"Cannot read the array length because ""this.dim"" is null";Static;;;;;;
Triodi;pieceDeclaredAsShared;10;false;The game does not have any piece declared as Shared;Static;;;;;;
Triodi;pieceDeclaredAsNeutral;19;false;The game does not have any piece declared as Neutral;Static;;;;;;
Triodi;pieceDeclaredAsEach;13;true;;Static;;;;;;
Triodi;equalNumberOfPiecesOnTheBoard;10;true;;Static;;;;;;
Triodi;noUndeclaredPlayerReference;12;true;;Static;;;;;;
Triodi;sizeOfTrack;10;false;Track concept is not present;Static;;;;;;
Tsoro Yemutatu (Triangle);lineLessOrEqualThanBoardSide;9;false;"Cannot read the array length because ""this.dim"" is null";Static;;;;;;
Tsoro Yemutatu (Triangle);pieceDeclaredAsShared;6;false;The game does not have any piece declared as Shared;Static;;;;;;
Tsoro Yemutatu (Triangle);pieceDeclaredAsNeutral;6;false;The game does not have any piece declared as Neutral;Static;;;;;;
Tsoro Yemutatu (Triangle);pieceDeclaredAsEach;6;true;;Static;;;;;;
Tsoro Yemutatu (Triangle);equalNumberOfPiecesOnTheBoard;5;true;;Static;;;;;;
Tsoro Yemutatu (Triangle);noUndeclaredPlayerReference;6;true;;Static;;;;;;
Tsoro Yemutatu (Triangle);sizeOfTrack;6;false;Track concept is not present;Static;;;;;;
Tsoro Yemutatu;lineLessOrEqualThanBoardSide;7;true;;Static;;;;;;
Tsoro Yemutatu;pieceDeclaredAsShared;6;false;The game does not have any piece declared as Shared;Static;;;;;;
Tsoro Yemutatu;pieceDeclaredAsNeutral;15;false;The game does not have any piece declared as Neutral;Static;;;;;;
Tsoro Yemutatu;pieceDeclaredAsEach;8;true;;Static;;;;;;
Tsoro Yemutatu;equalNumberOfPiecesOnTheBoard;6;true;;Static;;;;;;
Tsoro Yemutatu;noUndeclaredPlayerReference;7;true;;Static;;;;;;
Tsoro Yemutatu;sizeOfTrack;7;false;Track concept is not present;Static;;;;;;
Tsoro Yemutwelve;lineLessOrEqualThanBoardSide;19;false;"Cannot read the array length because ""this.dim"" is null";Static;;;;;;
Tsoro Yemutwelve;pieceDeclaredAsShared;18;false;The game does not have any piece declared as Shared;Static;;;;;;
Tsoro Yemutwelve;pieceDeclaredAsNeutral;16;false;The game does not have any piece declared as Neutral;Static;;;;;;
Tsoro Yemutwelve;pieceDeclaredAsEach;27;true;;Static;;;;;;
Tsoro Yemutwelve;equalNumberOfPiecesOnTheBoard;20;true;;Static;;;;;;
Tsoro Yemutwelve;noUndeclaredPlayerReference;20;true;;Static;;;;;;
Tsoro Yemutwelve;sizeOfTrack;20;false;Track concept is not present;Static;;;;;;
Tuk Tak;lineLessOrEqualThanBoardSide;8;true;;Static;;;;;;
Tuk Tak;pieceDeclaredAsShared;7;false;The game does not have any piece declared as Shared;Static;;;;;;
Tuk Tak;pieceDeclaredAsNeutral;6;false;The game does not have any piece declared as Neutral;Static;;;;;;
Tuk Tak;pieceDeclaredAsEach;17;true;;Static;;;;;;
Tuk Tak;equalNumberOfPiecesOnTheBoard;8;true;;Static;;;;;;
Tuk Tak;noUndeclaredPlayerReference;5;true;;Static;;;;;;
Tuk Tak;sizeOfTrack;8;false;Track concept is not present;Static;;;;;;
Tule Paid;lineLessOrEqualThanBoardSide;17;false;"Cannot read the array length because ""this.dim"" is null";Static;;;;;;
Tule Paid;pieceDeclaredAsShared;10;false;The game does not have any piece declared as Shared;Static;;;;;;
Tule Paid;pieceDeclaredAsNeutral;10;false;The game does not have any piece declared as Neutral;Static;;;;;;
Tule Paid;pieceDeclaredAsEach;13;true;;Static;;;;;;
Tule Paid;equalNumberOfPiecesOnTheBoard;10;true;;Static;;;;;;
Tule Paid;noUndeclaredPlayerReference;11;true;;Static;;;;;;
Tule Paid;sizeOfTrack;20;false;Track concept is not present;Static;;;;;;
Twelve Men's Morris;lineLessOrEqualThanBoardSide;22;false;"Cannot read the array length because ""this.dim"" is null";Static;;;;;;
Twelve Men's Morris;pieceDeclaredAsShared;18;false;The game does not have any piece declared as Shared;Static;;;;;;
Twelve Men's Morris;pieceDeclaredAsNeutral;20;false;The game does not have any piece declared as Neutral;Static;;;;;;
Twelve Men's Morris;pieceDeclaredAsEach;18;true;;Static;;;;;;
Twelve Men's Morris;equalNumberOfPiecesOnTheBoard;27;true;;Static;;;;;;
Twelve Men's Morris;noUndeclaredPlayerReference;16;true;;Static;;;;;;
Twelve Men's Morris;sizeOfTrack;16;false;Track concept is not present;Static;;;;;;
Ultimate Tic-Tac-Toe;lineLessOrEqualThanBoardSide;79;false;"Cannot read the array length because ""this.dim"" is null";Static;;;;;;
Ultimate Tic-Tac-Toe;pieceDeclaredAsShared;78;false;The game does not have any piece declared as Shared;Static;;;;;;
Ultimate Tic-Tac-Toe;pieceDeclaredAsNeutral;63;false;The game does not have any piece declared as Neutral;Static;;;;;;
Ultimate Tic-Tac-Toe;pieceDeclaredAsEach;68;false;The game does not have any piece declared as Each;Static;;;;;;
Ultimate Tic-Tac-Toe;equalNumberOfPiecesOnTheBoard;69;true;;Static;;;;;;
Ultimate Tic-Tac-Toe;noUndeclaredPlayerReference;73;true;;Static;;;;;;
Ultimate Tic-Tac-Toe;sizeOfTrack;80;false;Track concept is not present;Static;;;;;;
Unfair;lineLessOrEqualThanBoardSide;39;true;;Static;;;;;;
Unfair;pieceDeclaredAsShared;39;false;The game does not have any piece declared as Shared;Static;;;;;;
Unfair;pieceDeclaredAsNeutral;36;false;The game does not have any piece declared as Neutral;Static;;;;;;
Unfair;pieceDeclaredAsEach;37;false;Ludeme Each for the piece Ball requires at least one definition of BallN, with N > 0;Static;;;;;;
Unfair;equalNumberOfPiecesOnTheBoard;44;true;;Static;;;;;;
Unfair;noUndeclaredPlayerReference;43;true;;Static;;;;;;
Unfair;sizeOfTrack;37;false;Track concept is not present;Static;;;;;;
Wali;lineLessOrEqualThanBoardSide;14;true;;Static;;;;;;
Wali;pieceDeclaredAsShared;20;false;The game does not have any piece declared as Shared;Static;;;;;;
Wali;pieceDeclaredAsNeutral;15;false;The game does not have any piece declared as Neutral;Static;;;;;;
Wali;pieceDeclaredAsEach;17;true;;Static;;;;;;
Wali;equalNumberOfPiecesOnTheBoard;16;true;;Static;;;;;;
Wali;noUndeclaredPlayerReference;14;true;;Static;;;;;;
Wali;sizeOfTrack;21;false;Track concept is not present;Static;;;;;;
Wari (Alignment);lineLessOrEqualThanBoardSide;16;true;;Static;;;;;;
Wari (Alignment);pieceDeclaredAsShared;18;false;The game does not have any piece declared as Shared;Static;;;;;;
Wari (Alignment);pieceDeclaredAsNeutral;14;false;The game does not have any piece declared as Neutral;Static;;;;;;
Wari (Alignment);pieceDeclaredAsEach;17;true;;Static;;;;;;
Wari (Alignment);equalNumberOfPiecesOnTheBoard;15;true;;Static;;;;;;
Wari (Alignment);noUndeclaredPlayerReference;26;true;;Static;;;;;;
Wari (Alignment);sizeOfTrack;17;false;Track concept is not present;Static;;;;;;
Wure Dune;lineLessOrEqualThanBoardSide;8;true;;Static;;;;;;
Wure Dune;pieceDeclaredAsShared;8;false;The game does not have any piece declared as Shared;Static;;;;;;
Wure Dune;pieceDeclaredAsNeutral;7;false;The game does not have any piece declared as Neutral;Static;;;;;;
Wure Dune;pieceDeclaredAsEach;7;true;;Static;;;;;;
Wure Dune;equalNumberOfPiecesOnTheBoard;7;true;;Static;;;;;;
Wure Dune;noUndeclaredPlayerReference;6;true;;Static;;;;;;
Wure Dune;sizeOfTrack;9;false;Track concept is not present;Static;;;;;;
Xanan Zirge;lineLessOrEqualThanBoardSide;26;true;;Static;;;;;;
Xanan Zirge;pieceDeclaredAsShared;36;false;The game does not have any piece declared as Shared;Static;;;;;;
Xanan Zirge;pieceDeclaredAsNeutral;32;false;The game does not have any piece declared as Neutral;Static;;;;;;
Xanan Zirge;pieceDeclaredAsEach;25;true;;Static;;;;;;
Xanan Zirge;equalNumberOfPiecesOnTheBoard;25;true;;Static;;;;;;
Xanan Zirge;noUndeclaredPlayerReference;35;true;;Static;;;;;;
Xanan Zirge;sizeOfTrack;27;false;Track concept is not present;Static;;;;;;
Xonin Shatar (Complex);lineLessOrEqualThanBoardSide;41;false;"Cannot read the array length because ""this.dim"" is null";Static;;;;;;
Xonin Shatar (Complex);pieceDeclaredAsShared;43;false;The game does not have any piece declared as Shared;Static;;;;;;
Xonin Shatar (Complex);pieceDeclaredAsNeutral;36;false;The game does not have any piece declared as Neutral;Static;;;;;;
Xonin Shatar (Complex);pieceDeclaredAsEach;44;true;;Static;;;;;;
Xonin Shatar (Complex);equalNumberOfPiecesOnTheBoard;39;true;;Static;;;;;;
Xonin Shatar (Complex);noUndeclaredPlayerReference;42;true;;Static;;;;;;
Xonin Shatar (Complex);sizeOfTrack;41;false;Track concept is not present;Static;;;;;;
Xonin Shatar (Simple);lineLessOrEqualThanBoardSide;13;false;"Cannot read the array length because ""this.dim"" is null";Static;;;;;;
Xonin Shatar (Simple);pieceDeclaredAsShared;13;false;The game does not have any piece declared as Shared;Static;;;;;;
Xonin Shatar (Simple);pieceDeclaredAsNeutral;11;false;The game does not have any piece declared as Neutral;Static;;;;;;
Xonin Shatar (Simple);pieceDeclaredAsEach;20;true;;Static;;;;;;
Xonin Shatar (Simple);equalNumberOfPiecesOnTheBoard;15;true;;Static;;;;;;
Xonin Shatar (Simple);noUndeclaredPlayerReference;13;true;;Static;;;;;;
Xonin Shatar (Simple);sizeOfTrack;12;false;Track concept is not present;Static;;;;;;
Yavalade;lineLessOrEqualThanBoardSide;31;false;"Cannot read the array length because ""this.dim"" is null";Static;;;;;;
Yavalade;pieceDeclaredAsShared;27;false;The game does not have any piece declared as Shared;Static;;;;;;
Yavalade;pieceDeclaredAsNeutral;35;false;The game does not have any piece declared as Neutral;Static;;;;;;
Yavalade;pieceDeclaredAsEach;26;false;Ludeme Each for the piece Marker requires at least one definition of MarkerN, with N > 0;Static;;;;;;
Yavalade;equalNumberOfPiecesOnTheBoard;28;true;;Static;;;;;;
Yavalade;noUndeclaredPlayerReference;31;true;;Static;;;;;;
Yavalade;sizeOfTrack;42;false;Track concept is not present;Static;;;;;;
Yavalanchor;lineLessOrEqualThanBoardSide;34;false;"Cannot read the array length because ""this.dim"" is null";Static;;;;;;
Yavalanchor;pieceDeclaredAsShared;32;true;;Static;;;;;;
Yavalanchor;pieceDeclaredAsNeutral;30;false;The game does not have any piece declared as Neutral;Static;;;;;;
Yavalanchor;pieceDeclaredAsEach;27;false;Ludeme Each for the piece Marker requires at least one definition of MarkerN, with N > 0;Static;;;;;;
Yavalanchor;equalNumberOfPiecesOnTheBoard;27;true;;Static;;;;;;
Yavalanchor;noUndeclaredPlayerReference;24;true;;Static;;;;;;
Yavalanchor;sizeOfTrack;28;false;Track concept is not present;Static;;;;;;
Yavalath;lineLessOrEqualThanBoardSide;23;false;"Cannot read the array length because ""this.dim"" is null";Static;;;;;;
Yavalath;pieceDeclaredAsShared;22;false;The game does not have any piece declared as Shared;Static;;;;;;
Yavalath;pieceDeclaredAsNeutral;33;false;The game does not have any piece declared as Neutral;Static;;;;;;
Yavalath;pieceDeclaredAsEach;26;false;Ludeme Each for the piece Marker requires at least one definition of MarkerN, with N > 0;Static;;;;;;
Yavalath;equalNumberOfPiecesOnTheBoard;21;true;;Static;;;;;;
Yavalath;noUndeclaredPlayerReference;24;true;;Static;;;;;;
Yavalath;sizeOfTrack;21;false;Track concept is not present;Static;;;;;;
Yavalax;lineLessOrEqualThanBoardSide;59;true;;Static;;;;;;
Yavalax;pieceDeclaredAsShared;54;false;The game does not have any piece declared as Shared;Static;;;;;;
Yavalax;pieceDeclaredAsNeutral;56;false;The game does not have any piece declared as Neutral;Static;;;;;;
Yavalax;pieceDeclaredAsEach;59;false;Ludeme Each for the piece Marker requires at least one definition of MarkerN, with N > 0;Static;;;;;;
Yavalax;equalNumberOfPiecesOnTheBoard;57;true;;Static;;;;;;
Yavalax;noUndeclaredPlayerReference;60;true;;Static;;;;;;
Yavalax;sizeOfTrack;61;false;Track concept is not present;Static;;;;;;
Zurgaan Tal;lineLessOrEqualThanBoardSide;14;false;"Cannot read the array length because ""this.dim"" is null";Static;;;;;;
Zurgaan Tal;pieceDeclaredAsShared;12;false;The game does not have any piece declared as Shared;Static;;;;;;
Zurgaan Tal;pieceDeclaredAsNeutral;13;false;The game does not have any piece declared as Neutral;Static;;;;;;
Zurgaan Tal;pieceDeclaredAsEach;14;true;;Static;;;;;;
Zurgaan Tal;equalNumberOfPiecesOnTheBoard;12;true;;Static;;;;;;
Zurgaan Tal;noUndeclaredPlayerReference;12;true;;Static;;;;;;
Zurgaan Tal;sizeOfTrack;12;false;Track concept is not present;Static;;;;;;
Azteka;lineLessOrEqualThanBoardSide;141;false;Line concept is not present;Static;;;;;;
Azteka;pieceDeclaredAsShared;133;false;The game does not have any piece declared as Shared;Static;;;;;;
Azteka;pieceDeclaredAsNeutral;140;false;The game does not have any piece declared as Neutral;Static;;;;;;
Azteka;pieceDeclaredAsEach;136;true;;Static;;;;;;
Azteka;equalNumberOfPiecesOnTheBoard;135;true;;Static;;;;;;
Azteka;noUndeclaredPlayerReference;138;true;;Static;;;;;;
Azteka;sizeOfTrack;141;false;Track concept is not present;Static;;;;;;
Diamond;lineLessOrEqualThanBoardSide;32;false;Line concept is not present;Static;;;;;;
Diamond;pieceDeclaredAsShared;30;false;The game does not have any piece declared as Shared;Static;;;;;;
Diamond;pieceDeclaredAsNeutral;32;false;The game does not have any piece declared as Neutral;Static;;;;;;
Diamond;pieceDeclaredAsEach;30;true;;Static;;;;;;
Diamond;equalNumberOfPiecesOnTheBoard;29;true;;Static;;;;;;
Diamond;noUndeclaredPlayerReference;29;true;;Static;;;;;;
Diamond;sizeOfTrack;27;false;Track concept is not present;Static;;;;;;
Hexade;lineLessOrEqualThanBoardSide;238;true;;Static;;;;;;
Hexade;pieceDeclaredAsShared;230;false;The game does not have any piece declared as Shared;Static;;;;;;
Hexade;pieceDeclaredAsNeutral;224;false;The game does not have any piece declared as Neutral;Static;;;;;;
Hexade;pieceDeclaredAsEach;238;false;Ludeme Each for the piece Marker requires at least one definition of MarkerN, with N > 0;Static;;;;;;
Hexade;equalNumberOfPiecesOnTheBoard;235;true;;Static;;;;;;
Hexade;noUndeclaredPlayerReference;230;true;;Static;;;;;;
Hexade;sizeOfTrack;217;false;Track concept is not present;Static;;;;;;
Kensington;lineLessOrEqualThanBoardSide;33;false;Line concept is not present;Static;;;;;;
Kensington;pieceDeclaredAsShared;30;false;The game does not have any piece declared as Shared;Static;;;;;;
Kensington;pieceDeclaredAsNeutral;31;false;The game does not have any piece declared as Neutral;Static;;;;;;
Kensington;pieceDeclaredAsEach;29;true;;Static;;;;;;
Kensington;equalNumberOfPiecesOnTheBoard;32;true;;Static;;;;;;
Kensington;noUndeclaredPlayerReference;28;true;;Static;;;;;;
Kensington;sizeOfTrack;30;false;Track concept is not present;Static;;;;;;
Quantik;lineLessOrEqualThanBoardSide;34;false;Line concept is not present;Static;;;;;;
Quantik;pieceDeclaredAsShared;32;false;The game does not have any piece declared as Shared;Static;;;;;;
Quantik;pieceDeclaredAsNeutral;33;false;The game does not have any piece declared as Neutral;Static;;;;;;
Quantik;pieceDeclaredAsEach;32;true;;Static;;;;;;
Quantik;equalNumberOfPiecesOnTheBoard;32;true;;Static;;;;;;
Quantik;noUndeclaredPlayerReference;31;true;;Static;;;;;;
Quantik;sizeOfTrack;31;false;Track concept is not present;Static;;;;;;
Upper Hand;lineLessOrEqualThanBoardSide;93;false;Line concept is not present;Static;;;;;;
Upper Hand;pieceDeclaredAsShared;90;false;The game does not have any piece declared as Shared;Static;;;;;;
Upper Hand;pieceDeclaredAsNeutral;91;true;;Static;;;;;;
Upper Hand;pieceDeclaredAsEach;89;false;Ludeme Each for the piece Ball requires at least one definition of BallN, with N > 0;Static;;;;;;
Upper Hand;equalNumberOfPiecesOnTheBoard;90;true;;Static;;;;;;
Upper Hand;noUndeclaredPlayerReference;91;true;;Static;;;;;;
Upper Hand;sizeOfTrack;96;false;Track concept is not present;Static;;;;;;
Atari Go;lineLessOrEqualThanBoardSide;107;false;Line concept is not present;Static;;;;;;
Atari Go;pieceDeclaredAsShared;111;false;The game does not have any piece declared as Shared;Static;;;;;;
Atari Go;pieceDeclaredAsNeutral;103;false;The game does not have any piece declared as Neutral;Static;;;;;;
Atari Go;pieceDeclaredAsEach;106;false;Ludeme Each for the piece Marker requires at least one definition of MarkerN, with N > 0;Static;;;;;;
Atari Go;equalNumberOfPiecesOnTheBoard;121;true;;Static;;;;;;
Atari Go;noUndeclaredPlayerReference;106;true;;Static;;;;;;
Atari Go;sizeOfTrack;109;false;Track concept is not present;Static;;;;;;
Ataxx;lineLessOrEqualThanBoardSide;18;false;Line concept is not present;Static;;;;;;
Ataxx;pieceDeclaredAsShared;19;false;The game does not have any piece declared as Shared;Static;;;;;;
Ataxx;pieceDeclaredAsNeutral;18;false;The game does not have any piece declared as Neutral;Static;;;;;;
Ataxx;pieceDeclaredAsEach;18;true;;Static;;;;;;
Ataxx;equalNumberOfPiecesOnTheBoard;20;true;;Static;;;;;;
Ataxx;noUndeclaredPlayerReference;18;true;;Static;;;;;;
Ataxx;sizeOfTrack;18;false;Track concept is not present;Static;;;;;;
BlooGo;lineLessOrEqualThanBoardSide;16;false;Line concept is not present;Static;;;;;;
BlooGo;pieceDeclaredAsShared;16;false;The game does not have any piece declared as Shared;Static;;;;;;
BlooGo;pieceDeclaredAsNeutral;16;false;The game does not have any piece declared as Neutral;Static;;;;;;
BlooGo;pieceDeclaredAsEach;16;false;Ludeme Each for the piece Ball requires at least one definition of BallN, with N > 0;Static;;;;;;
BlooGo;equalNumberOfPiecesOnTheBoard;16;true;;Static;;;;;;
BlooGo;noUndeclaredPlayerReference;23;true;;Static;;;;;;
BlooGo;sizeOfTrack;22;false;Track concept is not present;Static;;;;;;
Bug;lineLessOrEqualThanBoardSide;251;false;Line concept is not present;Static;;;;;;
Bug;pieceDeclaredAsShared;242;false;The game does not have any piece declared as Shared;Static;;;;;;
Bug;pieceDeclaredAsNeutral;248;false;The game does not have any piece declared as Neutral;Static;;;;;;
Bug;pieceDeclaredAsEach;227;false;Ludeme Each for the piece Hex requires at least one definition of HexN, with N > 0;Static;;;;;;
Bug;equalNumberOfPiecesOnTheBoard;225;true;;Static;;;;;;
Bug;noUndeclaredPlayerReference;255;true;;Static;;;;;;
Bug;sizeOfTrack;287;false;Track concept is not present;Static;;;;;;
Cavity;lineLessOrEqualThanBoardSide;35;false;Line concept is not present;Static;;;;;;
Cavity;pieceDeclaredAsShared;32;false;The game does not have any piece declared as Shared;Static;;;;;;
Cavity;pieceDeclaredAsNeutral;34;false;The game does not have any piece declared as Neutral;Static;;;;;;
Cavity;pieceDeclaredAsEach;41;false;Ludeme Each for the piece Marker requires at least one definition of MarkerN, with N > 0;Static;;;;;;
Cavity;equalNumberOfPiecesOnTheBoard;39;true;;Static;;;;;;
Cavity;noUndeclaredPlayerReference;36;true;;Static;;;;;;
Cavity;sizeOfTrack;32;false;Track concept is not present;Static;;;;;;
Compart;lineLessOrEqualThanBoardSide;36;false;Line concept is not present;Static;;;;;;
Compart;pieceDeclaredAsShared;36;false;The game does not have any piece declared as Shared;Static;;;;;;
Compart;pieceDeclaredAsNeutral;35;false;The game does not have any piece declared as Neutral;Static;;;;;;
Compart;pieceDeclaredAsEach;34;false;Ludeme Each for the piece Marker requires at least one definition of MarkerN, with N > 0;Static;;;;;;
Compart;equalNumberOfPiecesOnTheBoard;35;true;;Static;;;;;;
Compart;noUndeclaredPlayerReference;40;true;;Static;;;;;;
Compart;sizeOfTrack;37;false;Track concept is not present;Static;;;;;;
Dorvolz;lineLessOrEqualThanBoardSide;88;false;Line concept is not present;Static;;;;;;
Dorvolz;pieceDeclaredAsShared;90;false;The game does not have any piece declared as Shared;Static;;;;;;
Dorvolz;pieceDeclaredAsNeutral;87;false;The game does not have any piece declared as Neutral;Static;;;;;;
Dorvolz;pieceDeclaredAsEach;91;true;;Static;;;;;;
Dorvolz;equalNumberOfPiecesOnTheBoard;93;true;;Static;;;;;;
Dorvolz;noUndeclaredPlayerReference;95;true;;Static;;;;;;
Dorvolz;sizeOfTrack;95;false;Track concept is not present;Static;;;;;;
Flower Shop;lineLessOrEqualThanBoardSide;76;false;Line concept is not present;Static;;;;;;
Flower Shop;pieceDeclaredAsShared;65;false;The game does not have any piece declared as Shared;Static;;;;;;
Flower Shop;pieceDeclaredAsNeutral;69;false;The game does not have any piece declared as Neutral;Static;;;;;;
Flower Shop;pieceDeclaredAsEach;66;false;The game does not have any piece declared as Each;Static;;;;;;
Flower Shop;equalNumberOfPiecesOnTheBoard;65;true;;Static;;;;;;
Flower Shop;noUndeclaredPlayerReference;69;true;;Static;;;;;;
Flower Shop;sizeOfTrack;76;false;Track concept is not present;Static;;;;;;
Flume;lineLessOrEqualThanBoardSide;24;false;Line concept is not present;Static;;;;;;
Flume;pieceDeclaredAsShared;24;false;The game does not have any piece declared as Shared;Static;;;;;;
Flume;pieceDeclaredAsNeutral;23;false;The game does not have any piece declared as Neutral;Static;;;;;;
Flume;pieceDeclaredAsEach;26;false;Ludeme Each for the piece Disc requires at least one definition of DiscN, with N > 0;Static;;;;;;
Flume;equalNumberOfPiecesOnTheBoard;24;true;;Static;;;;;;
Flume;noUndeclaredPlayerReference;22;true;;Static;;;;;;
Flume;sizeOfTrack;23;false;Track concept is not present;Static;;;;;;
Go;lineLessOrEqualThanBoardSide;104;false;Line concept is not present;Static;;;;;;
Go;pieceDeclaredAsShared;104;false;The game does not have any piece declared as Shared;Static;;;;;;
Go;pieceDeclaredAsNeutral;113;false;The game does not have any piece declared as Neutral;Static;;;;;;
Go;pieceDeclaredAsEach;132;false;Ludeme Each for the piece Marker requires at least one definition of MarkerN, with N > 0;Static;;;;;;
Go;equalNumberOfPiecesOnTheBoard;108;true;;Static;;;;;;
Go;noUndeclaredPlayerReference;103;true;;Static;;;;;;
Go;sizeOfTrack;117;false;Track concept is not present;Static;;;;;;
Goats Wintering;lineLessOrEqualThanBoardSide;61;false;Line concept is not present;Static;;;;;;
Goats Wintering;pieceDeclaredAsShared;58;false;The game does not have any piece declared as Shared;Static;;;;;;
Goats Wintering;pieceDeclaredAsNeutral;59;false;The game does not have any piece declared as Neutral;Static;;;;;;
Goats Wintering;pieceDeclaredAsEach;61;false;The game does not have any piece declared as Each;Static;;;;;;
Goats Wintering;equalNumberOfPiecesOnTheBoard;58;true;;Static;;;;;;
Goats Wintering;noUndeclaredPlayerReference;56;true;;Static;;;;;;
Goats Wintering;sizeOfTrack;52;false;Track concept is not present;Static;;;;;;
HexGo;lineLessOrEqualThanBoardSide;47;false;Line concept is not present;Static;;;;;;
HexGo;pieceDeclaredAsShared;47;false;The game does not have any piece declared as Shared;Static;;;;;;
HexGo;pieceDeclaredAsNeutral;45;false;The game does not have any piece declared as Neutral;Static;;;;;;
HexGo;pieceDeclaredAsEach;45;false;The game does not have any piece declared as Each;Static;;;;;;
HexGo;equalNumberOfPiecesOnTheBoard;44;true;;Static;;;;;;
HexGo;noUndeclaredPlayerReference;48;true;;Static;;;;;;
HexGo;sizeOfTrack;45;false;Track concept is not present;Static;;;;;;
HexTrike;lineLessOrEqualThanBoardSide;59;false;Line concept is not present;Static;;;;;;
HexTrike;pieceDeclaredAsShared;58;false;The game does not have any piece declared as Shared;Static;;;;;;
HexTrike;pieceDeclaredAsNeutral;62;false;The game does not have any piece declared as Neutral;Static;;;;;;
HexTrike;pieceDeclaredAsEach;59;false;Ludeme Each for the piece Ball requires at least one definition of BallN, with N > 0;Static;;;;;;
HexTrike;equalNumberOfPiecesOnTheBoard;60;true;;Static;;;;;;
HexTrike;noUndeclaredPlayerReference;64;true;;Static;;;;;;
HexTrike;sizeOfTrack;64;false;Track concept is not present;Static;;;;;;
Infuse;lineLessOrEqualThanBoardSide;96;false;Line concept is not present;Static;;;;;;
Infuse;pieceDeclaredAsShared;83;false;The game does not have any piece declared as Shared;Static;;;;;;
Infuse;pieceDeclaredAsNeutral;83;false;The game does not have any piece declared as Neutral;Static;;;;;;
Infuse;pieceDeclaredAsEach;76;false;Ludeme Each for the piece Disc requires at least one definition of DiscN, with N > 0;Static;;;;;;
Infuse;equalNumberOfPiecesOnTheBoard;81;true;;Static;;;;;;
Infuse;noUndeclaredPlayerReference;79;true;;Static;;;;;;
Infuse;sizeOfTrack;80;false;Track concept is not present;Static;;;;;;
Inkblots;lineLessOrEqualThanBoardSide;101;false;Line concept is not present;Static;;;;;;
Inkblots;pieceDeclaredAsShared;103;false;The game does not have any piece declared as Shared;Static;;;;;;
Inkblots;pieceDeclaredAsNeutral;100;false;The game does not have any piece declared as Neutral;Static;;;;;;
Inkblots;pieceDeclaredAsEach;104;false;The game does not have any piece declared as Each;Static;;;;;;
Inkblots;equalNumberOfPiecesOnTheBoard;121;true;;Static;;;;;;
Inkblots;noUndeclaredPlayerReference;102;true;;Static;;;;;;
Inkblots;sizeOfTrack;104;false;Track concept is not present;Static;;;;;;
Lava;lineLessOrEqualThanBoardSide;27;false;Line concept is not present;Static;;;;;;
Lava;pieceDeclaredAsShared;26;false;The game does not have any piece declared as Shared;Static;;;;;;
Lava;pieceDeclaredAsNeutral;28;false;The game does not have any piece declared as Neutral;Static;;;;;;
Lava;pieceDeclaredAsEach;27;true;;Static;;;;;;
Lava;equalNumberOfPiecesOnTheBoard;27;true;;Static;;;;;;
Lava;noUndeclaredPlayerReference;26;true;;Static;;;;;;
Lava;sizeOfTrack;26;false;Track concept is not present;Static;;;;;;
Lifeline;lineLessOrEqualThanBoardSide;85;false;Line concept is not present;Static;;;;;;
Lifeline;pieceDeclaredAsShared;79;false;The game does not have any piece declared as Shared;Static;;;;;;
Lifeline;pieceDeclaredAsNeutral;89;false;The game does not have any piece declared as Neutral;Static;;;;;;
Lifeline;pieceDeclaredAsEach;73;false;Ludeme Each for the piece Disc requires at least one definition of DiscN, with N > 0;Static;;;;;;
Lifeline;equalNumberOfPiecesOnTheBoard;83;true;;Static;;;;;;
Lifeline;noUndeclaredPlayerReference;87;true;;Static;;;;;;
Lifeline;sizeOfTrack;85;false;Track concept is not present;Static;;;;;;
Lotus;lineLessOrEqualThanBoardSide;22;false;Line concept is not present;Static;;;;;;
Lotus;pieceDeclaredAsShared;21;false;The game does not have any piece declared as Shared;Static;;;;;;
Lotus;pieceDeclaredAsNeutral;18;false;The game does not have any piece declared as Neutral;Static;;;;;;
Lotus;pieceDeclaredAsEach;19;false;Ludeme Each for the piece Marker requires at least one definition of MarkerN, with N > 0;Static;;;;;;
Lotus;equalNumberOfPiecesOnTheBoard;21;true;;Static;;;;;;
Lotus;noUndeclaredPlayerReference;22;true;;Static;;;;;;
Lotus;sizeOfTrack;19;false;Track concept is not present;Static;;;;;;
MacBeth;lineLessOrEqualThanBoardSide;36;false;Line concept is not present;Static;;;;;;
MacBeth;pieceDeclaredAsShared;32;false;The game does not have any piece declared as Shared;Static;;;;;;
MacBeth;pieceDeclaredAsNeutral;30;false;The game does not have any piece declared as Neutral;Static;;;;;;
MacBeth;pieceDeclaredAsEach;34;false;The game does not have any piece declared as Each;Static;;;;;;
MacBeth;equalNumberOfPiecesOnTheBoard;40;true;;Static;;;;;;
MacBeth;noUndeclaredPlayerReference;33;true;;Static;;;;;;
MacBeth;sizeOfTrack;31;false;Track concept is not present;Static;;;;;;
Mig Mang;lineLessOrEqualThanBoardSide;95;false;Line concept is not present;Static;;;;;;
Mig Mang;pieceDeclaredAsShared;83;false;The game does not have any piece declared as Shared;Static;;;;;;
Mig Mang;pieceDeclaredAsNeutral;82;false;The game does not have any piece declared as Neutral;Static;;;;;;
Mig Mang;pieceDeclaredAsEach;83;true;;Static;;;;;;
Mig Mang;equalNumberOfPiecesOnTheBoard;84;true;;Static;;;;;;
Mig Mang;noUndeclaredPlayerReference;102;true;;Static;;;;;;
Mig Mang;sizeOfTrack;86;false;Track concept is not present;Static;;;;;;
Mity;lineLessOrEqualThanBoardSide;73;false;Line concept is not present;Static;;;;;;
Mity;pieceDeclaredAsShared;80;false;The game does not have any piece declared as Shared;Static;;;;;;
Mity;pieceDeclaredAsNeutral;96;false;The game does not have any piece declared as Neutral;Static;;;;;;
Mity;pieceDeclaredAsEach;86;false;Ludeme Each for the piece Disc requires at least one definition of DiscN, with N > 0;Static;;;;;;
Mity;equalNumberOfPiecesOnTheBoard;88;true;;Static;;;;;;
Mity;noUndeclaredPlayerReference;79;true;;Static;;;;;;
Mity;sizeOfTrack;75;false;Track concept is not present;Static;;;;;;
One-Eyed Go;lineLessOrEqualThanBoardSide;106;false;Line concept is not present;Static;;;;;;
One-Eyed Go;pieceDeclaredAsShared;100;false;The game does not have any piece declared as Shared;Static;;;;;;
One-Eyed Go;pieceDeclaredAsNeutral;112;false;The game does not have any piece declared as Neutral;Static;;;;;;
One-Eyed Go;pieceDeclaredAsEach;111;false;Ludeme Each for the piece Marker requires at least one definition of MarkerN, with N > 0;Static;;;;;;
One-Eyed Go;equalNumberOfPiecesOnTheBoard;112;true;;Static;;;;;;
One-Eyed Go;noUndeclaredPlayerReference;100;true;;Static;;;;;;
One-Eyed Go;sizeOfTrack;106;false;Track concept is not present;Static;;;;;;
Paintbucket;lineLessOrEqualThanBoardSide;20;false;Line concept is not present;Static;;;;;;
Paintbucket;pieceDeclaredAsShared;20;false;The game does not have any piece declared as Shared;Static;;;;;;
Paintbucket;pieceDeclaredAsNeutral;18;false;The game does not have any piece declared as Neutral;Static;;;;;;
Paintbucket;pieceDeclaredAsEach;18;false;The game does not have any piece declared as Each;Static;;;;;;
Paintbucket;equalNumberOfPiecesOnTheBoard;20;true;;Static;;;;;;
Paintbucket;noUndeclaredPlayerReference;18;true;;Static;;;;;;
Paintbucket;sizeOfTrack;19;false;Track concept is not present;Static;;;;;;
Paintscape;lineLessOrEqualThanBoardSide;53;false;Line concept is not present;Static;;;;;;
Paintscape;pieceDeclaredAsShared;48;true;;Static;;;;;;
Paintscape;pieceDeclaredAsNeutral;54;false;The game does not have any piece declared as Neutral;Static;;;;;;
Paintscape;pieceDeclaredAsEach;59;true;;Static;;;;;;
Paintscape;equalNumberOfPiecesOnTheBoard;52;true;;Static;;;;;;
Paintscape;noUndeclaredPlayerReference;54;true;;Static;;;;;;
Paintscape;sizeOfTrack;57;false;Track concept is not present;Static;;;;;;
Patok;lineLessOrEqualThanBoardSide;141;false;Line concept is not present;Static;;;;;;
Patok;pieceDeclaredAsShared;141;false;The game does not have any piece declared as Shared;Static;;;;;;
Patok;pieceDeclaredAsNeutral;129;false;The game does not have any piece declared as Neutral;Static;;;;;;
Patok;pieceDeclaredAsEach;143;false;Ludeme Each for the piece Marker requires at least one definition of MarkerN, with N > 0;Static;;;;;;
Patok;equalNumberOfPiecesOnTheBoard;161;true;;Static;;;;;;
Patok;noUndeclaredPlayerReference;141;true;;Static;;;;;;
Patok;sizeOfTrack;137;false;Track concept is not present;Static;;;;;;
Phantom Go;lineLessOrEqualThanBoardSide;29;false;Line concept is not present;Static;;;;;;
Phantom Go;pieceDeclaredAsShared;29;false;The game does not have any piece declared as Shared;Static;;;;;;
Phantom Go;pieceDeclaredAsNeutral;29;false;The game does not have any piece declared as Neutral;Static;;;;;;
Phantom Go;pieceDeclaredAsEach;28;false;Ludeme Each for the piece Marker requires at least one definition of MarkerN, with N > 0;Static;;;;;;
Phantom Go;equalNumberOfPiecesOnTheBoard;24;true;;Static;;;;;;
Phantom Go;noUndeclaredPlayerReference;25;true;;Static;;;;;;
Phantom Go;sizeOfTrack;25;false;Track concept is not present;Static;;;;;;
Pyrga;lineLessOrEqualThanBoardSide;203;false;Line concept is not present;Static;;;;;;
Pyrga;pieceDeclaredAsShared;177;false;The game does not have any piece declared as Shared;Static;;;;;;
Pyrga;pieceDeclaredAsNeutral;172;false;The game does not have any piece declared as Neutral;Static;;;;;;
Pyrga;pieceDeclaredAsEach;185;false;Ludeme Each for the piece SquareDiag requires at least one definition of SquareDiagN, with N > 0;Static;;;;;;
Pyrga;equalNumberOfPiecesOnTheBoard;208;true;;Static;;;;;;
Pyrga;noUndeclaredPlayerReference;165;true;;Static;;;;;;
Pyrga;sizeOfTrack;194;false;Track concept is not present;Static;;;;;;
Redstone;lineLessOrEqualThanBoardSide;70;false;Line concept is not present;Static;;;;;;
Redstone;pieceDeclaredAsShared;70;false;The game does not have any piece declared as Shared;Static;;;;;;
Redstone;pieceDeclaredAsNeutral;59;false;The game does not have any piece declared as Neutral;Static;;;;;;
Redstone;pieceDeclaredAsEach;70;false;Ludeme Each for the piece Disc requires at least one definition of DiscN, with N > 0;Static;;;;;;
Redstone;equalNumberOfPiecesOnTheBoard;63;true;;Static;;;;;;
Redstone;noUndeclaredPlayerReference;67;true;;Static;;;;;;
Redstone;sizeOfTrack;57;false;Track concept is not present;Static;;;;;;
Refugia;lineLessOrEqualThanBoardSide;76;false;Line concept is not present;Static;;;;;;
Refugia;pieceDeclaredAsShared;71;false;The game does not have any piece declared as Shared;Static;;;;;;
Refugia;pieceDeclaredAsNeutral;71;false;A piece declared Neutral must be called as piece0;Static;;;;;;
Refugia;pieceDeclaredAsEach;69;false;The game does not have any piece declared as Each;Static;;;;;;
Refugia;equalNumberOfPiecesOnTheBoard;70;true;;Static;;;;;;
Refugia;noUndeclaredPlayerReference;69;true;;Static;;;;;;
Refugia;sizeOfTrack;78;false;Track concept is not present;Static;;;;;;
Residuel;lineLessOrEqualThanBoardSide;76;false;Line concept is not present;Static;;;;;;
Residuel;pieceDeclaredAsShared;85;false;The game does not have any piece declared as Shared;Static;;;;;;
Residuel;pieceDeclaredAsNeutral;83;false;The game does not have any piece declared as Neutral;Static;;;;;;
Residuel;pieceDeclaredAsEach;86;false;The game does not have any piece declared as Each;Static;;;;;;
Residuel;equalNumberOfPiecesOnTheBoard;81;true;;Static;;;;;;
Residuel;noUndeclaredPlayerReference;90;true;;Static;;;;;;
Residuel;sizeOfTrack;79;false;Track concept is not present;Static;;;;;;
Reversi;lineLessOrEqualThanBoardSide;24;false;Line concept is not present;Static;;;;;;
Reversi;pieceDeclaredAsShared;27;false;The game does not have any piece declared as Shared;Static;;;;;;
Reversi;pieceDeclaredAsNeutral;27;false;The game does not have any piece declared as Neutral;Static;;;;;;
Reversi;pieceDeclaredAsEach;23;false;The game does not have any piece declared as Each;Static;;;;;;
Reversi;equalNumberOfPiecesOnTheBoard;24;true;;Static;;;;;;
Reversi;noUndeclaredPlayerReference;26;true;;Static;;;;;;
Reversi;sizeOfTrack;25;false;Track concept is not present;Static;;;;;;
Rolit;lineLessOrEqualThanBoardSide;35;false;Line concept is not present;Static;;;;;;
Rolit;pieceDeclaredAsShared;25;false;The game does not have any piece declared as Shared;Static;;;;;;
Rolit;pieceDeclaredAsNeutral;22;true;;Static;;;;;;
Rolit;pieceDeclaredAsEach;22;false;The game does not have any piece declared as Each;Static;;;;;;
Rolit;equalNumberOfPiecesOnTheBoard;22;true;;Static;;;;;;
Rolit;noUndeclaredPlayerReference;22;true;;Static;;;;;;
Rolit;sizeOfTrack;21;false;Track concept is not present;Static;;;;;;
Stargazers;lineLessOrEqualThanBoardSide;3750;false;Line concept is not present;Static;;;;;;
Stargazers;pieceDeclaredAsShared;3928;false;The game does not have any piece declared as Shared;Static;;;;;;
Stargazers;pieceDeclaredAsNeutral;3922;true;;Static;;;;;;
Stargazers;pieceDeclaredAsEach;3838;false;Ludeme Each for the piece Ball requires at least one definition of BallN, with N > 0;Static;;;;;;
Stargazers;equalNumberOfPiecesOnTheBoard;3692;true;;Static;;;;;;
Stargazers;noUndeclaredPlayerReference;3722;true;;Static;;;;;;
Stargazers;sizeOfTrack;3687;false;Track concept is not present;Static;;;;;;
SupplyChains;lineLessOrEqualThanBoardSide;122;false;Line concept is not present;Static;;;;;;
SupplyChains;pieceDeclaredAsShared;126;false;The game does not have any piece declared as Shared;Static;;;;;;
SupplyChains;pieceDeclaredAsNeutral;132;false;The game does not have any piece declared as Neutral;Static;;;;;;
SupplyChains;pieceDeclaredAsEach;123;false;Ludeme Each for the piece Disc requires at least one definition of DiscN, with N > 0;Static;;;;;;
SupplyChains;equalNumberOfPiecesOnTheBoard;123;true;;Static;;;;;;
SupplyChains;noUndeclaredPlayerReference;125;true;;Static;;;;;;
SupplyChains;sizeOfTrack;127;false;Track concept is not present;Static;;;;;;
Trike;lineLessOrEqualThanBoardSide;41;false;Line concept is not present;Static;;;;;;
Trike;pieceDeclaredAsShared;38;false;The game does not have any piece declared as Shared;Static;;;;;;
Trike;pieceDeclaredAsNeutral;34;false;The game does not have any piece declared as Neutral;Static;;;;;;
Trike;pieceDeclaredAsEach;35;false;Ludeme Each for the piece Marker requires at least one definition of MarkerN, with N > 0;Static;;;;;;
Trike;equalNumberOfPiecesOnTheBoard;37;true;;Static;;;;;;
Trike;noUndeclaredPlayerReference;41;true;;Static;;;;;;
Trike;sizeOfTrack;34;false;Track concept is not present;Static;;;;;;
Tumbleweed;lineLessOrEqualThanBoardSide;94;false;Line concept is not present;Static;;;;;;
Tumbleweed;pieceDeclaredAsShared;118;false;The game does not have any piece declared as Shared;Static;;;;;;
Tumbleweed;pieceDeclaredAsNeutral;125;false;The game does not have any piece declared as Neutral;Static;;;;;;
Tumbleweed;pieceDeclaredAsEach;94;true;;Static;;;;;;
Tumbleweed;equalNumberOfPiecesOnTheBoard;87;true;;Static;;;;;;
Tumbleweed;noUndeclaredPlayerReference;91;true;;Static;;;;;;
Tumbleweed;sizeOfTrack;86;false;Track concept is not present;Static;;;;;;
Verge;lineLessOrEqualThanBoardSide;38;false;Line concept is not present;Static;;;;;;
Verge;pieceDeclaredAsShared;33;false;The game does not have any piece declared as Shared;Static;;;;;;
Verge;pieceDeclaredAsNeutral;38;false;The game does not have any piece declared as Neutral;Static;;;;;;
Verge;pieceDeclaredAsEach;33;false;Ludeme Each for the piece Disc requires at least one definition of DiscN, with N > 0;Static;;;;;;
Verge;equalNumberOfPiecesOnTheBoard;34;true;;Static;;;;;;
Verge;noUndeclaredPlayerReference;34;true;;Static;;;;;;
Verge;sizeOfTrack;36;false;Track concept is not present;Static;;;;;;
Weiqi;lineLessOrEqualThanBoardSide;118;false;Line concept is not present;Static;;;;;;
Weiqi;pieceDeclaredAsShared;105;false;The game does not have any piece declared as Shared;Static;;;;;;
Weiqi;pieceDeclaredAsNeutral;102;false;The game does not have any piece declared as Neutral;Static;;;;;;
Weiqi;pieceDeclaredAsEach;108;false;Ludeme Each for the piece Marker requires at least one definition of MarkerN, with N > 0;Static;;;;;;
Weiqi;equalNumberOfPiecesOnTheBoard;108;true;;Static;;;;;;
Weiqi;noUndeclaredPlayerReference;104;true;;Static;;;;;;
Weiqi;sizeOfTrack;110;false;Track concept is not present;Static;;;;;;
Alea Evangelii;lineLessOrEqualThanBoardSide;128;false;Line concept is not present;Static;;;;;;
Alea Evangelii;pieceDeclaredAsShared;131;false;The game does not have any piece declared as Shared;Static;;;;;;
Alea Evangelii;pieceDeclaredAsNeutral;132;false;The game does not have any piece declared as Neutral;Static;;;;;;
Alea Evangelii;pieceDeclaredAsEach;127;false;The game does not have any piece declared as Each;Static;;;;;;
Alea Evangelii;equalNumberOfPiecesOnTheBoard;136;false;Players do not have the same number of pieces;Static;;;;;;
Alea Evangelii;noUndeclaredPlayerReference;157;true;;Static;;;;;;
Alea Evangelii;sizeOfTrack;129;false;Track concept is not present;Static;;;;;;
ArdRi;lineLessOrEqualThanBoardSide;22;false;Line concept is not present;Static;;;;;;
ArdRi;pieceDeclaredAsShared;22;false;The game does not have any piece declared as Shared;Static;;;;;;
ArdRi;pieceDeclaredAsNeutral;21;false;The game does not have any piece declared as Neutral;Static;;;;;;
ArdRi;pieceDeclaredAsEach;20;false;The game does not have any piece declared as Each;Static;;;;;;
ArdRi;equalNumberOfPiecesOnTheBoard;21;false;Players do not have the same number of pieces;Static;;;;;;
ArdRi;noUndeclaredPlayerReference;20;true;;Static;;;;;;
ArdRi;sizeOfTrack;21;false;Track concept is not present;Static;;;;;;
Awithlaknakwe;lineLessOrEqualThanBoardSide;361;false;Line concept is not present;Static;;;;;;
Awithlaknakwe;pieceDeclaredAsShared;324;false;The game does not have any piece declared as Shared;Static;;;;;;
Awithlaknakwe;pieceDeclaredAsNeutral;339;false;The game does not have any piece declared as Neutral;Static;;;;;;
Awithlaknakwe;pieceDeclaredAsEach;334;true;;Static;;;;;;
Awithlaknakwe;equalNumberOfPiecesOnTheBoard;368;true;;Static;;;;;;
Awithlaknakwe;noUndeclaredPlayerReference;357;true;;Static;;;;;;
Awithlaknakwe;sizeOfTrack;354;false;Track concept is not present;Static;;;;;;
Bizingo;lineLessOrEqualThanBoardSide;82;false;Line concept is not present;Static;;;;;;
Bizingo;pieceDeclaredAsShared;81;false;The game does not have any piece declared as Shared;Static;;;;;;
Bizingo;pieceDeclaredAsNeutral;80;false;The game does not have any piece declared as Neutral;Static;;;;;;
Bizingo;pieceDeclaredAsEach;84;true;;Static;;;;;;
Bizingo;equalNumberOfPiecesOnTheBoard;81;true;;Static;;;;;;
Bizingo;noUndeclaredPlayerReference;80;true;;Static;;;;;;
Bizingo;sizeOfTrack;89;false;Track concept is not present;Static;;;;;;
Boseog Gonu;lineLessOrEqualThanBoardSide;10;false;Line concept is not present;Static;;;;;;
Boseog Gonu;pieceDeclaredAsShared;8;false;The game does not have any piece declared as Shared;Static;;;;;;
Boseog Gonu;pieceDeclaredAsNeutral;12;false;The game does not have any piece declared as Neutral;Static;;;;;;
Boseog Gonu;pieceDeclaredAsEach;9;true;;Static;;;;;;
Boseog Gonu;equalNumberOfPiecesOnTheBoard;10;true;;Static;;;;;;
Boseog Gonu;noUndeclaredPlayerReference;8;true;;Static;;;;;;
Boseog Gonu;sizeOfTrack;9;false;Track concept is not present;Static;;;;;;
Brandub;lineLessOrEqualThanBoardSide;27;false;Line concept is not present;Static;;;;;;
Brandub;pieceDeclaredAsShared;25;false;The game does not have any piece declared as Shared;Static;;;;;;
Brandub;pieceDeclaredAsNeutral;28;false;The game does not have any piece declared as Neutral;Static;;;;;;
Brandub;pieceDeclaredAsEach;28;false;The game does not have any piece declared as Each;Static;;;;;;
Brandub;equalNumberOfPiecesOnTheBoard;27;false;Players do not have the same number of pieces;Static;;;;;;
Brandub;noUndeclaredPlayerReference;27;true;;Static;;;;;;
Brandub;sizeOfTrack;26;false;Track concept is not present;Static;;;;;;
Breakthru;lineLessOrEqualThanBoardSide;42;false;Line concept is not present;Static;;;;;;
Breakthru;pieceDeclaredAsShared;43;false;The game does not have any piece declared as Shared;Static;;;;;;
Breakthru;pieceDeclaredAsNeutral;41;false;The game does not have any piece declared as Neutral;Static;;;;;;
Breakthru;pieceDeclaredAsEach;54;true;;Static;;;;;;
Breakthru;equalNumberOfPiecesOnTheBoard;54;false;Players do not have the same number of pieces;Static;;;;;;
Breakthru;noUndeclaredPlayerReference;45;true;;Static;;;;;;
Breakthru;sizeOfTrack;41;false;Track concept is not present;Static;;;;;;
Castello;lineLessOrEqualThanBoardSide;128;false;Line concept is not present;Static;;;;;;
Castello;pieceDeclaredAsShared;114;false;The game does not have any piece declared as Shared;Static;;;;;;
Castello;pieceDeclaredAsNeutral;113;true;;Static;;;;;;
Castello;pieceDeclaredAsEach;124;true;;Static;;;;;;
Castello;equalNumberOfPiecesOnTheBoard;116;true;;Static;;;;;;
Castello;noUndeclaredPlayerReference;119;true;;Static;;;;;;
Castello;sizeOfTrack;113;false;Track concept is not present;Static;;;;;;
El-Mthaltha;lineLessOrEqualThanBoardSide;7;false;Line concept is not present;Static;;;;;;
El-Mthaltha;pieceDeclaredAsShared;6;false;The game does not have any piece declared as Shared;Static;;;;;;
El-Mthaltha;pieceDeclaredAsNeutral;6;false;The game does not have any piece declared as Neutral;Static;;;;;;
El-Mthaltha;pieceDeclaredAsEach;7;true;;Static;;;;;;
El-Mthaltha;equalNumberOfPiecesOnTheBoard;6;true;;Static;;;;;;
El-Mthaltha;noUndeclaredPlayerReference;7;true;;Static;;;;;;
El-Mthaltha;sizeOfTrack;7;false;Track concept is not present;Static;;;;;;
Gundru;lineLessOrEqualThanBoardSide;23;false;Line concept is not present;Static;;;;;;
Gundru;pieceDeclaredAsShared;22;false;The game does not have any piece declared as Shared;Static;;;;;;
Gundru;pieceDeclaredAsNeutral;23;false;The game does not have any piece declared as Neutral;Static;;;;;;
Gundru;pieceDeclaredAsEach;27;true;;Static;;;;;;
Gundru;equalNumberOfPiecesOnTheBoard;23;true;;Static;;;;;;
Gundru;noUndeclaredPlayerReference;22;true;;Static;;;;;;
Gundru;sizeOfTrack;21;false;Track concept is not present;Static;;;;;;
HeXentafl;lineLessOrEqualThanBoardSide;34;false;Line concept is not present;Static;;;;;;
HeXentafl;pieceDeclaredAsShared;31;false;The game does not have any piece declared as Shared;Static;;;;;;
HeXentafl;pieceDeclaredAsNeutral;31;false;The game does not have any piece declared as Neutral;Static;;;;;;
HeXentafl;pieceDeclaredAsEach;36;false;The game does not have any piece declared as Each;Static;;;;;;
HeXentafl;equalNumberOfPiecesOnTheBoard;31;false;Players do not have the same number of pieces;Static;;;;;;
HeXentafl;noUndeclaredPlayerReference;33;true;;Static;;;;;;
HeXentafl;sizeOfTrack;33;false;Track concept is not present;Static;;;;;;
Hnefatafl;lineLessOrEqualThanBoardSide;45;false;Line concept is not present;Static;;;;;;
Hnefatafl;pieceDeclaredAsShared;46;false;The game does not have any piece declared as Shared;Static;;;;;;
Hnefatafl;pieceDeclaredAsNeutral;48;false;The game does not have any piece declared as Neutral;Static;;;;;;
Hnefatafl;pieceDeclaredAsEach;47;false;The game does not have any piece declared as Each;Static;;;;;;
Hnefatafl;equalNumberOfPiecesOnTheBoard;49;false;Players do not have the same number of pieces;Static;;;;;;
Hnefatafl;noUndeclaredPlayerReference;42;true;;Static;;;;;;
Hnefatafl;sizeOfTrack;42;false;Track concept is not present;Static;;;;;;
Khamousiyya;lineLessOrEqualThanBoardSide;56;false;Line concept is not present;Static;;;;;;
Khamousiyya;pieceDeclaredAsShared;53;false;The game does not have any piece declared as Shared;Static;;;;;;
Khamousiyya;pieceDeclaredAsNeutral;52;false;The game does not have any piece declared as Neutral;Static;;;;;;
Khamousiyya;pieceDeclaredAsEach;53;true;;Static;;;;;;
Khamousiyya;equalNumberOfPiecesOnTheBoard;53;true;;Static;;;;;;
Khamousiyya;noUndeclaredPlayerReference;54;true;;Static;;;;;;
Khamousiyya;sizeOfTrack;54;false;Track concept is not present;Static;;;;;;
Kharebga (5x5);lineLessOrEqualThanBoardSide;22;false;Line concept is not present;Static;;;;;;
Kharebga (5x5);pieceDeclaredAsShared;24;false;The game does not have any piece declared as Shared;Static;;;;;;
Kharebga (5x5);pieceDeclaredAsNeutral;21;false;The game does not have any piece declared as Neutral;Static;;;;;;
Kharebga (5x5);pieceDeclaredAsEach;23;true;;Static;;;;;;
Kharebga (5x5);equalNumberOfPiecesOnTheBoard;21;true;;Static;;;;;;
Kharebga (5x5);noUndeclaredPlayerReference;21;true;;Static;;;;;;
Kharebga (5x5);sizeOfTrack;24;false;Track concept is not present;Static;;;;;;
Kharebga (7x7);lineLessOrEqualThanBoardSide;26;false;Line concept is not present;Static;;;;;;
Kharebga (7x7);pieceDeclaredAsShared;26;false;The game does not have any piece declared as Shared;Static;;;;;;
Kharebga (7x7);pieceDeclaredAsNeutral;25;false;The game does not have any piece declared as Neutral;Static;;;;;;
Kharebga (7x7);pieceDeclaredAsEach;27;true;;Static;;;;;;
Kharebga (7x7);equalNumberOfPiecesOnTheBoard;25;true;;Static;;;;;;
Kharebga (7x7);noUndeclaredPlayerReference;25;true;;Static;;;;;;
Kharebga (7x7);sizeOfTrack;25;false;Track concept is not present;Static;;;;;;
Ludus Latrunculorum;lineLessOrEqualThanBoardSide;34;false;Line concept is not present;Static;;;;;;
Ludus Latrunculorum;pieceDeclaredAsShared;33;false;The game does not have any piece declared as Shared;Static;;;;;;
Ludus Latrunculorum;pieceDeclaredAsNeutral;37;false;The game does not have any piece declared as Neutral;Static;;;;;;
Ludus Latrunculorum;pieceDeclaredAsEach;39;true;;Static;;;;;;
Ludus Latrunculorum;equalNumberOfPiecesOnTheBoard;40;true;;Static;;;;;;
Ludus Latrunculorum;noUndeclaredPlayerReference;33;true;;Static;;;;;;
Ludus Latrunculorum;sizeOfTrack;40;false;Track concept is not present;Static;;;;;;
Maak Yek;lineLessOrEqualThanBoardSide;19;false;Line concept is not present;Static;;;;;;
Maak Yek;pieceDeclaredAsShared;19;false;The game does not have any piece declared as Shared;Static;;;;;;
Maak Yek;pieceDeclaredAsNeutral;18;false;The game does not have any piece declared as Neutral;Static;;;;;;
Maak Yek;pieceDeclaredAsEach;18;true;;Static;;;;;;
Maak Yek;equalNumberOfPiecesOnTheBoard;18;true;;Static;;;;;;
Maak Yek;noUndeclaredPlayerReference;18;true;;Static;;;;;;
Maak Yek;sizeOfTrack;17;false;Track concept is not present;Static;;;;;;
Poprad Game;lineLessOrEqualThanBoardSide;105;false;Line concept is not present;Static;;;;;;
Poprad Game;pieceDeclaredAsShared;97;false;The game does not have any piece declared as Shared;Static;;;;;;
Poprad Game;pieceDeclaredAsNeutral;107;false;The game does not have any piece declared as Neutral;Static;;;;;;
Poprad Game;pieceDeclaredAsEach;110;true;;Static;;;;;;
Poprad Game;equalNumberOfPiecesOnTheBoard;103;true;;Static;;;;;;
Poprad Game;noUndeclaredPlayerReference;98;true;;Static;;;;;;
Poprad Game;sizeOfTrack;107;false;Track concept is not present;Static;;;;;;
Sabou'iyya;lineLessOrEqualThanBoardSide;52;false;Line concept is not present;Static;;;;;;
Sabou'iyya;pieceDeclaredAsShared;50;false;The game does not have any piece declared as Shared;Static;;;;;;
Sabou'iyya;pieceDeclaredAsNeutral;50;false;The game does not have any piece declared as Neutral;Static;;;;;;
Sabou'iyya;pieceDeclaredAsEach;51;true;;Static;;;;;;
Sabou'iyya;equalNumberOfPiecesOnTheBoard;55;true;;Static;;;;;;
Sabou'iyya;noUndeclaredPlayerReference;53;true;;Static;;;;;;
Sabou'iyya;sizeOfTrack;54;false;Track concept is not present;Static;;;;;;
Seega;lineLessOrEqualThanBoardSide;13;false;Line concept is not present;Static;;;;;;
Seega;pieceDeclaredAsShared;13;false;The game does not have any piece declared as Shared;Static;;;;;;
Seega;pieceDeclaredAsNeutral;13;false;The game does not have any piece declared as Neutral;Static;;;;;;
Seega;pieceDeclaredAsEach;13;true;;Static;;;;;;
Seega;equalNumberOfPiecesOnTheBoard;13;true;;Static;;;;;;
Seega;noUndeclaredPlayerReference;13;true;;Static;;;;;;
Seega;sizeOfTrack;13;false;Track concept is not present;Static;;;;;;
Shantarad;lineLessOrEqualThanBoardSide;24;false;Line concept is not present;Static;;;;;;
Shantarad;pieceDeclaredAsShared;28;false;The game does not have any piece declared as Shared;Static;;;;;;
Shantarad;pieceDeclaredAsNeutral;25;false;The game does not have any piece declared as Neutral;Static;;;;;;
Shantarad;pieceDeclaredAsEach;26;true;;Static;;;;;;
Shantarad;equalNumberOfPiecesOnTheBoard;25;true;;Static;;;;;;
Shantarad;noUndeclaredPlayerReference;24;true;;Static;;;;;;
Shantarad;sizeOfTrack;25;false;Track concept is not present;Static;;;;;;
Tablut;lineLessOrEqualThanBoardSide;27;false;Line concept is not present;Static;;;;;;
Tablut;pieceDeclaredAsShared;27;false;The game does not have any piece declared as Shared;Static;;;;;;
Tablut;pieceDeclaredAsNeutral;26;false;The game does not have any piece declared as Neutral;Static;;;;;;
Tablut;pieceDeclaredAsEach;26;false;The game does not have any piece declared as Each;Static;;;;;;
Tablut;equalNumberOfPiecesOnTheBoard;29;false;Players do not have the same number of pieces;Static;;;;;;
Tablut;noUndeclaredPlayerReference;28;true;;Static;;;;;;
Tablut;sizeOfTrack;27;false;Track concept is not present;Static;;;;;;
Tawlbwrdd;lineLessOrEqualThanBoardSide;41;false;Line concept is not present;Static;;;;;;
Tawlbwrdd;pieceDeclaredAsShared;39;false;The game does not have any piece declared as Shared;Static;;;;;;
Tawlbwrdd;pieceDeclaredAsNeutral;39;false;The game does not have any piece declared as Neutral;Static;;;;;;
Tawlbwrdd;pieceDeclaredAsEach;42;false;The game does not have any piece declared as Each;Static;;;;;;
Tawlbwrdd;equalNumberOfPiecesOnTheBoard;42;false;Players do not have the same number of pieces;Static;;;;;;
Tawlbwrdd;noUndeclaredPlayerReference;50;true;;Static;;;;;;
Tawlbwrdd;sizeOfTrack;40;false;Track concept is not present;Static;;;;;;
Fanorona;lineLessOrEqualThanBoardSide;142;false;Line concept is not present;Static;;;;;;
Fanorona;pieceDeclaredAsShared;141;false;The game does not have any piece declared as Shared;Static;;;;;;
Fanorona;pieceDeclaredAsNeutral;139;false;The game does not have any piece declared as Neutral;Static;;;;;;
Fanorona;pieceDeclaredAsEach;147;true;;Static;;;;;;
Fanorona;equalNumberOfPiecesOnTheBoard;143;true;;Static;;;;;;
Fanorona;noUndeclaredPlayerReference;143;true;;Static;;;;;;
Fanorona;sizeOfTrack;143;false;Track concept is not present;Static;;;;;;
Vela;lineLessOrEqualThanBoardSide;102;false;Line concept is not present;Static;;;;;;
Vela;pieceDeclaredAsShared;101;false;The game does not have any piece declared as Shared;Static;;;;;;
Vela;pieceDeclaredAsNeutral;100;false;The game does not have any piece declared as Neutral;Static;;;;;;
Vela;pieceDeclaredAsEach;104;true;;Static;;;;;;
Vela;equalNumberOfPiecesOnTheBoard;103;true;;Static;;;;;;
Vela;noUndeclaredPlayerReference;104;true;;Static;;;;;;
Vela;sizeOfTrack;100;false;Track concept is not present;Static;;;;;;
Shobu;lineLessOrEqualThanBoardSide;52;false;Line concept is not present;Static;;;;;;
Shobu;pieceDeclaredAsShared;50;false;The game does not have any piece declared as Shared;Static;;;;;;
Shobu;pieceDeclaredAsNeutral;51;false;The game does not have any piece declared as Neutral;Static;;;;;;
Shobu;pieceDeclaredAsEach;54;true;;Static;;;;;;
Shobu;equalNumberOfPiecesOnTheBoard;50;true;;Static;;;;;;
Shobu;noUndeclaredPlayerReference;50;true;;Static;;;;;;
Shobu;sizeOfTrack;61;false;Track concept is not present;Static;;;;;;
American Pool Checkers;lineLessOrEqualThanBoardSide;58;false;Line concept is not present;Static;;;;;;
American Pool Checkers;pieceDeclaredAsShared;55;false;The game does not have any piece declared as Shared;Static;;;;;;
American Pool Checkers;pieceDeclaredAsNeutral;57;false;The game does not have any piece declared as Neutral;Static;;;;;;
American Pool Checkers;pieceDeclaredAsEach;59;false;Ludeme Each for the piece DoubleCounter requires at least one definition of DoubleCounterN, with N > 0;Static;;;;;;
American Pool Checkers;equalNumberOfPiecesOnTheBoard;61;true;;Static;;;;;;
American Pool Checkers;noUndeclaredPlayerReference;61;true;;Static;;;;;;
American Pool Checkers;sizeOfTrack;61;false;Track concept is not present;Static;;;;;;
Bashni;lineLessOrEqualThanBoardSide;96;false;Line concept is not present;Static;;;;;;
Bashni;pieceDeclaredAsShared;98;false;The game does not have any piece declared as Shared;Static;;;;;;
Bashni;pieceDeclaredAsNeutral;101;false;The game does not have any piece declared as Neutral;Static;;;;;;
Bashni;pieceDeclaredAsEach;96;false;Ludeme Each for the piece CounterStar requires at least one definition of CounterStarN, with N > 0;Static;;;;;;
Bashni;equalNumberOfPiecesOnTheBoard;93;true;;Static;;;;;;
Bashni;noUndeclaredPlayerReference;90;true;;Static;;;;;;
Bashni;sizeOfTrack;90;false;Track concept is not present;Static;;;;;;
Brazilian Draughts;lineLessOrEqualThanBoardSide;55;false;Line concept is not present;Static;;;;;;
Brazilian Draughts;pieceDeclaredAsShared;62;false;The game does not have any piece declared as Shared;Static;;;;;;
Brazilian Draughts;pieceDeclaredAsNeutral;59;false;The game does not have any piece declared as Neutral;Static;;;;;;
Brazilian Draughts;pieceDeclaredAsEach;54;false;Ludeme Each for the piece DoubleCounter requires at least one definition of DoubleCounterN, with N > 0;Static;;;;;;
Brazilian Draughts;equalNumberOfPiecesOnTheBoard;57;true;;Static;;;;;;
Brazilian Draughts;noUndeclaredPlayerReference;54;true;;Static;;;;;;
Brazilian Draughts;sizeOfTrack;56;false;Track concept is not present;Static;;;;;;
Canadian Draughts;lineLessOrEqualThanBoardSide;82;false;Line concept is not present;Static;;;;;;
Canadian Draughts;pieceDeclaredAsShared;82;false;The game does not have any piece declared as Shared;Static;;;;;;
Canadian Draughts;pieceDeclaredAsNeutral;75;false;The game does not have any piece declared as Neutral;Static;;;;;;
Canadian Draughts;pieceDeclaredAsEach;79;false;Ludeme Each for the piece DoubleCounter requires at least one definition of DoubleCounterN, with N > 0;Static;;;;;;
Canadian Draughts;equalNumberOfPiecesOnTheBoard;74;true;;Static;;;;;;
Canadian Draughts;noUndeclaredPlayerReference;74;true;;Static;;;;;;
Canadian Draughts;sizeOfTrack;83;false;Track concept is not present;Static;;;;;;
Coc-Inbert;lineLessOrEqualThanBoardSide;41;false;Line concept is not present;Static;;;;;;
Coc-Inbert;pieceDeclaredAsShared;39;false;The game does not have any piece declared as Shared;Static;;;;;;
Coc-Inbert;pieceDeclaredAsNeutral;41;false;The game does not have any piece declared as Neutral;Static;;;;;;
Coc-Inbert;pieceDeclaredAsEach;43;false;Ludeme Each for the piece DoubleCounter requires at least one definition of DoubleCounterN, with N > 0;Static;;;;;;
Coc-Inbert;equalNumberOfPiecesOnTheBoard;39;true;;Static;;;;;;
Coc-Inbert;noUndeclaredPlayerReference;40;true;;Static;;;;;;
Coc-Inbert;sizeOfTrack;40;false;Track concept is not present;Static;;;;;;
Dam;lineLessOrEqualThanBoardSide;70;false;Line concept is not present;Static;;;;;;
Dam;pieceDeclaredAsShared;67;false;The game does not have any piece declared as Shared;Static;;;;;;
Dam;pieceDeclaredAsNeutral;73;false;The game does not have any piece declared as Neutral;Static;;;;;;
Dam;pieceDeclaredAsEach;72;false;Ludeme Each for the piece DoubleCounter requires at least one definition of DoubleCounterN, with N > 0;Static;;;;;;
Dam;equalNumberOfPiecesOnTheBoard;72;true;;Static;;;;;;
Dam;noUndeclaredPlayerReference;68;true;;Static;;;;;;
Dam;sizeOfTrack;93;false;Track concept is not present;Static;;;;;;
Dama (Italy);lineLessOrEqualThanBoardSide;51;false;Line concept is not present;Static;;;;;;
Dama (Italy);pieceDeclaredAsShared;48;false;The game does not have any piece declared as Shared;Static;;;;;;
Dama (Italy);pieceDeclaredAsNeutral;49;false;The game does not have any piece declared as Neutral;Static;;;;;;
Dama (Italy);pieceDeclaredAsEach;51;false;Ludeme Each for the piece DoubleCounter requires at least one definition of DoubleCounterN, with N > 0;Static;;;;;;
Dama (Italy);equalNumberOfPiecesOnTheBoard;54;true;;Static;;;;;;
Dama (Italy);noUndeclaredPlayerReference;50;true;;Static;;;;;;
Dama (Italy);sizeOfTrack;55;false;Track concept is not present;Static;;;;;;
Dama (Philippines);lineLessOrEqualThanBoardSide;46;false;Line concept is not present;Static;;;;;;
Dama (Philippines);pieceDeclaredAsShared;38;false;The game does not have any piece declared as Shared;Static;;;;;;
Dama (Philippines);pieceDeclaredAsNeutral;38;false;The game does not have any piece declared as Neutral;Static;;;;;;
Dama (Philippines);pieceDeclaredAsEach;41;false;Ludeme Each for the piece DoubleCounter requires at least one definition of DoubleCounterN, with N > 0;Static;;;;;;
Dama (Philippines);equalNumberOfPiecesOnTheBoard;39;true;;Static;;;;;;
Dama (Philippines);noUndeclaredPlayerReference;37;true;;Static;;;;;;
Dama (Philippines);sizeOfTrack;36;false;Track concept is not present;Static;;;;;;
Damas;lineLessOrEqualThanBoardSide;97;false;Line concept is not present;Static;;;;;;
Damas;pieceDeclaredAsShared;92;false;The game does not have any piece declared as Shared;Static;;;;;;
Damas;pieceDeclaredAsNeutral;93;false;The game does not have any piece declared as Neutral;Static;;;;;;
Damas;pieceDeclaredAsEach;90;false;Ludeme Each for the piece DoubleCounter requires at least one definition of DoubleCounterN, with N > 0;Static;;;;;;
Damas;equalNumberOfPiecesOnTheBoard;95;true;;Static;;;;;;
Damas;noUndeclaredPlayerReference;96;true;;Static;;;;;;
Damas;sizeOfTrack;96;false;Track concept is not present;Static;;;;;;
Damenspiel;lineLessOrEqualThanBoardSide;40;false;Line concept is not present;Static;;;;;;
Damenspiel;pieceDeclaredAsShared;40;false;The game does not have any piece declared as Shared;Static;;;;;;
Damenspiel;pieceDeclaredAsNeutral;40;false;The game does not have any piece declared as Neutral;Static;;;;;;
Damenspiel;pieceDeclaredAsEach;42;false;Ludeme Each for the piece DoubleCounter requires at least one definition of DoubleCounterN, with N > 0;Static;;;;;;
Damenspiel;equalNumberOfPiecesOnTheBoard;40;true;;Static;;;;;;
Damenspiel;noUndeclaredPlayerReference;39;true;;Static;;;;;;
Damenspiel;sizeOfTrack;40;false;Track concept is not present;Static;;;;;;
Damspel;lineLessOrEqualThanBoardSide;43;false;Line concept is not present;Static;;;;;;
Damspel;pieceDeclaredAsShared;48;false;The game does not have any piece declared as Shared;Static;;;;;;
Damspel;pieceDeclaredAsNeutral;42;false;The game does not have any piece declared as Neutral;Static;;;;;;
Damspel;pieceDeclaredAsEach;39;false;Ludeme Each for the piece DoubleCounter requires at least one definition of DoubleCounterN, with N > 0;Static;;;;;;
Damspel;equalNumberOfPiecesOnTheBoard;42;true;;Static;;;;;;
Damspel;noUndeclaredPlayerReference;48;true;;Static;;;;;;
Damspel;sizeOfTrack;45;false;Track concept is not present;Static;;;;;;
Diagonal Draughts;lineLessOrEqualThanBoardSide;86;false;Line concept is not present;Static;;;;;;
Diagonal Draughts;pieceDeclaredAsShared;81;false;The game does not have any piece declared as Shared;Static;;;;;;
Diagonal Draughts;pieceDeclaredAsNeutral;72;false;The game does not have any piece declared as Neutral;Static;;;;;;
Diagonal Draughts;pieceDeclaredAsEach;74;false;Ludeme Each for the piece DoubleCounter requires at least one definition of DoubleCounterN, with N > 0;Static;;;;;;
Diagonal Draughts;equalNumberOfPiecesOnTheBoard;81;true;;Static;;;;;;
Diagonal Draughts;noUndeclaredPlayerReference;78;true;;Static;;;;;;
Diagonal Draughts;sizeOfTrack;76;false;Track concept is not present;Static;;;;;;
Doov;lineLessOrEqualThanBoardSide;34;false;Line concept is not present;Static;;;;;;
Doov;pieceDeclaredAsShared;36;false;The game does not have any piece declared as Shared;Static;;;;;;
Doov;pieceDeclaredAsNeutral;27;false;The game does not have any piece declared as Neutral;Static;;;;;;
Doov;pieceDeclaredAsEach;31;false;Ludeme Each for the piece DoubleCounter requires at least one definition of DoubleCounterN, with N > 0;Static;;;;;;
Doov;equalNumberOfPiecesOnTheBoard;27;true;;Static;;;;;;
Doov;noUndeclaredPlayerReference;29;true;;Static;;;;;;
Doov;sizeOfTrack;29;false;Track concept is not present;Static;;;;;;
Dum Blas;lineLessOrEqualThanBoardSide;65;false;Line concept is not present;Static;;;;;;
Dum Blas;pieceDeclaredAsShared;65;false;The game does not have any piece declared as Shared;Static;;;;;;
Dum Blas;pieceDeclaredAsNeutral;62;false;The game does not have any piece declared as Neutral;Static;;;;;;
Dum Blas;pieceDeclaredAsEach;65;false;Ludeme Each for the piece DoubleCounter requires at least one definition of DoubleCounterN, with N > 0;Static;;;;;;
Dum Blas;equalNumberOfPiecesOnTheBoard;63;true;;Static;;;;;;
Dum Blas;noUndeclaredPlayerReference;64;true;;Static;;;;;;
Dum Blas;sizeOfTrack;65;false;Track concept is not present;Static;;;;;;
English Draughts;lineLessOrEqualThanBoardSide;46;false;Line concept is not present;Static;;;;;;
English Draughts;pieceDeclaredAsShared;42;false;The game does not have any piece declared as Shared;Static;;;;;;
English Draughts;pieceDeclaredAsNeutral;41;false;The game does not have any piece declared as Neutral;Static;;;;;;
English Draughts;pieceDeclaredAsEach;42;false;Ludeme Each for the piece DoubleCounter requires at least one definition of DoubleCounterN, with N > 0;Static;;;;;;
English Draughts;equalNumberOfPiecesOnTheBoard;45;true;;Static;;;;;;
English Draughts;noUndeclaredPlayerReference;40;true;;Static;;;;;;
English Draughts;sizeOfTrack;41;false;Track concept is not present;Static;;;;;;
Frisian Draughts;lineLessOrEqualThanBoardSide;195;false;Line concept is not present;Static;;;;;;
Frisian Draughts;pieceDeclaredAsShared;206;false;The game does not have any piece declared as Shared;Static;;;;;;
Frisian Draughts;pieceDeclaredAsNeutral;195;false;The game does not have any piece declared as Neutral;Static;;;;;;
Frisian Draughts;pieceDeclaredAsEach;193;false;Ludeme Each for the piece DoubleCounter requires at least one definition of DoubleCounterN, with N > 0;Static;;;;;;
Frisian Draughts;equalNumberOfPiecesOnTheBoard;194;true;;Static;;;;;;
Frisian Draughts;noUndeclaredPlayerReference;193;true;;Static;;;;;;
Frisian Draughts;sizeOfTrack;207;false;Track concept is not present;Static;;;;;;
Guerrilla Checkers;lineLessOrEqualThanBoardSide;55;false;Line concept is not present;Static;;;;;;
Guerrilla Checkers;pieceDeclaredAsShared;54;false;The game does not have any piece declared as Shared;Static;;;;;;
Guerrilla Checkers;pieceDeclaredAsNeutral;62;false;The game does not have any piece declared as Neutral;Static;;;;;;
Guerrilla Checkers;pieceDeclaredAsEach;54;false;The game does not have any piece declared as Each;Static;;;;;;
Guerrilla Checkers;equalNumberOfPiecesOnTheBoard;55;true;;Static;;;;;;
Guerrilla Checkers;noUndeclaredPlayerReference;54;true;;Static;;;;;;
Guerrilla Checkers;sizeOfTrack;53;false;Track concept is not present;Static;;;;;;
International Draughts;lineLessOrEqualThanBoardSide;66;false;Line concept is not present;Static;;;;;;
International Draughts;pieceDeclaredAsShared;66;false;The game does not have any piece declared as Shared;Static;;;;;;
International Draughts;pieceDeclaredAsNeutral;63;false;The game does not have any piece declared as Neutral;Static;;;;;;
International Draughts;pieceDeclaredAsEach;62;false;Ludeme Each for the piece DoubleCounter requires at least one definition of DoubleCounterN, with N > 0;Static;;;;;;
International Draughts;equalNumberOfPiecesOnTheBoard;64;true;;Static;;;;;;
International Draughts;noUndeclaredPlayerReference;66;true;;Static;;;;;;
International Draughts;sizeOfTrack;62;false;Track concept is not present;Static;;;;;;
Jekab;lineLessOrEqualThanBoardSide;74;false;Line concept is not present;Static;;;;;;
Jekab;pieceDeclaredAsShared;73;false;The game does not have any piece declared as Shared;Static;;;;;;
Jekab;pieceDeclaredAsNeutral;77;false;The game does not have any piece declared as Neutral;Static;;;;;;
Jekab;pieceDeclaredAsEach;78;false;Ludeme Each for the piece DoubleCounter requires at least one definition of DoubleCounterN, with N > 0;Static;;;;;;
Jekab;equalNumberOfPiecesOnTheBoard;76;true;;Static;;;;;;
Jekab;noUndeclaredPlayerReference;77;true;;Static;;;;;;
Jekab;sizeOfTrack;72;false;Track concept is not present;Static;;;;;;
Lasca;lineLessOrEqualThanBoardSide;73;false;Line concept is not present;Static;;;;;;
Lasca;pieceDeclaredAsShared;74;false;The game does not have any piece declared as Shared;Static;;;;;;
Lasca;pieceDeclaredAsNeutral;80;false;The game does not have any piece declared as Neutral;Static;;;;;;
Lasca;pieceDeclaredAsEach;77;false;Ludeme Each for the piece CounterStar requires at least one definition of CounterStarN, with N > 0;Static;;;;;;
Lasca;equalNumberOfPiecesOnTheBoard;75;true;;Static;;;;;;
Lasca;noUndeclaredPlayerReference;77;true;;Static;;;;;;
Lasca;sizeOfTrack;76;false;Track concept is not present;Static;;;;;;
Main Dam;lineLessOrEqualThanBoardSide;46;false;Line concept is not present;Static;;;;;;
Main Dam;pieceDeclaredAsShared;49;false;The game does not have any piece declared as Shared;Static;;;;;;
Main Dam;pieceDeclaredAsNeutral;45;false;The game does not have any piece declared as Neutral;Static;;;;;;
Main Dam;pieceDeclaredAsEach;50;false;Ludeme Each for the piece DoubleCounter requires at least one definition of DoubleCounterN, with N > 0;Static;;;;;;
Main Dam;equalNumberOfPiecesOnTheBoard;46;true;;Static;;;;;;
Main Dam;noUndeclaredPlayerReference;50;true;;Static;;;;;;
Main Dam;sizeOfTrack;51;false;Track concept is not present;Static;;;;;;
Makvoer;lineLessOrEqualThanBoardSide;25;false;Line concept is not present;Static;;;;;;
Makvoer;pieceDeclaredAsShared;23;false;The game does not have any piece declared as Shared;Static;;;;;;
Makvoer;pieceDeclaredAsNeutral;22;false;The game does not have any piece declared as Neutral;Static;;;;;;
Makvoer;pieceDeclaredAsEach;26;false;Ludeme Each for the piece DoubleCounter requires at least one definition of DoubleCounterN, with N > 0;Static;;;;;;
Makvoer;equalNumberOfPiecesOnTheBoard;24;true;;Static;;;;;;
Makvoer;noUndeclaredPlayerReference;24;true;;Static;;;;;;
Makvoer;sizeOfTrack;27;false;Track concept is not present;Static;;;;;;
Maleys;lineLessOrEqualThanBoardSide;123;false;Line concept is not present;Static;;;;;;
Maleys;pieceDeclaredAsShared;129;false;The game does not have any piece declared as Shared;Static;;;;;;
Maleys;pieceDeclaredAsNeutral;123;false;The game does not have any piece declared as Neutral;Static;;;;;;
Maleys;pieceDeclaredAsEach;126;false;Ludeme Each for the piece DoubleCounter requires at least one definition of DoubleCounterN, with N > 0;Static;;;;;;
Maleys;equalNumberOfPiecesOnTheBoard;126;true;;Static;;;;;;
Maleys;noUndeclaredPlayerReference;120;true;;Static;;;;;;
Maleys;sizeOfTrack;123;false;Track concept is not present;Static;;;;;;
Moo;lineLessOrEqualThanBoardSide;54;false;Line concept is not present;Static;;;;;;
Moo;pieceDeclaredAsShared;58;false;The game does not have any piece declared as Shared;Static;;;;;;
Moo;pieceDeclaredAsNeutral;57;false;The game does not have any piece declared as Neutral;Static;;;;;;
Moo;pieceDeclaredAsEach;56;false;Ludeme Each for the piece DoubleCounter requires at least one definition of DoubleCounterN, with N > 0;Static;;;;;;
Moo;equalNumberOfPiecesOnTheBoard;57;true;;Static;;;;;;
Moo;noUndeclaredPlayerReference;55;true;;Static;;;;;;
Moo;sizeOfTrack;54;false;Track concept is not present;Static;;;;;;
Pleasant Draughts;lineLessOrEqualThanBoardSide;38;false;Line concept is not present;Static;;;;;;
Pleasant Draughts;pieceDeclaredAsShared;41;false;The game does not have any piece declared as Shared;Static;;;;;;
Pleasant Draughts;pieceDeclaredAsNeutral;38;false;The game does not have any piece declared as Neutral;Static;;;;;;
Pleasant Draughts;pieceDeclaredAsEach;39;false;Ludeme Each for the piece DoubleCounter requires at least one definition of DoubleCounterN, with N > 0;Static;;;;;;
Pleasant Draughts;equalNumberOfPiecesOnTheBoard;38;true;;Static;;;;;;
Pleasant Draughts;noUndeclaredPlayerReference;39;true;;Static;;;;;;
Pleasant Draughts;sizeOfTrack;42;false;Track concept is not present;Static;;;;;;
Seesaw Draughts;lineLessOrEqualThanBoardSide;231;false;Line concept is not present;Static;;;;;;
Seesaw Draughts;pieceDeclaredAsShared;229;false;The game does not have any piece declared as Shared;Static;;;;;;
Seesaw Draughts;pieceDeclaredAsNeutral;230;false;The game does not have any piece declared as Neutral;Static;;;;;;
Seesaw Draughts;pieceDeclaredAsEach;227;false;The game does not have any piece declared as Each;Static;;;;;;
Seesaw Draughts;equalNumberOfPiecesOnTheBoard;222;true;;Static;;;;;;
Seesaw Draughts;noUndeclaredPlayerReference;237;true;;Static;;;;;;
Seesaw Draughts;sizeOfTrack;222;false;Track concept is not present;Static;;;;;;
Shashki;lineLessOrEqualThanBoardSide;72;false;Line concept is not present;Static;;;;;;
Shashki;pieceDeclaredAsShared;73;false;The game does not have any piece declared as Shared;Static;;;;;;
Shashki;pieceDeclaredAsNeutral;71;false;The game does not have any piece declared as Neutral;Static;;;;;;
Shashki;pieceDeclaredAsEach;74;false;Ludeme Each for the piece DoubleCounter requires at least one definition of DoubleCounterN, with N > 0;Static;;;;;;
Shashki;equalNumberOfPiecesOnTheBoard;73;true;;Static;;;;;;
Shashki;noUndeclaredPlayerReference;75;true;;Static;;;;;;
Shashki;sizeOfTrack;76;false;Track concept is not present;Static;;;;;;
The Babylonian;lineLessOrEqualThanBoardSide;64;false;Line concept is not present;Static;;;;;;
The Babylonian;pieceDeclaredAsShared;68;false;The game does not have any piece declared as Shared;Static;;;;;;
The Babylonian;pieceDeclaredAsNeutral;67;false;The game does not have any piece declared as Neutral;Static;;;;;;
The Babylonian;pieceDeclaredAsEach;64;true;;Static;;;;;;
The Babylonian;equalNumberOfPiecesOnTheBoard;71;true;;Static;;;;;;
The Babylonian;noUndeclaredPlayerReference;85;true;;Static;;;;;;
The Babylonian;sizeOfTrack;70;false;Track concept is not present;Static;;;;;;
Unnamed Dutch Draughts Game;lineLessOrEqualThanBoardSide;96;false;Line concept is not present;Static;;;;;;
Unnamed Dutch Draughts Game;pieceDeclaredAsShared;95;false;The game does not have any piece declared as Shared;Static;;;;;;
Unnamed Dutch Draughts Game;pieceDeclaredAsNeutral;91;false;The game does not have any piece declared as Neutral;Static;;;;;;
Unnamed Dutch Draughts Game;pieceDeclaredAsEach;93;false;Ludeme Each for the piece CounterStar requires at least one definition of CounterStarN, with N > 0;Static;;;;;;
Unnamed Dutch Draughts Game;equalNumberOfPiecesOnTheBoard;87;true;;Static;;;;;;
Unnamed Dutch Draughts Game;noUndeclaredPlayerReference;91;true;;Static;;;;;;
Unnamed Dutch Draughts Game;sizeOfTrack;89;false;Track concept is not present;Static;;;;;;
Ahtarah Guti;lineLessOrEqualThanBoardSide;26;false;Line concept is not present;Static;;;;;;
Ahtarah Guti;pieceDeclaredAsShared;26;false;The game does not have any piece declared as Shared;Static;;;;;;
Ahtarah Guti;pieceDeclaredAsNeutral;31;false;The game does not have any piece declared as Neutral;Static;;;;;;
Ahtarah Guti;pieceDeclaredAsEach;26;true;;Static;;;;;;
Ahtarah Guti;equalNumberOfPiecesOnTheBoard;28;true;;Static;;;;;;
Ahtarah Guti;noUndeclaredPlayerReference;26;true;;Static;;;;;;
Ahtarah Guti;sizeOfTrack;26;false;Track concept is not present;Static;;;;;;
Alquerque;lineLessOrEqualThanBoardSide;16;false;Line concept is not present;Static;;;;;;
Alquerque;pieceDeclaredAsShared;16;false;The game does not have any piece declared as Shared;Static;;;;;;
Alquerque;pieceDeclaredAsNeutral;20;false;The game does not have any piece declared as Neutral;Static;;;;;;
Alquerque;pieceDeclaredAsEach;22;true;;Static;;;;;;
Alquerque;equalNumberOfPiecesOnTheBoard;18;true;;Static;;;;;;
Alquerque;noUndeclaredPlayerReference;20;true;;Static;;;;;;
Alquerque;sizeOfTrack;19;false;Track concept is not present;Static;;;;;;
Awithlaknan Mosona;lineLessOrEqualThanBoardSide;16;false;Line concept is not present;Static;;;;;;
Awithlaknan Mosona;pieceDeclaredAsShared;14;false;The game does not have any piece declared as Shared;Static;;;;;;
Awithlaknan Mosona;pieceDeclaredAsNeutral;14;false;The game does not have any piece declared as Neutral;Static;;;;;;
Awithlaknan Mosona;pieceDeclaredAsEach;13;true;;Static;;;;;;
Awithlaknan Mosona;equalNumberOfPiecesOnTheBoard;14;true;;Static;;;;;;
Awithlaknan Mosona;noUndeclaredPlayerReference;12;true;;Static;;;;;;
Awithlaknan Mosona;sizeOfTrack;12;false;Track concept is not present;Static;;;;;;
Bara Guti (Bihar);lineLessOrEqualThanBoardSide;8;false;Line concept is not present;Static;;;;;;
Bara Guti (Bihar);pieceDeclaredAsShared;8;false;The game does not have any piece declared as Shared;Static;;;;;;
Bara Guti (Bihar);pieceDeclaredAsNeutral;8;false;The game does not have any piece declared as Neutral;Static;;;;;;
Bara Guti (Bihar);pieceDeclaredAsEach;8;true;;Static;;;;;;
Bara Guti (Bihar);equalNumberOfPiecesOnTheBoard;8;true;;Static;;;;;;
Bara Guti (Bihar);noUndeclaredPlayerReference;8;true;;Static;;;;;;
Bara Guti (Bihar);sizeOfTrack;8;false;Track concept is not present;Static;;;;;;
Bara Guti;lineLessOrEqualThanBoardSide;13;false;Line concept is not present;Static;;;;;;
Bara Guti;pieceDeclaredAsShared;12;false;The game does not have any piece declared as Shared;Static;;;;;;
Bara Guti;pieceDeclaredAsNeutral;15;false;The game does not have any piece declared as Neutral;Static;;;;;;
Bara Guti;pieceDeclaredAsEach;13;true;;Static;;;;;;
Bara Guti;equalNumberOfPiecesOnTheBoard;12;true;;Static;;;;;;
Bara Guti;noUndeclaredPlayerReference;13;true;;Static;;;;;;
Bara Guti;sizeOfTrack;13;false;Track concept is not present;Static;;;;;;
Bis Gutiya;lineLessOrEqualThanBoardSide;22;false;Line concept is not present;Static;;;;;;
Bis Gutiya;pieceDeclaredAsShared;20;false;The game does not have any piece declared as Shared;Static;;;;;;
Bis Gutiya;pieceDeclaredAsNeutral;19;false;The game does not have any piece declared as Neutral;Static;;;;;;
Bis Gutiya;pieceDeclaredAsEach;20;true;;Static;;;;;;
Bis Gutiya;equalNumberOfPiecesOnTheBoard;21;true;;Static;;;;;;
Bis Gutiya;noUndeclaredPlayerReference;20;true;;Static;;;;;;
Bis Gutiya;sizeOfTrack;21;false;Track concept is not present;Static;;;;;;
Buudal;lineLessOrEqualThanBoardSide;8;false;Line concept is not present;Static;;;;;;
Buudal;pieceDeclaredAsShared;10;false;The game does not have any piece declared as Shared;Static;;;;;;
Buudal;pieceDeclaredAsNeutral;11;false;The game does not have any piece declared as Neutral;Static;;;;;;
Buudal;pieceDeclaredAsEach;10;true;;Static;;;;;;
Buudal;equalNumberOfPiecesOnTheBoard;8;true;;Static;;;;;;
Buudal;noUndeclaredPlayerReference;8;true;;Static;;;;;;
Buudal;sizeOfTrack;9;false;Track concept is not present;Static;;;;;;
Challis Ghutia (Titagarh);lineLessOrEqualThanBoardSide;41;false;Line concept is not present;Static;;;;;;
Challis Ghutia (Titagarh);pieceDeclaredAsShared;40;false;The game does not have any piece declared as Shared;Static;;;;;;
Challis Ghutia (Titagarh);pieceDeclaredAsNeutral;42;false;The game does not have any piece declared as Neutral;Static;;;;;;
Challis Ghutia (Titagarh);pieceDeclaredAsEach;40;true;;Static;;;;;;
Challis Ghutia (Titagarh);equalNumberOfPiecesOnTheBoard;39;true;;Static;;;;;;
Challis Ghutia (Titagarh);noUndeclaredPlayerReference;41;true;;Static;;;;;;
Challis Ghutia (Titagarh);sizeOfTrack;53;false;Track concept is not present;Static;;;;;;
Claim Jumpers;lineLessOrEqualThanBoardSide;48;false;Line concept is not present;Static;;;;;;
Claim Jumpers;pieceDeclaredAsShared;47;false;The game does not have any piece declared as Shared;Static;;;;;;
Claim Jumpers;pieceDeclaredAsNeutral;50;false;The game does not have any piece declared as Neutral;Static;;;;;;
Claim Jumpers;pieceDeclaredAsEach;43;false;Ludeme Each for the piece Disc requires at least one definition of DiscN, with N > 0;Static;;;;;;
Claim Jumpers;equalNumberOfPiecesOnTheBoard;40;true;;Static;;;;;;
Claim Jumpers;noUndeclaredPlayerReference;40;true;;Static;;;;;;
Claim Jumpers;sizeOfTrack;42;false;Track concept is not present;Static;;;;;;
Crand;lineLessOrEqualThanBoardSide;25;false;Line concept is not present;Static;;;;;;
Crand;pieceDeclaredAsShared;25;false;The game does not have any piece declared as Shared;Static;;;;;;
Crand;pieceDeclaredAsNeutral;23;false;The game does not have any piece declared as Neutral;Static;;;;;;
Crand;pieceDeclaredAsEach;24;false;Ludeme Each for the piece DoubleCounter requires at least one definition of DoubleCounterN, with N > 0;Static;;;;;;
Crand;equalNumberOfPiecesOnTheBoard;24;true;;Static;;;;;;
Crand;noUndeclaredPlayerReference;23;true;;Static;;;;;;
Crand;sizeOfTrack;30;false;Track concept is not present;Static;;;;;;
Dablot Prejjesne;lineLessOrEqualThanBoardSide;81;false;Line concept is not present;Static;;;;;;
Dablot Prejjesne;pieceDeclaredAsShared;77;false;The game does not have any piece declared as Shared;Static;;;;;;
Dablot Prejjesne;pieceDeclaredAsNeutral;72;false;The game does not have any piece declared as Neutral;Static;;;;;;
Dablot Prejjesne;pieceDeclaredAsEach;70;true;;Static;;;;;;
Dablot Prejjesne;equalNumberOfPiecesOnTheBoard;71;true;;Static;;;;;;
Dablot Prejjesne;noUndeclaredPlayerReference;70;true;;Static;;;;;;
Dablot Prejjesne;sizeOfTrack;76;false;Track concept is not present;Static;;;;;;
Dam (Singapore);lineLessOrEqualThanBoardSide;16;false;Line concept is not present;Static;;;;;;
Dam (Singapore);pieceDeclaredAsShared;17;false;The game does not have any piece declared as Shared;Static;;;;;;
Dam (Singapore);pieceDeclaredAsNeutral;17;false;The game does not have any piece declared as Neutral;Static;;;;;;
Dam (Singapore);pieceDeclaredAsEach;16;true;;Static;;;;;;
Dam (Singapore);equalNumberOfPiecesOnTheBoard;16;true;;Static;;;;;;
Dam (Singapore);noUndeclaredPlayerReference;21;true;;Static;;;;;;
Dam (Singapore);sizeOfTrack;19;false;Track concept is not present;Static;;;;;;
Dam Hariman;lineLessOrEqualThanBoardSide;32;false;Line concept is not present;Static;;;;;;
Dam Hariman;pieceDeclaredAsShared;30;false;The game does not have any piece declared as Shared;Static;;;;;;
Dam Hariman;pieceDeclaredAsNeutral;26;false;The game does not have any piece declared as Neutral;Static;;;;;;
Dam Hariman;pieceDeclaredAsEach;24;true;;Static;;;;;;
Dam Hariman;equalNumberOfPiecesOnTheBoard;25;true;;Static;;;;;;
Dam Hariman;noUndeclaredPlayerReference;24;true;;Static;;;;;;
Dam Hariman;sizeOfTrack;25;false;Track concept is not present;Static;;;;;;
Dama (Alquerque);lineLessOrEqualThanBoardSide;32;false;Line concept is not present;Static;;;;;;
Dama (Alquerque);pieceDeclaredAsShared;36;false;The game does not have any piece declared as Shared;Static;;;;;;
Dama (Alquerque);pieceDeclaredAsNeutral;33;false;The game does not have any piece declared as Neutral;Static;;;;;;
Dama (Alquerque);pieceDeclaredAsEach;33;false;Ludeme Each for the piece DoubleCounter requires at least one definition of DoubleCounterN, with N > 0;Static;;;;;;
Dama (Alquerque);equalNumberOfPiecesOnTheBoard;38;true;;Static;;;;;;
Dama (Alquerque);noUndeclaredPlayerReference;31;true;;Static;;;;;;
Dama (Alquerque);sizeOfTrack;31;false;Track concept is not present;Static;;;;;;
Dash Guti;lineLessOrEqualThanBoardSide;14;false;Line concept is not present;Static;;;;;;
Dash Guti;pieceDeclaredAsShared;12;false;The game does not have any piece declared as Shared;Static;;;;;;
Dash Guti;pieceDeclaredAsNeutral;10;false;The game does not have any piece declared as Neutral;Static;;;;;;
Dash Guti;pieceDeclaredAsEach;11;true;;Static;;;;;;
Dash Guti;equalNumberOfPiecesOnTheBoard;11;true;;Static;;;;;;
Dash Guti;noUndeclaredPlayerReference;14;true;;Static;;;;;;
Dash Guti;sizeOfTrack;12;false;Track concept is not present;Static;;;;;;
Egara Guti;lineLessOrEqualThanBoardSide;11;false;Line concept is not present;Static;;;;;;
Egara Guti;pieceDeclaredAsShared;10;false;The game does not have any piece declared as Shared;Static;;;;;;
Egara Guti;pieceDeclaredAsNeutral;11;false;The game does not have any piece declared as Neutral;Static;;;;;;
Egara Guti;pieceDeclaredAsEach;10;true;;Static;;;;;;
Egara Guti;equalNumberOfPiecesOnTheBoard;10;true;;Static;;;;;;
Egara Guti;noUndeclaredPlayerReference;11;true;;Static;;;;;;
Egara Guti;sizeOfTrack;10;false;Track concept is not present;Static;;;;;;
Ethiopian Capture Game;lineLessOrEqualThanBoardSide;13;false;Line concept is not present;Static;;;;;;
Ethiopian Capture Game;pieceDeclaredAsShared;13;false;The game does not have any piece declared as Shared;Static;;;;;;
Ethiopian Capture Game;pieceDeclaredAsNeutral;13;false;The game does not have any piece declared as Neutral;Static;;;;;;
Ethiopian Capture Game;pieceDeclaredAsEach;13;true;;Static;;;;;;
Ethiopian Capture Game;equalNumberOfPiecesOnTheBoard;13;true;;Static;;;;;;
Ethiopian Capture Game;noUndeclaredPlayerReference;13;true;;Static;;;;;;
Ethiopian Capture Game;sizeOfTrack;13;false;Track concept is not present;Static;;;;;;
Felli;lineLessOrEqualThanBoardSide;20;false;Line concept is not present;Static;;;;;;
Felli;pieceDeclaredAsShared;16;false;The game does not have any piece declared as Shared;Static;;;;;;
Felli;pieceDeclaredAsNeutral;17;false;The game does not have any piece declared as Neutral;Static;;;;;;
Felli;pieceDeclaredAsEach;16;false;Ludeme Each for the piece DoubleCounter requires at least one definition of DoubleCounterN, with N > 0;Static;;;;;;
Felli;equalNumberOfPiecesOnTheBoard;16;true;;Static;;;;;;
Felli;noUndeclaredPlayerReference;19;true;;Static;;;;;;
Felli;sizeOfTrack;18;false;Track concept is not present;Static;;;;;;
Fetach;lineLessOrEqualThanBoardSide;25;false;Line concept is not present;Static;;;;;;
Fetach;pieceDeclaredAsShared;23;false;The game does not have any piece declared as Shared;Static;;;;;;
Fetach;pieceDeclaredAsNeutral;20;false;The game does not have any piece declared as Neutral;Static;;;;;;
Fetach;pieceDeclaredAsEach;21;false;Ludeme Each for the piece DoubleCounter requires at least one definition of DoubleCounterN, with N > 0;Static;;;;;;
Fetach;equalNumberOfPiecesOnTheBoard;23;true;;Static;;;;;;
Fetach;noUndeclaredPlayerReference;20;true;;Static;;;;;;
Fetach;sizeOfTrack;21;false;Track concept is not present;Static;;;;;;
Game of Solomon;lineLessOrEqualThanBoardSide;28;false;Line concept is not present;Static;;;;;;
Game of Solomon;pieceDeclaredAsShared;28;false;The game does not have any piece declared as Shared;Static;;;;;;
Game of Solomon;pieceDeclaredAsNeutral;27;false;The game does not have any piece declared as Neutral;Static;;;;;;
Game of Solomon;pieceDeclaredAsEach;27;false;Ludeme Each for the piece DoubleCounter requires at least one definition of DoubleCounterN, with N > 0;Static;;;;;;
Game of Solomon;equalNumberOfPiecesOnTheBoard;24;true;;Static;;;;;;
Game of Solomon;noUndeclaredPlayerReference;23;true;;Static;;;;;;
Game of Solomon;sizeOfTrack;23;false;Track concept is not present;Static;;;;;;
Gol Ekuish;lineLessOrEqualThanBoardSide;11;false;Line concept is not present;Static;;;;;;
Gol Ekuish;pieceDeclaredAsShared;11;false;The game does not have any piece declared as Shared;Static;;;;;;
Gol Ekuish;pieceDeclaredAsNeutral;11;false;The game does not have any piece declared as Neutral;Static;;;;;;
Gol Ekuish;pieceDeclaredAsEach;11;true;;Static;;;;;;
Gol Ekuish;equalNumberOfPiecesOnTheBoard;10;true;;Static;;;;;;
Gol Ekuish;noUndeclaredPlayerReference;10;true;;Static;;;;;;
Gol Ekuish;sizeOfTrack;11;false;Track concept is not present;Static;;;;;;
Hewakam Keliya;lineLessOrEqualThanBoardSide;25;false;Line concept is not present;Static;;;;;;
Hewakam Keliya;pieceDeclaredAsShared;25;false;The game does not have any piece declared as Shared;Static;;;;;;
Hewakam Keliya;pieceDeclaredAsNeutral;25;false;The game does not have any piece declared as Neutral;Static;;;;;;
Hewakam Keliya;pieceDeclaredAsEach;26;true;;Static;;;;;;
Hewakam Keliya;equalNumberOfPiecesOnTheBoard;26;true;;Static;;;;;;
Hewakam Keliya;noUndeclaredPlayerReference;26;true;;Static;;;;;;
Hewakam Keliya;sizeOfTrack;27;false;Track concept is not present;Static;;;;;;
Kaua Dorki;lineLessOrEqualThanBoardSide;8;false;Line concept is not present;Static;;;;;;
Kaua Dorki;pieceDeclaredAsShared;8;false;The game does not have any piece declared as Shared;Static;;;;;;
Kaua Dorki;pieceDeclaredAsNeutral;8;false;The game does not have any piece declared as Neutral;Static;;;;;;
Kaua Dorki;pieceDeclaredAsEach;7;true;;Static;;;;;;
Kaua Dorki;equalNumberOfPiecesOnTheBoard;8;true;;Static;;;;;;
Kaua Dorki;noUndeclaredPlayerReference;7;true;;Static;;;;;;
Kaua Dorki;sizeOfTrack;9;false;Track concept is not present;Static;;;;;;
Kharbaga;lineLessOrEqualThanBoardSide;26;false;Line concept is not present;Static;;;;;;
Kharbaga;pieceDeclaredAsShared;21;false;The game does not have any piece declared as Shared;Static;;;;;;
Kharbaga;pieceDeclaredAsNeutral;22;false;The game does not have any piece declared as Neutral;Static;;;;;;
Kharbaga;pieceDeclaredAsEach;22;false;Ludeme Each for the piece DoubleCounter requires at least one definition of DoubleCounterN, with N > 0;Static;;;;;;
Kharbaga;equalNumberOfPiecesOnTheBoard;22;true;;Static;;;;;;
Kharbaga;noUndeclaredPlayerReference;24;true;;Static;;;;;;
Kharbaga;sizeOfTrack;23;false;Track concept is not present;Static;;;;;;
Kharberg;lineLessOrEqualThanBoardSide;34;false;Line concept is not present;Static;;;;;;
Kharberg;pieceDeclaredAsShared;31;false;The game does not have any piece declared as Shared;Static;;;;;;
Kharberg;pieceDeclaredAsNeutral;30;false;The game does not have any piece declared as Neutral;Static;;;;;;
Kharberg;pieceDeclaredAsEach;31;false;Ludeme Each for the piece DoubleCounter requires at least one definition of DoubleCounterN, with N > 0;Static;;;;;;
Kharberg;equalNumberOfPiecesOnTheBoard;31;true;;Static;;;;;;
Kharberg;noUndeclaredPlayerReference;32;true;;Static;;;;;;
Kharberg;sizeOfTrack;35;false;Track concept is not present;Static;;;;;;
Kolowis Awithlaknannai;lineLessOrEqualThanBoardSide;19;false;Line concept is not present;Static;;;;;;
Kolowis Awithlaknannai;pieceDeclaredAsShared;19;false;The game does not have any piece declared as Shared;Static;;;;;;
Kolowis Awithlaknannai;pieceDeclaredAsNeutral;19;false;The game does not have any piece declared as Neutral;Static;;;;;;
Kolowis Awithlaknannai;pieceDeclaredAsEach;19;true;;Static;;;;;;
Kolowis Awithlaknannai;equalNumberOfPiecesOnTheBoard;18;true;;Static;;;;;;
Kolowis Awithlaknannai;noUndeclaredPlayerReference;19;true;;Static;;;;;;
Kolowis Awithlaknannai;sizeOfTrack;18;false;Track concept is not present;Static;;;;;;
Kotu Ellima;lineLessOrEqualThanBoardSide;20;false;Line concept is not present;Static;;;;;;
Kotu Ellima;pieceDeclaredAsShared;20;false;The game does not have any piece declared as Shared;Static;;;;;;
Kotu Ellima;pieceDeclaredAsNeutral;20;false;The game does not have any piece declared as Neutral;Static;;;;;;
Kotu Ellima;pieceDeclaredAsEach;19;true;;Static;;;;;;
Kotu Ellima;equalNumberOfPiecesOnTheBoard;19;true;;Static;;;;;;
Kotu Ellima;noUndeclaredPlayerReference;21;true;;Static;;;;;;
Kotu Ellima;sizeOfTrack;22;false;Track concept is not present;Static;;;;;;
La Dama;lineLessOrEqualThanBoardSide;28;false;Line concept is not present;Static;;;;;;
La Dama;pieceDeclaredAsShared;26;false;The game does not have any piece declared as Shared;Static;;;;;;
La Dama;pieceDeclaredAsNeutral;27;false;The game does not have any piece declared as Neutral;Static;;;;;;
La Dama;pieceDeclaredAsEach;27;false;Ludeme Each for the piece DiscDouble requires at least one definition of DiscDoubleN, with N > 0;Static;;;;;;
La Dama;equalNumberOfPiecesOnTheBoard;26;true;;Static;;;;;;
La Dama;noUndeclaredPlayerReference;27;true;;Static;;;;;;
La Dama;sizeOfTrack;29;false;Track concept is not present;Static;;;;;;
Lam Pusri;lineLessOrEqualThanBoardSide;31;false;Line concept is not present;Static;;;;;;
Lam Pusri;pieceDeclaredAsShared;28;false;The game does not have any piece declared as Shared;Static;;;;;;
Lam Pusri;pieceDeclaredAsNeutral;28;false;The game does not have any piece declared as Neutral;Static;;;;;;
Lam Pusri;pieceDeclaredAsEach;28;true;;Static;;;;;;
Lam Pusri;equalNumberOfPiecesOnTheBoard;28;true;;Static;;;;;;
Lam Pusri;noUndeclaredPlayerReference;29;true;;Static;;;;;;
Lam Pusri;sizeOfTrack;30;false;Track concept is not present;Static;;;;;;
Lau Kata Kati;lineLessOrEqualThanBoardSide;8;false;Line concept is not present;Static;;;;;;
Lau Kata Kati;pieceDeclaredAsShared;8;false;The game does not have any piece declared as Shared;Static;;;;;;
Lau Kata Kati;pieceDeclaredAsNeutral;7;false;The game does not have any piece declared as Neutral;Static;;;;;;
Lau Kata Kati;pieceDeclaredAsEach;8;true;;Static;;;;;;
Lau Kata Kati;equalNumberOfPiecesOnTheBoard;9;true;;Static;;;;;;
Lau Kata Kati;noUndeclaredPlayerReference;7;true;;Static;;;;;;
Lau Kata Kati;sizeOfTrack;8;false;Track concept is not present;Static;;;;;;
Meurimueng-rimueng Peuet Ploh;lineLessOrEqualThanBoardSide;58;false;Line concept is not present;Static;;;;;;
Meurimueng-rimueng Peuet Ploh;pieceDeclaredAsShared;63;false;The game does not have any piece declared as Shared;Static;;;;;;
Meurimueng-rimueng Peuet Ploh;pieceDeclaredAsNeutral;56;false;The game does not have any piece declared as Neutral;Static;;;;;;
Meurimueng-rimueng Peuet Ploh;pieceDeclaredAsEach;48;true;;Static;;;;;;
Meurimueng-rimueng Peuet Ploh;equalNumberOfPiecesOnTheBoard;61;true;;Static;;;;;;
Meurimueng-rimueng Peuet Ploh;noUndeclaredPlayerReference;50;true;;Static;;;;;;
Meurimueng-rimueng Peuet Ploh;sizeOfTrack;63;false;Track concept is not present;Static;;;;;;
Mogul Putt'han;lineLessOrEqualThanBoardSide;30;false;Line concept is not present;Static;;;;;;
Mogul Putt'han;pieceDeclaredAsShared;27;false;The game does not have any piece declared as Shared;Static;;;;;;
Mogul Putt'han;pieceDeclaredAsNeutral;25;false;The game does not have any piece declared as Neutral;Static;;;;;;
Mogul Putt'han;pieceDeclaredAsEach;24;true;;Static;;;;;;
Mogul Putt'han;equalNumberOfPiecesOnTheBoard;30;true;;Static;;;;;;
Mogul Putt'han;noUndeclaredPlayerReference;27;true;;Static;;;;;;
Mogul Putt'han;sizeOfTrack;27;false;Track concept is not present;Static;;;;;;
Mughal Pathan;lineLessOrEqualThanBoardSide;27;false;Line concept is not present;Static;;;;;;
Mughal Pathan;pieceDeclaredAsShared;28;false;The game does not have any piece declared as Shared;Static;;;;;;
Mughal Pathan;pieceDeclaredAsNeutral;29;false;The game does not have any piece declared as Neutral;Static;;;;;;
Mughal Pathan;pieceDeclaredAsEach;29;true;;Static;;;;;;
Mughal Pathan;equalNumberOfPiecesOnTheBoard;33;true;;Static;;;;;;
Mughal Pathan;noUndeclaredPlayerReference;33;true;;Static;;;;;;
Mughal Pathan;sizeOfTrack;33;false;Track concept is not present;Static;;;;;;
Nei-Pat-Kono;lineLessOrEqualThanBoardSide;10;false;Line concept is not present;Static;;;;;;
Nei-Pat-Kono;pieceDeclaredAsShared;9;false;The game does not have any piece declared as Shared;Static;;;;;;
Nei-Pat-Kono;pieceDeclaredAsNeutral;10;false;The game does not have any piece declared as Neutral;Static;;;;;;
Nei-Pat-Kono;pieceDeclaredAsEach;9;true;;Static;;;;;;
Nei-Pat-Kono;equalNumberOfPiecesOnTheBoard;9;true;;Static;;;;;;
Nei-Pat-Kono;noUndeclaredPlayerReference;9;true;;Static;;;;;;
Nei-Pat-Kono;sizeOfTrack;9;false;Track concept is not present;Static;;;;;;
Padaivettu;lineLessOrEqualThanBoardSide;21;false;Line concept is not present;Static;;;;;;
Padaivettu;pieceDeclaredAsShared;20;false;The game does not have any piece declared as Shared;Static;;;;;;
Padaivettu;pieceDeclaredAsNeutral;19;false;The game does not have any piece declared as Neutral;Static;;;;;;
Padaivettu;pieceDeclaredAsEach;19;true;;Static;;;;;;
Padaivettu;equalNumberOfPiecesOnTheBoard;19;true;;Static;;;;;;
Padaivettu;noUndeclaredPlayerReference;20;true;;Static;;;;;;
Padaivettu;sizeOfTrack;19;false;Track concept is not present;Static;;;;;;
Pam Pait;lineLessOrEqualThanBoardSide;19;false;Line concept is not present;Static;;;;;;
Pam Pait;pieceDeclaredAsShared;17;false;The game does not have any piece declared as Shared;Static;;;;;;
Pam Pait;pieceDeclaredAsNeutral;17;false;The game does not have any piece declared as Neutral;Static;;;;;;
Pam Pait;pieceDeclaredAsEach;16;true;;Static;;;;;;
Pam Pait;equalNumberOfPiecesOnTheBoard;16;true;;Static;;;;;;
Pam Pait;noUndeclaredPlayerReference;16;true;;Static;;;;;;
Pam Pait;sizeOfTrack;16;false;Track concept is not present;Static;;;;;;
Pasang;lineLessOrEqualThanBoardSide;46;false;Line concept is not present;Static;;;;;;
Pasang;pieceDeclaredAsShared;46;true;;Static;;;;;;
Pasang;pieceDeclaredAsNeutral;50;false;The game does not have any piece declared as Neutral;Static;;;;;;
Pasang;pieceDeclaredAsEach;50;false;The game does not have any piece declared as Each;Static;;;;;;
Pasang;equalNumberOfPiecesOnTheBoard;45;true;;Static;;;;;;
Pasang;noUndeclaredPlayerReference;48;true;;Static;;;;;;
Pasang;sizeOfTrack;48;false;Track concept is not present;Static;;;;;;
Peralikatuma;lineLessOrEqualThanBoardSide;33;false;Line concept is not present;Static;;;;;;
Peralikatuma;pieceDeclaredAsShared;31;false;The game does not have any piece declared as Shared;Static;;;;;;
Peralikatuma;pieceDeclaredAsNeutral;31;false;The game does not have any piece declared as Neutral;Static;;;;;;
Peralikatuma;pieceDeclaredAsEach;31;true;;Static;;;;;;
Peralikatuma;equalNumberOfPiecesOnTheBoard;30;true;;Static;;;;;;
Peralikatuma;noUndeclaredPlayerReference;30;true;;Static;;;;;;
Peralikatuma;sizeOfTrack;33;false;Track concept is not present;Static;;;;;;
Permainan-Tabal;lineLessOrEqualThanBoardSide;56;false;Line concept is not present;Static;;;;;;
Permainan-Tabal;pieceDeclaredAsShared;53;false;The game does not have any piece declared as Shared;Static;;;;;;
Permainan-Tabal;pieceDeclaredAsNeutral;51;false;The game does not have any piece declared as Neutral;Static;;;;;;
Permainan-Tabal;pieceDeclaredAsEach;55;false;Ludeme Each for the piece DoubleCounter requires at least one definition of DoubleCounterN, with N > 0;Static;;;;;;
Permainan-Tabal;equalNumberOfPiecesOnTheBoard;53;true;;Static;;;;;;
Permainan-Tabal;noUndeclaredPlayerReference;51;true;;Static;;;;;;
Permainan-Tabal;sizeOfTrack;50;false;Track concept is not present;Static;;;;;;
Pretwa;lineLessOrEqualThanBoardSide;15;false;Line concept is not present;Static;;;;;;
Pretwa;pieceDeclaredAsShared;17;false;The game does not have any piece declared as Shared;Static;;;;;;
Pretwa;pieceDeclaredAsNeutral;18;false;The game does not have any piece declared as Neutral;Static;;;;;;
Pretwa;pieceDeclaredAsEach;16;true;;Static;;;;;;
Pretwa;equalNumberOfPiecesOnTheBoard;18;true;;Static;;;;;;
Pretwa;noUndeclaredPlayerReference;20;true;;Static;;;;;;
Pretwa;sizeOfTrack;21;false;Track concept is not present;Static;;;;;;
Ram Tir;lineLessOrEqualThanBoardSide;31;false;Line concept is not present;Static;;;;;;
Ram Tir;pieceDeclaredAsShared;25;false;The game does not have any piece declared as Shared;Static;;;;;;
Ram Tir;pieceDeclaredAsNeutral;31;false;The game does not have any piece declared as Neutral;Static;;;;;;
Ram Tir;pieceDeclaredAsEach;27;true;;Static;;;;;;
Ram Tir;equalNumberOfPiecesOnTheBoard;24;true;;Static;;;;;;
Ram Tir;noUndeclaredPlayerReference;26;true;;Static;;;;;;
Ram Tir;sizeOfTrack;27;false;Track concept is not present;Static;;;;;;
Ratti-Chitti-Bakri;lineLessOrEqualThanBoardSide;43;false;Line concept is not present;Static;;;;;;
Ratti-Chitti-Bakri;pieceDeclaredAsShared;39;false;The game does not have any piece declared as Shared;Static;;;;;;
Ratti-Chitti-Bakri;pieceDeclaredAsNeutral;41;false;The game does not have any piece declared as Neutral;Static;;;;;;
Ratti-Chitti-Bakri;pieceDeclaredAsEach;38;true;;Static;;;;;;
Ratti-Chitti-Bakri;equalNumberOfPiecesOnTheBoard;37;true;;Static;;;;;;
Ratti-Chitti-Bakri;noUndeclaredPlayerReference;37;true;;Static;;;;;;
Ratti-Chitti-Bakri;sizeOfTrack;41;false;Track concept is not present;Static;;;;;;
Satoel;lineLessOrEqualThanBoardSide;51;false;Line concept is not present;Static;;;;;;
Satoel;pieceDeclaredAsShared;49;false;The game does not have any piece declared as Shared;Static;;;;;;
Satoel;pieceDeclaredAsNeutral;55;false;The game does not have any piece declared as Neutral;Static;;;;;;
Satoel;pieceDeclaredAsEach;54;true;;Static;;;;;;
Satoel;equalNumberOfPiecesOnTheBoard;53;true;;Static;;;;;;
Satoel;noUndeclaredPlayerReference;60;true;;Static;;;;;;
Satoel;sizeOfTrack;51;false;Track concept is not present;Static;;;;;;
Sumi Naga Game (War);lineLessOrEqualThanBoardSide;16;false;Line concept is not present;Static;;;;;;
Sumi Naga Game (War);pieceDeclaredAsShared;18;false;The game does not have any piece declared as Shared;Static;;;;;;
Sumi Naga Game (War);pieceDeclaredAsNeutral;14;false;The game does not have any piece declared as Neutral;Static;;;;;;
Sumi Naga Game (War);pieceDeclaredAsEach;14;true;;Static;;;;;;
Sumi Naga Game (War);equalNumberOfPiecesOnTheBoard;14;true;;Static;;;;;;
Sumi Naga Game (War);noUndeclaredPlayerReference;15;true;;Static;;;;;;
Sumi Naga Game (War);sizeOfTrack;14;false;Track concept is not present;Static;;;;;;
Tavelspel;lineLessOrEqualThanBoardSide;47;false;Line concept is not present;Static;;;;;;
Tavelspel;pieceDeclaredAsShared;47;false;The game does not have any piece declared as Shared;Static;;;;;;
Tavelspel;pieceDeclaredAsNeutral;51;false;The game does not have any piece declared as Neutral;Static;;;;;;
Tavelspel;pieceDeclaredAsEach;50;true;;Static;;;;;;
Tavelspel;equalNumberOfPiecesOnTheBoard;46;true;;Static;;;;;;
Tavelspel;noUndeclaredPlayerReference;49;true;;Static;;;;;;
Tavelspel;sizeOfTrack;58;false;Track concept is not present;Static;;;;;;
Terhuchu (Small);lineLessOrEqualThanBoardSide;12;false;Line concept is not present;Static;;;;;;
Terhuchu (Small);pieceDeclaredAsShared;14;false;The game does not have any piece declared as Shared;Static;;;;;;
Terhuchu (Small);pieceDeclaredAsNeutral;13;false;The game does not have any piece declared as Neutral;Static;;;;;;
Terhuchu (Small);pieceDeclaredAsEach;13;true;;Static;;;;;;
Terhuchu (Small);equalNumberOfPiecesOnTheBoard;14;true;;Static;;;;;;
Terhuchu (Small);noUndeclaredPlayerReference;12;true;;Static;;;;;;
Terhuchu (Small);sizeOfTrack;13;false;Track concept is not present;Static;;;;;;
Terhuchu;lineLessOrEqualThanBoardSide;24;false;Line concept is not present;Static;;;;;;
Terhuchu;pieceDeclaredAsShared;24;false;The game does not have any piece declared as Shared;Static;;;;;;
Terhuchu;pieceDeclaredAsNeutral;23;false;The game does not have any piece declared as Neutral;Static;;;;;;
Terhuchu;pieceDeclaredAsEach;24;true;;Static;;;;;;
Terhuchu;equalNumberOfPiecesOnTheBoard;25;true;;Static;;;;;;
Terhuchu;noUndeclaredPlayerReference;26;true;;Static;;;;;;
Terhuchu;sizeOfTrack;28;false;Track concept is not present;Static;;;;;;
Throngs;lineLessOrEqualThanBoardSide;2399;false;Line concept is not present;Static;;;;;;
Throngs;pieceDeclaredAsShared;2379;false;The game does not have any piece declared as Shared;Static;;;;;;
Throngs;pieceDeclaredAsNeutral;2550;false;The game does not have any piece declared as Neutral;Static;;;;;;
Throngs;pieceDeclaredAsEach;2601;false;The game does not have any piece declared as Each;Static;;;;;;
Throngs;equalNumberOfPiecesOnTheBoard;2619;true;;Static;;;;;;
Throngs;noUndeclaredPlayerReference;2495;true;;Static;;;;;;
Throngs;sizeOfTrack;2428;false;Track concept is not present;Static;;;;;;
Tsukkalavde;lineLessOrEqualThanBoardSide;22;false;Line concept is not present;Static;;;;;;
Tsukkalavde;pieceDeclaredAsShared;20;false;The game does not have any piece declared as Shared;Static;;;;;;
Tsukkalavde;pieceDeclaredAsNeutral;22;false;The game does not have any piece declared as Neutral;Static;;;;;;
Tsukkalavde;pieceDeclaredAsEach;24;true;;Static;;;;;;
Tsukkalavde;equalNumberOfPiecesOnTheBoard;23;true;;Static;;;;;;
Tsukkalavde;noUndeclaredPlayerReference;26;true;;Static;;;;;;
Tsukkalavde;sizeOfTrack;27;false;Track concept is not present;Static;;;;;;
Tuknanavuhpi;lineLessOrEqualThanBoardSide;26;false;Line concept is not present;Static;;;;;;
Tuknanavuhpi;pieceDeclaredAsShared;23;false;The game does not have any piece declared as Shared;Static;;;;;;
Tuknanavuhpi;pieceDeclaredAsNeutral;22;false;The game does not have any piece declared as Neutral;Static;;;;;;
Tuknanavuhpi;pieceDeclaredAsEach;23;true;;Static;;;;;;
Tuknanavuhpi;equalNumberOfPiecesOnTheBoard;21;true;;Static;;;;;;
Tuknanavuhpi;noUndeclaredPlayerReference;21;true;;Static;;;;;;
Tuknanavuhpi;sizeOfTrack;22;false;Track concept is not present;Static;;;;;;
Zamma;lineLessOrEqualThanBoardSide;57;false;Line concept is not present;Static;;;;;;
Zamma;pieceDeclaredAsShared;55;false;The game does not have any piece declared as Shared;Static;;;;;;
Zamma;pieceDeclaredAsNeutral;63;false;The game does not have any piece declared as Neutral;Static;;;;;;
Zamma;pieceDeclaredAsEach;65;false;Ludeme Each for the piece DiscDouble requires at least one definition of DiscDoubleN, with N > 0;Static;;;;;;
Zamma;equalNumberOfPiecesOnTheBoard;60;true;;Static;;;;;;
Zamma;noUndeclaredPlayerReference;59;true;;Static;;;;;;
Zamma;sizeOfTrack;59;false;Track concept is not present;Static;;;;;;
Cage;lineLessOrEqualThanBoardSide;69;false;Line concept is not present;Static;;;;;;
Cage;pieceDeclaredAsShared;70;false;The game does not have any piece declared as Shared;Static;;;;;;
Cage;pieceDeclaredAsNeutral;73;false;The game does not have any piece declared as Neutral;Static;;;;;;
Cage;pieceDeclaredAsEach;72;true;;Static;;;;;;
Cage;equalNumberOfPiecesOnTheBoard;78;true;;Static;;;;;;
Cage;noUndeclaredPlayerReference;75;true;;Static;;;;;;
Cage;sizeOfTrack;75;false;Track concept is not present;Static;;;;;;
Caturvimsatikosthakatmiki Krida;lineLessOrEqualThanBoardSide;13;false;Line concept is not present;Static;;;;;;
Caturvimsatikosthakatmiki Krida;pieceDeclaredAsShared;14;false;The game does not have any piece declared as Shared;Static;;;;;;
Caturvimsatikosthakatmiki Krida;pieceDeclaredAsNeutral;12;false;The game does not have any piece declared as Neutral;Static;;;;;;
Caturvimsatikosthakatmiki Krida;pieceDeclaredAsEach;13;true;;Static;;;;;;
Caturvimsatikosthakatmiki Krida;equalNumberOfPiecesOnTheBoard;13;true;;Static;;;;;;
Caturvimsatikosthakatmiki Krida;noUndeclaredPlayerReference;14;true;;Static;;;;;;
Caturvimsatikosthakatmiki Krida;sizeOfTrack;14;false;Track concept is not present;Static;;;;;;
Challis Ghutia;lineLessOrEqualThanBoardSide;29;false;Line concept is not present;Static;;;;;;
Challis Ghutia;pieceDeclaredAsShared;26;false;The game does not have any piece declared as Shared;Static;;;;;;
Challis Ghutia;pieceDeclaredAsNeutral;26;false;The game does not have any piece declared as Neutral;Static;;;;;;
Challis Ghutia;pieceDeclaredAsEach;30;true;;Static;;;;;;
Challis Ghutia;equalNumberOfPiecesOnTheBoard;27;true;;Static;;;;;;
Challis Ghutia;noUndeclaredPlayerReference;27;true;;Static;;;;;;
Challis Ghutia;sizeOfTrack;26;false;Track concept is not present;Static;;;;;;
Choko;lineLessOrEqualThanBoardSide;15;false;Line concept is not present;Static;;;;;;
Choko;pieceDeclaredAsShared;15;false;The game does not have any piece declared as Shared;Static;;;;;;
Choko;pieceDeclaredAsNeutral;17;false;The game does not have any piece declared as Neutral;Static;;;;;;
Choko;pieceDeclaredAsEach;15;true;;Static;;;;;;
Choko;equalNumberOfPiecesOnTheBoard;17;true;;Static;;;;;;
Choko;noUndeclaredPlayerReference;14;true;;Static;;;;;;
Choko;sizeOfTrack;15;false;Track concept is not present;Static;;;;;;
Dama (Comoros);lineLessOrEqualThanBoardSide;51;false;Line concept is not present;Static;;;;;;
Dama (Comoros);pieceDeclaredAsShared;57;false;The game does not have any piece declared as Shared;Static;;;;;;
Dama (Comoros);pieceDeclaredAsNeutral;52;false;The game does not have any piece declared as Neutral;Static;;;;;;
Dama (Comoros);pieceDeclaredAsEach;48;false;Ludeme Each for the piece DoubleCounter requires at least one definition of DoubleCounterN, with N > 0;Static;;;;;;
Dama (Comoros);equalNumberOfPiecesOnTheBoard;46;true;;Static;;;;;;
Dama (Comoros);noUndeclaredPlayerReference;49;true;;Static;;;;;;
Dama (Comoros);sizeOfTrack;50;false;Track concept is not present;Static;;;;;;
Dama (Kenya);lineLessOrEqualThanBoardSide;47;false;Line concept is not present;Static;;;;;;
Dama (Kenya);pieceDeclaredAsShared;54;false;The game does not have any piece declared as Shared;Static;;;;;;
Dama (Kenya);pieceDeclaredAsNeutral;51;false;The game does not have any piece declared as Neutral;Static;;;;;;
Dama (Kenya);pieceDeclaredAsEach;50;false;Ludeme Each for the piece DoubleCounter requires at least one definition of DoubleCounterN, with N > 0;Static;;;;;;
Dama (Kenya);equalNumberOfPiecesOnTheBoard;50;true;;Static;;;;;;
Dama (Kenya);noUndeclaredPlayerReference;47;true;;Static;;;;;;
Dama (Kenya);sizeOfTrack;46;false;Track concept is not present;Static;;;;;;
Dama;lineLessOrEqualThanBoardSide;49;false;Line concept is not present;Static;;;;;;
Dama;pieceDeclaredAsShared;47;false;The game does not have any piece declared as Shared;Static;;;;;;
Dama;pieceDeclaredAsNeutral;46;false;The game does not have any piece declared as Neutral;Static;;;;;;
Dama;pieceDeclaredAsEach;46;false;Ludeme Each for the piece DoubleCounter requires at least one definition of DoubleCounterN, with N > 0;Static;;;;;;
Dama;equalNumberOfPiecesOnTheBoard;50;true;;Static;;;;;;
Dama;noUndeclaredPlayerReference;52;true;;Static;;;;;;
Dama;sizeOfTrack;48;false;Track concept is not present;Static;;;;;;
Fenix;lineLessOrEqualThanBoardSide;70;false;Line concept is not present;Static;;;;;;
Fenix;pieceDeclaredAsShared;68;false;The game does not have any piece declared as Shared;Static;;;;;;
Fenix;pieceDeclaredAsNeutral;69;false;The game does not have any piece declared as Neutral;Static;;;;;;
Fenix;pieceDeclaredAsEach;64;true;;Static;;;;;;
Fenix;equalNumberOfPiecesOnTheBoard;65;true;;Static;;;;;;
Fenix;noUndeclaredPlayerReference;66;true;;Static;;;;;;
Fenix;sizeOfTrack;67;false;Track concept is not present;Static;;;;;;
HexDame;lineLessOrEqualThanBoardSide;77;false;Line concept is not present;Static;;;;;;
HexDame;pieceDeclaredAsShared;76;false;The game does not have any piece declared as Shared;Static;;;;;;
HexDame;pieceDeclaredAsNeutral;56;false;The game does not have any piece declared as Neutral;Static;;;;;;
HexDame;pieceDeclaredAsEach;56;false;Ludeme Each for the piece DoubleCounter requires at least one definition of DoubleCounterN, with N > 0;Static;;;;;;
HexDame;equalNumberOfPiecesOnTheBoard;56;true;;Static;;;;;;
HexDame;noUndeclaredPlayerReference;55;true;;Static;;;;;;
HexDame;sizeOfTrack;103;false;Track concept is not present;Static;;;;;;
Jumping Beans;lineLessOrEqualThanBoardSide;42;false;Line concept is not present;Static;;;;;;
Jumping Beans;pieceDeclaredAsShared;39;false;The game does not have any piece declared as Shared;Static;;;;;;
Jumping Beans;pieceDeclaredAsNeutral;39;false;The game does not have any piece declared as Neutral;Static;;;;;;
Jumping Beans;pieceDeclaredAsEach;40;true;;Static;;;;;;
Jumping Beans;equalNumberOfPiecesOnTheBoard;39;true;;Static;;;;;;
Jumping Beans;noUndeclaredPlayerReference;23;true;;Static;;;;;;
Jumping Beans;sizeOfTrack;24;false;Track concept is not present;Static;;;;;;
Kanguruh;lineLessOrEqualThanBoardSide;24;false;Line concept is not present;Static;;;;;;
Kanguruh;pieceDeclaredAsShared;24;false;The game does not have any piece declared as Shared;Static;;;;;;
Kanguruh;pieceDeclaredAsNeutral;23;false;The game does not have any piece declared as Neutral;Static;;;;;;
Kanguruh;pieceDeclaredAsEach;25;true;;Static;;;;;;
Kanguruh;equalNumberOfPiecesOnTheBoard;23;true;;Static;;;;;;
Kanguruh;noUndeclaredPlayerReference;23;true;;Static;;;;;;
Kanguruh;sizeOfTrack;23;false;Track concept is not present;Static;;;;;;
Konane;lineLessOrEqualThanBoardSide;33;false;Line concept is not present;Static;;;;;;
Konane;pieceDeclaredAsShared;35;false;The game does not have any piece declared as Shared;Static;;;;;;
Konane;pieceDeclaredAsNeutral;30;false;The game does not have any piece declared as Neutral;Static;;;;;;
Konane;pieceDeclaredAsEach;29;true;;Static;;;;;;
Konane;equalNumberOfPiecesOnTheBoard;30;true;;Static;;;;;;
Konane;noUndeclaredPlayerReference;35;true;;Static;;;;;;
Konane;sizeOfTrack;31;false;Track concept is not present;Static;;;;;;
Koruboddo;lineLessOrEqualThanBoardSide;20;false;Line concept is not present;Static;;;;;;
Koruboddo;pieceDeclaredAsShared;20;false;The game does not have any piece declared as Shared;Static;;;;;;
Koruboddo;pieceDeclaredAsNeutral;20;false;The game does not have any piece declared as Neutral;Static;;;;;;
Koruboddo;pieceDeclaredAsEach;22;true;;Static;;;;;;
Koruboddo;equalNumberOfPiecesOnTheBoard;20;true;;Static;;;;;;
Koruboddo;noUndeclaredPlayerReference;21;true;;Static;;;;;;
Koruboddo;sizeOfTrack;21;false;Track concept is not present;Static;;;;;;
Laram Wali;lineLessOrEqualThanBoardSide;24;false;Line concept is not present;Static;;;;;;
Laram Wali;pieceDeclaredAsShared;25;false;The game does not have any piece declared as Shared;Static;;;;;;
Laram Wali;pieceDeclaredAsNeutral;24;false;The game does not have any piece declared as Neutral;Static;;;;;;
Laram Wali;pieceDeclaredAsEach;20;true;;Static;;;;;;
Laram Wali;equalNumberOfPiecesOnTheBoard;15;true;;Static;;;;;;
Laram Wali;noUndeclaredPlayerReference;15;true;;Static;;;;;;
Laram Wali;sizeOfTrack;17;false;Track concept is not present;Static;;;;;;
Leap Frog;lineLessOrEqualThanBoardSide;20;false;Line concept is not present;Static;;;;;;
Leap Frog;pieceDeclaredAsShared;19;false;The game does not have any piece declared as Shared;Static;;;;;;
Leap Frog;pieceDeclaredAsNeutral;16;false;The game does not have any piece declared as Neutral;Static;;;;;;
Leap Frog;pieceDeclaredAsEach;17;true;;Static;;;;;;
Leap Frog;equalNumberOfPiecesOnTheBoard;17;true;;Static;;;;;;
Leap Frog;noUndeclaredPlayerReference;19;true;;Static;;;;;;
Leap Frog;sizeOfTrack;17;false;Track concept is not present;Static;;;;;;
Louis XVI;lineLessOrEqualThanBoardSide;57;false;Line concept is not present;Static;;;;;;
Louis XVI;pieceDeclaredAsShared;54;false;The game does not have any piece declared as Shared;Static;;;;;;
Louis XVI;pieceDeclaredAsNeutral;49;false;The game does not have any piece declared as Neutral;Static;;;;;;
Louis XVI;pieceDeclaredAsEach;47;true;;Static;;;;;;
Louis XVI;equalNumberOfPiecesOnTheBoard;56;false;Players do not have the same number of pieces;Static;;;;;;
Louis XVI;noUndeclaredPlayerReference;48;true;;Static;;;;;;
Louis XVI;sizeOfTrack;46;false;Track concept is not present;Static;;;;;;
Mraha wa Bwe;lineLessOrEqualThanBoardSide;20;false;Line concept is not present;Static;;;;;;
Mraha wa Bwe;pieceDeclaredAsShared;18;false;The game does not have any piece declared as Shared;Static;;;;;;
Mraha wa Bwe;pieceDeclaredAsNeutral;17;false;The game does not have any piece declared as Neutral;Static;;;;;;
Mraha wa Bwe;pieceDeclaredAsEach;16;true;;Static;;;;;;
Mraha wa Bwe;equalNumberOfPiecesOnTheBoard;16;true;;Static;;;;;;
Mraha wa Bwe;noUndeclaredPlayerReference;16;true;;Static;;;;;;
Mraha wa Bwe;sizeOfTrack;17;false;Track concept is not present;Static;;;;;;
Natt Klab ash-Shawk;lineLessOrEqualThanBoardSide;11;false;Line concept is not present;Static;;;;;;
Natt Klab ash-Shawk;pieceDeclaredAsShared;11;false;The game does not have any piece declared as Shared;Static;;;;;;
Natt Klab ash-Shawk;pieceDeclaredAsNeutral;12;false;The game does not have any piece declared as Neutral;Static;;;;;;
Natt Klab ash-Shawk;pieceDeclaredAsEach;10;true;;Static;;;;;;
Natt Klab ash-Shawk;equalNumberOfPiecesOnTheBoard;14;true;;Static;;;;;;
Natt Klab ash-Shawk;noUndeclaredPlayerReference;11;true;;Static;;;;;;
Natt Klab ash-Shawk;sizeOfTrack;12;false;Track concept is not present;Static;;;;;;
Omnidirectional Draughts;lineLessOrEqualThanBoardSide;57;false;Line concept is not present;Static;;;;;;
Omnidirectional Draughts;pieceDeclaredAsShared;55;false;The game does not have any piece declared as Shared;Static;;;;;;
Omnidirectional Draughts;pieceDeclaredAsNeutral;53;false;The game does not have any piece declared as Neutral;Static;;;;;;
Omnidirectional Draughts;pieceDeclaredAsEach;58;false;Ludeme Each for the piece DoubleCounter requires at least one definition of DoubleCounterN, with N > 0;Static;;;;;;
Omnidirectional Draughts;equalNumberOfPiecesOnTheBoard;54;true;;Static;;;;;;
Omnidirectional Draughts;noUndeclaredPlayerReference;57;true;;Static;;;;;;
Omnidirectional Draughts;sizeOfTrack;55;false;Track concept is not present;Static;;;;;;
Queah Game;lineLessOrEqualThanBoardSide;12;false;Line concept is not present;Static;;;;;;
Queah Game;pieceDeclaredAsShared;11;false;The game does not have any piece declared as Shared;Static;;;;;;
Queah Game;pieceDeclaredAsNeutral;11;false;The game does not have any piece declared as Neutral;Static;;;;;;
Queah Game;pieceDeclaredAsEach;11;true;;Static;;;;;;
Queah Game;equalNumberOfPiecesOnTheBoard;11;true;;Static;;;;;;
Queah Game;noUndeclaredPlayerReference;12;true;;Static;;;;;;
Queah Game;sizeOfTrack;13;false;Track concept is not present;Static;;;;;;
Seesaw;lineLessOrEqualThanBoardSide;358;false;Line concept is not present;Static;;;;;;
Seesaw;pieceDeclaredAsShared;343;false;The game does not have any piece declared as Shared;Static;;;;;;
Seesaw;pieceDeclaredAsNeutral;327;false;The game does not have any piece declared as Neutral;Static;;;;;;
Seesaw;pieceDeclaredAsEach;320;true;;Static;;;;;;
Seesaw;equalNumberOfPiecesOnTheBoard;336;true;;Static;;;;;;
Seesaw;noUndeclaredPlayerReference;333;true;;Static;;;;;;
Seesaw;sizeOfTrack;332;false;Track concept is not present;Static;;;;;;
T'oki;lineLessOrEqualThanBoardSide;19;false;Line concept is not present;Static;;;;;;
T'oki;pieceDeclaredAsShared;15;false;The game does not have any piece declared as Shared;Static;;;;;;
T'oki;pieceDeclaredAsNeutral;15;false;The game does not have any piece declared as Neutral;Static;;;;;;
T'oki;pieceDeclaredAsEach;13;true;;Static;;;;;;
T'oki;equalNumberOfPiecesOnTheBoard;14;true;;Static;;;;;;
T'oki;noUndeclaredPlayerReference;14;true;;Static;;;;;;
T'oki;sizeOfTrack;15;false;Track concept is not present;Static;;;;;;
Tablo;lineLessOrEqualThanBoardSide;22;false;Line concept is not present;Static;;;;;;
Tablo;pieceDeclaredAsShared;22;false;The game does not have any piece declared as Shared;Static;;;;;;
Tablo;pieceDeclaredAsNeutral;23;false;The game does not have any piece declared as Neutral;Static;;;;;;
Tablo;pieceDeclaredAsEach;21;true;;Static;;;;;;
Tablo;equalNumberOfPiecesOnTheBoard;25;true;;Static;;;;;;
Tablo;noUndeclaredPlayerReference;21;true;;Static;;;;;;
Tablo;sizeOfTrack;22;false;Track concept is not present;Static;;;;;;
Tama;lineLessOrEqualThanBoardSide;42;false;Line concept is not present;Static;;;;;;
Tama;pieceDeclaredAsShared;44;false;The game does not have any piece declared as Shared;Static;;;;;;
Tama;pieceDeclaredAsNeutral;38;false;The game does not have any piece declared as Neutral;Static;;;;;;
Tama;pieceDeclaredAsEach;40;false;Ludeme Each for the piece DoubleCounter requires at least one definition of DoubleCounterN, with N > 0;Static;;;;;;
Tama;equalNumberOfPiecesOnTheBoard;41;true;;Static;;;;;;
Tama;noUndeclaredPlayerReference;42;true;;Static;;;;;;
Tama;sizeOfTrack;40;false;Track concept is not present;Static;;;;;;
Tides;lineLessOrEqualThanBoardSide;20;false;Line concept is not present;Static;;;;;;
Tides;pieceDeclaredAsShared;21;false;The game does not have any piece declared as Shared;Static;;;;;;
Tides;pieceDeclaredAsNeutral;19;false;The game does not have any piece declared as Neutral;Static;;;;;;
Tides;pieceDeclaredAsEach;20;true;;Static;;;;;;
Tides;equalNumberOfPiecesOnTheBoard;19;true;;Static;;;;;;
Tides;noUndeclaredPlayerReference;19;true;;Static;;;;;;
Tides;sizeOfTrack;23;false;Track concept is not present;Static;;;;;;
Tre Guti;lineLessOrEqualThanBoardSide;8;false;Line concept is not present;Static;;;;;;
Tre Guti;pieceDeclaredAsShared;9;false;The game does not have any piece declared as Shared;Static;;;;;;
Tre Guti;pieceDeclaredAsNeutral;8;false;The game does not have any piece declared as Neutral;Static;;;;;;
Tre Guti;pieceDeclaredAsEach;7;true;;Static;;;;;;
Tre Guti;equalNumberOfPiecesOnTheBoard;10;true;;Static;;;;;;
Tre Guti;noUndeclaredPlayerReference;9;true;;Static;;;;;;
Tre Guti;sizeOfTrack;8;false;Track concept is not present;Static;;;;;;
Xarajlt;lineLessOrEqualThanBoardSide;10;false;Line concept is not present;Static;;;;;;
Xarajlt;pieceDeclaredAsShared;8;false;The game does not have any piece declared as Shared;Static;;;;;;
Xarajlt;pieceDeclaredAsNeutral;7;false;The game does not have any piece declared as Neutral;Static;;;;;;
Xarajlt;pieceDeclaredAsEach;7;true;;Static;;;;;;
Xarajlt;equalNumberOfPiecesOnTheBoard;7;true;;Static;;;;;;
Xarajlt;noUndeclaredPlayerReference;6;true;;Static;;;;;;
Xarajlt;sizeOfTrack;6;false;Track concept is not present;Static;;;;;;
Yote;lineLessOrEqualThanBoardSide;14;false;Line concept is not present;Static;;;;;;
Yote;pieceDeclaredAsShared;15;false;The game does not have any piece declared as Shared;Static;;;;;;
Yote;pieceDeclaredAsNeutral;16;false;The game does not have any piece declared as Neutral;Static;;;;;;
Yote;pieceDeclaredAsEach;12;true;;Static;;;;;;
Yote;equalNumberOfPiecesOnTheBoard;12;true;;Static;;;;;;
Yote;noUndeclaredPlayerReference;12;true;;Static;;;;;;
Yote;sizeOfTrack;14;false;Track concept is not present;Static;;;;;;
Zuz Mel (5x5);lineLessOrEqualThanBoardSide;22;false;Line concept is not present;Static;;;;;;
Zuz Mel (5x5);pieceDeclaredAsShared;19;false;The game does not have any piece declared as Shared;Static;;;;;;
Zuz Mel (5x5);pieceDeclaredAsNeutral;18;false;The game does not have any piece declared as Neutral;Static;;;;;;
Zuz Mel (5x5);pieceDeclaredAsEach;19;true;;Static;;;;;;
Zuz Mel (5x5);equalNumberOfPiecesOnTheBoard;18;true;;Static;;;;;;
Zuz Mel (5x5);noUndeclaredPlayerReference;19;true;;Static;;;;;;
Zuz Mel (5x5);sizeOfTrack;19;false;Track concept is not present;Static;;;;;;
Zuz Mel (7x7);lineLessOrEqualThanBoardSide;25;false;Line concept is not present;Static;;;;;;
Zuz Mel (7x7);pieceDeclaredAsShared;25;false;The game does not have any piece declared as Shared;Static;;;;;;
Zuz Mel (7x7);pieceDeclaredAsNeutral;26;false;The game does not have any piece declared as Neutral;Static;;;;;;
Zuz Mel (7x7);pieceDeclaredAsEach;23;true;;Static;;;;;;
Zuz Mel (7x7);equalNumberOfPiecesOnTheBoard;26;true;;Static;;;;;;
Zuz Mel (7x7);noUndeclaredPlayerReference;24;true;;Static;;;;;;
Zuz Mel (7x7);sizeOfTrack;24;false;Track concept is not present;Static;;;;;;
Chandaraki;lineLessOrEqualThanBoardSide;28;false;Line concept is not present;Static;;;;;;
Chandaraki;pieceDeclaredAsShared;25;false;The game does not have any piece declared as Shared;Static;;;;;;
Chandaraki;pieceDeclaredAsNeutral;27;false;The game does not have any piece declared as Neutral;Static;;;;;;
Chandaraki;pieceDeclaredAsEach;26;true;;Static;;;;;;
Chandaraki;equalNumberOfPiecesOnTheBoard;26;true;;Static;;;;;;
Chandaraki;noUndeclaredPlayerReference;25;true;;Static;;;;;;
Chandaraki;sizeOfTrack;26;false;Track concept is not present;Static;;;;;;
Chatrang;lineLessOrEqualThanBoardSide;43;false;Line concept is not present;Static;;;;;;
Chatrang;pieceDeclaredAsShared;42;false;The game does not have any piece declared as Shared;Static;;;;;;
Chatrang;pieceDeclaredAsNeutral;41;false;The game does not have any piece declared as Neutral;Static;;;;;;
Chatrang;pieceDeclaredAsEach;46;true;;Static;;;;;;
Chatrang;equalNumberOfPiecesOnTheBoard;48;true;;Static;;;;;;
Chatrang;noUndeclaredPlayerReference;49;true;;Static;;;;;;
Chatrang;sizeOfTrack;44;false;Track concept is not present;Static;;;;;;
Chatur;lineLessOrEqualThanBoardSide;37;false;Line concept is not present;Static;;;;;;
Chatur;pieceDeclaredAsShared;39;false;The game does not have any piece declared as Shared;Static;;;;;;
Chatur;pieceDeclaredAsNeutral;38;false;The game does not have any piece declared as Neutral;Static;;;;;;
Chatur;pieceDeclaredAsEach;32;true;;Static;;;;;;
Chatur;equalNumberOfPiecesOnTheBoard;33;true;;Static;;;;;;
Chatur;noUndeclaredPlayerReference;31;true;;Static;;;;;;
Chatur;sizeOfTrack;35;false;Track concept is not present;Static;;;;;;
Chaturanga (12x12);lineLessOrEqualThanBoardSide;58;false;Line concept is not present;Static;;;;;;
Chaturanga (12x12);pieceDeclaredAsShared;56;false;The game does not have any piece declared as Shared;Static;;;;;;
Chaturanga (12x12);pieceDeclaredAsNeutral;54;false;The game does not have any piece declared as Neutral;Static;;;;;;
Chaturanga (12x12);pieceDeclaredAsEach;47;true;;Static;;;;;;
Chaturanga (12x12);equalNumberOfPiecesOnTheBoard;58;true;;Static;;;;;;
Chaturanga (12x12);noUndeclaredPlayerReference;66;true;;Static;;;;;;
Chaturanga (12x12);sizeOfTrack;51;false;Track concept is not present;Static;;;;;;
Chaturanga (14x14);lineLessOrEqualThanBoardSide;78;false;Line concept is not present;Static;;;;;;
Chaturanga (14x14);pieceDeclaredAsShared;88;false;The game does not have any piece declared as Shared;Static;;;;;;
Chaturanga (14x14);pieceDeclaredAsNeutral;88;false;The game does not have any piece declared as Neutral;Static;;;;;;
Chaturanga (14x14);pieceDeclaredAsEach;89;true;;Static;;;;;;
Chaturanga (14x14);equalNumberOfPiecesOnTheBoard;81;true;;Static;;;;;;
Chaturanga (14x14);noUndeclaredPlayerReference;84;true;;Static;;;;;;
Chaturanga (14x14);sizeOfTrack;92;false;Track concept is not present;Static;;;;;;
Chaturanga (al-Adli);lineLessOrEqualThanBoardSide;28;false;Line concept is not present;Static;;;;;;
Chaturanga (al-Adli);pieceDeclaredAsShared;26;false;The game does not have any piece declared as Shared;Static;;;;;;
Chaturanga (al-Adli);pieceDeclaredAsNeutral;32;false;The game does not have any piece declared as Neutral;Static;;;;;;
Chaturanga (al-Adli);pieceDeclaredAsEach;30;true;;Static;;;;;;
Chaturanga (al-Adli);equalNumberOfPiecesOnTheBoard;31;true;;Static;;;;;;
Chaturanga (al-Adli);noUndeclaredPlayerReference;29;true;;Static;;;;;;
Chaturanga (al-Adli);sizeOfTrack;31;false;Track concept is not present;Static;;;;;;
Chaturanga (Kridakausalya 14x14);lineLessOrEqualThanBoardSide;82;false;Line concept is not present;Static;;;;;;
Chaturanga (Kridakausalya 14x14);pieceDeclaredAsShared;92;false;The game does not have any piece declared as Shared;Static;;;;;;
Chaturanga (Kridakausalya 14x14);pieceDeclaredAsNeutral;102;false;The game does not have any piece declared as Neutral;Static;;;;;;
Chaturanga (Kridakausalya 14x14);pieceDeclaredAsEach;87;true;;Static;;;;;;
Chaturanga (Kridakausalya 14x14);equalNumberOfPiecesOnTheBoard;84;true;;Static;;;;;;
Chaturanga (Kridakausalya 14x14);noUndeclaredPlayerReference;69;true;;Static;;;;;;
Chaturanga (Kridakausalya 14x14);sizeOfTrack;81;false;Track concept is not present;Static;;;;;;
Chaturanga (Kridakausalya);lineLessOrEqualThanBoardSide;35;false;Line concept is not present;Static;;;;;;
Chaturanga (Kridakausalya);pieceDeclaredAsShared;32;false;The game does not have any piece declared as Shared;Static;;;;;;
Chaturanga (Kridakausalya);pieceDeclaredAsNeutral;30;false;The game does not have any piece declared as Neutral;Static;;;;;;
Chaturanga (Kridakausalya);pieceDeclaredAsEach;32;true;;Static;;;;;;
Chaturanga (Kridakausalya);equalNumberOfPiecesOnTheBoard;29;true;;Static;;;;;;
Chaturanga (Kridakausalya);noUndeclaredPlayerReference;27;true;;Static;;;;;;
Chaturanga (Kridakausalya);sizeOfTrack;28;false;Track concept is not present;Static;;;;;;
Chaturanga;lineLessOrEqualThanBoardSide;32;false;Line concept is not present;Static;;;;;;
Chaturanga;pieceDeclaredAsShared;34;false;The game does not have any piece declared as Shared;Static;;;;;;
Chaturanga;pieceDeclaredAsNeutral;31;false;The game does not have any piece declared as Neutral;Static;;;;;;
Chaturanga;pieceDeclaredAsEach;32;true;;Static;;;;;;
Chaturanga;equalNumberOfPiecesOnTheBoard;30;true;;Static;;;;;;
Chaturanga;noUndeclaredPlayerReference;26;true;;Static;;;;;;
Chaturanga;sizeOfTrack;32;false;Track concept is not present;Static;;;;;;
Cittabhramanrpasya Khelanam;lineLessOrEqualThanBoardSide;27;false;Line concept is not present;Static;;;;;;
Cittabhramanrpasya Khelanam;pieceDeclaredAsShared;25;false;The game does not have any piece declared as Shared;Static;;;;;;
Cittabhramanrpasya Khelanam;pieceDeclaredAsNeutral;24;false;The game does not have any piece declared as Neutral;Static;;;;;;
Cittabhramanrpasya Khelanam;pieceDeclaredAsEach;27;false;The game does not have any piece declared as Each;Static;;;;;;
Cittabhramanrpasya Khelanam;equalNumberOfPiecesOnTheBoard;27;false;Players do not have the same number of pieces;Static;;;;;;
Cittabhramanrpasya Khelanam;noUndeclaredPlayerReference;25;true;;Static;;;;;;
Cittabhramanrpasya Khelanam;sizeOfTrack;25;false;Track concept is not present;Static;;;;;;
Hindustani Chess;lineLessOrEqualThanBoardSide;38;false;Line concept is not present;Static;;;;;;
Hindustani Chess;pieceDeclaredAsShared;34;false;The game does not have any piece declared as Shared;Static;;;;;;
Hindustani Chess;pieceDeclaredAsNeutral;33;false;The game does not have any piece declared as Neutral;Static;;;;;;
Hindustani Chess;pieceDeclaredAsEach;33;true;;Static;;;;;;
Hindustani Chess;equalNumberOfPiecesOnTheBoard;38;true;;Static;;;;;;
Hindustani Chess;noUndeclaredPlayerReference;39;true;;Static;;;;;;
Hindustani Chess;sizeOfTrack;38;false;Track concept is not present;Static;;;;;;
Krida Buddhibalasrita;lineLessOrEqualThanBoardSide;31;false;Line concept is not present;Static;;;;;;
Krida Buddhibalasrita;pieceDeclaredAsShared;33;false;The game does not have any piece declared as Shared;Static;;;;;;
Krida Buddhibalasrita;pieceDeclaredAsNeutral;30;false;The game does not have any piece declared as Neutral;Static;;;;;;
Krida Buddhibalasrita;pieceDeclaredAsEach;30;true;;Static;;;;;;
Krida Buddhibalasrita;equalNumberOfPiecesOnTheBoard;30;true;;Static;;;;;;
Krida Buddhibalasrita;noUndeclaredPlayerReference;33;true;;Static;;;;;;
Krida Buddhibalasrita;sizeOfTrack;31;false;Track concept is not present;Static;;;;;;
Main Chator (Batak);lineLessOrEqualThanBoardSide;42;false;Line concept is not present;Static;;;;;;
Main Chator (Batak);pieceDeclaredAsShared;39;false;The game does not have any piece declared as Shared;Static;;;;;;
Main Chator (Batak);pieceDeclaredAsNeutral;42;false;The game does not have any piece declared as Neutral;Static;;;;;;
Main Chator (Batak);pieceDeclaredAsEach;41;true;;Static;;;;;;
Main Chator (Batak);equalNumberOfPiecesOnTheBoard;41;true;;Static;;;;;;
Main Chator (Batak);noUndeclaredPlayerReference;35;true;;Static;;;;;;
Main Chator (Batak);sizeOfTrack;43;false;Track concept is not present;Static;;;;;;
Main Chator (Selangor);lineLessOrEqualThanBoardSide;48;false;Line concept is not present;Static;;;;;;
Main Chator (Selangor);pieceDeclaredAsShared;41;false;The game does not have any piece declared as Shared;Static;;;;;;
Main Chator (Selangor);pieceDeclaredAsNeutral;38;false;The game does not have any piece declared as Neutral;Static;;;;;;
Main Chator (Selangor);pieceDeclaredAsEach;43;true;;Static;;;;;;
Main Chator (Selangor);equalNumberOfPiecesOnTheBoard;35;true;;Static;;;;;;
Main Chator (Selangor);noUndeclaredPlayerReference;35;true;;Static;;;;;;
Main Chator (Selangor);sizeOfTrack;45;false;Track concept is not present;Static;;;;;;
Main Chator;lineLessOrEqualThanBoardSide;44;false;Line concept is not present;Static;;;;;;
Main Chator;pieceDeclaredAsShared;33;false;The game does not have any piece declared as Shared;Static;;;;;;
Main Chator;pieceDeclaredAsNeutral;38;false;The game does not have any piece declared as Neutral;Static;;;;;;
Main Chator;pieceDeclaredAsEach;34;true;;Static;;;;;;
Main Chator;equalNumberOfPiecesOnTheBoard;33;true;;Static;;;;;;
Main Chator;noUndeclaredPlayerReference;36;true;;Static;;;;;;
Main Chator;sizeOfTrack;39;false;Track concept is not present;Static;;;;;;
Mak Ruk;lineLessOrEqualThanBoardSide;32;false;Line concept is not present;Static;;;;;;
Mak Ruk;pieceDeclaredAsShared;30;false;The game does not have any piece declared as Shared;Static;;;;;;
Mak Ruk;pieceDeclaredAsNeutral;28;false;The game does not have any piece declared as Neutral;Static;;;;;;
Mak Ruk;pieceDeclaredAsEach;27;true;;Static;;;;;;
Mak Ruk;equalNumberOfPiecesOnTheBoard;30;true;;Static;;;;;;
Mak Ruk;noUndeclaredPlayerReference;30;true;;Static;;;;;;
Mak Ruk;sizeOfTrack;31;false;Track concept is not present;Static;;;;;;
Ouk Chatrang;lineLessOrEqualThanBoardSide;32;false;Line concept is not present;Static;;;;;;
Ouk Chatrang;pieceDeclaredAsShared;32;false;The game does not have any piece declared as Shared;Static;;;;;;
Ouk Chatrang;pieceDeclaredAsNeutral;34;false;The game does not have any piece declared as Neutral;Static;;;;;;
Ouk Chatrang;pieceDeclaredAsEach;34;true;;Static;;;;;;
Ouk Chatrang;equalNumberOfPiecesOnTheBoard;32;true;;Static;;;;;;
Ouk Chatrang;noUndeclaredPlayerReference;37;true;;Static;;;;;;
Ouk Chatrang;sizeOfTrack;29;false;Track concept is not present;Static;;;;;;
Parsi Chess;lineLessOrEqualThanBoardSide;47;false;Line concept is not present;Static;;;;;;
Parsi Chess;pieceDeclaredAsShared;52;false;The game does not have any piece declared as Shared;Static;;;;;;
Parsi Chess;pieceDeclaredAsNeutral;48;false;The game does not have any piece declared as Neutral;Static;;;;;;
Parsi Chess;pieceDeclaredAsEach;44;true;;Static;;;;;;
Parsi Chess;equalNumberOfPiecesOnTheBoard;44;true;;Static;;;;;;
Parsi Chess;noUndeclaredPlayerReference;44;true;;Static;;;;;;
Parsi Chess;sizeOfTrack;46;false;Track concept is not present;Static;;;;;;
Persian Chess with a Queen;lineLessOrEqualThanBoardSide;33;false;Line concept is not present;Static;;;;;;
Persian Chess with a Queen;pieceDeclaredAsShared;35;false;The game does not have any piece declared as Shared;Static;;;;;;
Persian Chess with a Queen;pieceDeclaredAsNeutral;29;false;The game does not have any piece declared as Neutral;Static;;;;;;
Persian Chess with a Queen;pieceDeclaredAsEach;36;true;;Static;;;;;;
Persian Chess with a Queen;equalNumberOfPiecesOnTheBoard;35;true;;Static;;;;;;
Persian Chess with a Queen;noUndeclaredPlayerReference;31;true;;Static;;;;;;
Persian Chess with a Queen;sizeOfTrack;30;false;Track concept is not present;Static;;;;;;
Qatranj;lineLessOrEqualThanBoardSide;54;false;Line concept is not present;Static;;;;;;
Qatranj;pieceDeclaredAsShared;58;false;The game does not have any piece declared as Shared;Static;;;;;;
Qatranj;pieceDeclaredAsNeutral;57;false;The game does not have any piece declared as Neutral;Static;;;;;;
Qatranj;pieceDeclaredAsEach;54;true;;Static;;;;;;
Qatranj;equalNumberOfPiecesOnTheBoard;51;true;;Static;;;;;;
Qatranj;noUndeclaredPlayerReference;51;true;;Static;;;;;;
Qatranj;sizeOfTrack;52;false;Track concept is not present;Static;;;;;;
Rumi Shatranj;lineLessOrEqualThanBoardSide;36;false;Line concept is not present;Static;;;;;;
Rumi Shatranj;pieceDeclaredAsShared;34;false;The game does not have any piece declared as Shared;Static;;;;;;
Rumi Shatranj;pieceDeclaredAsNeutral;30;false;The game does not have any piece declared as Neutral;Static;;;;;;
Rumi Shatranj;pieceDeclaredAsEach;30;true;;Static;;;;;;
Rumi Shatranj;equalNumberOfPiecesOnTheBoard;31;true;;Static;;;;;;
Rumi Shatranj;noUndeclaredPlayerReference;28;true;;Static;;;;;;
Rumi Shatranj;sizeOfTrack;31;false;Track concept is not present;Static;;;;;;
Santaraj;lineLessOrEqualThanBoardSide;28;false;Line concept is not present;Static;;;;;;
Santaraj;pieceDeclaredAsShared;29;false;The game does not have any piece declared as Shared;Static;;;;;;
Santaraj;pieceDeclaredAsNeutral;29;false;The game does not have any piece declared as Neutral;Static;;;;;;
Santaraj;pieceDeclaredAsEach;31;true;;Static;;;;;;
Santaraj;equalNumberOfPiecesOnTheBoard;28;true;;Static;;;;;;
Santaraj;noUndeclaredPlayerReference;28;true;;Static;;;;;;
Santaraj;sizeOfTrack;26;false;Track concept is not present;Static;;;;;;
Sarvatobhadra;lineLessOrEqualThanBoardSide;34;false;Line concept is not present;Static;;;;;;
Sarvatobhadra;pieceDeclaredAsShared;35;false;The game does not have any piece declared as Shared;Static;;;;;;
Sarvatobhadra;pieceDeclaredAsNeutral;37;false;The game does not have any piece declared as Neutral;Static;;;;;;
Sarvatobhadra;pieceDeclaredAsEach;39;false;The game does not have any piece declared as Each;Static;;;;;;
Sarvatobhadra;equalNumberOfPiecesOnTheBoard;36;false;Players do not have the same number of pieces;Static;;;;;;
Sarvatobhadra;noUndeclaredPlayerReference;40;true;;Static;;;;;;
Sarvatobhadra;sizeOfTrack;33;false;Track concept is not present;Static;;;;;;
Saxun;lineLessOrEqualThanBoardSide;23;false;Line concept is not present;Static;;;;;;
Saxun;pieceDeclaredAsShared;26;false;The game does not have any piece declared as Shared;Static;;;;;;
Saxun;pieceDeclaredAsNeutral;23;false;The game does not have any piece declared as Neutral;Static;;;;;;
Saxun;pieceDeclaredAsEach;24;true;;Static;;;;;;
Saxun;equalNumberOfPiecesOnTheBoard;23;true;;Static;;;;;;
Saxun;noUndeclaredPlayerReference;26;true;;Static;;;;;;
Saxun;sizeOfTrack;22;false;Track concept is not present;Static;;;;;;
Shataranja;lineLessOrEqualThanBoardSide;39;false;Line concept is not present;Static;;;;;;
Shataranja;pieceDeclaredAsShared;39;false;The game does not have any piece declared as Shared;Static;;;;;;
Shataranja;pieceDeclaredAsNeutral;39;false;The game does not have any piece declared as Neutral;Static;;;;;;
Shataranja;pieceDeclaredAsEach;39;true;;Static;;;;;;
Shataranja;equalNumberOfPiecesOnTheBoard;43;true;;Static;;;;;;
Shataranja;noUndeclaredPlayerReference;51;true;;Static;;;;;;
Shataranja;sizeOfTrack;42;false;Track concept is not present;Static;;;;;;
Shatr ikh Padan;lineLessOrEqualThanBoardSide;21;false;Line concept is not present;Static;;;;;;
Shatr ikh Padan;pieceDeclaredAsShared;22;false;The game does not have any piece declared as Shared;Static;;;;;;
Shatr ikh Padan;pieceDeclaredAsNeutral;19;false;The game does not have any piece declared as Neutral;Static;;;;;;
Shatr ikh Padan;pieceDeclaredAsEach;19;true;;Static;;;;;;
Shatr ikh Padan;equalNumberOfPiecesOnTheBoard;20;true;;Static;;;;;;
Shatr ikh Padan;noUndeclaredPlayerReference;19;true;;Static;;;;;;
Shatr ikh Padan;sizeOfTrack;19;false;Track concept is not present;Static;;;;;;
Shatranj (12x12);lineLessOrEqualThanBoardSide;44;false;Line concept is not present;Static;;;;;;
Shatranj (12x12);pieceDeclaredAsShared;54;false;The game does not have any piece declared as Shared;Static;;;;;;
Shatranj (12x12);pieceDeclaredAsNeutral;49;false;The game does not have any piece declared as Neutral;Static;;;;;;
Shatranj (12x12);pieceDeclaredAsEach;46;true;;Static;;;;;;
Shatranj (12x12);equalNumberOfPiecesOnTheBoard;49;true;;Static;;;;;;
Shatranj (12x12);noUndeclaredPlayerReference;45;true;;Static;;;;;;
Shatranj (12x12);sizeOfTrack;44;false;Track concept is not present;Static;;;;;;
Shatranj (14x14);lineLessOrEqualThanBoardSide;70;false;Line concept is not present;Static;;;;;;
Shatranj (14x14);pieceDeclaredAsShared;66;false;The game does not have any piece declared as Shared;Static;;;;;;
Shatranj (14x14);pieceDeclaredAsNeutral;62;false;The game does not have any piece declared as Neutral;Static;;;;;;
Shatranj (14x14);pieceDeclaredAsEach;63;true;;Static;;;;;;
Shatranj (14x14);equalNumberOfPiecesOnTheBoard;68;true;;Static;;;;;;
Shatranj (14x14);noUndeclaredPlayerReference;72;true;;Static;;;;;;
Shatranj (14x14);sizeOfTrack;68;false;Track concept is not present;Static;;;;;;
Shatranj (Algeria);lineLessOrEqualThanBoardSide;26;false;Line concept is not present;Static;;;;;;
Shatranj (Algeria);pieceDeclaredAsShared;25;false;The game does not have any piece declared as Shared;Static;;;;;;
Shatranj (Algeria);pieceDeclaredAsNeutral;24;false;The game does not have any piece declared as Neutral;Static;;;;;;
Shatranj (Algeria);pieceDeclaredAsEach;30;true;;Static;;;;;;
Shatranj (Algeria);equalNumberOfPiecesOnTheBoard;31;true;;Static;;;;;;
Shatranj (Algeria);noUndeclaredPlayerReference;25;true;;Static;;;;;;
Shatranj (Algeria);sizeOfTrack;26;false;Track concept is not present;Static;;;;;;
Shatranj (Iraq);lineLessOrEqualThanBoardSide;29;false;Line concept is not present;Static;;;;;;
Shatranj (Iraq);pieceDeclaredAsShared;32;false;The game does not have any piece declared as Shared;Static;;;;;;
Shatranj (Iraq);pieceDeclaredAsNeutral;31;false;The game does not have any piece declared as Neutral;Static;;;;;;
Shatranj (Iraq);pieceDeclaredAsEach;28;true;;Static;;;;;;
Shatranj (Iraq);equalNumberOfPiecesOnTheBoard;29;true;;Static;;;;;;
Shatranj (Iraq);noUndeclaredPlayerReference;27;true;;Static;;;;;;
Shatranj (Iraq);sizeOfTrack;30;false;Track concept is not present;Static;;;;;;
Shatranj (Turkey);lineLessOrEqualThanBoardSide;33;false;Line concept is not present;Static;;;;;;
Shatranj (Turkey);pieceDeclaredAsShared;31;false;The game does not have any piece declared as Shared;Static;;;;;;
Shatranj (Turkey);pieceDeclaredAsNeutral;28;false;The game does not have any piece declared as Neutral;Static;;;;;;
Shatranj (Turkey);pieceDeclaredAsEach;32;true;;Static;;;;;;
Shatranj (Turkey);equalNumberOfPiecesOnTheBoard;36;true;;Static;;;;;;
Shatranj (Turkey);noUndeclaredPlayerReference;33;true;;Static;;;;;;
Shatranj (Turkey);sizeOfTrack;28;false;Track concept is not present;Static;;;;;;
Shatranj al-Husun;lineLessOrEqualThanBoardSide;41;false;Line concept is not present;Static;;;;;;
Shatranj al-Husun;pieceDeclaredAsShared;46;false;The game does not have any piece declared as Shared;Static;;;;;;
Shatranj al-Husun;pieceDeclaredAsNeutral;43;false;The game does not have any piece declared as Neutral;Static;;;;;;
Shatranj al-Husun;pieceDeclaredAsEach;56;true;;Static;;;;;;
Shatranj al-Husun;equalNumberOfPiecesOnTheBoard;43;true;;Static;;;;;;
Shatranj al-Husun;noUndeclaredPlayerReference;42;true;;Static;;;;;;
Shatranj al-Husun;sizeOfTrack;49;false;Track concept is not present;Static;;;;;;
Shatranj al-Kabir;lineLessOrEqualThanBoardSide;111;false;Line concept is not present;Static;;;;;;
Shatranj al-Kabir;pieceDeclaredAsShared;107;false;The game does not have any piece declared as Shared;Static;;;;;;
Shatranj al-Kabir;pieceDeclaredAsNeutral;124;false;The game does not have any piece declared as Neutral;Static;;;;;;
Shatranj al-Kabir;pieceDeclaredAsEach;109;true;;Static;;;;;;
Shatranj al-Kabir;equalNumberOfPiecesOnTheBoard;114;true;;Static;;;;;;
Shatranj al-Kabir;noUndeclaredPlayerReference;108;true;;Static;;;;;;
Shatranj al-Kabir;sizeOfTrack;109;false;Track concept is not present;Static;;;;;;
Shatranj al-Mustatila;lineLessOrEqualThanBoardSide;35;false;Line concept is not present;Static;;;;;;
Shatranj al-Mustatila;pieceDeclaredAsShared;33;false;The game does not have any piece declared as Shared;Static;;;;;;
Shatranj al-Mustatila;pieceDeclaredAsNeutral;32;false;The game does not have any piece declared as Neutral;Static;;;;;;
Shatranj al-Mustatila;pieceDeclaredAsEach;32;true;;Static;;;;;;
Shatranj al-Mustatila;equalNumberOfPiecesOnTheBoard;38;true;;Static;;;;;;
Shatranj al-Mustatila;noUndeclaredPlayerReference;34;true;;Static;;;;;;
Shatranj al-Mustatila;sizeOfTrack;37;false;Track concept is not present;Static;;;;;;
Shatranj ar-Rumiya;lineLessOrEqualThanBoardSide;53;false;Line concept is not present;Static;;;;;;
Shatranj ar-Rumiya;pieceDeclaredAsShared;53;false;The game does not have any piece declared as Shared;Static;;;;;;
Shatranj ar-Rumiya;pieceDeclaredAsNeutral;55;false;The game does not have any piece declared as Neutral;Static;;;;;;
Shatranj ar-Rumiya;pieceDeclaredAsEach;54;true;;Static;;;;;;
Shatranj ar-Rumiya;equalNumberOfPiecesOnTheBoard;54;true;;Static;;;;;;
Shatranj ar-Rumiya;noUndeclaredPlayerReference;52;true;;Static;;;;;;
Shatranj ar-Rumiya;sizeOfTrack;50;false;Track concept is not present;Static;;;;;;
Shatranj at-Tamma;lineLessOrEqualThanBoardSide;42;false;Line concept is not present;Static;;;;;;
Shatranj at-Tamma;pieceDeclaredAsShared;41;false;The game does not have any piece declared as Shared;Static;;;;;;
Shatranj at-Tamma;pieceDeclaredAsNeutral;43;false;The game does not have any piece declared as Neutral;Static;;;;;;
Shatranj at-Tamma;pieceDeclaredAsEach;38;true;;Static;;;;;;
Shatranj at-Tamma;equalNumberOfPiecesOnTheBoard;38;true;;Static;;;;;;
Shatranj at-Tamma;noUndeclaredPlayerReference;37;true;;Static;;;;;;
Shatranj at-Tamma;sizeOfTrack;40;false;Track concept is not present;Static;;;;;;
Shatranj Diwana Shah;lineLessOrEqualThanBoardSide;32;false;Line concept is not present;Static;;;;;;
Shatranj Diwana Shah;pieceDeclaredAsShared;33;false;The game does not have any piece declared as Shared;Static;;;;;;
Shatranj Diwana Shah;pieceDeclaredAsNeutral;31;false;The game does not have any piece declared as Neutral;Static;;;;;;
Shatranj Diwana Shah;pieceDeclaredAsEach;32;true;;Static;;;;;;
Shatranj Diwana Shah;equalNumberOfPiecesOnTheBoard;30;false;Players do not have the same number of pieces;Static;;;;;;
Shatranj Diwana Shah;noUndeclaredPlayerReference;31;true;;Static;;;;;;
Shatranj Diwana Shah;sizeOfTrack;31;false;Track concept is not present;Static;;;;;;
Shatranj;lineLessOrEqualThanBoardSide;26;false;Line concept is not present;Static;;;;;;
Shatranj;pieceDeclaredAsShared;27;false;The game does not have any piece declared as Shared;Static;;;;;;
Shatranj;pieceDeclaredAsNeutral;27;false;The game does not have any piece declared as Neutral;Static;;;;;;
Shatranj;pieceDeclaredAsEach;29;true;;Static;;;;;;
Shatranj;equalNumberOfPiecesOnTheBoard;29;true;;Static;;;;;;
Shatranj;noUndeclaredPlayerReference;27;true;;Static;;;;;;
Shatranj;sizeOfTrack;26;false;Track concept is not present;Static;;;;;;
Shatren;lineLessOrEqualThanBoardSide;28;false;Line concept is not present;Static;;;;;;
Shatren;pieceDeclaredAsShared;28;false;The game does not have any piece declared as Shared;Static;;;;;;
Shatren;pieceDeclaredAsNeutral;29;false;The game does not have any piece declared as Neutral;Static;;;;;;
Shatren;pieceDeclaredAsEach;32;true;;Static;;;;;;
Shatren;equalNumberOfPiecesOnTheBoard;30;true;;Static;;;;;;
Shatren;noUndeclaredPlayerReference;29;true;;Static;;;;;;
Shatren;sizeOfTrack;28;false;Track concept is not present;Static;;;;;;
Shodra;lineLessOrEqualThanBoardSide;28;false;Line concept is not present;Static;;;;;;
Shodra;pieceDeclaredAsShared;25;false;The game does not have any piece declared as Shared;Static;;;;;;
Shodra;pieceDeclaredAsNeutral;26;false;The game does not have any piece declared as Neutral;Static;;;;;;
Shodra;pieceDeclaredAsEach;27;true;;Static;;;;;;
Shodra;equalNumberOfPiecesOnTheBoard;27;true;;Static;;;;;;
Shodra;noUndeclaredPlayerReference;27;true;;Static;;;;;;
Shodra;sizeOfTrack;27;false;Track concept is not present;Static;;;;;;
Sittuyin;lineLessOrEqualThanBoardSide;110;false;Line concept is not present;Static;;;;;;
Sittuyin;pieceDeclaredAsShared;111;false;The game does not have any piece declared as Shared;Static;;;;;;
Sittuyin;pieceDeclaredAsNeutral;102;false;The game does not have any piece declared as Neutral;Static;;;;;;
Sittuyin;pieceDeclaredAsEach;111;true;;Static;;;;;;
Sittuyin;equalNumberOfPiecesOnTheBoard;107;true;;Static;;;;;;
Sittuyin;noUndeclaredPlayerReference;107;true;;Static;;;;;;
Sittuyin;sizeOfTrack;107;false;Track concept is not present;Static;;;;;;
Tepong;lineLessOrEqualThanBoardSide;30;false;Line concept is not present;Static;;;;;;
Tepong;pieceDeclaredAsShared;33;false;The game does not have any piece declared as Shared;Static;;;;;;
Tepong;pieceDeclaredAsNeutral;32;false;The game does not have any piece declared as Neutral;Static;;;;;;
Tepong;pieceDeclaredAsEach;34;true;;Static;;;;;;
Tepong;equalNumberOfPiecesOnTheBoard;32;true;;Static;;;;;;
Tepong;noUndeclaredPlayerReference;33;true;;Static;;;;;;
Tepong;sizeOfTrack;30;false;Track concept is not present;Static;;;;;;
Tsatsarandi;lineLessOrEqualThanBoardSide;26;false;Line concept is not present;Static;;;;;;
Tsatsarandi;pieceDeclaredAsShared;25;false;The game does not have any piece declared as Shared;Static;;;;;;
Tsatsarandi;pieceDeclaredAsNeutral;24;false;The game does not have any piece declared as Neutral;Static;;;;;;
Tsatsarandi;pieceDeclaredAsEach;24;true;;Static;;;;;;
Tsatsarandi;equalNumberOfPiecesOnTheBoard;26;true;;Static;;;;;;
Tsatsarandi;noUndeclaredPlayerReference;25;true;;Static;;;;;;
Tsatsarandi;sizeOfTrack;25;false;Track concept is not present;Static;;;;;;
1D Chess;lineLessOrEqualThanBoardSide;10;false;Line concept is not present;Static;;;;;;
1D Chess;pieceDeclaredAsShared;9;false;The game does not have any piece declared as Shared;Static;;;;;;
1D Chess;pieceDeclaredAsNeutral;8;false;The game does not have any piece declared as Neutral;Static;;;;;;
1D Chess;pieceDeclaredAsEach;9;true;;Static;;;;;;
1D Chess;equalNumberOfPiecesOnTheBoard;8;true;;Static;;;;;;
1D Chess;noUndeclaredPlayerReference;8;true;;Static;;;;;;
1D Chess;sizeOfTrack;8;false;Track concept is not present;Static;;;;;;
Acedrex (Alfonso);lineLessOrEqualThanBoardSide;34;false;Line concept is not present;Static;;;;;;
Acedrex (Alfonso);pieceDeclaredAsShared;28;false;The game does not have any piece declared as Shared;Static;;;;;;
Acedrex (Alfonso);pieceDeclaredAsNeutral;28;false;The game does not have any piece declared as Neutral;Static;;;;;;
Acedrex (Alfonso);pieceDeclaredAsEach;31;true;;Static;;;;;;
Acedrex (Alfonso);equalNumberOfPiecesOnTheBoard;30;true;;Static;;;;;;
Acedrex (Alfonso);noUndeclaredPlayerReference;30;true;;Static;;;;;;
Acedrex (Alfonso);sizeOfTrack;33;false;Track concept is not present;Static;;;;;;
Acedrex de los Cuatros Tiempos;lineLessOrEqualThanBoardSide;101;false;Line concept is not present;Static;;;;;;
Acedrex de los Cuatros Tiempos;pieceDeclaredAsShared;99;false;The game does not have any piece declared as Shared;Static;;;;;;
Acedrex de los Cuatros Tiempos;pieceDeclaredAsNeutral;95;false;The game does not have any piece declared as Neutral;Static;;;;;;
Acedrex de los Cuatros Tiempos;pieceDeclaredAsEach;105;false;Ludeme Each for the piece Queen requires at least one definition of QueenN, with N > 0;Static;;;;;;
Acedrex de los Cuatros Tiempos;equalNumberOfPiecesOnTheBoard;93;true;;Static;;;;;;
Acedrex de los Cuatros Tiempos;noUndeclaredPlayerReference;91;true;;Static;;;;;;
Acedrex de los Cuatros Tiempos;sizeOfTrack;94;false;Track concept is not present;Static;;;;;;
Alice Chess;lineLessOrEqualThanBoardSide;59;false;Line concept is not present;Static;;;;;;
Alice Chess;pieceDeclaredAsShared;61;false;The game does not have any piece declared as Shared;Static;;;;;;
Alice Chess;pieceDeclaredAsNeutral;56;false;The game does not have any piece declared as Neutral;Static;;;;;;
Alice Chess;pieceDeclaredAsEach;57;true;;Static;;;;;;
Alice Chess;equalNumberOfPiecesOnTheBoard;58;true;;Static;;;;;;
Alice Chess;noUndeclaredPlayerReference;60;true;;Static;;;;;;
Alice Chess;sizeOfTrack;57;false;Track concept is not present;Static;;;;;;
Amazon Chess;lineLessOrEqualThanBoardSide;44;false;Line concept is not present;Static;;;;;;
Amazon Chess;pieceDeclaredAsShared;43;false;The game does not have any piece declared as Shared;Static;;;;;;
Amazon Chess;pieceDeclaredAsNeutral;46;false;The game does not have any piece declared as Neutral;Static;;;;;;
Amazon Chess;pieceDeclaredAsEach;45;true;;Static;;;;;;
Amazon Chess;equalNumberOfPiecesOnTheBoard;45;true;;Static;;;;;;
Amazon Chess;noUndeclaredPlayerReference;44;true;;Static;;;;;;
Amazon Chess;sizeOfTrack;44;false;Track concept is not present;Static;;;;;;
Atomic Chess;lineLessOrEqualThanBoardSide;55;false;Line concept is not present;Static;;;;;;
Atomic Chess;pieceDeclaredAsShared;54;false;The game does not have any piece declared as Shared;Static;;;;;;
Atomic Chess;pieceDeclaredAsNeutral;50;false;The game does not have any piece declared as Neutral;Static;;;;;;
Atomic Chess;pieceDeclaredAsEach;52;true;;Static;;;;;;
Atomic Chess;equalNumberOfPiecesOnTheBoard;54;true;;Static;;;;;;
Atomic Chess;noUndeclaredPlayerReference;49;true;;Static;;;;;;
Atomic Chess;sizeOfTrack;53;false;Track concept is not present;Static;;;;;;
Beirut Chess;lineLessOrEqualThanBoardSide;45;false;Line concept is not present;Static;;;;;;
Beirut Chess;pieceDeclaredAsShared;43;false;The game does not have any piece declared as Shared;Static;;;;;;
Beirut Chess;pieceDeclaredAsNeutral;43;false;The game does not have any piece declared as Neutral;Static;;;;;;
Beirut Chess;pieceDeclaredAsEach;45;true;;Static;;;;;;
Beirut Chess;equalNumberOfPiecesOnTheBoard;46;true;;Static;;;;;;
Beirut Chess;noUndeclaredPlayerReference;45;true;;Static;;;;;;
Beirut Chess;sizeOfTrack;44;false;Track concept is not present;Static;;;;;;
Brusky Chess;lineLessOrEqualThanBoardSide;64;false;Line concept is not present;Static;;;;;;
Brusky Chess;pieceDeclaredAsShared;64;false;The game does not have any piece declared as Shared;Static;;;;;;
Brusky Chess;pieceDeclaredAsNeutral;67;false;The game does not have any piece declared as Neutral;Static;;;;;;
Brusky Chess;pieceDeclaredAsEach;65;true;;Static;;;;;;
Brusky Chess;equalNumberOfPiecesOnTheBoard;66;true;;Static;;;;;;
Brusky Chess;noUndeclaredPlayerReference;66;true;;Static;;;;;;
Brusky Chess;sizeOfTrack;65;false;Track concept is not present;Static;;;;;;
Chess;lineLessOrEqualThanBoardSide;45;false;Line concept is not present;Static;;;;;;
Chess;pieceDeclaredAsShared;46;false;The game does not have any piece declared as Shared;Static;;;;;;
Chess;pieceDeclaredAsNeutral;45;false;The game does not have any piece declared as Neutral;Static;;;;;;
Chess;pieceDeclaredAsEach;43;true;;Static;;;;;;
Chess;equalNumberOfPiecesOnTheBoard;46;true;;Static;;;;;;
Chess;noUndeclaredPlayerReference;48;true;;Static;;;;;;
Chess;sizeOfTrack;48;false;Track concept is not present;Static;;;;;;
Chessence;lineLessOrEqualThanBoardSide;31;false;Line concept is not present;Static;;;;;;
Chessence;pieceDeclaredAsShared;33;false;The game does not have any piece declared as Shared;Static;;;;;;
Chessence;pieceDeclaredAsNeutral;30;false;The game does not have any piece declared as Neutral;Static;;;;;;
Chessence;pieceDeclaredAsEach;30;true;;Static;;;;;;
Chessence;equalNumberOfPiecesOnTheBoard;31;true;;Static;;;;;;
Chessence;noUndeclaredPlayerReference;31;true;;Static;;;;;;
Chessence;sizeOfTrack;32;false;Track concept is not present;Static;;;;;;
Chex;lineLessOrEqualThanBoardSide;1273;false;Line concept is not present;Static;;;;;;
Chex;pieceDeclaredAsShared;1418;false;The game does not have any piece declared as Shared;Static;;;;;;
Chex;pieceDeclaredAsNeutral;1310;false;The game does not have any piece declared as Neutral;Static;;;;;;
Chex;pieceDeclaredAsEach;1403;false;The game does not have any piece declared as Each;Static;;;;;;
Chex;equalNumberOfPiecesOnTheBoard;1429;true;;Static;;;;;;
Chex;noUndeclaredPlayerReference;1492;true;;Static;;;;;;
Chex;sizeOfTrack;1374;false;Track concept is not present;Static;;;;;;
Currierspiel;lineLessOrEqualThanBoardSide;68;false;Line concept is not present;Static;;;;;;
Currierspiel;pieceDeclaredAsShared;53;false;The game does not have any piece declared as Shared;Static;;;;;;
Currierspiel;pieceDeclaredAsNeutral;49;false;The game does not have any piece declared as Neutral;Static;;;;;;
Currierspiel;pieceDeclaredAsEach;48;true;;Static;;;;;;
Currierspiel;equalNumberOfPiecesOnTheBoard;46;true;;Static;;;;;;
Currierspiel;noUndeclaredPlayerReference;49;true;;Static;;;;;;
Currierspiel;sizeOfTrack;40;false;Track concept is not present;Static;;;;;;
De Vasa Chess;lineLessOrEqualThanBoardSide;85;false;Line concept is not present;Static;;;;;;
De Vasa Chess;pieceDeclaredAsShared;70;false;The game does not have any piece declared as Shared;Static;;;;;;
De Vasa Chess;pieceDeclaredAsNeutral;77;false;The game does not have any piece declared as Neutral;Static;;;;;;
De Vasa Chess;pieceDeclaredAsEach;75;true;;Static;;;;;;
De Vasa Chess;equalNumberOfPiecesOnTheBoard;67;true;;Static;;;;;;
De Vasa Chess;noUndeclaredPlayerReference;87;true;;Static;;;;;;
De Vasa Chess;sizeOfTrack;93;false;Track concept is not present;Static;;;;;;
Dice Chess;lineLessOrEqualThanBoardSide;51;false;Line concept is not present;Static;;;;;;
Dice Chess;pieceDeclaredAsShared;42;false;The game does not have any piece declared as Shared;Static;;;;;;
Dice Chess;pieceDeclaredAsNeutral;46;false;The game does not have any piece declared as Neutral;Static;;;;;;
Dice Chess;pieceDeclaredAsEach;40;true;;Static;;;;;;
Dice Chess;equalNumberOfPiecesOnTheBoard;38;true;;Static;;;;;;
Dice Chess;noUndeclaredPlayerReference;43;true;;Static;;;;;;
Dice Chess;sizeOfTrack;37;false;Track concept is not present;Static;;;;;;
Double Chess;lineLessOrEqualThanBoardSide;102;false;Line concept is not present;Static;;;;;;
Double Chess;pieceDeclaredAsShared;97;false;The game does not have any piece declared as Shared;Static;;;;;;
Double Chess;pieceDeclaredAsNeutral;104;false;The game does not have any piece declared as Neutral;Static;;;;;;
Double Chess;pieceDeclaredAsEach;101;true;;Static;;;;;;
Double Chess;equalNumberOfPiecesOnTheBoard;106;true;;Static;;;;;;
Double Chess;noUndeclaredPlayerReference;104;true;;Static;;;;;;
Double Chess;sizeOfTrack;101;false;Track concept is not present;Static;;;;;;
Dragonchess;lineLessOrEqualThanBoardSide;83;false;Line concept is not present;Static;;;;;;
Dragonchess;pieceDeclaredAsShared;72;false;The game does not have any piece declared as Shared;Static;;;;;;
Dragonchess;pieceDeclaredAsNeutral;72;false;The game does not have any piece declared as Neutral;Static;;;;;;
Dragonchess;pieceDeclaredAsEach;79;true;;Static;;;;;;
Dragonchess;equalNumberOfPiecesOnTheBoard;84;true;;Static;;;;;;
Dragonchess;noUndeclaredPlayerReference;77;true;;Static;;;;;;
Dragonchess;sizeOfTrack;87;false;Track concept is not present;Static;;;;;;
Fischer Random Chess;lineLessOrEqualThanBoardSide;178;false;Line concept is not present;Static;;;;;;
Fischer Random Chess;pieceDeclaredAsShared;193;false;The game does not have any piece declared as Shared;Static;;;;;;
Fischer Random Chess;pieceDeclaredAsNeutral;173;false;The game does not have any piece declared as Neutral;Static;;;;;;
Fischer Random Chess;pieceDeclaredAsEach;172;true;;Static;;;;;;
Fischer Random Chess;equalNumberOfPiecesOnTheBoard;177;true;;Static;;;;;;
Fischer Random Chess;noUndeclaredPlayerReference;168;true;;Static;;;;;;
Fischer Random Chess;sizeOfTrack;159;false;Track concept is not present;Static;;;;;;
Forcado;lineLessOrEqualThanBoardSide;186;false;Line concept is not present;Static;;;;;;
Forcado;pieceDeclaredAsShared;185;false;The game does not have any piece declared as Shared;Static;;;;;;
Forcado;pieceDeclaredAsNeutral;185;false;The game does not have any piece declared as Neutral;Static;;;;;;
Forcado;pieceDeclaredAsEach;199;true;;Static;;;;;;
Forcado;equalNumberOfPiecesOnTheBoard;208;true;;Static;;;;;;
Forcado;noUndeclaredPlayerReference;214;true;;Static;;;;;;
Forcado;sizeOfTrack;182;false;Track concept is not present;Static;;;;;;
Four-Player Chess;lineLessOrEqualThanBoardSide;140;false;Line concept is not present;Static;;;;;;
Four-Player Chess;pieceDeclaredAsShared;132;false;The game does not have any piece declared as Shared;Static;;;;;;
Four-Player Chess;pieceDeclaredAsNeutral;119;false;The game does not have any piece declared as Neutral;Static;;;;;;
Four-Player Chess;pieceDeclaredAsEach;103;true;;Static;;;;;;
Four-Player Chess;equalNumberOfPiecesOnTheBoard;108;true;;Static;;;;;;
Four-Player Chess;noUndeclaredPlayerReference;112;true;;Static;;;;;;
Four-Player Chess;sizeOfTrack;98;false;Track concept is not present;Static;;;;;;
Glinski Chess;lineLessOrEqualThanBoardSide;51;false;Line concept is not present;Static;;;;;;
Glinski Chess;pieceDeclaredAsShared;48;false;The game does not have any piece declared as Shared;Static;;;;;;
Glinski Chess;pieceDeclaredAsNeutral;49;false;The game does not have any piece declared as Neutral;Static;;;;;;
Glinski Chess;pieceDeclaredAsEach;49;true;;Static;;;;;;
Glinski Chess;equalNumberOfPiecesOnTheBoard;48;true;;Static;;;;;;
Glinski Chess;noUndeclaredPlayerReference;48;true;;Static;;;;;;
Glinski Chess;sizeOfTrack;47;false;Track concept is not present;Static;;;;;;
Grande Acedrex;lineLessOrEqualThanBoardSide;78;false;Line concept is not present;Static;;;;;;
Grande Acedrex;pieceDeclaredAsShared;82;false;The game does not have any piece declared as Shared;Static;;;;;;
Grande Acedrex;pieceDeclaredAsNeutral;80;false;The game does not have any piece declared as Neutral;Static;;;;;;
Grande Acedrex;pieceDeclaredAsEach;79;true;;Static;;;;;;
Grande Acedrex;equalNumberOfPiecesOnTheBoard;82;true;;Static;;;;;;
Grande Acedrex;noUndeclaredPlayerReference;80;true;;Static;;;;;;
Grande Acedrex;sizeOfTrack;78;false;Track concept is not present;Static;;;;;;
Half Chess;lineLessOrEqualThanBoardSide;16;false;Line concept is not present;Static;;;;;;
Half Chess;pieceDeclaredAsShared;15;false;The game does not have any piece declared as Shared;Static;;;;;;
Half Chess;pieceDeclaredAsNeutral;17;false;The game does not have any piece declared as Neutral;Static;;;;;;
Half Chess;pieceDeclaredAsEach;17;true;;Static;;;;;;
Half Chess;equalNumberOfPiecesOnTheBoard;19;true;;Static;;;;;;
Half Chess;noUndeclaredPlayerReference;19;true;;Static;;;;;;
Half Chess;sizeOfTrack;16;false;Track concept is not present;Static;;;;;;
Horde Chess;lineLessOrEqualThanBoardSide;51;false;Line concept is not present;Static;;;;;;
Horde Chess;pieceDeclaredAsShared;54;false;The game does not have any piece declared as Shared;Static;;;;;;
Horde Chess;pieceDeclaredAsNeutral;50;false;The game does not have any piece declared as Neutral;Static;;;;;;
Horde Chess;pieceDeclaredAsEach;52;true;;Static;;;;;;
Horde Chess;equalNumberOfPiecesOnTheBoard;53;false;Players do not have the same number of pieces;Static;;;;;;
Horde Chess;noUndeclaredPlayerReference;49;true;;Static;;;;;;
Horde Chess;sizeOfTrack;49;false;Track concept is not present;Static;;;;;;
Korkserschach;lineLessOrEqualThanBoardSide;54;false;Line concept is not present;Static;;;;;;
Korkserschach;pieceDeclaredAsShared;62;false;The game does not have any piece declared as Shared;Static;;;;;;
Korkserschach;pieceDeclaredAsNeutral;57;false;The game does not have any piece declared as Neutral;Static;;;;;;
Korkserschach;pieceDeclaredAsEach;61;true;;Static;;;;;;
Korkserschach;equalNumberOfPiecesOnTheBoard;54;true;;Static;;;;;;
Korkserschach;noUndeclaredPlayerReference;59;true;;Static;;;;;;
Korkserschach;sizeOfTrack;56;false;Track concept is not present;Static;;;;;;
Kriegspiel (Chess);lineLessOrEqualThanBoardSide;4907;false;Line concept is not present;Static;;;;;;
Kriegspiel (Chess);pieceDeclaredAsShared;5040;false;The game does not have any piece declared as Shared;Static;;;;;;
Kriegspiel (Chess);pieceDeclaredAsNeutral;5022;false;The game does not have any piece declared as Neutral;Static;;;;;;
Kriegspiel (Chess);pieceDeclaredAsEach;5098;true;;Static;;;;;;
Kriegspiel (Chess);equalNumberOfPiecesOnTheBoard;4921;true;;Static;;;;;;
Kriegspiel (Chess);noUndeclaredPlayerReference;5344;true;;Static;;;;;;
Kriegspiel (Chess);sizeOfTrack;5306;false;Track concept is not present;Static;;;;;;
Level Chess;lineLessOrEqualThanBoardSide;291;false;Line concept is not present;Static;;;;;;
Level Chess;pieceDeclaredAsShared;190;false;The game does not have any piece declared as Shared;Static;;;;;;
Level Chess;pieceDeclaredAsNeutral;193;false;The game does not have any piece declared as Neutral;Static;;;;;;
Level Chess;pieceDeclaredAsEach;183;true;;Static;;;;;;
Level Chess;equalNumberOfPiecesOnTheBoard;200;true;;Static;;;;;;
Level Chess;noUndeclaredPlayerReference;180;true;;Static;;;;;;
Level Chess;sizeOfTrack;210;false;Track concept is not present;Static;;;;;;
Lombard Chess;lineLessOrEqualThanBoardSide;38;false;Line concept is not present;Static;;;;;;
Lombard Chess;pieceDeclaredAsShared;40;false;The game does not have any piece declared as Shared;Static;;;;;;
Lombard Chess;pieceDeclaredAsNeutral;31;false;The game does not have any piece declared as Neutral;Static;;;;;;
Lombard Chess;pieceDeclaredAsEach;35;true;;Static;;;;;;
Lombard Chess;equalNumberOfPiecesOnTheBoard;39;true;;Static;;;;;;
Lombard Chess;noUndeclaredPlayerReference;32;true;;Static;;;;;;
Lombard Chess;sizeOfTrack;32;false;Track concept is not present;Static;;;;;;
Long Assize;lineLessOrEqualThanBoardSide;40;false;Line concept is not present;Static;;;;;;
Long Assize;pieceDeclaredAsShared;39;false;The game does not have any piece declared as Shared;Static;;;;;;
Long Assize;pieceDeclaredAsNeutral;41;false;The game does not have any piece declared as Neutral;Static;;;;;;
Long Assize;pieceDeclaredAsEach;37;true;;Static;;;;;;
Long Assize;equalNumberOfPiecesOnTheBoard;33;true;;Static;;;;;;
Long Assize;noUndeclaredPlayerReference;41;true;;Static;;;;;;
Long Assize;sizeOfTrack;33;false;Track concept is not present;Static;;;;;;
Loop Chess;lineLessOrEqualThanBoardSide;77;false;Line concept is not present;Static;;;;;;
Loop Chess;pieceDeclaredAsShared;81;false;The game does not have any piece declared as Shared;Static;;;;;;
Loop Chess;pieceDeclaredAsNeutral;87;false;The game does not have any piece declared as Neutral;Static;;;;;;
Loop Chess;pieceDeclaredAsEach;85;true;;Static;;;;;;
Loop Chess;equalNumberOfPiecesOnTheBoard;86;true;;Static;;;;;;
Loop Chess;noUndeclaredPlayerReference;83;true;;Static;;;;;;
Loop Chess;sizeOfTrack;81;false;Track concept is not present;Static;;;;;;
Los Alamos Chess;lineLessOrEqualThanBoardSide;25;false;Line concept is not present;Static;;;;;;
Los Alamos Chess;pieceDeclaredAsShared;19;false;The game does not have any piece declared as Shared;Static;;;;;;
Los Alamos Chess;pieceDeclaredAsNeutral;22;false;The game does not have any piece declared as Neutral;Static;;;;;;
Los Alamos Chess;pieceDeclaredAsEach;29;true;;Static;;;;;;
Los Alamos Chess;equalNumberOfPiecesOnTheBoard;22;true;;Static;;;;;;
Los Alamos Chess;noUndeclaredPlayerReference;22;true;;Static;;;;;;
Los Alamos Chess;sizeOfTrack;25;false;Track concept is not present;Static;;;;;;
Maharajah Chess;lineLessOrEqualThanBoardSide;51;false;Line concept is not present;Static;;;;;;
Maharajah Chess;pieceDeclaredAsShared;63;false;The game does not have any piece declared as Shared;Static;;;;;;
Maharajah Chess;pieceDeclaredAsNeutral;65;false;The game does not have any piece declared as Neutral;Static;;;;;;
Maharajah Chess;pieceDeclaredAsEach;56;false;The game does not have any piece declared as Each;Static;;;;;;
Maharajah Chess;equalNumberOfPiecesOnTheBoard;56;false;Players do not have the same number of pieces;Static;;;;;;
Maharajah Chess;noUndeclaredPlayerReference;57;true;;Static;;;;;;
Maharajah Chess;sizeOfTrack;59;false;Track concept is not present;Static;;;;;;
McCooey Chess;lineLessOrEqualThanBoardSide;62;false;Line concept is not present;Static;;;;;;
McCooey Chess;pieceDeclaredAsShared;69;false;The game does not have any piece declared as Shared;Static;;;;;;
McCooey Chess;pieceDeclaredAsNeutral;53;false;The game does not have any piece declared as Neutral;Static;;;;;;
McCooey Chess;pieceDeclaredAsEach;61;true;;Static;;;;;;
McCooey Chess;equalNumberOfPiecesOnTheBoard;67;true;;Static;;;;;;
McCooey Chess;noUndeclaredPlayerReference;57;true;;Static;;;;;;
McCooey Chess;sizeOfTrack;69;false;Track concept is not present;Static;;;;;;
Medieval Chess;lineLessOrEqualThanBoardSide;34;false;Line concept is not present;Static;;;;;;
Medieval Chess;pieceDeclaredAsShared;34;false;The game does not have any piece declared as Shared;Static;;;;;;
Medieval Chess;pieceDeclaredAsNeutral;41;false;The game does not have any piece declared as Neutral;Static;;;;;;
Medieval Chess;pieceDeclaredAsEach;32;true;;Static;;;;;;
Medieval Chess;equalNumberOfPiecesOnTheBoard;31;true;;Static;;;;;;
Medieval Chess;noUndeclaredPlayerReference;38;true;;Static;;;;;;
Medieval Chess;sizeOfTrack;32;false;Track concept is not present;Static;;;;;;
Mini Hexchess;lineLessOrEqualThanBoardSide;29;false;Line concept is not present;Static;;;;;;
Mini Hexchess;pieceDeclaredAsShared;30;false;The game does not have any piece declared as Shared;Static;;;;;;
Mini Hexchess;pieceDeclaredAsNeutral;29;false;The game does not have any piece declared as Neutral;Static;;;;;;
Mini Hexchess;pieceDeclaredAsEach;26;false;Ludeme Each for the piece Queen requires at least one definition of QueenN, with N > 0;Static;;;;;;
Mini Hexchess;equalNumberOfPiecesOnTheBoard;26;true;;Static;;;;;;
Mini Hexchess;noUndeclaredPlayerReference;36;true;;Static;;;;;;
Mini Hexchess;sizeOfTrack;29;false;Track concept is not present;Static;;;;;;
Nodal Chess;lineLessOrEqualThanBoardSide;136;false;Line concept is not present;Static;;;;;;
Nodal Chess;pieceDeclaredAsShared;147;false;The game does not have any piece declared as Shared;Static;;;;;;
Nodal Chess;pieceDeclaredAsNeutral;138;false;The game does not have any piece declared as Neutral;Static;;;;;;
Nodal Chess;pieceDeclaredAsEach;170;true;;Static;;;;;;
Nodal Chess;equalNumberOfPiecesOnTheBoard;145;true;;Static;;;;;;
Nodal Chess;noUndeclaredPlayerReference;126;true;;Static;;;;;;
Nodal Chess;sizeOfTrack;130;false;Track concept is not present;Static;;;;;;
Official Football Chess;lineLessOrEqualThanBoardSide;47;false;Line concept is not present;Static;;;;;;
Official Football Chess;pieceDeclaredAsShared;48;false;The game does not have any piece declared as Shared;Static;;;;;;
Official Football Chess;pieceDeclaredAsNeutral;54;false;The game does not have any piece declared as Neutral;Static;;;;;;
Official Football Chess;pieceDeclaredAsEach;49;true;;Static;;;;;;
Official Football Chess;equalNumberOfPiecesOnTheBoard;50;true;;Static;;;;;;
Official Football Chess;noUndeclaredPlayerReference;46;true;;Static;;;;;;
Official Football Chess;sizeOfTrack;46;false;Track concept is not present;Static;;;;;;
Phase Chess;lineLessOrEqualThanBoardSide;99;false;Line concept is not present;Static;;;;;;
Phase Chess;pieceDeclaredAsShared;96;false;The game does not have any piece declared as Shared;Static;;;;;;
Phase Chess;pieceDeclaredAsNeutral;93;false;The game does not have any piece declared as Neutral;Static;;;;;;
Phase Chess;pieceDeclaredAsEach;98;true;;Static;;;;;;
Phase Chess;equalNumberOfPiecesOnTheBoard;100;true;;Static;;;;;;
Phase Chess;noUndeclaredPlayerReference;93;true;;Static;;;;;;
Phase Chess;sizeOfTrack;94;false;Track concept is not present;Static;;;;;;
Quick Chess;lineLessOrEqualThanBoardSide;26;false;Line concept is not present;Static;;;;;;
Quick Chess;pieceDeclaredAsShared;29;false;The game does not have any piece declared as Shared;Static;;;;;;
Quick Chess;pieceDeclaredAsNeutral;29;false;The game does not have any piece declared as Neutral;Static;;;;;;
Quick Chess;pieceDeclaredAsEach;28;true;;Static;;;;;;
Quick Chess;equalNumberOfPiecesOnTheBoard;26;true;;Static;;;;;;
Quick Chess;noUndeclaredPlayerReference;29;true;;Static;;;;;;
Quick Chess;sizeOfTrack;29;false;Track concept is not present;Static;;;;;;
Russian Fortress Chess;lineLessOrEqualThanBoardSide;295;false;Line concept is not present;Static;;;;;;
Russian Fortress Chess;pieceDeclaredAsShared;286;true;;Static;;;;;;
Russian Fortress Chess;pieceDeclaredAsNeutral;257;false;The game does not have any piece declared as Neutral;Static;;;;;;
Russian Fortress Chess;pieceDeclaredAsEach;274;true;;Static;;;;;;
Russian Fortress Chess;equalNumberOfPiecesOnTheBoard;269;true;;Static;;;;;;
Russian Fortress Chess;noUndeclaredPlayerReference;263;true;;Static;;;;;;
Russian Fortress Chess;sizeOfTrack;293;false;Track concept is not present;Static;;;;;;
Scachs;lineLessOrEqualThanBoardSide;56;false;Line concept is not present;Static;;;;;;
Scachs;pieceDeclaredAsShared;45;false;The game does not have any piece declared as Shared;Static;;;;;;
Scachs;pieceDeclaredAsNeutral;42;false;The game does not have any piece declared as Neutral;Static;;;;;;
Scachs;pieceDeclaredAsEach;42;true;;Static;;;;;;
Scachs;equalNumberOfPiecesOnTheBoard;45;true;;Static;;;;;;
Scachs;noUndeclaredPlayerReference;42;true;;Static;;;;;;
Scachs;sizeOfTrack;42;false;Track concept is not present;Static;;;;;;
Schachzabel;lineLessOrEqualThanBoardSide;31;false;Line concept is not present;Static;;;;;;
Schachzabel;pieceDeclaredAsShared;31;false;The game does not have any piece declared as Shared;Static;;;;;;
Schachzabel;pieceDeclaredAsNeutral;33;false;The game does not have any piece declared as Neutral;Static;;;;;;
Schachzabel;pieceDeclaredAsEach;31;true;;Static;;;;;;
Schachzabel;equalNumberOfPiecesOnTheBoard;35;true;;Static;;;;;;
Schachzabel;noUndeclaredPlayerReference;35;true;;Static;;;;;;
Schachzabel;sizeOfTrack;34;false;Track concept is not present;Static;;;;;;
Shafran Chess;lineLessOrEqualThanBoardSide;76;false;Line concept is not present;Static;;;;;;
Shafran Chess;pieceDeclaredAsShared;79;false;The game does not have any piece declared as Shared;Static;;;;;;
Shafran Chess;pieceDeclaredAsNeutral;88;false;The game does not have any piece declared as Neutral;Static;;;;;;
Shafran Chess;pieceDeclaredAsEach;87;true;;Static;;;;;;
Shafran Chess;equalNumberOfPiecesOnTheBoard;82;true;;Static;;;;;;
Shafran Chess;noUndeclaredPlayerReference;83;true;;Static;;;;;;
Shafran Chess;sizeOfTrack;82;false;Track concept is not present;Static;;;;;;
Shakhmaty;lineLessOrEqualThanBoardSide;41;false;Line concept is not present;Static;;;;;;
Shakhmaty;pieceDeclaredAsShared;47;false;The game does not have any piece declared as Shared;Static;;;;;;
Shakhmaty;pieceDeclaredAsNeutral;49;false;The game does not have any piece declared as Neutral;Static;;;;;;
Shakhmaty;pieceDeclaredAsEach;41;true;;Static;;;;;;
Shakhmaty;equalNumberOfPiecesOnTheBoard;42;true;;Static;;;;;;
Shakhmaty;noUndeclaredPlayerReference;41;true;;Static;;;;;;
Shakhmaty;sizeOfTrack;44;false;Track concept is not present;Static;;;;;;
Shatera;lineLessOrEqualThanBoardSide;29;false;Line concept is not present;Static;;;;;;
Shatera;pieceDeclaredAsShared;28;false;The game does not have any piece declared as Shared;Static;;;;;;
Shatera;pieceDeclaredAsNeutral;31;false;The game does not have any piece declared as Neutral;Static;;;;;;
Shatera;pieceDeclaredAsEach;28;true;;Static;;;;;;
Shatera;equalNumberOfPiecesOnTheBoard;32;true;;Static;;;;;;
Shatera;noUndeclaredPlayerReference;30;true;;Static;;;;;;
Shatera;sizeOfTrack;27;false;Track concept is not present;Static;;;;;;
Short Assize;lineLessOrEqualThanBoardSide;37;false;Line concept is not present;Static;;;;;;
Short Assize;pieceDeclaredAsShared;38;false;The game does not have any piece declared as Shared;Static;;;;;;
Short Assize;pieceDeclaredAsNeutral;40;false;The game does not have any piece declared as Neutral;Static;;;;;;
Short Assize;pieceDeclaredAsEach;34;true;;Static;;;;;;
Short Assize;equalNumberOfPiecesOnTheBoard;33;true;;Static;;;;;;
Short Assize;noUndeclaredPlayerReference;36;true;;Static;;;;;;
Short Assize;sizeOfTrack;31;false;Track concept is not present;Static;;;;;;
Social Distance Chess;lineLessOrEqualThanBoardSide;58;false;Line concept is not present;Static;;;;;;
Social Distance Chess;pieceDeclaredAsShared;57;false;The game does not have any piece declared as Shared;Static;;;;;;
Social Distance Chess;pieceDeclaredAsNeutral;63;false;The game does not have any piece declared as Neutral;Static;;;;;;
Social Distance Chess;pieceDeclaredAsEach;72;true;;Static;;;;;;
Social Distance Chess;equalNumberOfPiecesOnTheBoard;73;true;;Static;;;;;;
Social Distance Chess;noUndeclaredPlayerReference;63;true;;Static;;;;;;
Social Distance Chess;sizeOfTrack;62;false;Track concept is not present;Static;;;;;;
Spartan Chess;lineLessOrEqualThanBoardSide;60;false;Line concept is not present;Static;;;;;;
Spartan Chess;pieceDeclaredAsShared;66;false;The game does not have any piece declared as Shared;Static;;;;;;
Spartan Chess;pieceDeclaredAsNeutral;67;false;The game does not have any piece declared as Neutral;Static;;;;;;
Spartan Chess;pieceDeclaredAsEach;67;true;;Static;;;;;;
Spartan Chess;equalNumberOfPiecesOnTheBoard;63;true;;Static;;;;;;
Spartan Chess;noUndeclaredPlayerReference;63;true;;Static;;;;;;
Spartan Chess;sizeOfTrack;61;false;Track concept is not present;Static;;;;;;
Starchess;lineLessOrEqualThanBoardSide;34;false;Line concept is not present;Static;;;;;;
Starchess;pieceDeclaredAsShared;38;false;The game does not have any piece declared as Shared;Static;;;;;;
Starchess;pieceDeclaredAsNeutral;35;false;The game does not have any piece declared as Neutral;Static;;;;;;
Starchess;pieceDeclaredAsEach;35;true;;Static;;;;;;
Starchess;equalNumberOfPiecesOnTheBoard;33;true;;Static;;;;;;
Starchess;noUndeclaredPlayerReference;32;true;;Static;;;;;;
Starchess;sizeOfTrack;30;false;Track concept is not present;Static;;;;;;
Stratomic;lineLessOrEqualThanBoardSide;134;false;Line concept is not present;Static;;;;;;
Stratomic;pieceDeclaredAsShared;127;false;The game does not have any piece declared as Shared;Static;;;;;;
Stratomic;pieceDeclaredAsNeutral;121;false;The game does not have any piece declared as Neutral;Static;;;;;;
Stratomic;pieceDeclaredAsEach;129;true;;Static;;;;;;
Stratomic;equalNumberOfPiecesOnTheBoard;150;true;;Static;;;;;;
Stratomic;noUndeclaredPlayerReference;129;true;;Static;;;;;;
Stratomic;sizeOfTrack;133;false;Track concept is not present;Static;;;;;;
Symmetric Chess;lineLessOrEqualThanBoardSide;54;false;Line concept is not present;Static;;;;;;
Symmetric Chess;pieceDeclaredAsShared;53;false;The game does not have any piece declared as Shared;Static;;;;;;
Symmetric Chess;pieceDeclaredAsNeutral;53;false;The game does not have any piece declared as Neutral;Static;;;;;;
Symmetric Chess;pieceDeclaredAsEach;51;true;;Static;;;;;;
Symmetric Chess;equalNumberOfPiecesOnTheBoard;55;true;;Static;;;;;;
Symmetric Chess;noUndeclaredPlayerReference;60;true;;Static;;;;;;
Symmetric Chess;sizeOfTrack;53;false;Track concept is not present;Static;;;;;;
Ultimate Chess;lineLessOrEqualThanBoardSide;113;false;Line concept is not present;Static;;;;;;
Ultimate Chess;pieceDeclaredAsShared;119;false;The game does not have any piece declared as Shared;Static;;;;;;
Ultimate Chess;pieceDeclaredAsNeutral;114;false;The game does not have any piece declared as Neutral;Static;;;;;;
Ultimate Chess;pieceDeclaredAsEach;106;true;;Static;;;;;;
Ultimate Chess;equalNumberOfPiecesOnTheBoard;106;true;;Static;;;;;;
Ultimate Chess;noUndeclaredPlayerReference;102;true;;Static;;;;;;
Ultimate Chess;sizeOfTrack;105;false;Track concept is not present;Static;;;;;;
Unachess;lineLessOrEqualThanBoardSide;36;false;Line concept is not present;Static;;;;;;
Unachess;pieceDeclaredAsShared;37;false;The game does not have any piece declared as Shared;Static;;;;;;
Unachess;pieceDeclaredAsNeutral;36;false;The game does not have any piece declared as Neutral;Static;;;;;;
Unachess;pieceDeclaredAsEach;37;true;;Static;;;;;;
Unachess;equalNumberOfPiecesOnTheBoard;37;true;;Static;;;;;;
Unachess;noUndeclaredPlayerReference;35;true;;Static;;;;;;
Unachess;sizeOfTrack;38;false;Track concept is not present;Static;;;;;;
Viking Chess;lineLessOrEqualThanBoardSide;28;false;Line concept is not present;Static;;;;;;
Viking Chess;pieceDeclaredAsShared;28;false;The game does not have any piece declared as Shared;Static;;;;;;
Viking Chess;pieceDeclaredAsNeutral;31;false;The game does not have any piece declared as Neutral;Static;;;;;;
Viking Chess;pieceDeclaredAsEach;27;true;;Static;;;;;;
Viking Chess;equalNumberOfPiecesOnTheBoard;28;true;;Static;;;;;;
Viking Chess;noUndeclaredPlayerReference;28;true;;Static;;;;;;
Viking Chess;sizeOfTrack;28;false;Track concept is not present;Static;;;;;;
Wellisch Chess;lineLessOrEqualThanBoardSide;62;false;Line concept is not present;Static;;;;;;
Wellisch Chess;pieceDeclaredAsShared;90;false;The game does not have any piece declared as Shared;Static;;;;;;
Wellisch Chess;pieceDeclaredAsNeutral;88;false;The game does not have any piece declared as Neutral;Static;;;;;;
Wellisch Chess;pieceDeclaredAsEach;76;true;;Static;;;;;;
Wellisch Chess;equalNumberOfPiecesOnTheBoard;83;true;;Static;;;;;;
Wellisch Chess;noUndeclaredPlayerReference;76;true;;Static;;;;;;
Wellisch Chess;sizeOfTrack;65;false;Track concept is not present;Static;;;;;;
Welschschach;lineLessOrEqualThanBoardSide;46;false;Line concept is not present;Static;;;;;;
Welschschach;pieceDeclaredAsShared;46;false;The game does not have any piece declared as Shared;Static;;;;;;
Welschschach;pieceDeclaredAsNeutral;43;false;The game does not have any piece declared as Neutral;Static;;;;;;
Welschschach;pieceDeclaredAsEach;40;false;The game does not have any piece declared as Each;Static;;;;;;
Welschschach;equalNumberOfPiecesOnTheBoard;43;true;;Static;;;;;;
Welschschach;noUndeclaredPlayerReference;44;true;;Static;;;;;;
Welschschach;sizeOfTrack;39;false;Track concept is not present;Static;;;;;;
Chu Seireigi;lineLessOrEqualThanBoardSide;364;false;Line concept is not present;Static;;;;;;
Chu Seireigi;pieceDeclaredAsShared;300;false;The game does not have any piece declared as Shared;Static;;;;;;
Chu Seireigi;pieceDeclaredAsNeutral;287;false;The game does not have any piece declared as Neutral;Static;;;;;;
Chu Seireigi;pieceDeclaredAsEach;349;false;Ludeme Each for the piece Tokin requires at least one definition of TokinN, with N > 0;Static;;;;;;
Chu Seireigi;equalNumberOfPiecesOnTheBoard;345;true;;Static;;;;;;
Chu Seireigi;noUndeclaredPlayerReference;290;true;;Static;;;;;;
Chu Seireigi;sizeOfTrack;314;false;Track concept is not present;Static;;;;;;
Dai Seireigi;lineLessOrEqualThanBoardSide;431;false;Line concept is not present;Static;;;;;;
Dai Seireigi;pieceDeclaredAsShared;375;false;The game does not have any piece declared as Shared;Static;;;;;;
Dai Seireigi;pieceDeclaredAsNeutral;364;false;The game does not have any piece declared as Neutral;Static;;;;;;
Dai Seireigi;pieceDeclaredAsEach;416;false;Ludeme Each for the piece Tokin requires at least one definition of TokinN, with N > 0;Static;;;;;;
Dai Seireigi;equalNumberOfPiecesOnTheBoard;388;true;;Static;;;;;;
Dai Seireigi;noUndeclaredPlayerReference;397;true;;Static;;;;;;
Dai Seireigi;sizeOfTrack;392;false;Track concept is not present;Static;;;;;;
Dice Shogi;lineLessOrEqualThanBoardSide;125;false;Line concept is not present;Static;;;;;;
Dice Shogi;pieceDeclaredAsShared;120;false;The game does not have any piece declared as Shared;Static;;;;;;
Dice Shogi;pieceDeclaredAsNeutral;125;false;The game does not have any piece declared as Neutral;Static;;;;;;
Dice Shogi;pieceDeclaredAsEach;126;false;Ludeme Each for the piece Tokin requires at least one definition of TokinN, with N > 0;Static;;;;;;
Dice Shogi;equalNumberOfPiecesOnTheBoard;126;true;;Static;;;;;;
Dice Shogi;noUndeclaredPlayerReference;119;true;;Static;;;;;;
Dice Shogi;sizeOfTrack;136;false;Track concept is not present;Static;;;;;;
Hasami Shogi;lineLessOrEqualThanBoardSide;28;false;Line concept is not present;Static;;;;;;
Hasami Shogi;pieceDeclaredAsShared;25;false;The game does not have any piece declared as Shared;Static;;;;;;
Hasami Shogi;pieceDeclaredAsNeutral;26;false;The game does not have any piece declared as Neutral;Static;;;;;;
Hasami Shogi;pieceDeclaredAsEach;28;false;The game does not have any piece declared as Each;Static;;;;;;
Hasami Shogi;equalNumberOfPiecesOnTheBoard;26;true;;Static;;;;;;
Hasami Shogi;noUndeclaredPlayerReference;27;true;;Static;;;;;;
Hasami Shogi;sizeOfTrack;27;false;Track concept is not present;Static;;;;;;
Hexshogi;lineLessOrEqualThanBoardSide;207;false;Line concept is not present;Static;;;;;;
Hexshogi;pieceDeclaredAsShared;185;false;The game does not have any piece declared as Shared;Static;;;;;;
Hexshogi;pieceDeclaredAsNeutral;190;false;The game does not have any piece declared as Neutral;Static;;;;;;
Hexshogi;pieceDeclaredAsEach;212;false;Ludeme Each for the piece Tokin requires at least one definition of TokinN, with N > 0;Static;;;;;;
Hexshogi;equalNumberOfPiecesOnTheBoard;188;true;;Static;;;;;;
Hexshogi;noUndeclaredPlayerReference;186;true;;Static;;;;;;
Hexshogi;sizeOfTrack;190;false;Track concept is not present;Static;;;;;;
Kyoto Shogi;lineLessOrEqualThanBoardSide;52;false;Line concept is not present;Static;;;;;;
Kyoto Shogi;pieceDeclaredAsShared;48;false;The game does not have any piece declared as Shared;Static;;;;;;
Kyoto Shogi;pieceDeclaredAsNeutral;50;false;The game does not have any piece declared as Neutral;Static;;;;;;
Kyoto Shogi;pieceDeclaredAsEach;48;false;Ludeme Each for the piece Hisha requires at least one definition of HishaN, with N > 0;Static;;;;;;
Kyoto Shogi;equalNumberOfPiecesOnTheBoard;51;true;;Static;;;;;;
Kyoto Shogi;noUndeclaredPlayerReference;50;true;;Static;;;;;;
Kyoto Shogi;sizeOfTrack;50;false;Track concept is not present;Static;;;;;;
Minishogi;lineLessOrEqualThanBoardSide;126;false;Line concept is not present;Static;;;;;;
Minishogi;pieceDeclaredAsShared;130;false;The game does not have any piece declared as Shared;Static;;;;;;
Minishogi;pieceDeclaredAsNeutral;142;false;The game does not have any piece declared as Neutral;Static;;;;;;
Minishogi;pieceDeclaredAsEach;141;false;Ludeme Each for the piece Tokin requires at least one definition of TokinN, with N > 0;Static;;;;;;
Minishogi;equalNumberOfPiecesOnTheBoard;126;true;;Static;;;;;;
Minishogi;noUndeclaredPlayerReference;121;true;;Static;;;;;;
Minishogi;sizeOfTrack;122;false;Track concept is not present;Static;;;;;;
Seireigi;lineLessOrEqualThanBoardSide;187;false;Line concept is not present;Static;;;;;;
Seireigi;pieceDeclaredAsShared;185;false;The game does not have any piece declared as Shared;Static;;;;;;
Seireigi;pieceDeclaredAsNeutral;182;false;The game does not have any piece declared as Neutral;Static;;;;;;
Seireigi;pieceDeclaredAsEach;200;false;Ludeme Each for the piece Tokin requires at least one definition of TokinN, with N > 0;Static;;;;;;
Seireigi;equalNumberOfPiecesOnTheBoard;190;true;;Static;;;;;;
Seireigi;noUndeclaredPlayerReference;201;true;;Static;;;;;;
Seireigi;sizeOfTrack;215;false;Track concept is not present;Static;;;;;;
Shogi;lineLessOrEqualThanBoardSide;193;false;Line concept is not present;Static;;;;;;
Shogi;pieceDeclaredAsShared;165;false;The game does not have any piece declared as Shared;Static;;;;;;
Shogi;pieceDeclaredAsNeutral;160;false;The game does not have any piece declared as Neutral;Static;;;;;;
Shogi;pieceDeclaredAsEach;166;false;Ludeme Each for the piece Tokin requires at least one definition of TokinN, with N > 0;Static;;;;;;
Shogi;equalNumberOfPiecesOnTheBoard;175;true;;Static;;;;;;
Shogi;noUndeclaredPlayerReference;167;true;;Static;;;;;;
Shogi;sizeOfTrack;185;false;Track concept is not present;Static;;;;;;
Tai Shogi;lineLessOrEqualThanBoardSide;1191;false;Line concept is not present;Static;;;;;;
Tai Shogi;pieceDeclaredAsShared;1375;false;The game does not have any piece declared as Shared;Static;;;;;;
Tai Shogi;pieceDeclaredAsNeutral;1051;false;The game does not have any piece declared as Neutral;Static;;;;;;
Tai Shogi;pieceDeclaredAsEach;1345;false;Ludeme Each for the piece FreeBear requires at least one definition of FreeBearN, with N > 0;Static;;;;;;
Tai Shogi;equalNumberOfPiecesOnTheBoard;1128;false;Players do not have the same number of pieces;Static;;;;;;
Tai Shogi;noUndeclaredPlayerReference;1017;true;;Static;;;;;;
Tai Shogi;sizeOfTrack;1245;false;Track concept is not present;Static;;;;;;
Taikyoku Shogi;lineLessOrEqualThanBoardSide;1991;false;Line concept is not present;Static;;;;;;
Taikyoku Shogi;pieceDeclaredAsShared;1736;false;The game does not have any piece declared as Shared;Static;;;;;;
Taikyoku Shogi;pieceDeclaredAsNeutral;1763;false;The game does not have any piece declared as Neutral;Static;;;;;;
Taikyoku Shogi;pieceDeclaredAsEach;2196;false;Ludeme Each for the piece FlyingOx requires at least one definition of FlyingOxN, with N > 0;Static;;;;;;
Taikyoku Shogi;equalNumberOfPiecesOnTheBoard;2073;false;Players do not have the same number of pieces;Static;;;;;;
Taikyoku Shogi;noUndeclaredPlayerReference;1949;true;;Static;;;;;;
Taikyoku Shogi;sizeOfTrack;2125;false;Track concept is not present;Static;;;;;;
Tenjiku Shogi;lineLessOrEqualThanBoardSide;366;false;Line concept is not present;Static;;;;;;
Tenjiku Shogi;pieceDeclaredAsShared;315;false;The game does not have any piece declared as Shared;Static;;;;;;
Tenjiku Shogi;pieceDeclaredAsNeutral;334;false;The game does not have any piece declared as Neutral;Static;;;;;;
Tenjiku Shogi;pieceDeclaredAsEach;344;false;The game does not have any piece declared as Each;Static;;;;;;
Tenjiku Shogi;equalNumberOfPiecesOnTheBoard;391;true;;Static;;;;;;
Tenjiku Shogi;noUndeclaredPlayerReference;302;true;;Static;;;;;;
Tenjiku Shogi;sizeOfTrack;353;false;Track concept is not present;Static;;;;;;
Tobi Shogi;lineLessOrEqualThanBoardSide;32;false;Line concept is not present;Static;;;;;;
Tobi Shogi;pieceDeclaredAsShared;29;false;The game does not have any piece declared as Shared;Static;;;;;;
Tobi Shogi;pieceDeclaredAsNeutral;29;false;The game does not have any piece declared as Neutral;Static;;;;;;
Tobi Shogi;pieceDeclaredAsEach;31;true;;Static;;;;;;
Tobi Shogi;equalNumberOfPiecesOnTheBoard;34;true;;Static;;;;;;
Tobi Shogi;noUndeclaredPlayerReference;31;true;;Static;;;;;;
Tobi Shogi;sizeOfTrack;31;false;Track concept is not present;Static;;;;;;
Unashogi;lineLessOrEqualThanBoardSide;189;false;Line concept is not present;Static;;;;;;
Unashogi;pieceDeclaredAsShared;173;false;The game does not have any piece declared as Shared;Static;;;;;;
Unashogi;pieceDeclaredAsNeutral;174;false;The game does not have any piece declared as Neutral;Static;;;;;;
Unashogi;pieceDeclaredAsEach;186;false;Ludeme Each for the piece Tokin requires at least one definition of TokinN, with N > 0;Static;;;;;;
Unashogi;equalNumberOfPiecesOnTheBoard;183;true;;Static;;;;;;
Unashogi;noUndeclaredPlayerReference;178;true;;Static;;;;;;
Unashogi;sizeOfTrack;180;false;Track concept is not present;Static;;;;;;
Yonin Seireigi;lineLessOrEqualThanBoardSide;3924;false;Line concept is not present;Static;;;;;;
Yonin Seireigi;pieceDeclaredAsShared;3270;false;The game does not have any piece declared as Shared;Static;;;;;;
Yonin Seireigi;pieceDeclaredAsNeutral;3343;false;The game does not have any piece declared as Neutral;Static;;;;;;
Yonin Seireigi;pieceDeclaredAsEach;5814;false;Ludeme Each for the piece Lance requires at least one definition of LanceN, with N > 0;Static;;;;;;
Yonin Seireigi;equalNumberOfPiecesOnTheBoard;3960;true;;Static;;;;;;
Yonin Seireigi;noUndeclaredPlayerReference;3373;true;;Static;;;;;;
Yonin Seireigi;sizeOfTrack;4058;false;Track concept is not present;Static;;;;;;
Yonin Shogi;lineLessOrEqualThanBoardSide;2810;false;Line concept is not present;Static;;;;;;
Yonin Shogi;pieceDeclaredAsShared;2399;false;The game does not have any piece declared as Shared;Static;;;;;;
Yonin Shogi;pieceDeclaredAsNeutral;2329;false;The game does not have any piece declared as Neutral;Static;;;;;;
Yonin Shogi;pieceDeclaredAsEach;3956;false;Ludeme Each for the piece Kakugyo requires at least one definition of KakugyoN, with N > 0;Static;;;;;;
Yonin Shogi;equalNumberOfPiecesOnTheBoard;2840;true;;Static;;;;;;
Yonin Shogi;noUndeclaredPlayerReference;2157;true;;Static;;;;;;
Yonin Shogi;sizeOfTrack;2642;false;Track concept is not present;Static;;;;;;
Janggi;lineLessOrEqualThanBoardSide;64;false;Line concept is not present;Static;;;;;;
Janggi;pieceDeclaredAsShared;64;false;The game does not have any piece declared as Shared;Static;;;;;;
Janggi;pieceDeclaredAsNeutral;54;false;The game does not have any piece declared as Neutral;Static;;;;;;
Janggi;pieceDeclaredAsEach;60;true;;Static;;;;;;
Janggi;equalNumberOfPiecesOnTheBoard;54;true;;Static;;;;;;
Janggi;noUndeclaredPlayerReference;57;true;;Static;;;;;;
Janggi;sizeOfTrack;61;false;Track concept is not present;Static;;;;;;
Loop Xiangqi;lineLessOrEqualThanBoardSide;58;false;Line concept is not present;Static;;;;;;
Loop Xiangqi;pieceDeclaredAsShared;52;false;The game does not have any piece declared as Shared;Static;;;;;;
Loop Xiangqi;pieceDeclaredAsNeutral;71;false;The game does not have any piece declared as Neutral;Static;;;;;;
Loop Xiangqi;pieceDeclaredAsEach;83;true;;Static;;;;;;
Loop Xiangqi;equalNumberOfPiecesOnTheBoard;54;true;;Static;;;;;;
Loop Xiangqi;noUndeclaredPlayerReference;54;true;;Static;;;;;;
Loop Xiangqi;sizeOfTrack;56;false;Track concept is not present;Static;;;;;;
Manzhouqi;lineLessOrEqualThanBoardSide;38;false;Line concept is not present;Static;;;;;;
Manzhouqi;pieceDeclaredAsShared;37;false;The game does not have any piece declared as Shared;Static;;;;;;
Manzhouqi;pieceDeclaredAsNeutral;36;false;The game does not have any piece declared as Neutral;Static;;;;;;
Manzhouqi;pieceDeclaredAsEach;37;true;;Static;;;;;;
Manzhouqi;equalNumberOfPiecesOnTheBoard;63;true;;Static;;;;;;
Manzhouqi;noUndeclaredPlayerReference;40;true;;Static;;;;;;
Manzhouqi;sizeOfTrack;51;false;Track concept is not present;Static;;;;;;
MiniXiangqi;lineLessOrEqualThanBoardSide;23;false;Line concept is not present;Static;;;;;;
MiniXiangqi;pieceDeclaredAsShared;21;false;The game does not have any piece declared as Shared;Static;;;;;;
MiniXiangqi;pieceDeclaredAsNeutral;24;false;The game does not have any piece declared as Neutral;Static;;;;;;
MiniXiangqi;pieceDeclaredAsEach;24;true;;Static;;;;;;
MiniXiangqi;equalNumberOfPiecesOnTheBoard;24;true;;Static;;;;;;
MiniXiangqi;noUndeclaredPlayerReference;22;true;;Static;;;;;;
MiniXiangqi;sizeOfTrack;27;false;Track concept is not present;Static;;;;;;
Qi Guo Xiangxi;lineLessOrEqualThanBoardSide;200;false;Line concept is not present;Static;;;;;;
Qi Guo Xiangxi;pieceDeclaredAsShared;202;true;;Static;;;;;;
Qi Guo Xiangxi;pieceDeclaredAsNeutral;211;false;The game does not have any piece declared as Neutral;Static;;;;;;
Qi Guo Xiangxi;pieceDeclaredAsEach;343;true;;Static;;;;;;
Qi Guo Xiangxi;equalNumberOfPiecesOnTheBoard;209;true;;Static;;;;;;
Qi Guo Xiangxi;noUndeclaredPlayerReference;229;true;;Static;;;;;;
Qi Guo Xiangxi;sizeOfTrack;204;false;Track concept is not present;Static;;;;;;
Xiang Hex;lineLessOrEqualThanBoardSide;59;false;Line concept is not present;Static;;;;;;
Xiang Hex;pieceDeclaredAsShared;53;false;The game does not have any piece declared as Shared;Static;;;;;;
Xiang Hex;pieceDeclaredAsNeutral;51;false;The game does not have any piece declared as Neutral;Static;;;;;;
Xiang Hex;pieceDeclaredAsEach;48;true;;Static;;;;;;
Xiang Hex;equalNumberOfPiecesOnTheBoard;46;true;;Static;;;;;;
Xiang Hex;noUndeclaredPlayerReference;49;true;;Static;;;;;;
Xiang Hex;sizeOfTrack;53;false;Track concept is not present;Static;;;;;;
Xiangqi;lineLessOrEqualThanBoardSide;33;false;Line concept is not present;Static;;;;;;
Xiangqi;pieceDeclaredAsShared;33;false;The game does not have any piece declared as Shared;Static;;;;;;
Xiangqi;pieceDeclaredAsNeutral;32;false;The game does not have any piece declared as Neutral;Static;;;;;;
Xiangqi;pieceDeclaredAsEach;36;true;;Static;;;;;;
Xiangqi;equalNumberOfPiecesOnTheBoard;36;true;;Static;;;;;;
Xiangqi;noUndeclaredPlayerReference;32;true;;Static;;;;;;
Xiangqi;sizeOfTrack;35;false;Track concept is not present;Static;;;;;;
A K'aak'il;lineLessOrEqualThanBoardSide;42;false;Line concept is not present;Static;;;;;;
A K'aak'il;pieceDeclaredAsShared;41;false;The game does not have any piece declared as Shared;Static;;;;;;
A K'aak'il;pieceDeclaredAsNeutral;34;false;The game does not have any piece declared as Neutral;Static;;;;;;
A K'aak'il;pieceDeclaredAsEach;37;true;;Static;;;;;;
A K'aak'il;equalNumberOfPiecesOnTheBoard;33;true;;Static;;;;;;
A K'aak'il;noUndeclaredPlayerReference;33;true;;Static;;;;;;
A K'aak'il;sizeOfTrack;35;false;The owner 0 does not have a track;Static;;;;;;
Ad elta stelpur;lineLessOrEqualThanBoardSide;36;false;Line concept is not present;Static;;;;;;
Ad elta stelpur;pieceDeclaredAsShared;36;false;The game does not have any piece declared as Shared;Static;;;;;;
Ad elta stelpur;pieceDeclaredAsNeutral;37;false;The game does not have any piece declared as Neutral;Static;;;;;;
Ad elta stelpur;pieceDeclaredAsEach;36;true;;Static;;;;;;
Ad elta stelpur;equalNumberOfPiecesOnTheBoard;36;true;;Static;;;;;;
Ad elta stelpur;noUndeclaredPlayerReference;39;true;;Static;;;;;;
Ad elta stelpur;sizeOfTrack;38;false;The length of the track is 24;Static;;;;;;
Addi Kul;lineLessOrEqualThanBoardSide;16;false;Line concept is not present;Static;;;;;;
Addi Kul;pieceDeclaredAsShared;15;false;The game does not have any piece declared as Shared;Static;;;;;;
Addi Kul;pieceDeclaredAsNeutral;14;false;The game does not have any piece declared as Neutral;Static;;;;;;
Addi Kul;pieceDeclaredAsEach;14;true;;Static;;;;;;
Addi Kul;equalNumberOfPiecesOnTheBoard;14;true;;Static;;;;;;
Addi Kul;noUndeclaredPlayerReference;13;true;;Static;;;;;;
Addi Kul;sizeOfTrack;16;false;Track concept is not present;Static;;;;;;
Aj Sakakil;lineLessOrEqualThanBoardSide;35;false;Line concept is not present;Static;;;;;;
Aj Sakakil;pieceDeclaredAsShared;30;false;The game does not have any piece declared as Shared;Static;;;;;;
Aj Sakakil;pieceDeclaredAsNeutral;30;false;The game does not have any piece declared as Neutral;Static;;;;;;
Aj Sakakil;pieceDeclaredAsEach;30;true;;Static;;;;;;
Aj Sakakil;equalNumberOfPiecesOnTheBoard;30;true;;Static;;;;;;
Aj Sakakil;noUndeclaredPlayerReference;35;true;;Static;;;;;;
Aj Sakakil;sizeOfTrack;35;false;The owner 0 does not have a track;Static;;;;;;
Aj Sayil;lineLessOrEqualThanBoardSide;36;false;Line concept is not present;Static;;;;;;
Aj Sayil;pieceDeclaredAsShared;41;false;The game does not have any piece declared as Shared;Static;;;;;;
Aj Sayil;pieceDeclaredAsNeutral;36;false;The game does not have any piece declared as Neutral;Static;;;;;;
Aj Sayil;pieceDeclaredAsEach;39;true;;Static;;;;;;
Aj Sayil;equalNumberOfPiecesOnTheBoard;42;true;;Static;;;;;;
Aj Sayil;noUndeclaredPlayerReference;44;true;;Static;;;;;;
Aj Sayil;sizeOfTrack;38;false;The owner 0 does not have a track;Static;;;;;;
Aj Sina'anil;lineLessOrEqualThanBoardSide;48;false;Line concept is not present;Static;;;;;;
Aj Sina'anil;pieceDeclaredAsShared;44;false;The game does not have any piece declared as Shared;Static;;;;;;
Aj Sina'anil;pieceDeclaredAsNeutral;42;false;The game does not have any piece declared as Neutral;Static;;;;;;
Aj Sina'anil;pieceDeclaredAsEach;49;true;;Static;;;;;;
Aj Sina'anil;equalNumberOfPiecesOnTheBoard;42;true;;Static;;;;;;
Aj Sina'anil;noUndeclaredPlayerReference;40;true;;Static;;;;;;
Aj Sina'anil;sizeOfTrack;37;false;The owner 0 does not have a track;Static;;;;;;
Aj T'iwil;lineLessOrEqualThanBoardSide;24;false;Line concept is not present;Static;;;;;;
Aj T'iwil;pieceDeclaredAsShared;25;false;The game does not have any piece declared as Shared;Static;;;;;;
Aj T'iwil;pieceDeclaredAsNeutral;24;false;The game does not have any piece declared as Neutral;Static;;;;;;
Aj T'iwil;pieceDeclaredAsEach;28;true;;Static;;;;;;
Aj T'iwil;equalNumberOfPiecesOnTheBoard;32;true;;Static;;;;;;
Aj T'iwil;noUndeclaredPlayerReference;28;true;;Static;;;;;;
Aj T'iwil;sizeOfTrack;30;false;The owner 0 does not have a track;Static;;;;;;
Annuvin;lineLessOrEqualThanBoardSide;35;false;Line concept is not present;Static;;;;;;
Annuvin;pieceDeclaredAsShared;32;false;The game does not have any piece declared as Shared;Static;;;;;;
Annuvin;pieceDeclaredAsNeutral;31;false;The game does not have any piece declared as Neutral;Static;;;;;;
Annuvin;pieceDeclaredAsEach;34;true;;Static;;;;;;
Annuvin;equalNumberOfPiecesOnTheBoard;34;true;;Static;;;;;;
Annuvin;noUndeclaredPlayerReference;30;true;;Static;;;;;;
Annuvin;sizeOfTrack;30;false;Track concept is not present;Static;;;;;;
At-Tab wa-d-Dukk;lineLessOrEqualThanBoardSide;37;false;Line concept is not present;Static;;;;;;
At-Tab wa-d-Dukk;pieceDeclaredAsShared;34;false;The game does not have any piece declared as Shared;Static;;;;;;
At-Tab wa-d-Dukk;pieceDeclaredAsNeutral;34;false;The game does not have any piece declared as Neutral;Static;;;;;;
At-Tab wa-d-Dukk;pieceDeclaredAsEach;35;true;;Static;;;;;;
At-Tab wa-d-Dukk;equalNumberOfPiecesOnTheBoard;34;true;;Static;;;;;;
At-Tab wa-d-Dukk;noUndeclaredPlayerReference;33;true;;Static;;;;;;
At-Tab wa-d-Dukk;sizeOfTrack;31;false;The owner 0 does not have a track;Static;;;;;;
Awangdu;lineLessOrEqualThanBoardSide;16;false;Line concept is not present;Static;;;;;;
Awangdu;pieceDeclaredAsShared;15;false;The game does not have any piece declared as Shared;Static;;;;;;
Awangdu;pieceDeclaredAsNeutral;15;false;The game does not have any piece declared as Neutral;Static;;;;;;
Awangdu;pieceDeclaredAsEach;15;true;;Static;;;;;;
Awangdu;equalNumberOfPiecesOnTheBoard;15;true;;Static;;;;;;
Awangdu;noUndeclaredPlayerReference;15;true;;Static;;;;;;
Awangdu;sizeOfTrack;15;false;The owner 0 does not have a track;Static;;;;;;
Battleships;lineLessOrEqualThanBoardSide;114;false;Line concept is not present;Static;;;;;;
Battleships;pieceDeclaredAsShared;102;false;The game does not have any piece declared as Shared;Static;;;;;;
Battleships;pieceDeclaredAsNeutral;105;false;The game does not have any piece declared as Neutral;Static;;;;;;
Battleships;pieceDeclaredAsEach;129;false;Ludeme Each for the piece Carrier requires at least one definition of CarrierN, with N > 0;Static;;;;;;
Battleships;equalNumberOfPiecesOnTheBoard;111;true;;Static;;;;;;
Battleships;noUndeclaredPlayerReference;111;true;;Static;;;;;;
Battleships;sizeOfTrack;122;false;Track concept is not present;Static;;;;;;
Bheri Bakhri;lineLessOrEqualThanBoardSide;35;false;Line concept is not present;Static;;;;;;
Bheri Bakhri;pieceDeclaredAsShared;36;false;The game does not have any piece declared as Shared;Static;;;;;;
Bheri Bakhri;pieceDeclaredAsNeutral;35;false;The game does not have any piece declared as Neutral;Static;;;;;;
Bheri Bakhri;pieceDeclaredAsEach;34;true;;Static;;;;;;
Bheri Bakhri;equalNumberOfPiecesOnTheBoard;37;true;;Static;;;;;;
Bheri Bakhri;noUndeclaredPlayerReference;35;true;;Static;;;;;;
Bheri Bakhri;sizeOfTrack;32;false;The owner 0 does not have a track;Static;;;;;;
Boolik;lineLessOrEqualThanBoardSide;28;false;Line concept is not present;Static;;;;;;
Boolik;pieceDeclaredAsShared;27;false;The game does not have any piece declared as Shared;Static;;;;;;
Boolik;pieceDeclaredAsNeutral;26;false;The game does not have any piece declared as Neutral;Static;;;;;;
Boolik;pieceDeclaredAsEach;27;true;;Static;;;;;;
Boolik;equalNumberOfPiecesOnTheBoard;31;true;;Static;;;;;;
Boolik;noUndeclaredPlayerReference;28;true;;Static;;;;;;
Boolik;sizeOfTrack;31;false;The owner 0 does not have a track;Static;;;;;;
Boxijn Barildaan;lineLessOrEqualThanBoardSide;15;false;Line concept is not present;Static;;;;;;
Boxijn Barildaan;pieceDeclaredAsShared;16;false;The game does not have any piece declared as Shared;Static;;;;;;
Boxijn Barildaan;pieceDeclaredAsNeutral;15;false;The game does not have any piece declared as Neutral;Static;;;;;;
Boxijn Barildaan;pieceDeclaredAsEach;15;true;;Static;;;;;;
Boxijn Barildaan;equalNumberOfPiecesOnTheBoard;15;true;;Static;;;;;;
Boxijn Barildaan;noUndeclaredPlayerReference;15;true;;Static;;;;;;
Boxijn Barildaan;sizeOfTrack;14;false;Track concept is not present;Static;;;;;;
Bul;lineLessOrEqualThanBoardSide;218;false;Line concept is not present;Static;;;;;;
Bul;pieceDeclaredAsShared;244;false;The game does not have any piece declared as Shared;Static;;;;;;
Bul;pieceDeclaredAsNeutral;232;false;The game does not have any piece declared as Neutral;Static;;;;;;
Bul;pieceDeclaredAsEach;197;false;The game does not have any piece declared as Each;Static;;;;;;
Bul;equalNumberOfPiecesOnTheBoard;218;true;;Static;;;;;;
Bul;noUndeclaredPlayerReference;207;true;;Static;;;;;;
Bul;sizeOfTrack;204;false;The owner 0 does not have a track;Static;;;;;;
Chaturaji;lineLessOrEqualThanBoardSide;47;false;Line concept is not present;Static;;;;;;
Chaturaji;pieceDeclaredAsShared;42;false;The game does not have any piece declared as Shared;Static;;;;;;
Chaturaji;pieceDeclaredAsNeutral;41;false;The game does not have any piece declared as Neutral;Static;;;;;;
Chaturaji;pieceDeclaredAsEach;36;true;;Static;;;;;;
Chaturaji;equalNumberOfPiecesOnTheBoard;38;true;;Static;;;;;;
Chaturaji;noUndeclaredPlayerReference;38;true;;Static;;;;;;
Chaturaji;sizeOfTrack;38;false;Track concept is not present;Static;;;;;;
Chukaray;lineLessOrEqualThanBoardSide;49;false;Line concept is not present;Static;;;;;;
Chukaray;pieceDeclaredAsShared;45;false;The game does not have any piece declared as Shared;Static;;;;;;
Chukaray;pieceDeclaredAsNeutral;50;true;;Static;;;;;;
Chukaray;pieceDeclaredAsEach;49;true;;Static;;;;;;
Chukaray;equalNumberOfPiecesOnTheBoard;49;true;;Static;;;;;;
Chukaray;noUndeclaredPlayerReference;47;true;;Static;;;;;;
Chukaray;sizeOfTrack;46;false;The owner 0 does not have a track;Static;;;;;;
Crusade;lineLessOrEqualThanBoardSide;17;false;Line concept is not present;Static;;;;;;
Crusade;pieceDeclaredAsShared;16;false;The game does not have any piece declared as Shared;Static;;;;;;
Crusade;pieceDeclaredAsNeutral;16;false;The game does not have any piece declared as Neutral;Static;;;;;;
Crusade;pieceDeclaredAsEach;17;true;;Static;;;;;;
Crusade;equalNumberOfPiecesOnTheBoard;17;true;;Static;;;;;;
Crusade;noUndeclaredPlayerReference;16;true;;Static;;;;;;
Crusade;sizeOfTrack;17;false;Track concept is not present;Static;;;;;;
Daldos;lineLessOrEqualThanBoardSide;16;false;Line concept is not present;Static;;;;;;
Daldos;pieceDeclaredAsShared;15;false;The game does not have any piece declared as Shared;Static;;;;;;
Daldos;pieceDeclaredAsNeutral;16;false;The game does not have any piece declared as Neutral;Static;;;;;;
Daldos;pieceDeclaredAsEach;15;false;The game does not have any piece declared as Each;Static;;;;;;
Daldos;equalNumberOfPiecesOnTheBoard;16;true;;Static;;;;;;
Daldos;noUndeclaredPlayerReference;16;true;;Static;;;;;;
Daldos;sizeOfTrack;16;false;The owner 0 does not have a track;Static;;;;;;
Daldosa;lineLessOrEqualThanBoardSide;17;false;Line concept is not present;Static;;;;;;
Daldosa;pieceDeclaredAsShared;16;false;The game does not have any piece declared as Shared;Static;;;;;;
Daldosa;pieceDeclaredAsNeutral;15;false;The game does not have any piece declared as Neutral;Static;;;;;;
Daldosa;pieceDeclaredAsEach;15;false;The game does not have any piece declared as Each;Static;;;;;;
Daldosa;equalNumberOfPiecesOnTheBoard;15;true;;Static;;;;;;
Daldosa;noUndeclaredPlayerReference;17;true;;Static;;;;;;
Daldosa;sizeOfTrack;16;false;The owner 0 does not have a track;Static;;;;;;
Deleb;lineLessOrEqualThanBoardSide;183;false;Line concept is not present;Static;;;;;;
Deleb;pieceDeclaredAsShared;214;false;The game does not have any piece declared as Shared;Static;;;;;;
Deleb;pieceDeclaredAsNeutral;225;false;The game does not have any piece declared as Neutral;Static;;;;;;
Deleb;pieceDeclaredAsEach;207;false;The game does not have any piece declared as Each;Static;;;;;;
Deleb;equalNumberOfPiecesOnTheBoard;211;true;;Static;;;;;;
Deleb;noUndeclaredPlayerReference;198;true;;Static;;;;;;
Deleb;sizeOfTrack;191;false;The owner 0 does not have a track;Static;;;;;;
Diagonals (2002);lineLessOrEqualThanBoardSide;24;false;Line concept is not present;Static;;;;;;
Diagonals (2002);pieceDeclaredAsShared;32;false;The game does not have any piece declared as Shared;Static;;;;;;
Diagonals (2002);pieceDeclaredAsNeutral;27;false;A piece declared Neutral must be called as piece0;Static;;;;;;
Diagonals (2002);pieceDeclaredAsEach;28;true;;Static;;;;;;
Diagonals (2002);equalNumberOfPiecesOnTheBoard;26;true;;Static;;;;;;
Diagonals (2002);noUndeclaredPlayerReference;28;true;;Static;;;;;;
Diagonals (2002);sizeOfTrack;27;false;Track concept is not present;Static;;;;;;
Fang;lineLessOrEqualThanBoardSide;23;false;Line concept is not present;Static;;;;;;
Fang;pieceDeclaredAsShared;22;false;The game does not have any piece declared as Shared;Static;;;;;;
Fang;pieceDeclaredAsNeutral;22;false;The game does not have any piece declared as Neutral;Static;;;;;;
Fang;pieceDeclaredAsEach;25;true;;Static;;;;;;
Fang;equalNumberOfPiecesOnTheBoard;24;true;;Static;;;;;;
Fang;noUndeclaredPlayerReference;20;true;;Static;;;;;;
Fang;sizeOfTrack;21;false;Track concept is not present;Static;;;;;;
Fission;lineLessOrEqualThanBoardSide;27;false;Line concept is not present;Static;;;;;;
Fission;pieceDeclaredAsShared;30;false;The game does not have any piece declared as Shared;Static;;;;;;
Fission;pieceDeclaredAsNeutral;33;false;The game does not have any piece declared as Neutral;Static;;;;;;
Fission;pieceDeclaredAsEach;34;true;;Static;;;;;;
Fission;equalNumberOfPiecesOnTheBoard;26;true;;Static;;;;;;
Fission;noUndeclaredPlayerReference;26;true;;Static;;;;;;
Fission;sizeOfTrack;25;false;Track concept is not present;Static;;;;;;
Four-Player Chaturanga (al-Biruni);lineLessOrEqualThanBoardSide;45;false;Line concept is not present;Static;;;;;;
Four-Player Chaturanga (al-Biruni);pieceDeclaredAsShared;50;false;The game does not have any piece declared as Shared;Static;;;;;;
Four-Player Chaturanga (al-Biruni);pieceDeclaredAsNeutral;49;false;The game does not have any piece declared as Neutral;Static;;;;;;
Four-Player Chaturanga (al-Biruni);pieceDeclaredAsEach;41;true;;Static;;;;;;
Four-Player Chaturanga (al-Biruni);equalNumberOfPiecesOnTheBoard;40;true;;Static;;;;;;
Four-Player Chaturanga (al-Biruni);noUndeclaredPlayerReference;41;true;;Static;;;;;;
Four-Player Chaturanga (al-Biruni);sizeOfTrack;40;false;Track concept is not present;Static;;;;;;
Icebreaker;lineLessOrEqualThanBoardSide;34;false;Line concept is not present;Static;;;;;;
Icebreaker;pieceDeclaredAsShared;34;false;The game does not have any piece declared as Shared;Static;;;;;;
Icebreaker;pieceDeclaredAsNeutral;33;false;The game does not have any piece declared as Neutral;Static;;;;;;
Icebreaker;pieceDeclaredAsEach;40;true;;Static;;;;;;
Icebreaker;equalNumberOfPiecesOnTheBoard;44;true;;Static;;;;;;
Icebreaker;noUndeclaredPlayerReference;40;true;;Static;;;;;;
Icebreaker;sizeOfTrack;41;false;Track concept is not present;Static;;;;;;
Issiren;lineLessOrEqualThanBoardSide;25;false;Line concept is not present;Static;;;;;;
Issiren;pieceDeclaredAsShared;23;false;The game does not have any piece declared as Shared;Static;;;;;;
Issiren;pieceDeclaredAsNeutral;23;false;The game does not have any piece declared as Neutral;Static;;;;;;
Issiren;pieceDeclaredAsEach;21;true;;Static;;;;;;
Issiren;equalNumberOfPiecesOnTheBoard;21;true;;Static;;;;;;
Issiren;noUndeclaredPlayerReference;20;true;;Static;;;;;;
Issiren;sizeOfTrack;25;false;The owner 0 does not have a track;Static;;;;;;
Ja-Jeon-Geo-Gonu;lineLessOrEqualThanBoardSide;7;false;Line concept is not present;Static;;;;;;
Ja-Jeon-Geo-Gonu;pieceDeclaredAsShared;7;false;The game does not have any piece declared as Shared;Static;;;;;;
Ja-Jeon-Geo-Gonu;pieceDeclaredAsNeutral;6;false;The game does not have any piece declared as Neutral;Static;;;;;;
Ja-Jeon-Geo-Gonu;pieceDeclaredAsEach;6;true;;Static;;;;;;
Ja-Jeon-Geo-Gonu;equalNumberOfPiecesOnTheBoard;5;true;;Static;;;;;;
Ja-Jeon-Geo-Gonu;noUndeclaredPlayerReference;6;true;;Static;;;;;;
Ja-Jeon-Geo-Gonu;sizeOfTrack;6;false;The length of the track is 16;Static;;;;;;
Kioz;lineLessOrEqualThanBoardSide;82;false;Line concept is not present;Static;;;;;;
Kioz;pieceDeclaredAsShared;81;false;The game does not have any piece declared as Shared;Static;;;;;;
Kioz;pieceDeclaredAsNeutral;88;false;The game does not have any piece declared as Neutral;Static;;;;;;
Kioz;pieceDeclaredAsEach;84;true;;Static;;;;;;
Kioz;equalNumberOfPiecesOnTheBoard;82;true;;Static;;;;;;
Kioz;noUndeclaredPlayerReference;84;true;;Static;;;;;;
Kioz;sizeOfTrack;84;false;The length of the track is 44;Static;;;;;;
Kiust Oyun;lineLessOrEqualThanBoardSide;21;false;Line concept is not present;Static;;;;;;
Kiust Oyun;pieceDeclaredAsShared;20;false;The game does not have any piece declared as Shared;Static;;;;;;
Kiust Oyun;pieceDeclaredAsNeutral;21;false;The game does not have any piece declared as Neutral;Static;;;;;;
Kiust Oyun;pieceDeclaredAsEach;21;true;;Static;;;;;;
Kiust Oyun;equalNumberOfPiecesOnTheBoard;20;true;;Static;;;;;;
Kiust Oyun;noUndeclaredPlayerReference;24;true;;Static;;;;;;
Kiust Oyun;sizeOfTrack;23;false;The owner 0 does not have a track;Static;;;;;;
Los Palos;lineLessOrEqualThanBoardSide;29;false;Line concept is not present;Static;;;;;;
Los Palos;pieceDeclaredAsShared;26;false;The game does not have any piece declared as Shared;Static;;;;;;
Los Palos;pieceDeclaredAsNeutral;30;false;The game does not have any piece declared as Neutral;Static;;;;;;
Los Palos;pieceDeclaredAsEach;29;true;;Static;;;;;;
Los Palos;equalNumberOfPiecesOnTheBoard;29;true;;Static;;;;;;
Los Palos;noUndeclaredPlayerReference;27;true;;Static;;;;;;
Los Palos;sizeOfTrack;27;false;The length of the track is 21;Static;;;;;;
Mapuche Game;lineLessOrEqualThanBoardSide;22;false;Line concept is not present;Static;;;;;;
Mapuche Game;pieceDeclaredAsShared;24;false;The game does not have any piece declared as Shared;Static;;;;;;
Mapuche Game;pieceDeclaredAsNeutral;25;false;The game does not have any piece declared as Neutral;Static;;;;;;
Mapuche Game;pieceDeclaredAsEach;24;true;;Static;;;;;;
Mapuche Game;equalNumberOfPiecesOnTheBoard;23;true;;Static;;;;;;
Mapuche Game;noUndeclaredPlayerReference;23;true;;Static;;;;;;
Mapuche Game;sizeOfTrack;22;false;The owner 0 does not have a track;Static;;;;;;
Mehen;lineLessOrEqualThanBoardSide;22;false;Line concept is not present;Static;;;;;;
Mehen;pieceDeclaredAsShared;22;false;The game does not have any piece declared as Shared;Static;;;;;;
Mehen;pieceDeclaredAsNeutral;24;false;The game does not have any piece declared as Neutral;Static;;;;;;
Mehen;pieceDeclaredAsEach;23;false;Ludeme Each for the piece Marker requires at least one definition of MarkerN, with N > 0;Static;;;;;;
Mehen;equalNumberOfPiecesOnTheBoard;24;true;;Static;;;;;;
Mehen;noUndeclaredPlayerReference;22;true;;Static;;;;;;
Mehen;sizeOfTrack;20;false;The length of the track is 87;Static;;;;;;
MensaSpiel;lineLessOrEqualThanBoardSide;1495;false;Line concept is not present;Static;;;;;;
MensaSpiel;pieceDeclaredAsShared;1569;false;The game does not have any piece declared as Shared;Static;;;;;;
MensaSpiel;pieceDeclaredAsNeutral;1463;false;The game does not have any piece declared as Neutral;Static;;;;;;
MensaSpiel;pieceDeclaredAsEach;1465;false;Ludeme Each for the piece Prisoner requires at least one definition of PrisonerN, with N > 0;Static;;;;;;
MensaSpiel;equalNumberOfPiecesOnTheBoard;1422;true;;Static;;;;;;
MensaSpiel;noUndeclaredPlayerReference;1465;true;;Static;;;;;;
MensaSpiel;sizeOfTrack;1418;false;Track concept is not present;Static;;;;;;
Oust;lineLessOrEqualThanBoardSide;62;false;Line concept is not present;Static;;;;;;
Oust;pieceDeclaredAsShared;65;false;The game does not have any piece declared as Shared;Static;;;;;;
Oust;pieceDeclaredAsNeutral;62;false;The game does not have any piece declared as Neutral;Static;;;;;;
Oust;pieceDeclaredAsEach;62;false;Ludeme Each for the piece Disc requires at least one definition of DiscN, with N > 0;Static;;;;;;
Oust;equalNumberOfPiecesOnTheBoard;61;true;;Static;;;;;;
Oust;noUndeclaredPlayerReference;60;true;;Static;;;;;;
Oust;sizeOfTrack;62;false;Track concept is not present;Static;;;;;;
Puluc;lineLessOrEqualThanBoardSide;18;false;Line concept is not present;Static;;;;;;
Puluc;pieceDeclaredAsShared;18;false;The game does not have any piece declared as Shared;Static;;;;;;
Puluc;pieceDeclaredAsNeutral;17;false;The game does not have any piece declared as Neutral;Static;;;;;;
Puluc;pieceDeclaredAsEach;16;true;;Static;;;;;;
Puluc;equalNumberOfPiecesOnTheBoard;17;true;;Static;;;;;;
Puluc;noUndeclaredPlayerReference;18;true;;Static;;;;;;
Puluc;sizeOfTrack;17;false;The owner 0 does not have a track;Static;;;;;;
Quad Wrangle;lineLessOrEqualThanBoardSide;26;false;Line concept is not present;Static;;;;;;
Quad Wrangle;pieceDeclaredAsShared;24;false;The game does not have any piece declared as Shared;Static;;;;;;
Quad Wrangle;pieceDeclaredAsNeutral;24;false;The game does not have any piece declared as Neutral;Static;;;;;;
Quad Wrangle;pieceDeclaredAsEach;26;true;;Static;;;;;;
Quad Wrangle;equalNumberOfPiecesOnTheBoard;25;true;;Static;;;;;;
Quad Wrangle;noUndeclaredPlayerReference;25;true;;Static;;;;;;
Quad Wrangle;sizeOfTrack;25;false;Track concept is not present;Static;;;;;;
Rampart;lineLessOrEqualThanBoardSide;46;false;Line concept is not present;Static;;;;;;
Rampart;pieceDeclaredAsShared;45;false;The game does not have any piece declared as Shared;Static;;;;;;
Rampart;pieceDeclaredAsNeutral;47;false;The game does not have any piece declared as Neutral;Static;;;;;;
Rampart;pieceDeclaredAsEach;46;true;;Static;;;;;;
Rampart;equalNumberOfPiecesOnTheBoard;45;true;;Static;;;;;;
Rampart;noUndeclaredPlayerReference;46;true;;Static;;;;;;
Rampart;sizeOfTrack;48;false;Track concept is not present;Static;;;;;;
Sahkku;lineLessOrEqualThanBoardSide;54;false;Line concept is not present;Static;;;;;;
Sahkku;pieceDeclaredAsShared;51;true;;Static;;;;;;
Sahkku;pieceDeclaredAsNeutral;54;false;The game does not have any piece declared as Neutral;Static;;;;;;
Sahkku;pieceDeclaredAsEach;49;true;;Static;;;;;;
Sahkku;equalNumberOfPiecesOnTheBoard;52;true;;Static;;;;;;
Sahkku;noUndeclaredPlayerReference;48;true;;Static;;;;;;
Sahkku;sizeOfTrack;49;false;The owner 0 does not have a track;Static;;;;;;
Sig (El Oued Capture);lineLessOrEqualThanBoardSide;26;false;Line concept is not present;Static;;;;;;
Sig (El Oued Capture);pieceDeclaredAsShared;26;false;The game does not have any piece declared as Shared;Static;;;;;;
Sig (El Oued Capture);pieceDeclaredAsNeutral;27;false;The game does not have any piece declared as Neutral;Static;;;;;;
Sig (El Oued Capture);pieceDeclaredAsEach;25;true;;Static;;;;;;
Sig (El Oued Capture);equalNumberOfPiecesOnTheBoard;27;true;;Static;;;;;;
Sig (El Oued Capture);noUndeclaredPlayerReference;30;true;;Static;;;;;;
Sig (El Oued Capture);sizeOfTrack;27;false;The owner 0 does not have a track;Static;;;;;;
Sig (Mauritania);lineLessOrEqualThanBoardSide;90;false;Line concept is not present;Static;;;;;;
Sig (Mauritania);pieceDeclaredAsShared;88;false;The game does not have any piece declared as Shared;Static;;;;;;
Sig (Mauritania);pieceDeclaredAsNeutral;83;false;The game does not have any piece declared as Neutral;Static;;;;;;
Sig (Mauritania);pieceDeclaredAsEach;85;false;The game does not have any piece declared as Each;Static;;;;;;
Sig (Mauritania);equalNumberOfPiecesOnTheBoard;93;true;;Static;;;;;;
Sig (Mauritania);noUndeclaredPlayerReference;89;true;;Static;;;;;;
Sig (Mauritania);sizeOfTrack;87;false;The owner 0 does not have a track;Static;;;;;;
Sig (Mzab);lineLessOrEqualThanBoardSide;27;false;Line concept is not present;Static;;;;;;
Sig (Mzab);pieceDeclaredAsShared;26;false;The game does not have any piece declared as Shared;Static;;;;;;
Sig (Mzab);pieceDeclaredAsNeutral;27;false;The game does not have any piece declared as Neutral;Static;;;;;;
Sig (Mzab);pieceDeclaredAsEach;27;true;;Static;;;;;;
Sig (Mzab);equalNumberOfPiecesOnTheBoard;28;true;;Static;;;;;;
Sig (Mzab);noUndeclaredPlayerReference;27;true;;Static;;;;;;
Sig (Mzab);sizeOfTrack;29;false;The owner 0 does not have a track;Static;;;;;;
Sig (Tidikelt);lineLessOrEqualThanBoardSide;38;false;Line concept is not present;Static;;;;;;
Sig (Tidikelt);pieceDeclaredAsShared;37;false;The game does not have any piece declared as Shared;Static;;;;;;
Sig (Tidikelt);pieceDeclaredAsNeutral;37;false;The game does not have any piece declared as Neutral;Static;;;;;;
Sig (Tidikelt);pieceDeclaredAsEach;43;true;;Static;;;;;;
Sig (Tidikelt);equalNumberOfPiecesOnTheBoard;41;true;;Static;;;;;;
Sig (Tidikelt);noUndeclaredPlayerReference;41;true;;Static;;;;;;
Sig (Tidikelt);sizeOfTrack;43;false;The owner 0 does not have a track;Static;;;;;;
Sig (Tozeur);lineLessOrEqualThanBoardSide;26;false;Line concept is not present;Static;;;;;;
Sig (Tozeur);pieceDeclaredAsShared;24;false;The game does not have any piece declared as Shared;Static;;;;;;
Sig (Tozeur);pieceDeclaredAsNeutral;22;false;The game does not have any piece declared as Neutral;Static;;;;;;
Sig (Tozeur);pieceDeclaredAsEach;25;true;;Static;;;;;;
Sig (Tozeur);equalNumberOfPiecesOnTheBoard;23;true;;Static;;;;;;
Sig (Tozeur);noUndeclaredPlayerReference;25;true;;Static;;;;;;
Sig (Tozeur);sizeOfTrack;24;false;The owner 0 does not have a track;Static;;;;;;
Sig (Western Sahara);lineLessOrEqualThanBoardSide;56;false;Line concept is not present;Static;;;;;;
Sig (Western Sahara);pieceDeclaredAsShared;52;false;The game does not have any piece declared as Shared;Static;;;;;;
Sig (Western Sahara);pieceDeclaredAsNeutral;49;false;The game does not have any piece declared as Neutral;Static;;;;;;
Sig (Western Sahara);pieceDeclaredAsEach;48;true;;Static;;;;;;
Sig (Western Sahara);equalNumberOfPiecesOnTheBoard;53;true;;Static;;;;;;
Sig (Western Sahara);noUndeclaredPlayerReference;57;true;;Static;;;;;;
Sig (Western Sahara);sizeOfTrack;53;false;The owner 0 does not have a track;Static;;;;;;
Sijat El Taba;lineLessOrEqualThanBoardSide;36;false;Line concept is not present;Static;;;;;;
Sijat El Taba;pieceDeclaredAsShared;33;false;The game does not have any piece declared as Shared;Static;;;;;;
Sijat El Taba;pieceDeclaredAsNeutral;34;false;The game does not have any piece declared as Neutral;Static;;;;;;
Sijat El Taba;pieceDeclaredAsEach;33;true;;Static;;;;;;
Sijat El Taba;equalNumberOfPiecesOnTheBoard;31;true;;Static;;;;;;
Sijat El Taba;noUndeclaredPlayerReference;33;true;;Static;;;;;;
Sijat El Taba;sizeOfTrack;32;false;The owner 0 does not have a track;Static;;;;;;
Siryu (War);lineLessOrEqualThanBoardSide;24;false;Line concept is not present;Static;;;;;;
Siryu (War);pieceDeclaredAsShared;24;false;The game does not have any piece declared as Shared;Static;;;;;;
Siryu (War);pieceDeclaredAsNeutral;24;false;The game does not have any piece declared as Neutral;Static;;;;;;
Siryu (War);pieceDeclaredAsEach;26;false;The game does not have any piece declared as Each;Static;;;;;;
Siryu (War);equalNumberOfPiecesOnTheBoard;25;true;;Static;;;;;;
Siryu (War);noUndeclaredPlayerReference;26;true;;Static;;;;;;
Siryu (War);sizeOfTrack;26;false;The owner 0 does not have a track;Static;;;;;;
Skirmish (GDL);lineLessOrEqualThanBoardSide;35;false;Line concept is not present;Static;;;;;;
Skirmish (GDL);pieceDeclaredAsShared;36;false;The game does not have any piece declared as Shared;Static;;;;;;
Skirmish (GDL);pieceDeclaredAsNeutral;34;false;The game does not have any piece declared as Neutral;Static;;;;;;
Skirmish (GDL);pieceDeclaredAsEach;35;true;;Static;;;;;;
Skirmish (GDL);equalNumberOfPiecesOnTheBoard;35;true;;Static;;;;;;
Skirmish (GDL);noUndeclaredPlayerReference;34;true;;Static;;;;;;
Skirmish (GDL);sizeOfTrack;34;false;Track concept is not present;Static;;;;;;
Surakarta;lineLessOrEqualThanBoardSide;16;false;Line concept is not present;Static;;;;;;
Surakarta;pieceDeclaredAsShared;12;false;The game does not have any piece declared as Shared;Static;;;;;;
Surakarta;pieceDeclaredAsNeutral;12;false;The game does not have any piece declared as Neutral;Static;;;;;;
Surakarta;pieceDeclaredAsEach;11;true;;Static;;;;;;
Surakarta;equalNumberOfPiecesOnTheBoard;12;true;;Static;;;;;;
Surakarta;noUndeclaredPlayerReference;12;true;;Static;;;;;;
Surakarta;sizeOfTrack;12;false;The length of the track is 24;Static;;;;;;
Sweep Burrow;lineLessOrEqualThanBoardSide;813;false;Line concept is not present;Static;;;;;;
Sweep Burrow;pieceDeclaredAsShared;808;false;The game does not have any piece declared as Shared;Static;;;;;;
Sweep Burrow;pieceDeclaredAsNeutral;795;false;The game does not have any piece declared as Neutral;Static;;;;;;
Sweep Burrow;pieceDeclaredAsEach;806;true;;Static;;;;;;
Sweep Burrow;equalNumberOfPiecesOnTheBoard;833;true;;Static;;;;;;
Sweep Burrow;noUndeclaredPlayerReference;860;true;;Static;;;;;;
Sweep Burrow;sizeOfTrack;843;false;Track concept is not present;Static;;;;;;
Tab;lineLessOrEqualThanBoardSide;28;false;Line concept is not present;Static;;;;;;
Tab;pieceDeclaredAsShared;28;false;The game does not have any piece declared as Shared;Static;;;;;;
Tab;pieceDeclaredAsNeutral;36;false;The game does not have any piece declared as Neutral;Static;;;;;;
Tab;pieceDeclaredAsEach;29;true;;Static;;;;;;
Tab;equalNumberOfPiecesOnTheBoard;28;true;;Static;;;;;;
Tab;noUndeclaredPlayerReference;30;true;;Static;;;;;;
Tab;sizeOfTrack;29;false;The length of the track is 14;Static;;;;;;
Tablas Astronomias;lineLessOrEqualThanBoardSide;29;false;Line concept is not present;Static;;;;;;
Tablas Astronomias;pieceDeclaredAsShared;26;false;The game does not have any piece declared as Shared;Static;;;;;;
Tablas Astronomias;pieceDeclaredAsNeutral;26;false;The game does not have any piece declared as Neutral;Static;;;;;;
Tablas Astronomias;pieceDeclaredAsEach;27;true;;Static;;;;;;
Tablas Astronomias;equalNumberOfPiecesOnTheBoard;26;true;;Static;;;;;;
Tablas Astronomias;noUndeclaredPlayerReference;24;true;;Static;;;;;;
Tablas Astronomias;sizeOfTrack;24;false;The length of the track is 48;Static;;;;;;
Tank Tactics;lineLessOrEqualThanBoardSide;23;false;Line concept is not present;Static;;;;;;
Tank Tactics;pieceDeclaredAsShared;26;false;The game does not have any piece declared as Shared;Static;;;;;;
Tank Tactics;pieceDeclaredAsNeutral;25;false;The game does not have any piece declared as Neutral;Static;;;;;;
Tank Tactics;pieceDeclaredAsEach;26;true;;Static;;;;;;
Tank Tactics;equalNumberOfPiecesOnTheBoard;24;true;;Static;;;;;;
Tank Tactics;noUndeclaredPlayerReference;24;true;;Static;;;;;;
Tank Tactics;sizeOfTrack;23;false;Track concept is not present;Static;;;;;;
Tibetan Jiuqi;lineLessOrEqualThanBoardSide;327;false;Line concept is not present;Static;;;;;;
Tibetan Jiuqi;pieceDeclaredAsShared;331;false;The game does not have any piece declared as Shared;Static;;;;;;
Tibetan Jiuqi;pieceDeclaredAsNeutral;330;false;The game does not have any piece declared as Neutral;Static;;;;;;
Tibetan Jiuqi;pieceDeclaredAsEach;326;true;;Static;;;;;;
Tibetan Jiuqi;equalNumberOfPiecesOnTheBoard;326;true;;Static;;;;;;
Tibetan Jiuqi;noUndeclaredPlayerReference;329;true;;Static;;;;;;
Tibetan Jiuqi;sizeOfTrack;323;false;Track concept is not present;Static;;;;;;
Toono;lineLessOrEqualThanBoardSide;11;false;Line concept is not present;Static;;;;;;
Toono;pieceDeclaredAsShared;10;false;The game does not have any piece declared as Shared;Static;;;;;;
Toono;pieceDeclaredAsNeutral;10;false;The game does not have any piece declared as Neutral;Static;;;;;;
Toono;pieceDeclaredAsEach;10;true;;Static;;;;;;
Toono;equalNumberOfPiecesOnTheBoard;13;true;;Static;;;;;;
Toono;noUndeclaredPlayerReference;10;true;;Static;;;;;;
Toono;sizeOfTrack;11;false;Track concept is not present;Static;;;;;;
Triad;lineLessOrEqualThanBoardSide;27;false;Line concept is not present;Static;;;;;;
Triad;pieceDeclaredAsShared;24;false;The game does not have any piece declared as Shared;Static;;;;;;
Triad;pieceDeclaredAsNeutral;24;false;The game does not have any piece declared as Neutral;Static;;;;;;
Triad;pieceDeclaredAsEach;25;true;;Static;;;;;;
Triad;equalNumberOfPiecesOnTheBoard;26;true;;Static;;;;;;
Triad;noUndeclaredPlayerReference;28;true;;Static;;;;;;
Triad;sizeOfTrack;26;false;Track concept is not present;Static;;;;;;
Triple Tangle;lineLessOrEqualThanBoardSide;62;false;Line concept is not present;Static;;;;;;
Triple Tangle;pieceDeclaredAsShared;62;false;The game does not have any piece declared as Shared;Static;;;;;;
Triple Tangle;pieceDeclaredAsNeutral;63;false;The game does not have any piece declared as Neutral;Static;;;;;;
Triple Tangle;pieceDeclaredAsEach;66;true;;Static;;;;;;
Triple Tangle;equalNumberOfPiecesOnTheBoard;63;true;;Static;;;;;;
Triple Tangle;noUndeclaredPlayerReference;80;true;;Static;;;;;;
Triple Tangle;sizeOfTrack;75;false;Track concept is not present;Static;;;;;;
Udat Pagada;lineLessOrEqualThanBoardSide;60;false;Line concept is not present;Static;;;;;;
Udat Pagada;pieceDeclaredAsShared;57;false;The game does not have any piece declared as Shared;Static;;;;;;
Udat Pagada;pieceDeclaredAsNeutral;71;false;The game does not have any piece declared as Neutral;Static;;;;;;
Udat Pagada;pieceDeclaredAsEach;49;true;;Static;;;;;;
Udat Pagada;equalNumberOfPiecesOnTheBoard;58;true;;Static;;;;;;
Udat Pagada;noUndeclaredPlayerReference;55;true;;Static;;;;;;
Udat Pagada;sizeOfTrack;64;false;The length of the track is 8;Static;;;;;;
Zola;lineLessOrEqualThanBoardSide;76;false;Line concept is not present;Static;;;;;;
Zola;pieceDeclaredAsShared;75;false;The game does not have any piece declared as Shared;Static;;;;;;
Zola;pieceDeclaredAsNeutral;72;false;The game does not have any piece declared as Neutral;Static;;;;;;
Zola;pieceDeclaredAsEach;74;true;;Static;;;;;;
Zola;equalNumberOfPiecesOnTheBoard;75;true;;Static;;;;;;
Zola;noUndeclaredPlayerReference;78;true;;Static;;;;;;
Zola;sizeOfTrack;76;false;Track concept is not present;Static;;;;;;
Cannon;lineLessOrEqualThanBoardSide;27;false;Line concept is not present;Static;;;;;;
Cannon;pieceDeclaredAsShared;26;false;The game does not have any piece declared as Shared;Static;;;;;;
Cannon;pieceDeclaredAsNeutral;26;false;The game does not have any piece declared as Neutral;Static;;;;;;
Cannon;pieceDeclaredAsEach;26;true;;Static;;;;;;
Cannon;equalNumberOfPiecesOnTheBoard;25;true;;Static;;;;;;
Cannon;noUndeclaredPlayerReference;25;true;;Static;;;;;;
Cannon;sizeOfTrack;28;false;Track concept is not present;Static;;;;;;
Capture the Queen;lineLessOrEqualThanBoardSide;17;false;Line concept is not present;Static;;;;;;
Capture the Queen;pieceDeclaredAsShared;15;false;The game does not have any piece declared as Shared;Static;;;;;;
Capture the Queen;pieceDeclaredAsNeutral;15;false;The game does not have any piece declared as Neutral;Static;;;;;;
Capture the Queen;pieceDeclaredAsEach;15;true;;Static;;;;;;
Capture the Queen;equalNumberOfPiecesOnTheBoard;15;false;Players do not have the same number of pieces;Static;;;;;;
Capture the Queen;noUndeclaredPlayerReference;15;true;;Static;;;;;;
Capture the Queen;sizeOfTrack;15;false;Track concept is not present;Static;;;;;;
King And Courtesan;lineLessOrEqualThanBoardSide;17;false;Line concept is not present;Static;;;;;;
King And Courtesan;pieceDeclaredAsShared;17;false;The game does not have any piece declared as Shared;Static;;;;;;
King And Courtesan;pieceDeclaredAsNeutral;17;false;The game does not have any piece declared as Neutral;Static;;;;;;
King And Courtesan;pieceDeclaredAsEach;20;true;;Static;;;;;;
King And Courtesan;equalNumberOfPiecesOnTheBoard;21;true;;Static;;;;;;
King And Courtesan;noUndeclaredPlayerReference;19;true;;Static;;;;;;
King And Courtesan;sizeOfTrack;19;false;Track concept is not present;Static;;;;;;
Kriegsspiel;lineLessOrEqualThanBoardSide;3430;false;Line concept is not present;Static;;;;;;
Kriegsspiel;pieceDeclaredAsShared;3813;false;The game does not have any piece declared as Shared;Static;;;;;;
Kriegsspiel;pieceDeclaredAsNeutral;3705;true;;Static;;;;;;
Kriegsspiel;pieceDeclaredAsEach;3545;false;Ludeme Each for the piece Bishop requires at least one definition of BishopN, with N > 0;Static;;;;;;
Kriegsspiel;equalNumberOfPiecesOnTheBoard;3446;true;;Static;;;;;;
Kriegsspiel;noUndeclaredPlayerReference;3684;true;;Static;;;;;;
Kriegsspiel;sizeOfTrack;3523;false;Track concept is not present;Static;;;;;;
L'attaque;lineLessOrEqualThanBoardSide;125;false;Line concept is not present;Static;;;;;;
L'attaque;pieceDeclaredAsShared;106;false;The game does not have any piece declared as Shared;Static;;;;;;
L'attaque;pieceDeclaredAsNeutral;99;false;The game does not have any piece declared as Neutral;Static;;;;;;
L'attaque;pieceDeclaredAsEach;103;true;;Static;;;;;;
L'attaque;equalNumberOfPiecesOnTheBoard;103;true;;Static;;;;;;
L'attaque;noUndeclaredPlayerReference;101;true;;Static;;;;;;
L'attaque;sizeOfTrack;115;false;Track concept is not present;Static;;;;;;
Let's Catch the Lion;lineLessOrEqualThanBoardSide;34;false;Line concept is not present;Static;;;;;;
Let's Catch the Lion;pieceDeclaredAsShared;27;false;The game does not have any piece declared as Shared;Static;;;;;;
Let's Catch the Lion;pieceDeclaredAsNeutral;23;false;The game does not have any piece declared as Neutral;Static;;;;;;
Let's Catch the Lion;pieceDeclaredAsEach;25;false;The game does not have any piece declared as Each;Static;;;;;;
Let's Catch the Lion;equalNumberOfPiecesOnTheBoard;24;true;;Static;;;;;;
Let's Catch the Lion;noUndeclaredPlayerReference;23;true;;Static;;;;;;
Let's Catch the Lion;sizeOfTrack;29;false;Track concept is not present;Static;;;;;;
Lielow;lineLessOrEqualThanBoardSide;185;false;Line concept is not present;Static;;;;;;
Lielow;pieceDeclaredAsShared;187;false;The game does not have any piece declared as Shared;Static;;;;;;
Lielow;pieceDeclaredAsNeutral;183;false;The game does not have any piece declared as Neutral;Static;;;;;;
Lielow;pieceDeclaredAsEach;186;true;;Static;;;;;;
Lielow;equalNumberOfPiecesOnTheBoard;186;true;;Static;;;;;;
Lielow;noUndeclaredPlayerReference;201;true;;Static;;;;;;
Lielow;sizeOfTrack;183;false;Track concept is not present;Static;;;;;;
Mini Wars;lineLessOrEqualThanBoardSide;2712;false;Line concept is not present;Static;;;;;;
Mini Wars;pieceDeclaredAsShared;2464;false;The game does not have any piece declared as Shared;Static;;;;;;
Mini Wars;pieceDeclaredAsNeutral;2379;false;A piece declared Neutral must be called as piece0;Static;;;;;;
Mini Wars;pieceDeclaredAsEach;2737;false;Ludeme Each for the piece Factory requires at least one definition of FactoryN, with N > 0;Static;;;;;;
Mini Wars;equalNumberOfPiecesOnTheBoard;2631;true;;Static;;;;;;
Mini Wars;noUndeclaredPlayerReference;2757;true;;Static;;;;;;
Mini Wars;sizeOfTrack;2704;false;Track concept is not present;Static;;;;;;
Monkey Queen;lineLessOrEqualThanBoardSide;91;false;Line concept is not present;Static;;;;;;
Monkey Queen;pieceDeclaredAsShared;89;false;The game does not have any piece declared as Shared;Static;;;;;;
Monkey Queen;pieceDeclaredAsNeutral;84;false;The game does not have any piece declared as Neutral;Static;;;;;;
Monkey Queen;pieceDeclaredAsEach;81;false;The game does not have any piece declared as Each;Static;;;;;;
Monkey Queen;equalNumberOfPiecesOnTheBoard;83;true;;Static;;;;;;
Monkey Queen;noUndeclaredPlayerReference;78;true;;Static;;;;;;
Monkey Queen;sizeOfTrack;79;false;Track concept is not present;Static;;;;;;
Ploy;lineLessOrEqualThanBoardSide;46;false;Line concept is not present;Static;;;;;;
Ploy;pieceDeclaredAsShared;37;false;The game does not have any piece declared as Shared;Static;;;;;;
Ploy;pieceDeclaredAsNeutral;46;false;The game does not have any piece declared as Neutral;Static;;;;;;
Ploy;pieceDeclaredAsEach;42;true;;Static;;;;;;
Ploy;equalNumberOfPiecesOnTheBoard;41;true;;Static;;;;;;
Ploy;noUndeclaredPlayerReference;39;true;;Static;;;;;;
Ploy;sizeOfTrack;41;false;Track concept is not present;Static;;;;;;
Rithmomachia;lineLessOrEqualThanBoardSide;347;false;Line concept is not present;Static;;;;;;
Rithmomachia;pieceDeclaredAsShared;339;false;The game does not have any piece declared as Shared;Static;;;;;;
Rithmomachia;pieceDeclaredAsNeutral;328;false;The game does not have any piece declared as Neutral;Static;;;;;;
Rithmomachia;pieceDeclaredAsEach;327;true;;Static;;;;;;
Rithmomachia;equalNumberOfPiecesOnTheBoard;338;true;;Static;;;;;;
Rithmomachia;noUndeclaredPlayerReference;306;true;;Static;;;;;;
Rithmomachia;sizeOfTrack;318;false;Track concept is not present;Static;;;;;;
Shogun;lineLessOrEqualThanBoardSide;62;false;Line concept is not present;Static;;;;;;
Shogun;pieceDeclaredAsShared;60;false;The game does not have any piece declared as Shared;Static;;;;;;
Shogun;pieceDeclaredAsNeutral;62;false;The game does not have any piece declared as Neutral;Static;;;;;;
Shogun;pieceDeclaredAsEach;65;true;;Static;;;;;;
Shogun;equalNumberOfPiecesOnTheBoard;65;true;;Static;;;;;;
Shogun;noUndeclaredPlayerReference;65;true;;Static;;;;;;
Shogun;sizeOfTrack;60;false;Track concept is not present;Static;;;;;;
Clobber;lineLessOrEqualThanBoardSide;28;false;Line concept is not present;Static;;;;;;
Clobber;pieceDeclaredAsShared;28;false;The game does not have any piece declared as Shared;Static;;;;;;
Clobber;pieceDeclaredAsNeutral;24;false;The game does not have any piece declared as Neutral;Static;;;;;;
Clobber;pieceDeclaredAsEach;24;true;;Static;;;;;;
Clobber;equalNumberOfPiecesOnTheBoard;24;true;;Static;;;;;;
Clobber;noUndeclaredPlayerReference;23;true;;Static;;;;;;
Clobber;sizeOfTrack;24;false;Track concept is not present;Static;;;;;;
Press Ups;lineLessOrEqualThanBoardSide;23;false;Line concept is not present;Static;;;;;;
Press Ups;pieceDeclaredAsShared;22;false;The game does not have any piece declared as Shared;Static;;;;;;
Press Ups;pieceDeclaredAsNeutral;21;false;The game does not have any piece declared as Neutral;Static;;;;;;
Press Ups;pieceDeclaredAsEach;21;true;;Static;;;;;;
Press Ups;equalNumberOfPiecesOnTheBoard;19;true;;Static;;;;;;
Press Ups;noUndeclaredPlayerReference;20;true;;Static;;;;;;
Press Ups;sizeOfTrack;22;false;Track concept is not present;Static;;;;;;
Workers and Soldiers;lineLessOrEqualThanBoardSide;86;false;Line concept is not present;Static;;;;;;
Workers and Soldiers;pieceDeclaredAsShared;89;false;The game does not have any piece declared as Shared;Static;;;;;;
Workers and Soldiers;pieceDeclaredAsNeutral;89;false;The game does not have any piece declared as Neutral;Static;;;;;;
Workers and Soldiers;pieceDeclaredAsEach;90;false;Ludeme Each for the piece Shooter requires at least one definition of ShooterN, with N > 0;Static;;;;;;
Workers and Soldiers;equalNumberOfPiecesOnTheBoard;89;true;;Static;;;;;;
Workers and Soldiers;noUndeclaredPlayerReference;95;true;;Static;;;;;;
Workers and Soldiers;sizeOfTrack;88;false;Track concept is not present;Static;;;;;;
Block;lineLessOrEqualThanBoardSide;1407;false;Line concept is not present;Static;;;;;;
Block;pieceDeclaredAsShared;1274;false;The game does not have any piece declared as Shared;Static;;;;;;
Block;pieceDeclaredAsNeutral;1481;false;The game does not have any piece declared as Neutral;Static;;;;;;
Block;pieceDeclaredAsEach;1413;false;The game does not have any piece declared as Each;Static;;;;;;
Block;equalNumberOfPiecesOnTheBoard;1189;true;;Static;;;;;;
Block;noUndeclaredPlayerReference;1360;true;;Static;;;;;;
Block;sizeOfTrack;1395;false;Track concept is not present;Static;;;;;;
Aksadyuta;lineLessOrEqualThanBoardSide;10;false;Line concept is not present;Static;;;;;;
Aksadyuta;pieceDeclaredAsShared;8;true;;Static;;;;;;
Aksadyuta;pieceDeclaredAsNeutral;8;false;The game does not have any piece declared as Neutral;Static;;;;;;
Aksadyuta;pieceDeclaredAsEach;9;false;The game does not have any piece declared as Each;Static;;;;;;
Aksadyuta;equalNumberOfPiecesOnTheBoard;8;true;;Static;;;;;;
Aksadyuta;noUndeclaredPlayerReference;8;true;;Static;;;;;;
Aksadyuta;sizeOfTrack;9;false;Track concept is not present;Static;;;;;;
Contagion;lineLessOrEqualThanBoardSide;25;false;Line concept is not present;Static;;;;;;
Contagion;pieceDeclaredAsShared;35;false;The game does not have any piece declared as Shared;Static;;;;;;
Contagion;pieceDeclaredAsNeutral;22;false;The game does not have any piece declared as Neutral;Static;;;;;;
Contagion;pieceDeclaredAsEach;23;false;The game does not have any piece declared as Each;Static;;;;;;
Contagion;equalNumberOfPiecesOnTheBoard;22;true;;Static;;;;;;
Contagion;noUndeclaredPlayerReference;22;true;;Static;;;;;;
Contagion;sizeOfTrack;22;false;Track concept is not present;Static;;;;;;
Crossline;lineLessOrEqualThanBoardSide;38;false;Line concept is not present;Static;;;;;;
Crossline;pieceDeclaredAsShared;32;false;A Shared Piece must appear at least twice in the description;Static;;;;;;
Crossline;pieceDeclaredAsNeutral;32;false;The game does not have any piece declared as Neutral;Static;;;;;;
Crossline;pieceDeclaredAsEach;38;false;Ludeme Each for the piece Marker requires at least one definition of MarkerN, with N > 0;Static;;;;;;
Crossline;equalNumberOfPiecesOnTheBoard;33;true;;Static;;;;;;
Crossline;noUndeclaredPlayerReference;32;true;;Static;;;;;;
Crossline;sizeOfTrack;32;false;Track concept is not present;Static;;;;;;
DisPath;lineLessOrEqualThanBoardSide;12;false;Line concept is not present;Static;;;;;;
DisPath;pieceDeclaredAsShared;9;false;The game does not have any piece declared as Shared;Static;;;;;;
DisPath;pieceDeclaredAsNeutral;10;false;The game does not have any piece declared as Neutral;Static;;;;;;
DisPath;pieceDeclaredAsEach;9;false;The game does not have any piece declared as Each;Static;;;;;;
DisPath;equalNumberOfPiecesOnTheBoard;10;true;;Static;;;;;;
DisPath;noUndeclaredPlayerReference;9;true;;Static;;;;;;
DisPath;sizeOfTrack;9;false;Track concept is not present;Static;;;;;;
Dots and Boxes;lineLessOrEqualThanBoardSide;20;false;Line concept is not present;Static;;;;;;
Dots and Boxes;pieceDeclaredAsShared;18;false;The game does not have any piece declared as Shared;Static;;;;;;
Dots and Boxes;pieceDeclaredAsNeutral;19;false;The game does not have any piece declared as Neutral;Static;;;;;;
Dots and Boxes;pieceDeclaredAsEach;19;false;The game does not have any piece declared as Each;Static;;;;;;
Dots and Boxes;equalNumberOfPiecesOnTheBoard;19;true;;Static;;;;;;
Dots and Boxes;noUndeclaredPlayerReference;24;true;;Static;;;;;;
Dots and Boxes;sizeOfTrack;23;false;Track concept is not present;Static;;;;;;
Hackenbush;lineLessOrEqualThanBoardSide;13;false;Line concept is not present;Static;;;;;;
Hackenbush;pieceDeclaredAsShared;11;false;A Shared Piece must appear at least twice in the description;Static;;;;;;
Hackenbush;pieceDeclaredAsNeutral;11;false;A piece declared Neutral must be called as piece0;Static;;;;;;
Hackenbush;pieceDeclaredAsEach;11;false;Ludeme Each for the piece Marker requires at least one definition of MarkerN, with N > 0;Static;;;;;;
Hackenbush;equalNumberOfPiecesOnTheBoard;11;true;;Static;;;;;;
Hackenbush;noUndeclaredPlayerReference;11;true;;Static;;;;;;
Hackenbush;sizeOfTrack;11;false;Track concept is not present;Static;;;;;;
Hamiltonian Maze;lineLessOrEqualThanBoardSide;15;false;Line concept is not present;Static;;;;;;
Hamiltonian Maze;pieceDeclaredAsShared;15;false;The game does not have any piece declared as Shared;Static;;;;;;
Hamiltonian Maze;pieceDeclaredAsNeutral;14;false;The game does not have any piece declared as Neutral;Static;;;;;;
Hamiltonian Maze;pieceDeclaredAsEach;17;false;The game does not have any piece declared as Each;Static;;;;;;
Hamiltonian Maze;equalNumberOfPiecesOnTheBoard;16;true;;Static;;;;;;
Hamiltonian Maze;noUndeclaredPlayerReference;15;true;;Static;;;;;;
Hamiltonian Maze;sizeOfTrack;15;false;Track concept is not present;Static;;;;;;
Icosian;lineLessOrEqualThanBoardSide;10;false;Line concept is not present;Static;;;;;;
Icosian;pieceDeclaredAsShared;10;false;The game does not have any piece declared as Shared;Static;;;;;;
Icosian;pieceDeclaredAsNeutral;16;false;The game does not have any piece declared as Neutral;Static;;;;;;
Icosian;pieceDeclaredAsEach;10;false;The game does not have any piece declared as Each;Static;;;;;;
Icosian;equalNumberOfPiecesOnTheBoard;10;true;;Static;;;;;;
Icosian;noUndeclaredPlayerReference;10;true;;Static;;;;;;
Icosian;sizeOfTrack;10;false;Track concept is not present;Static;;;;;;
MaxMatch;lineLessOrEqualThanBoardSide;9;false;Line concept is not present;Static;;;;;;
MaxMatch;pieceDeclaredAsShared;9;false;The game does not have any piece declared as Shared;Static;;;;;;
MaxMatch;pieceDeclaredAsNeutral;9;false;The game does not have any piece declared as Neutral;Static;;;;;;
MaxMatch;pieceDeclaredAsEach;8;false;The game does not have any piece declared as Each;Static;;;;;;
MaxMatch;equalNumberOfPiecesOnTheBoard;8;true;;Static;;;;;;
MaxMatch;noUndeclaredPlayerReference;8;true;;Static;;;;;;
MaxMatch;sizeOfTrack;8;false;Track concept is not present;Static;;;;;;
Sim;lineLessOrEqualThanBoardSide;8;false;Line concept is not present;Static;;;;;;
Sim;pieceDeclaredAsShared;8;false;The game does not have any piece declared as Shared;Static;;;;;;
Sim;pieceDeclaredAsNeutral;8;false;The game does not have any piece declared as Neutral;Static;;;;;;
Sim;pieceDeclaredAsEach;9;false;The game does not have any piece declared as Each;Static;;;;;;
Sim;equalNumberOfPiecesOnTheBoard;10;true;;Static;;;;;;
Sim;noUndeclaredPlayerReference;7;true;;Static;;;;;;
Sim;sizeOfTrack;9;false;Track concept is not present;Static;;;;;;
Two-Colour;lineLessOrEqualThanBoardSide;21;false;Line concept is not present;Static;;;;;;
Two-Colour;pieceDeclaredAsShared;16;false;The game does not have any piece declared as Shared;Static;;;;;;
Two-Colour;pieceDeclaredAsNeutral;18;false;The game does not have any piece declared as Neutral;Static;;;;;;
Two-Colour;pieceDeclaredAsEach;19;false;Ludeme Each for the piece Marker requires at least one definition of MarkerN, with N > 0;Static;;;;;;
Two-Colour;equalNumberOfPiecesOnTheBoard;16;true;;Static;;;;;;
Two-Colour;noUndeclaredPlayerReference;17;true;;Static;;;;;;
Two-Colour;sizeOfTrack;16;false;Track concept is not present;Static;;;;;;
Wagner;lineLessOrEqualThanBoardSide;7;false;Line concept is not present;Static;;;;;;
Wagner;pieceDeclaredAsShared;7;false;The game does not have any piece declared as Shared;Static;;;;;;
Wagner;pieceDeclaredAsNeutral;6;false;The game does not have any piece declared as Neutral;Static;;;;;;
Wagner;pieceDeclaredAsEach;6;false;Ludeme Each for the piece Marker requires at least one definition of MarkerN, with N > 0;Static;;;;;;
Wagner;equalNumberOfPiecesOnTheBoard;5;true;;Static;;;;;;
Wagner;noUndeclaredPlayerReference;7;true;;Static;;;;;;
Wagner;sizeOfTrack;11;false;Track concept is not present;Static;;;;;;
Chopsticks;lineLessOrEqualThanBoardSide;45;false;Line concept is not present;Static;;;;;;
Chopsticks;pieceDeclaredAsShared;39;false;The game does not have any piece declared as Shared;Static;;;;;;
Chopsticks;pieceDeclaredAsNeutral;38;false;The game does not have any piece declared as Neutral;Static;;;;;;
Chopsticks;pieceDeclaredAsEach;48;true;;Static;;;;;;
Chopsticks;equalNumberOfPiecesOnTheBoard;43;true;;Static;;;;;;
Chopsticks;noUndeclaredPlayerReference;52;true;;Static;;;;;;
Chopsticks;sizeOfTrack;53;false;Track concept is not present;Static;;;;;;
Morra;lineLessOrEqualThanBoardSide;24;false;Line concept is not present;Static;;;;;;
Morra;pieceDeclaredAsShared;20;false;The game does not have any piece declared as Shared;Static;;;;;;
Morra;pieceDeclaredAsNeutral;24;false;The game does not have any piece declared as Neutral;Static;;;;;;
Morra;pieceDeclaredAsEach;21;false;The game does not have any piece declared as Each;Static;;;;;;
Morra;equalNumberOfPiecesOnTheBoard;19;true;;Static;;;;;;
Morra;noUndeclaredPlayerReference;23;false;P3 is not declared;Static;;;;;;
Morra;sizeOfTrack;22;false;Track concept is not present;Static;;;;;;
Rock-Paper-Scissors;lineLessOrEqualThanBoardSide;10;false;Line concept is not present;Static;;;;;;
Rock-Paper-Scissors;pieceDeclaredAsShared;13;false;The game does not have any piece declared as Shared;Static;;;;;;
Rock-Paper-Scissors;pieceDeclaredAsNeutral;9;false;The game does not have any piece declared as Neutral;Static;;;;;;
Rock-Paper-Scissors;pieceDeclaredAsEach;10;true;;Static;;;;;;
Rock-Paper-Scissors;equalNumberOfPiecesOnTheBoard;9;true;;Static;;;;;;
Rock-Paper-Scissors;noUndeclaredPlayerReference;10;true;;Static;;;;;;
Rock-Paper-Scissors;sizeOfTrack;11;false;Track concept is not present;Static;;;;;;
Iterated Prisoners Dilemma;lineLessOrEqualThanBoardSide;7;false;Line concept is not present;Static;;;;;;
Iterated Prisoners Dilemma;pieceDeclaredAsShared;6;false;The game does not have any piece declared as Shared;Static;;;;;;
Iterated Prisoners Dilemma;pieceDeclaredAsNeutral;6;false;The game does not have any piece declared as Neutral;Static;;;;;;
Iterated Prisoners Dilemma;pieceDeclaredAsEach;8;false;The game does not have any piece declared as Each;Static;;;;;;
Iterated Prisoners Dilemma;equalNumberOfPiecesOnTheBoard;6;true;;Static;;;;;;
Iterated Prisoners Dilemma;noUndeclaredPlayerReference;7;true;;Static;;;;;;
Iterated Prisoners Dilemma;sizeOfTrack;7;false;Track concept is not present;Static;;;;;;
Mastermind;lineLessOrEqualThanBoardSide;54;false;Line concept is not present;Static;;;;;;
Mastermind;pieceDeclaredAsShared;46;true;;Static;;;;;;
Mastermind;pieceDeclaredAsNeutral;45;false;The game does not have any piece declared as Neutral;Static;;;;;;
Mastermind;pieceDeclaredAsEach;47;false;The game does not have any piece declared as Each;Static;;;;;;
Mastermind;equalNumberOfPiecesOnTheBoard;51;true;;Static;;;;;;
Mastermind;noUndeclaredPlayerReference;45;true;;Static;;;;;;
Mastermind;sizeOfTrack;46;false;Track concept is not present;Static;;;;;;
Chomp;lineLessOrEqualThanBoardSide;16;false;Line concept is not present;Static;;;;;;
Chomp;pieceDeclaredAsShared;12;true;;Static;;;;;;
Chomp;pieceDeclaredAsNeutral;14;false;The game does not have any piece declared as Neutral;Static;;;;;;
Chomp;pieceDeclaredAsEach;15;false;The game does not have any piece declared as Each;Static;;;;;;
Chomp;equalNumberOfPiecesOnTheBoard;15;false;Players do not have the same number of pieces;Static;;;;;;
Chomp;noUndeclaredPlayerReference;13;true;;Static;;;;;;
Chomp;sizeOfTrack;12;false;Track concept is not present;Static;;;;;;
Fibonacci Nim;lineLessOrEqualThanBoardSide;8;false;Line concept is not present;Static;;;;;;
Fibonacci Nim;pieceDeclaredAsShared;8;false;The game does not have any piece declared as Shared;Static;;;;;;
Fibonacci Nim;pieceDeclaredAsNeutral;8;false;A piece declared Neutral must be called as piece0;Static;;;;;;
Fibonacci Nim;pieceDeclaredAsEach;7;false;The game does not have any piece declared as Each;Static;;;;;;
Fibonacci Nim;equalNumberOfPiecesOnTheBoard;8;true;;Static;;;;;;
Fibonacci Nim;noUndeclaredPlayerReference;7;true;;Static;;;;;;
Fibonacci Nim;sizeOfTrack;7;false;Track concept is not present;Static;;;;;;
Nim;lineLessOrEqualThanBoardSide;8;false;Line concept is not present;Static;;;;;;
Nim;pieceDeclaredAsShared;10;false;The game does not have any piece declared as Shared;Static;;;;;;
Nim;pieceDeclaredAsNeutral;8;false;A piece declared Neutral must be called as piece0;Static;;;;;;
Nim;pieceDeclaredAsEach;10;false;The game does not have any piece declared as Each;Static;;;;;;
Nim;equalNumberOfPiecesOnTheBoard;8;true;;Static;;;;;;
Nim;noUndeclaredPlayerReference;12;true;;Static;;;;;;
Nim;sizeOfTrack;15;false;Track concept is not present;Static;;;;;;
So Long Sucker;lineLessOrEqualThanBoardSide;62;false;Line concept is not present;Static;;;;;;
So Long Sucker;pieceDeclaredAsShared;55;false;The game does not have any piece declared as Shared;Static;;;;;;
So Long Sucker;pieceDeclaredAsNeutral;63;false;The game does not have any piece declared as Neutral;Static;;;;;;
So Long Sucker;pieceDeclaredAsEach;67;true;;Static;;;;;;
So Long Sucker;equalNumberOfPiecesOnTheBoard;60;true;;Static;;;;;;
So Long Sucker;noUndeclaredPlayerReference;62;true;;Static;;;;;;
So Long Sucker;sizeOfTrack;50;false;Track concept is not present;Static;;;;;;
Anti-Knight Sudoku;lineLessOrEqualThanBoardSide;25;false;Line concept is not present;Static;;;;;;
Anti-Knight Sudoku;pieceDeclaredAsShared;28;false;The game does not have any piece declared as Shared;Static;;;;;;
Anti-Knight Sudoku;pieceDeclaredAsNeutral;21;false;The game does not have any piece declared as Neutral;Static;;;;;;
Anti-Knight Sudoku;pieceDeclaredAsEach;20;false;The game does not have any piece declared as Each;Static;;;;;;
Anti-Knight Sudoku;equalNumberOfPiecesOnTheBoard;22;true;;Static;;;;;;
Anti-Knight Sudoku;noUndeclaredPlayerReference;19;true;;Static;;;;;;
Anti-Knight Sudoku;sizeOfTrack;24;false;Track concept is not present;Static;;;;;;
Fill A Pix;lineLessOrEqualThanBoardSide;33;false;Line concept is not present;Static;;;;;;
Fill A Pix;pieceDeclaredAsShared;40;false;The game does not have any piece declared as Shared;Static;;;;;;
Fill A Pix;pieceDeclaredAsNeutral;36;false;The game does not have any piece declared as Neutral;Static;;;;;;
Fill A Pix;pieceDeclaredAsEach;33;false;The game does not have any piece declared as Each;Static;;;;;;
Fill A Pix;equalNumberOfPiecesOnTheBoard;36;true;;Static;;;;;;
Fill A Pix;noUndeclaredPlayerReference;38;true;;Static;;;;;;
Fill A Pix;sizeOfTrack;41;false;Track concept is not present;Static;;;;;;
Futoshiki;lineLessOrEqualThanBoardSide;7;false;Line concept is not present;Static;;;;;;
Futoshiki;pieceDeclaredAsShared;5;false;The game does not have any piece declared as Shared;Static;;;;;;
Futoshiki;pieceDeclaredAsNeutral;4;false;The game does not have any piece declared as Neutral;Static;;;;;;
Futoshiki;pieceDeclaredAsEach;5;false;The game does not have any piece declared as Each;Static;;;;;;
Futoshiki;equalNumberOfPiecesOnTheBoard;12;true;;Static;;;;;;
Futoshiki;noUndeclaredPlayerReference;13;true;;Static;;;;;;
Futoshiki;sizeOfTrack;7;false;Track concept is not present;Static;;;;;;
Hoshi;lineLessOrEqualThanBoardSide;15;false;Line concept is not present;Static;;;;;;
Hoshi;pieceDeclaredAsShared;21;false;The game does not have any piece declared as Shared;Static;;;;;;
Hoshi;pieceDeclaredAsNeutral;17;false;The game does not have any piece declared as Neutral;Static;;;;;;
Hoshi;pieceDeclaredAsEach;18;false;The game does not have any piece declared as Each;Static;;;;;;
Hoshi;equalNumberOfPiecesOnTheBoard;15;true;;Static;;;;;;
Hoshi;noUndeclaredPlayerReference;22;true;;Static;;;;;;
Hoshi;sizeOfTrack;23;false;Track concept is not present;Static;;;;;;
Kakuro;lineLessOrEqualThanBoardSide;52;false;Line concept is not present;Static;;;;;;
Kakuro;pieceDeclaredAsShared;50;false;The game does not have any piece declared as Shared;Static;;;;;;
Kakuro;pieceDeclaredAsNeutral;74;false;The game does not have any piece declared as Neutral;Static;;;;;;
Kakuro;pieceDeclaredAsEach;62;false;The game does not have any piece declared as Each;Static;;;;;;
Kakuro;equalNumberOfPiecesOnTheBoard;73;true;;Static;;;;;;
Kakuro;noUndeclaredPlayerReference;72;true;;Static;;;;;;
Kakuro;sizeOfTrack;73;false;Track concept is not present;Static;;;;;;
Killer Sudoku;lineLessOrEqualThanBoardSide;31;false;Line concept is not present;Static;;;;;;
Killer Sudoku;pieceDeclaredAsShared;28;false;The game does not have any piece declared as Shared;Static;;;;;;
Killer Sudoku;pieceDeclaredAsNeutral;27;false;The game does not have any piece declared as Neutral;Static;;;;;;
Killer Sudoku;pieceDeclaredAsEach;23;false;The game does not have any piece declared as Each;Static;;;;;;
Killer Sudoku;equalNumberOfPiecesOnTheBoard;18;true;;Static;;;;;;
Killer Sudoku;noUndeclaredPlayerReference;23;true;;Static;;;;;;
Killer Sudoku;sizeOfTrack;23;false;Track concept is not present;Static;;;;;;
Latin Square;lineLessOrEqualThanBoardSide;12;false;Line concept is not present;Static;;;;;;
Latin Square;pieceDeclaredAsShared;14;false;The game does not have any piece declared as Shared;Static;;;;;;
Latin Square;pieceDeclaredAsNeutral;6;false;The game does not have any piece declared as Neutral;Static;;;;;;
Latin Square;pieceDeclaredAsEach;6;false;The game does not have any piece declared as Each;Static;;;;;;
Latin Square;equalNumberOfPiecesOnTheBoard;6;true;;Static;;;;;;
Latin Square;noUndeclaredPlayerReference;7;true;;Static;;;;;;
Latin Square;sizeOfTrack;7;false;Track concept is not present;Static;;;;;;
Magic Hexagon;lineLessOrEqualThanBoardSide;13;false;Line concept is not present;Static;;;;;;
Magic Hexagon;pieceDeclaredAsShared;11;false;The game does not have any piece declared as Shared;Static;;;;;;
Magic Hexagon;pieceDeclaredAsNeutral;12;false;The game does not have any piece declared as Neutral;Static;;;;;;
Magic Hexagon;pieceDeclaredAsEach;14;false;The game does not have any piece declared as Each;Static;;;;;;
Magic Hexagon;equalNumberOfPiecesOnTheBoard;11;true;;Static;;;;;;
Magic Hexagon;noUndeclaredPlayerReference;21;true;;Static;;;;;;
Magic Hexagon;sizeOfTrack;10;false;Track concept is not present;Static;;;;;;
Magic Square;lineLessOrEqualThanBoardSide;9;false;Line concept is not present;Static;;;;;;
Magic Square;pieceDeclaredAsShared;12;false;The game does not have any piece declared as Shared;Static;;;;;;
Magic Square;pieceDeclaredAsNeutral;3;false;The game does not have any piece declared as Neutral;Static;;;;;;
Magic Square;pieceDeclaredAsEach;2;false;The game does not have any piece declared as Each;Static;;;;;;
Magic Square;equalNumberOfPiecesOnTheBoard;2;true;;Static;;;;;;
Magic Square;noUndeclaredPlayerReference;5;true;;Static;;;;;;
Magic Square;sizeOfTrack;3;false;Track concept is not present;Static;;;;;;
N Queens;lineLessOrEqualThanBoardSide;16;false;Line concept is not present;Static;;;;;;
N Queens;pieceDeclaredAsShared;19;false;The game does not have any piece declared as Shared;Static;;;;;;
N Queens;pieceDeclaredAsNeutral;16;false;The game does not have any piece declared as Neutral;Static;;;;;;
N Queens;pieceDeclaredAsEach;22;false;The game does not have any piece declared as Each;Static;;;;;;
N Queens;equalNumberOfPiecesOnTheBoard;19;true;;Static;;;;;;
N Queens;noUndeclaredPlayerReference;31;true;;Static;;;;;;
N Queens;sizeOfTrack;19;false;Track concept is not present;Static;;;;;;
Samurai Sudoku;lineLessOrEqualThanBoardSide;196;false;Line concept is not present;Static;;;;;;
Samurai Sudoku;pieceDeclaredAsShared;190;false;The game does not have any piece declared as Shared;Static;;;;;;
Samurai Sudoku;pieceDeclaredAsNeutral;169;false;The game does not have any piece declared as Neutral;Static;;;;;;
Samurai Sudoku;pieceDeclaredAsEach;174;false;The game does not have any piece declared as Each;Static;;;;;;
Samurai Sudoku;equalNumberOfPiecesOnTheBoard;151;true;;Static;;;;;;
Samurai Sudoku;noUndeclaredPlayerReference;154;true;;Static;;;;;;
Samurai Sudoku;sizeOfTrack;153;false;Track concept is not present;Static;;;;;;
Slitherlink;lineLessOrEqualThanBoardSide;18;false;Line concept is not present;Static;;;;;;
Slitherlink;pieceDeclaredAsShared;13;false;The game does not have any piece declared as Shared;Static;;;;;;
Slitherlink;pieceDeclaredAsNeutral;14;false;The game does not have any piece declared as Neutral;Static;;;;;;
Slitherlink;pieceDeclaredAsEach;12;false;The game does not have any piece declared as Each;Static;;;;;;
Slitherlink;equalNumberOfPiecesOnTheBoard;13;true;;Static;;;;;;
Slitherlink;noUndeclaredPlayerReference;21;true;;Static;;;;;;
Slitherlink;sizeOfTrack;15;false;Track concept is not present;Static;;;;;;
Squaro;lineLessOrEqualThanBoardSide;11;false;Line concept is not present;Static;;;;;;
Squaro;pieceDeclaredAsShared;12;false;The game does not have any piece declared as Shared;Static;;;;;;
Squaro;pieceDeclaredAsNeutral;14;false;The game does not have any piece declared as Neutral;Static;;;;;;
Squaro;pieceDeclaredAsEach;14;false;The game does not have any piece declared as Each;Static;;;;;;
Squaro;equalNumberOfPiecesOnTheBoard;18;true;;Static;;;;;;
Squaro;noUndeclaredPlayerReference;12;true;;Static;;;;;;
Squaro;sizeOfTrack;13;false;Track concept is not present;Static;;;;;;
Sudoku Mine;lineLessOrEqualThanBoardSide;34;false;Line concept is not present;Static;;;;;;
Sudoku Mine;pieceDeclaredAsShared;22;false;The game does not have any piece declared as Shared;Static;;;;;;
Sudoku Mine;pieceDeclaredAsNeutral;23;false;The game does not have any piece declared as Neutral;Static;;;;;;
Sudoku Mine;pieceDeclaredAsEach;20;false;The game does not have any piece declared as Each;Static;;;;;;
Sudoku Mine;equalNumberOfPiecesOnTheBoard;24;true;;Static;;;;;;
Sudoku Mine;noUndeclaredPlayerReference;20;true;;Static;;;;;;
Sudoku Mine;sizeOfTrack;25;false;Track concept is not present;Static;;;;;;
Sudoku X;lineLessOrEqualThanBoardSide;22;false;Line concept is not present;Static;;;;;;
Sudoku X;pieceDeclaredAsShared;38;false;The game does not have any piece declared as Shared;Static;;;;;;
Sudoku X;pieceDeclaredAsNeutral;26;false;The game does not have any piece declared as Neutral;Static;;;;;;
Sudoku X;pieceDeclaredAsEach;36;false;The game does not have any piece declared as Each;Static;;;;;;
Sudoku X;equalNumberOfPiecesOnTheBoard;26;true;;Static;;;;;;
Sudoku X;noUndeclaredPlayerReference;38;true;;Static;;;;;;
Sudoku X;sizeOfTrack;36;false;Track concept is not present;Static;;;;;;
Sudoku;lineLessOrEqualThanBoardSide;22;false;Line concept is not present;Static;;;;;;
Sudoku;pieceDeclaredAsShared;30;false;The game does not have any piece declared as Shared;Static;;;;;;
Sudoku;pieceDeclaredAsNeutral;30;false;The game does not have any piece declared as Neutral;Static;;;;;;
Sudoku;pieceDeclaredAsEach;30;false;The game does not have any piece declared as Each;Static;;;;;;
Sudoku;equalNumberOfPiecesOnTheBoard;24;true;;Static;;;;;;
Sudoku;noUndeclaredPlayerReference;26;true;;Static;;;;;;
Sudoku;sizeOfTrack;20;false;Track concept is not present;Static;;;;;;
Sujiken;lineLessOrEqualThanBoardSide;16;false;Line concept is not present;Static;;;;;;
Sujiken;pieceDeclaredAsShared;13;false;The game does not have any piece declared as Shared;Static;;;;;;
Sujiken;pieceDeclaredAsNeutral;19;false;The game does not have any piece declared as Neutral;Static;;;;;;
Sujiken;pieceDeclaredAsEach;20;false;The game does not have any piece declared as Each;Static;;;;;;
Sujiken;equalNumberOfPiecesOnTheBoard;12;true;;Static;;;;;;
Sujiken;noUndeclaredPlayerReference;16;true;;Static;;;;;;
Sujiken;sizeOfTrack;13;false;Track concept is not present;Static;;;;;;
Takuzu;lineLessOrEqualThanBoardSide;28;true;;Static;;;;;;
Takuzu;pieceDeclaredAsShared;40;false;The game does not have any piece declared as Shared;Static;;;;;;
Takuzu;pieceDeclaredAsNeutral;39;false;The game does not have any piece declared as Neutral;Static;;;;;;
Takuzu;pieceDeclaredAsEach;37;false;The game does not have any piece declared as Each;Static;;;;;;
Takuzu;equalNumberOfPiecesOnTheBoard;31;true;;Static;;;;;;
Takuzu;noUndeclaredPlayerReference;29;true;;Static;;;;;;
Takuzu;sizeOfTrack;32;false;Track concept is not present;Static;;;;;;
Tridoku;lineLessOrEqualThanBoardSide;26;false;Line concept is not present;Static;;;;;;
Tridoku;pieceDeclaredAsShared;26;false;The game does not have any piece declared as Shared;Static;;;;;;
Tridoku;pieceDeclaredAsNeutral;26;false;The game does not have any piece declared as Neutral;Static;;;;;;
Tridoku;pieceDeclaredAsEach;27;false;The game does not have any piece declared as Each;Static;;;;;;
Tridoku;equalNumberOfPiecesOnTheBoard;32;true;;Static;;;;;;
Tridoku;noUndeclaredPlayerReference;32;true;;Static;;;;;;
Tridoku;sizeOfTrack;29;false;Track concept is not present;Static;;;;;;
2048;lineLessOrEqualThanBoardSide;157;false;Line concept is not present;Static;;;;;;
2048;pieceDeclaredAsShared;173;true;;Static;;;;;;
2048;pieceDeclaredAsNeutral;169;false;The game does not have any piece declared as Neutral;Static;;;;;;
2048;pieceDeclaredAsEach;156;false;The game does not have any piece declared as Each;Static;;;;;;
2048;equalNumberOfPiecesOnTheBoard;171;true;;Static;;;;;;
2048;noUndeclaredPlayerReference;175;true;;Static;;;;;;
2048;sizeOfTrack;184;false;Track concept is not present;Static;;;;;;
BoxOff;lineLessOrEqualThanBoardSide;39;false;Line concept is not present;Static;;;;;;
BoxOff;pieceDeclaredAsShared;33;false;The game does not have any piece declared as Shared;Static;;;;;;
BoxOff;pieceDeclaredAsNeutral;42;false;The game does not have any piece declared as Neutral;Static;;;;;;
BoxOff;pieceDeclaredAsEach;33;false;The game does not have any piece declared as Each;Static;;;;;;
BoxOff;equalNumberOfPiecesOnTheBoard;53;true;;Static;;;;;;
BoxOff;noUndeclaredPlayerReference;41;true;;Static;;;;;;
BoxOff;sizeOfTrack;36;false;Track concept is not present;Static;;;;;;
Buttons And Lights;lineLessOrEqualThanBoardSide;12;false;Line concept is not present;Static;;;;;;
Buttons And Lights;pieceDeclaredAsShared;20;true;;Static;;;;;;
Buttons And Lights;pieceDeclaredAsNeutral;13;false;The game does not have any piece declared as Neutral;Static;;;;;;
Buttons And Lights;pieceDeclaredAsEach;15;false;The game does not have any piece declared as Each;Static;;;;;;
Buttons And Lights;equalNumberOfPiecesOnTheBoard;12;true;;Static;;;;;;
Buttons And Lights;noUndeclaredPlayerReference;12;true;;Static;;;;;;
Buttons And Lights;sizeOfTrack;12;false;Track concept is not present;Static;;;;;;
Chase;lineLessOrEqualThanBoardSide;199;false;Line concept is not present;Static;;;;;;
Chase;pieceDeclaredAsShared;200;true;;Static;;;;;;
Chase;pieceDeclaredAsNeutral;227;true;;Static;;;;;;
Chase;pieceDeclaredAsEach;206;false;The game does not have any piece declared as Each;Static;;;;;;
Chase;equalNumberOfPiecesOnTheBoard;182;true;;Static;;;;;;
Chase;noUndeclaredPlayerReference;157;true;;Static;;;;;;
Chase;sizeOfTrack;169;false;Track concept is not present;Static;;;;;;
Chess Puzzle;lineLessOrEqualThanBoardSide;51;false;Line concept is not present;Static;;;;;;
Chess Puzzle;pieceDeclaredAsShared;48;false;The game does not have any piece declared as Shared;Static;;;;;;
Chess Puzzle;pieceDeclaredAsNeutral;44;false;The game does not have any piece declared as Neutral;Static;;;;;;
Chess Puzzle;pieceDeclaredAsEach;47;false;Ludeme Each for the piece Pawn requires at least one definition of PawnN, with N > 0;Static;;;;;;
Chess Puzzle;equalNumberOfPiecesOnTheBoard;44;false;Players do not have the same number of pieces;Static;;;;;;
Chess Puzzle;noUndeclaredPlayerReference;44;true;;Static;;;;;;
Chess Puzzle;sizeOfTrack;48;false;Track concept is not present;Static;;;;;;
Chuka;lineLessOrEqualThanBoardSide;15;false;Line concept is not present;Static;;;;;;
Chuka;pieceDeclaredAsShared;15;false;A Shared Piece must appear at least twice in the description;Static;;;;;;
Chuka;pieceDeclaredAsNeutral;17;false;The game does not have any piece declared as Neutral;Static;;;;;;
Chuka;pieceDeclaredAsEach;13;false;The game does not have any piece declared as Each;Static;;;;;;
Chuka;equalNumberOfPiecesOnTheBoard;15;true;;Static;;;;;;
Chuka;noUndeclaredPlayerReference;13;true;;Static;;;;;;
Chuka;sizeOfTrack;15;false;The length of the track is 5;Static;;;;;;
Insanity;lineLessOrEqualThanBoardSide;16;false;Line concept is not present;Static;;;;;;
Insanity;pieceDeclaredAsShared;11;false;The game does not have any piece declared as Shared;Static;;;;;;
Insanity;pieceDeclaredAsNeutral;11;false;The game does not have any piece declared as Neutral;Static;;;;;;
Insanity;pieceDeclaredAsEach;9;false;The game does not have any piece declared as Each;Static;;;;;;
Insanity;equalNumberOfPiecesOnTheBoard;9;true;;Static;;;;;;
Insanity;noUndeclaredPlayerReference;8;true;;Static;;;;;;
Insanity;sizeOfTrack;8;false;Track concept is not present;Static;;;;;;
Jiu Zi Xian Qi;lineLessOrEqualThanBoardSide;7;false;Line concept is not present;Static;;;;;;
Jiu Zi Xian Qi;pieceDeclaredAsShared;6;false;The game does not have any piece declared as Shared;Static;;;;;;
Jiu Zi Xian Qi;pieceDeclaredAsNeutral;5;false;The game does not have any piece declared as Neutral;Static;;;;;;
Jiu Zi Xian Qi;pieceDeclaredAsEach;6;false;The game does not have any piece declared as Each;Static;;;;;;
Jiu Zi Xian Qi;equalNumberOfPiecesOnTheBoard;4;true;;Static;;;;;;
Jiu Zi Xian Qi;noUndeclaredPlayerReference;5;true;;Static;;;;;;
Jiu Zi Xian Qi;sizeOfTrack;7;false;Track concept is not present;Static;;;;;;
Knight's Tour;lineLessOrEqualThanBoardSide;18;false;Line concept is not present;Static;;;;;;
Knight's Tour;pieceDeclaredAsShared;15;false;The game does not have any piece declared as Shared;Static;;;;;;
Knight's Tour;pieceDeclaredAsNeutral;18;false;The game does not have any piece declared as Neutral;Static;;;;;;
Knight's Tour;pieceDeclaredAsEach;17;false;The game does not have any piece declared as Each;Static;;;;;;
Knight's Tour;equalNumberOfPiecesOnTheBoard;15;true;;Static;;;;;;
Knight's Tour;noUndeclaredPlayerReference;15;true;;Static;;;;;;
Knight's Tour;sizeOfTrack;15;false;Track concept is not present;Static;;;;;;
Labirintus;lineLessOrEqualThanBoardSide;124;false;Line concept is not present;Static;;;;;;
Labirintus;pieceDeclaredAsShared;113;false;The game does not have any piece declared as Shared;Static;;;;;;
Labirintus;pieceDeclaredAsNeutral;124;true;;Static;;;;;;
Labirintus;pieceDeclaredAsEach;145;false;The game does not have any piece declared as Each;Static;;;;;;
Labirintus;equalNumberOfPiecesOnTheBoard;152;true;;Static;;;;;;
Labirintus;noUndeclaredPlayerReference;140;true;;Static;;;;;;
Labirintus;sizeOfTrack;109;false;Track concept is not present;Static;;;;;;
Lam Turki;lineLessOrEqualThanBoardSide;9;false;Line concept is not present;Static;;;;;;
Lam Turki;pieceDeclaredAsShared;7;false;The game does not have any piece declared as Shared;Static;;;;;;
Lam Turki;pieceDeclaredAsNeutral;7;false;The game does not have any piece declared as Neutral;Static;;;;;;
Lam Turki;pieceDeclaredAsEach;7;false;The game does not have any piece declared as Each;Static;;;;;;
Lam Turki;equalNumberOfPiecesOnTheBoard;8;true;;Static;;;;;;
Lam Turki;noUndeclaredPlayerReference;7;true;;Static;;;;;;
Lam Turki;sizeOfTrack;7;false;Track concept is not present;Static;;;;;;
Lights Out;lineLessOrEqualThanBoardSide;11;false;Line concept is not present;Static;;;;;;
Lights Out;pieceDeclaredAsShared;10;true;;Static;;;;;;
Lights Out;pieceDeclaredAsNeutral;10;false;The game does not have any piece declared as Neutral;Static;;;;;;
Lights Out;pieceDeclaredAsEach;11;false;The game does not have any piece declared as Each;Static;;;;;;
Lights Out;equalNumberOfPiecesOnTheBoard;10;true;;Static;;;;;;
Lights Out;noUndeclaredPlayerReference;11;true;;Static;;;;;;
Lights Out;sizeOfTrack;10;false;Track concept is not present;Static;;;;;;
Mawryngkneng Solitaire Game;lineLessOrEqualThanBoardSide;10;false;Line concept is not present;Static;;;;;;
Mawryngkneng Solitaire Game;pieceDeclaredAsShared;9;false;The game does not have any piece declared as Shared;Static;;;;;;
Mawryngkneng Solitaire Game;pieceDeclaredAsNeutral;8;false;The game does not have any piece declared as Neutral;Static;;;;;;
Mawryngkneng Solitaire Game;pieceDeclaredAsEach;8;false;The game does not have any piece declared as Each;Static;;;;;;
Mawryngkneng Solitaire Game;equalNumberOfPiecesOnTheBoard;9;true;;Static;;;;;;
Mawryngkneng Solitaire Game;noUndeclaredPlayerReference;8;true;;Static;;;;;;
Mawryngkneng Solitaire Game;sizeOfTrack;12;false;Track concept is not present;Static;;;;;;
Maze;lineLessOrEqualThanBoardSide;128;false;Line concept is not present;Static;;;;;;
Maze;pieceDeclaredAsShared;122;false;A Shared Piece must appear at least twice in the description;Static;;;;;;
Maze;pieceDeclaredAsNeutral;129;false;A piece declared Neutral must be called as piece0;Static;;;;;;
Maze;pieceDeclaredAsEach;122;false;The game does not have any piece declared as Each;Static;;;;;;
Maze;equalNumberOfPiecesOnTheBoard;129;true;;Static;;;;;;
Maze;noUndeclaredPlayerReference;122;true;;Static;;;;;;
Maze;sizeOfTrack;128;false;Track concept is not present;Static;;;;;;
Minesweeper;lineLessOrEqualThanBoardSide;37;false;Line concept is not present;Static;;;;;;
Minesweeper;pieceDeclaredAsShared;34;false;The game does not have any piece declared as Shared;Static;;;;;;
Minesweeper;pieceDeclaredAsNeutral;37;false;The game does not have any piece declared as Neutral;Static;;;;;;
Minesweeper;pieceDeclaredAsEach;35;false;The game does not have any piece declared as Each;Static;;;;;;
Minesweeper;equalNumberOfPiecesOnTheBoard;37;true;;Static;;;;;;
Minesweeper;noUndeclaredPlayerReference;34;true;;Static;;;;;;
Minesweeper;sizeOfTrack;40;false;Track concept is not present;Static;;;;;;
Monty Hall Problem;lineLessOrEqualThanBoardSide;11;false;Line concept is not present;Static;;;;;;
Monty Hall Problem;pieceDeclaredAsShared;10;true;;Static;;;;;;
Monty Hall Problem;pieceDeclaredAsNeutral;10;false;The game does not have any piece declared as Neutral;Static;;;;;;
Monty Hall Problem;pieceDeclaredAsEach;9;false;The game does not have any piece declared as Each;Static;;;;;;
Monty Hall Problem;equalNumberOfPiecesOnTheBoard;10;true;;Static;;;;;;
Monty Hall Problem;noUndeclaredPlayerReference;9;true;;Static;;;;;;
Monty Hall Problem;sizeOfTrack;10;false;Track concept is not present;Static;;;;;;
Morpion Solitaire;lineLessOrEqualThanBoardSide;1158;false;Line concept is not present;Static;;;;;;
Morpion Solitaire;pieceDeclaredAsShared;1245;false;The game does not have any piece declared as Shared;Static;;;;;;
Morpion Solitaire;pieceDeclaredAsNeutral;1079;false;The game does not have any piece declared as Neutral;Static;;;;;;
Morpion Solitaire;pieceDeclaredAsEach;1146;false;The game does not have any piece declared as Each;Static;;;;;;
Morpion Solitaire;equalNumberOfPiecesOnTheBoard;1078;true;;Static;;;;;;
Morpion Solitaire;noUndeclaredPlayerReference;1059;true;;Static;;;;;;
Morpion Solitaire;sizeOfTrack;1097;false;Track concept is not present;Static;;;;;;
N Puzzles;lineLessOrEqualThanBoardSide;10;false;Line concept is not present;Static;;;;;;
N Puzzles;pieceDeclaredAsShared;8;false;The game does not have any piece declared as Shared;Static;;;;;;
N Puzzles;pieceDeclaredAsNeutral;7;false;The game does not have any piece declared as Neutral;Static;;;;;;
N Puzzles;pieceDeclaredAsEach;17;false;The game does not have any piece declared as Each;Static;;;;;;
N Puzzles;equalNumberOfPiecesOnTheBoard;11;true;;Static;;;;;;
N Puzzles;noUndeclaredPlayerReference;10;true;;Static;;;;;;
N Puzzles;sizeOfTrack;10;false;Track concept is not present;Static;;;;;;
Nao Gutiya Baithaneka;lineLessOrEqualThanBoardSide;14;false;Line concept is not present;Static;;;;;;
Nao Gutiya Baithaneka;pieceDeclaredAsShared;10;false;The game does not have any piece declared as Shared;Static;;;;;;
Nao Gutiya Baithaneka;pieceDeclaredAsNeutral;9;false;The game does not have any piece declared as Neutral;Static;;;;;;
Nao Gutiya Baithaneka;pieceDeclaredAsEach;10;false;The game does not have any piece declared as Each;Static;;;;;;
Nao Gutiya Baithaneka;equalNumberOfPiecesOnTheBoard;11;true;;Static;;;;;;
Nao Gutiya Baithaneka;noUndeclaredPlayerReference;11;true;;Static;;;;;;
Nao Gutiya Baithaneka;sizeOfTrack;10;false;Track concept is not present;Static;;;;;;
Peg Solitaire;lineLessOrEqualThanBoardSide;11;false;Line concept is not present;Static;;;;;;
Peg Solitaire;pieceDeclaredAsShared;10;false;The game does not have any piece declared as Shared;Static;;;;;;
Peg Solitaire;pieceDeclaredAsNeutral;10;false;The game does not have any piece declared as Neutral;Static;;;;;;
Peg Solitaire;pieceDeclaredAsEach;19;false;The game does not have any piece declared as Each;Static;;;;;;
Peg Solitaire;equalNumberOfPiecesOnTheBoard;11;true;;Static;;;;;;
Peg Solitaire;noUndeclaredPlayerReference;14;true;;Static;;;;;;
Peg Solitaire;sizeOfTrack;12;false;Track concept is not present;Static;;;;;;
Pentalpha;lineLessOrEqualThanBoardSide;13;false;Line concept is not present;Static;;;;;;
Pentalpha;pieceDeclaredAsShared;9;false;The game does not have any piece declared as Shared;Static;;;;;;
Pentalpha;pieceDeclaredAsNeutral;15;false;The game does not have any piece declared as Neutral;Static;;;;;;
Pentalpha;pieceDeclaredAsEach;13;false;The game does not have any piece declared as Each;Static;;;;;;
Pentalpha;equalNumberOfPiecesOnTheBoard;9;true;;Static;;;;;;
Pentalpha;noUndeclaredPlayerReference;10;true;;Static;;;;;;
Pentalpha;sizeOfTrack;9;false;Track concept is not present;Static;;;;;;
Safe Passage;lineLessOrEqualThanBoardSide;47;false;Line concept is not present;Static;;;;;;
Safe Passage;pieceDeclaredAsShared;48;false;The game does not have any piece declared as Shared;Static;;;;;;
Safe Passage;pieceDeclaredAsNeutral;44;false;The game does not have any piece declared as Neutral;Static;;;;;;
Safe Passage;pieceDeclaredAsEach;43;true;;Static;;;;;;
Safe Passage;equalNumberOfPiecesOnTheBoard;43;true;;Static;;;;;;
Safe Passage;noUndeclaredPlayerReference;57;true;;Static;;;;;;
Safe Passage;sizeOfTrack;50;false;Track concept is not present;Static;;;;;;
Shisen-Sho;lineLessOrEqualThanBoardSide;104;false;Line concept is not present;Static;;;;;;
Shisen-Sho;pieceDeclaredAsShared;101;false;The game does not have any piece declared as Shared;Static;;;;;;
Shisen-Sho;pieceDeclaredAsNeutral;96;false;The game does not have any piece declared as Neutral;Static;;;;;;
Shisen-Sho;pieceDeclaredAsEach;102;false;The game does not have any piece declared as Each;Static;;;;;;
Shisen-Sho;equalNumberOfPiecesOnTheBoard;119;true;;Static;;;;;;
Shisen-Sho;noUndeclaredPlayerReference;104;true;;Static;;;;;;
Shisen-Sho;sizeOfTrack;105;false;Track concept is not present;Static;;;;;;
Shogi Puzzle;lineLessOrEqualThanBoardSide;76;false;Line concept is not present;Static;;;;;;
Shogi Puzzle;pieceDeclaredAsShared;71;false;The game does not have any piece declared as Shared;Static;;;;;;
Shogi Puzzle;pieceDeclaredAsNeutral;79;false;The game does not have any piece declared as Neutral;Static;;;;;;
Shogi Puzzle;pieceDeclaredAsEach;78;false;Ludeme Each for the piece Fuhyo requires at least one definition of FuhyoN, with N > 0;Static;;;;;;
Shogi Puzzle;equalNumberOfPiecesOnTheBoard;80;true;;Static;;;;;;
Shogi Puzzle;noUndeclaredPlayerReference;77;true;;Static;;;;;;
Shogi Puzzle;sizeOfTrack;84;false;Track concept is not present;Static;;;;;;
Theseus and the Minotaur;lineLessOrEqualThanBoardSide;40;false;Line concept is not present;Static;;;;;;
Theseus and the Minotaur;pieceDeclaredAsShared;39;false;A Shared Piece must appear at least twice in the description;Static;;;;;;
Theseus and the Minotaur;pieceDeclaredAsNeutral;39;true;;Static;;;;;;
Theseus and the Minotaur;pieceDeclaredAsEach;42;false;The game does not have any piece declared as Each;Static;;;;;;
Theseus and the Minotaur;equalNumberOfPiecesOnTheBoard;42;true;;Static;;;;;;
Theseus and the Minotaur;noUndeclaredPlayerReference;39;true;;Static;;;;;;
Theseus and the Minotaur;sizeOfTrack;41;false;Track concept is not present;Static;;;;;;
Tower of Hanoi;lineLessOrEqualThanBoardSide;8;false;Line concept is not present;Static;;;;;;
Tower of Hanoi;pieceDeclaredAsShared;8;false;The game does not have any piece declared as Shared;Static;;;;;;
Tower of Hanoi;pieceDeclaredAsNeutral;7;false;The game does not have any piece declared as Neutral;Static;;;;;;
Tower of Hanoi;pieceDeclaredAsEach;12;false;The game does not have any piece declared as Each;Static;;;;;;
Tower of Hanoi;equalNumberOfPiecesOnTheBoard;10;true;;Static;;;;;;
Tower of Hanoi;noUndeclaredPlayerReference;15;true;;Static;;;;;;
Tower of Hanoi;sizeOfTrack;9;false;Track concept is not present;Static;;;;;;
GrandTrictracSubgame;lineLessOrEqualThanBoardSide;43;false;Line concept is not present;Static;;;;;;
GrandTrictracSubgame;pieceDeclaredAsShared;42;false;The game does not have any piece declared as Shared;Static;;;;;;
GrandTrictracSubgame;pieceDeclaredAsNeutral;38;false;The game does not have any piece declared as Neutral;Static;;;;;;
GrandTrictracSubgame;pieceDeclaredAsEach;35;true;;Static;;;;;;
GrandTrictracSubgame;equalNumberOfPiecesOnTheBoard;33;true;;Static;;;;;;
GrandTrictracSubgame;noUndeclaredPlayerReference;32;true;;Static;;;;;;
GrandTrictracSubgame;sizeOfTrack;39;false;The owner 0 does not have a track;Static;;;;;;
JulbaharSubgame;lineLessOrEqualThanBoardSide;25;false;Line concept is not present;Static;;;;;;
JulbaharSubgame;pieceDeclaredAsShared;25;false;The game does not have any piece declared as Shared;Static;;;;;;
JulbaharSubgame;pieceDeclaredAsNeutral;22;false;The game does not have any piece declared as Neutral;Static;;;;;;
JulbaharSubgame;pieceDeclaredAsEach;23;true;;Static;;;;;;
JulbaharSubgame;equalNumberOfPiecesOnTheBoard;24;true;;Static;;;;;;
JulbaharSubgame;noUndeclaredPlayerReference;25;true;;Static;;;;;;
JulbaharSubgame;sizeOfTrack;26;false;The owner 0 does not have a track;Static;;;;;;
MahbousehSubgame;lineLessOrEqualThanBoardSide;17;false;Line concept is not present;Static;;;;;;
MahbousehSubgame;pieceDeclaredAsShared;16;false;The game does not have any piece declared as Shared;Static;;;;;;
MahbousehSubgame;pieceDeclaredAsNeutral;18;false;The game does not have any piece declared as Neutral;Static;;;;;;
MahbousehSubgame;pieceDeclaredAsEach;20;true;;Static;;;;;;
MahbousehSubgame;equalNumberOfPiecesOnTheBoard;19;true;;Static;;;;;;
MahbousehSubgame;noUndeclaredPlayerReference;17;true;;Static;;;;;;
MahbousehSubgame;sizeOfTrack;18;false;The owner 0 does not have a track;Static;;;;;;
MughrabiehSubgame;lineLessOrEqualThanBoardSide;19;false;Line concept is not present;Static;;;;;;
MughrabiehSubgame;pieceDeclaredAsShared;17;false;The game does not have any piece declared as Shared;Static;;;;;;
MughrabiehSubgame;pieceDeclaredAsNeutral;17;false;The game does not have any piece declared as Neutral;Static;;;;;;
MughrabiehSubgame;pieceDeclaredAsEach;20;true;;Static;;;;;;
MughrabiehSubgame;equalNumberOfPiecesOnTheBoard;22;true;;Static;;;;;;
MughrabiehSubgame;noUndeclaredPlayerReference;18;true;;Static;;;;;;
MughrabiehSubgame;sizeOfTrack;17;false;The owner 0 does not have a track;Static;;;;;;
