Game;Test Name;Duration (ms);Passed;Failure Message;Type;;;;Total Tests;Success Rate;Mean Execution Time
;;;;;;;;;1296;46,37%;67
"20 Squares";"lineLessOrEqualThanBoardSide";1783;false;"Line concept is not present";Static;;;;;;
"20 Squares";"eachPieceReferenceNotDuplicated";103;false;"The game does not have any piece declared as Each";Static;;;;;;
"20 Squares";"pieceDeclaredAsEach";299;true;;Static;;;;;;
"20 Squares";"pieceDeclaredAsShared";62;false;"The game does not have any piece declared as Shared";Static;;;;;;
"20 Squares";"pieceDeclaredAsNeutral";61;true;;Static;;;;;;
"20 Squares";"AllPlayerDeclared";58;true;;Static;;;;;;
"20 Squares";"equalNumberOfPiecesOnTheBoard";80;true;;Static;;;;;;
"20 Squares";"sizeOfTrack";49;false;"The owner 0 does not have a track";Static;;;;;;
"58 Holes";"lineLessOrEqualThanBoardSide";145;false;"Line concept is not present";Static;;;;;;
"58 Holes";"eachPieceReferenceNotDuplicated";101;false;"The game does not have any piece declared as Each";Static;;;;;;
"58 Holes";"pieceDeclaredAsEach";161;true;;Static;;;;;;
"58 Holes";"pieceDeclaredAsShared";76;false;"The game does not have any piece declared as Shared";Static;;;;;;
"58 Holes";"pieceDeclaredAsNeutral";82;true;;Static;;;;;;
"58 Holes";"AllPlayerDeclared";76;true;;Static;;;;;;
"58 Holes";"equalNumberOfPiecesOnTheBoard";71;true;;Static;;;;;;
"58 Holes";"sizeOfTrack";70;false;"The owner 0 does not have a track";Static;;;;;;
"Ashta-kashte";"lineLessOrEqualThanBoardSide";79;false;"Line concept is not present";Static;;;;;;
"Ashta-kashte";"eachPieceReferenceNotDuplicated";59;false;"The game does not have any piece declared as Each";Static;;;;;;
"Ashta-kashte";"pieceDeclaredAsEach";160;true;;Static;;;;;;
"Ashta-kashte";"pieceDeclaredAsShared";55;false;"The game does not have any piece declared as Shared";Static;;;;;;
"Ashta-kashte";"pieceDeclaredAsNeutral";54;true;;Static;;;;;;
"Ashta-kashte";"AllPlayerDeclared";59;false;"P3 is not declared";Static;;;;;;
"Ashta-kashte";"equalNumberOfPiecesOnTheBoard";64;true;;Static;;;;;;
"Ashta-kashte";"sizeOfTrack";59;false;"The owner 0 does not have a track";Static;;;;;;
"Ashtapada";"lineLessOrEqualThanBoardSide";69;false;"Line concept is not present";Static;;;;;;
"Ashtapada";"eachPieceReferenceNotDuplicated";55;false;"The game does not have any piece declared as Each";Static;;;;;;
"Ashtapada";"pieceDeclaredAsEach";130;true;;Static;;;;;;
"Ashtapada";"pieceDeclaredAsShared";62;false;"The game does not have any piece declared as Shared";Static;;;;;;
"Ashtapada";"pieceDeclaredAsNeutral";49;true;;Static;;;;;;
"Ashtapada";"AllPlayerDeclared";47;true;;Static;;;;;;
"Ashtapada";"equalNumberOfPiecesOnTheBoard";55;true;;Static;;;;;;
"Ashtapada";"sizeOfTrack";52;false;"The owner 0 does not have a track";Static;;;;;;
"Asi Keliya";"lineLessOrEqualThanBoardSide";127;false;"Line concept is not present";Static;;;;;;
"Asi Keliya";"eachPieceReferenceNotDuplicated";89;false;"The game does not have any piece declared as Each";Static;;;;;;
"Asi Keliya";"pieceDeclaredAsEach";131;false;"Ludeme Each for a Piece requires at least one definition of PieceN, with N > 0";Static;;;;;;
"Asi Keliya";"pieceDeclaredAsShared";69;false;"The game does not have any piece declared as Shared";Static;;;;;;
"Asi Keliya";"pieceDeclaredAsNeutral";88;true;;Static;;;;;;
"Asi Keliya";"AllPlayerDeclared";78;true;;Static;;;;;;
"Asi Keliya";"equalNumberOfPiecesOnTheBoard";79;true;;Static;;;;;;
"Asi Keliya";"sizeOfTrack";67;false;"The owner 0 does not have a track";Static;;;;;;
"Backgammon";"lineLessOrEqualThanBoardSide";68;false;"Line concept is not present";Static;;;;;;
"Backgammon";"eachPieceReferenceNotDuplicated";64;false;"The game does not have any piece declared as Each";Static;;;;;;
"Backgammon";"pieceDeclaredAsEach";95;true;;Static;;;;;;
"Backgammon";"pieceDeclaredAsShared";78;false;"The game does not have any piece declared as Shared";Static;;;;;;
"Backgammon";"pieceDeclaredAsNeutral";52;true;;Static;;;;;;
"Backgammon";"AllPlayerDeclared";51;true;;Static;;;;;;
"Backgammon";"equalNumberOfPiecesOnTheBoard";72;true;;Static;;;;;;
"Backgammon";"sizeOfTrack";57;false;"The owner 0 does not have a track";Static;;;;;;
"Baralie";"lineLessOrEqualThanBoardSide";33;false;"Line concept is not present";Static;;;;;;
"Baralie";"eachPieceReferenceNotDuplicated";35;false;"The game does not have any piece declared as Each";Static;;;;;;
"Baralie";"pieceDeclaredAsEach";106;true;;Static;;;;;;
"Baralie";"pieceDeclaredAsShared";29;false;"The game does not have any piece declared as Shared";Static;;;;;;
"Baralie";"pieceDeclaredAsNeutral";27;true;;Static;;;;;;
"Baralie";"AllPlayerDeclared";27;true;;Static;;;;;;
"Baralie";"equalNumberOfPiecesOnTheBoard";30;true;;Static;;;;;;
"Baralie";"sizeOfTrack";26;false;"The owner 0 does not have a track";Static;;;;;;
"Bargese";"lineLessOrEqualThanBoardSide";118;false;"Line concept is not present";Static;;;;;;
"Bargese";"eachPieceReferenceNotDuplicated";124;false;"The game does not have any piece declared as Each";Static;;;;;;
"Bargese";"pieceDeclaredAsEach";159;true;;Static;;;;;;
"Bargese";"pieceDeclaredAsShared";106;false;"The game does not have any piece declared as Shared";Static;;;;;;
"Bargese";"pieceDeclaredAsNeutral";135;true;;Static;;;;;;
"Bargese";"AllPlayerDeclared";146;true;;Static;;;;;;
"Bargese";"equalNumberOfPiecesOnTheBoard";179;true;;Static;;;;;;
"Bargese";"sizeOfTrack";124;false;"The owner 0 does not have a track";Static;;;;;;
"Barjis";"lineLessOrEqualThanBoardSide";65;false;"Line concept is not present";Static;;;;;;
"Barjis";"eachPieceReferenceNotDuplicated";54;false;"The game does not have any piece declared as Each";Static;;;;;;
"Barjis";"pieceDeclaredAsEach";101;false;"Ludeme Each for a Piece requires at least one definition of PieceN, with N > 0";Static;;;;;;
"Barjis";"pieceDeclaredAsShared";50;false;"The game does not have any piece declared as Shared";Static;;;;;;
"Barjis";"pieceDeclaredAsNeutral";45;true;;Static;;;;;;
"Barjis";"AllPlayerDeclared";51;true;;Static;;;;;;
"Barjis";"equalNumberOfPiecesOnTheBoard";42;true;;Static;;;;;;
"Barjis";"sizeOfTrack";46;false;"The owner 0 does not have a track";Static;;;;;;
"Buffa de Baldrac";"lineLessOrEqualThanBoardSide";25;false;"Line concept is not present";Static;;;;;;
"Buffa de Baldrac";"eachPieceReferenceNotDuplicated";24;false;"The game does not have any piece declared as Each";Static;;;;;;
"Buffa de Baldrac";"pieceDeclaredAsEach";60;true;;Static;;;;;;
"Buffa de Baldrac";"pieceDeclaredAsShared";26;false;"The game does not have any piece declared as Shared";Static;;;;;;
"Buffa de Baldrac";"pieceDeclaredAsNeutral";20;true;;Static;;;;;;
"Buffa de Baldrac";"AllPlayerDeclared";21;true;;Static;;;;;;
"Buffa de Baldrac";"equalNumberOfPiecesOnTheBoard";27;true;;Static;;;;;;
"Buffa de Baldrac";"sizeOfTrack";26;false;"The owner 0 does not have a track";Static;;;;;;
"Cab e Quinal";"lineLessOrEqualThanBoardSide";18;false;"Line concept is not present";Static;;;;;;
"Cab e Quinal";"eachPieceReferenceNotDuplicated";18;false;"The game does not have any piece declared as Each";Static;;;;;;
"Cab e Quinal";"pieceDeclaredAsEach";56;true;;Static;;;;;;
"Cab e Quinal";"pieceDeclaredAsShared";18;false;"The game does not have any piece declared as Shared";Static;;;;;;
"Cab e Quinal";"pieceDeclaredAsNeutral";17;true;;Static;;;;;;
"Cab e Quinal";"AllPlayerDeclared";16;true;;Static;;;;;;
"Cab e Quinal";"equalNumberOfPiecesOnTheBoard";16;true;;Static;;;;;;
"Cab e Quinal";"sizeOfTrack";15;false;"The owner 0 does not have a track";Static;;;;;;
"Chaupar";"lineLessOrEqualThanBoardSide";116;false;"Line concept is not present";Static;;;;;;
"Chaupar";"eachPieceReferenceNotDuplicated";127;false;"The game does not have any piece declared as Each";Static;;;;;;
"Chaupar";"pieceDeclaredAsEach";153;true;;Static;;;;;;
"Chaupar";"pieceDeclaredAsShared";104;false;"The game does not have any piece declared as Shared";Static;;;;;;
"Chaupar";"pieceDeclaredAsNeutral";116;true;;Static;;;;;;
"Chaupar";"AllPlayerDeclared";105;true;;Static;;;;;;
"Chaupar";"equalNumberOfPiecesOnTheBoard";113;true;;Static;;;;;;
"Chaupar";"sizeOfTrack";105;false;"The owner 0 does not have a track";Static;;;;;;
"Contrare Puff";"lineLessOrEqualThanBoardSide";40;false;"Line concept is not present";Static;;;;;;
"Contrare Puff";"eachPieceReferenceNotDuplicated";36;false;"The game does not have any piece declared as Each";Static;;;;;;
"Contrare Puff";"pieceDeclaredAsEach";71;true;;Static;;;;;;
"Contrare Puff";"pieceDeclaredAsShared";35;false;"The game does not have any piece declared as Shared";Static;;;;;;
"Contrare Puff";"pieceDeclaredAsNeutral";36;true;;Static;;;;;;
"Contrare Puff";"AllPlayerDeclared";37;true;;Static;;;;;;
"Contrare Puff";"equalNumberOfPiecesOnTheBoard";53;true;;Static;;;;;;
"Contrare Puff";"sizeOfTrack";39;false;"The owner 0 does not have a track";Static;;;;;;
"Doblet";"lineLessOrEqualThanBoardSide";33;false;"Line concept is not present";Static;;;;;;
"Doblet";"eachPieceReferenceNotDuplicated";31;false;"The game does not have any piece declared as Each";Static;;;;;;
"Doblet";"pieceDeclaredAsEach";71;true;;Static;;;;;;
"Doblet";"pieceDeclaredAsShared";32;false;"The game does not have any piece declared as Shared";Static;;;;;;
"Doblet";"pieceDeclaredAsNeutral";29;true;;Static;;;;;;
"Doblet";"AllPlayerDeclared";30;true;;Static;;;;;;
"Doblet";"equalNumberOfPiecesOnTheBoard";33;true;;Static;;;;;;
"Doblet";"sizeOfTrack";32;false;"The owner 0 does not have a track";Static;;;;;;
"Dodgem";"lineLessOrEqualThanBoardSide";20;false;"Line concept is not present";Static;;;;;;
"Dodgem";"eachPieceReferenceNotDuplicated";24;false;"The game does not have any piece declared as Each";Static;;;;;;
"Dodgem";"pieceDeclaredAsEach";59;false;"The game does not have any piece declared as Each";Static;;;;;;
"Dodgem";"pieceDeclaredAsShared";17;false;"The game does not have any piece declared as Shared";Static;;;;;;
"Dodgem";"pieceDeclaredAsNeutral";18;true;;Static;;;;;;
"Dodgem";"AllPlayerDeclared";17;true;;Static;;;;;;
"Dodgem";"equalNumberOfPiecesOnTheBoard";18;true;;Static;;;;;;
"Dodgem";"sizeOfTrack";16;false;"Track concept is not present";Static;;;;;;
"Dubblets";"lineLessOrEqualThanBoardSide";40;false;"Line concept is not present";Static;;;;;;
"Dubblets";"eachPieceReferenceNotDuplicated";32;false;"The game does not have any piece declared as Each";Static;;;;;;
"Dubblets";"pieceDeclaredAsEach";68;true;;Static;;;;;;
"Dubblets";"pieceDeclaredAsShared";32;false;"The game does not have any piece declared as Shared";Static;;;;;;
"Dubblets";"pieceDeclaredAsNeutral";36;true;;Static;;;;;;
"Dubblets";"AllPlayerDeclared";40;true;;Static;;;;;;
"Dubblets";"equalNumberOfPiecesOnTheBoard";33;true;;Static;;;;;;
"Dubblets";"sizeOfTrack";31;false;"The owner 0 does not have a track";Static;;;;;;
"El Mundo";"lineLessOrEqualThanBoardSide";35;false;"Line concept is not present";Static;;;;;;
"El Mundo";"eachPieceReferenceNotDuplicated";35;false;"The game does not have any piece declared as Each";Static;;;;;;
"El Mundo";"pieceDeclaredAsEach";66;true;;Static;;;;;;
"El Mundo";"pieceDeclaredAsShared";33;false;"The game does not have any piece declared as Shared";Static;;;;;;
"El Mundo";"pieceDeclaredAsNeutral";35;true;;Static;;;;;;
"El Mundo";"AllPlayerDeclared";30;true;;Static;;;;;;
"El Mundo";"equalNumberOfPiecesOnTheBoard";31;true;;Static;;;;;;
"El Mundo";"sizeOfTrack";34;false;"The owner 0 does not have a track";Static;;;;;;
"Emperador";"lineLessOrEqualThanBoardSide";17;false;"Line concept is not present";Static;;;;;;
"Emperador";"eachPieceReferenceNotDuplicated";17;false;"The game does not have any piece declared as Each";Static;;;;;;
"Emperador";"pieceDeclaredAsEach";72;true;;Static;;;;;;
"Emperador";"pieceDeclaredAsShared";20;false;"The game does not have any piece declared as Shared";Static;;;;;;
"Emperador";"pieceDeclaredAsNeutral";19;true;;Static;;;;;;
"Emperador";"AllPlayerDeclared";19;true;;Static;;;;;;
"Emperador";"equalNumberOfPiecesOnTheBoard";16;true;;Static;;;;;;
"Emperador";"sizeOfTrack";14;false;"The owner 0 does not have a track";Static;;;;;;
"Fallas";"lineLessOrEqualThanBoardSide";32;false;"Line concept is not present";Static;;;;;;
"Fallas";"eachPieceReferenceNotDuplicated";29;false;"The game does not have any piece declared as Each";Static;;;;;;
"Fallas";"pieceDeclaredAsEach";78;true;;Static;;;;;;
"Fallas";"pieceDeclaredAsShared";30;false;"The game does not have any piece declared as Shared";Static;;;;;;
"Fallas";"pieceDeclaredAsNeutral";42;true;;Static;;;;;;
"Fallas";"AllPlayerDeclared";31;true;;Static;;;;;;
"Fallas";"equalNumberOfPiecesOnTheBoard";32;true;;Static;;;;;;
"Fallas";"sizeOfTrack";32;false;"The owner 0 does not have a track";Static;;;;;;
"Fevga";"lineLessOrEqualThanBoardSide";27;false;"Line concept is not present";Static;;;;;;
"Fevga";"eachPieceReferenceNotDuplicated";37;false;"The game does not have any piece declared as Each";Static;;;;;;
"Fevga";"pieceDeclaredAsEach";61;true;;Static;;;;;;
"Fevga";"pieceDeclaredAsShared";22;false;"The game does not have any piece declared as Shared";Static;;;;;;
"Fevga";"pieceDeclaredAsNeutral";22;true;;Static;;;;;;
"Fevga";"AllPlayerDeclared";31;true;;Static;;;;;;
"Fevga";"equalNumberOfPiecesOnTheBoard";28;true;;Static;;;;;;
"Fevga";"sizeOfTrack";36;false;"The owner 0 does not have a track";Static;;;;;;
"Frangieh";"lineLessOrEqualThanBoardSide";38;false;"Line concept is not present";Static;;;;;;
"Frangieh";"eachPieceReferenceNotDuplicated";47;false;"The game does not have any piece declared as Each";Static;;;;;;
"Frangieh";"pieceDeclaredAsEach";69;true;;Static;;;;;;
"Frangieh";"pieceDeclaredAsShared";34;false;"The game does not have any piece declared as Shared";Static;;;;;;
"Frangieh";"pieceDeclaredAsNeutral";41;true;;Static;;;;;;
"Frangieh";"AllPlayerDeclared";34;true;;Static;;;;;;
"Frangieh";"equalNumberOfPiecesOnTheBoard";34;true;;Static;;;;;;
"Frangieh";"sizeOfTrack";42;false;"The owner 0 does not have a track";Static;;;;;;
"Garanguet";"lineLessOrEqualThanBoardSide";42;false;"Line concept is not present";Static;;;;;;
"Garanguet";"eachPieceReferenceNotDuplicated";56;false;"The game does not have any piece declared as Each";Static;;;;;;
"Garanguet";"pieceDeclaredAsEach";77;true;;Static;;;;;;
"Garanguet";"pieceDeclaredAsShared";44;false;"The game does not have any piece declared as Shared";Static;;;;;;
"Garanguet";"pieceDeclaredAsNeutral";45;true;;Static;;;;;;
"Garanguet";"AllPlayerDeclared";48;true;;Static;;;;;;
"Garanguet";"equalNumberOfPiecesOnTheBoard";45;true;;Static;;;;;;
"Garanguet";"sizeOfTrack";46;false;"The owner 0 does not have a track";Static;;;;;;
"Ghingskoot";"lineLessOrEqualThanBoardSide";36;false;"Line concept is not present";Static;;;;;;
"Ghingskoot";"eachPieceReferenceNotDuplicated";35;false;"The game does not have any piece declared as Each";Static;;;;;;
"Ghingskoot";"pieceDeclaredAsEach";78;false;"Ludeme Each for a Piece requires at least one definition of PieceN, with N > 0";Static;;;;;;
"Ghingskoot";"pieceDeclaredAsShared";33;false;"The game does not have any piece declared as Shared";Static;;;;;;
"Ghingskoot";"pieceDeclaredAsNeutral";34;true;;Static;;;;;;
"Ghingskoot";"AllPlayerDeclared";35;true;;Static;;;;;;
"Ghingskoot";"equalNumberOfPiecesOnTheBoard";31;true;;Static;;;;;;
"Ghingskoot";"sizeOfTrack";34;false;"The owner 0 does not have a track";Static;;;;;;
"Grand Trictrac";"lineLessOrEqualThanBoardSide";121;false;"Line concept is not present";Static;;;;;;
"Grand Trictrac";"eachPieceReferenceNotDuplicated";111;false;"Cannot invoke ""game.equipment.Equipment.components()"" because the return value of ""game.Game.equipment()"" is null";Static;;;;;;
"Grand Trictrac";"pieceDeclaredAsEach";137;false;"Cannot invoke ""game.equipment.Equipment.components()"" because the return value of ""game.Game.equipment()"" is null";Static;;;;;;
"Grand Trictrac";"pieceDeclaredAsShared";100;false;"Cannot invoke ""game.equipment.Equipment.components()"" because the return value of ""game.Game.equipment()"" is null";Static;;;;;;
"Grand Trictrac";"pieceDeclaredAsNeutral";103;false;"Cannot invoke ""game.equipment.Equipment.components()"" because the return value of ""game.Game.equipment()"" is null";Static;;;;;;
"Grand Trictrac";"AllPlayerDeclared";86;true;;Static;;;;;;
"Grand Trictrac";"equalNumberOfPiecesOnTheBoard";92;false;"Cannot invoke ""game.equipment.container.board.Board.topology()"" because the return value of ""game.Game.board()"" is null";Static;;;;;;
"Grand Trictrac";"sizeOfTrack";90;false;"Cannot invoke ""game.equipment.container.board.Board.graph()"" because the return value of ""game.Game.board()"" is null";Static;;;;;;
"Had";"lineLessOrEqualThanBoardSide";17;false;"Line concept is not present";Static;;;;;;
"Had";"eachPieceReferenceNotDuplicated";19;false;"The game does not have any piece declared as Each";Static;;;;;;
"Had";"pieceDeclaredAsEach";47;true;;Static;;;;;;
"Had";"pieceDeclaredAsShared";16;false;"The game does not have any piece declared as Shared";Static;;;;;;
"Had";"pieceDeclaredAsNeutral";16;true;;Static;;;;;;
"Had";"AllPlayerDeclared";18;true;;Static;;;;;;
"Had";"equalNumberOfPiecesOnTheBoard";19;true;;Static;;;;;;
"Had";"sizeOfTrack";17;false;"The owner 0 does not have a track";Static;;;;;;
"Imperial";"lineLessOrEqualThanBoardSide";22;false;"Line concept is not present";Static;;;;;;
"Imperial";"eachPieceReferenceNotDuplicated";21;false;"The game does not have any piece declared as Each";Static;;;;;;
"Imperial";"pieceDeclaredAsEach";54;true;;Static;;;;;;
"Imperial";"pieceDeclaredAsShared";25;false;"The game does not have any piece declared as Shared";Static;;;;;;
"Imperial";"pieceDeclaredAsNeutral";19;true;;Static;;;;;;
"Imperial";"AllPlayerDeclared";19;true;;Static;;;;;;
"Imperial";"equalNumberOfPiecesOnTheBoard";22;true;;Static;;;;;;
"Imperial";"sizeOfTrack";21;false;"The owner 0 does not have a track";Static;;;;;;
"Jacquet de Versailles";"lineLessOrEqualThanBoardSide";64;false;"Line concept is not present";Static;;;;;;
"Jacquet de Versailles";"eachPieceReferenceNotDuplicated";71;false;"The game does not have any piece declared as Each";Static;;;;;;
"Jacquet de Versailles";"pieceDeclaredAsEach";110;true;;Static;;;;;;
"Jacquet de Versailles";"pieceDeclaredAsShared";64;false;"The game does not have any piece declared as Shared";Static;;;;;;
"Jacquet de Versailles";"pieceDeclaredAsNeutral";66;true;;Static;;;;;;
"Jacquet de Versailles";"AllPlayerDeclared";65;true;;Static;;;;;;
"Jacquet de Versailles";"equalNumberOfPiecesOnTheBoard";63;true;;Static;;;;;;
"Jacquet de Versailles";"sizeOfTrack";58;false;"The owner 0 does not have a track";Static;;;;;;
"Jacquet";"lineLessOrEqualThanBoardSide";21;false;"Line concept is not present";Static;;;;;;
"Jacquet";"eachPieceReferenceNotDuplicated";23;false;"The game does not have any piece declared as Each";Static;;;;;;
"Jacquet";"pieceDeclaredAsEach";68;true;;Static;;;;;;
"Jacquet";"pieceDeclaredAsShared";23;false;"The game does not have any piece declared as Shared";Static;;;;;;
"Jacquet";"pieceDeclaredAsNeutral";22;true;;Static;;;;;;
"Jacquet";"AllPlayerDeclared";24;true;;Static;;;;;;
"Jacquet";"equalNumberOfPiecesOnTheBoard";28;true;;Static;;;;;;
"Jacquet";"sizeOfTrack";20;false;"The owner 0 does not have a track";Static;;;;;;
"Julbahar";"lineLessOrEqualThanBoardSide";63;false;"Line concept is not present";Static;;;;;;
"Julbahar";"eachPieceReferenceNotDuplicated";63;false;"Cannot invoke ""game.equipment.Equipment.components()"" because the return value of ""game.Game.equipment()"" is null";Static;;;;;;
"Julbahar";"pieceDeclaredAsEach";98;false;"Cannot invoke ""game.equipment.Equipment.components()"" because the return value of ""game.Game.equipment()"" is null";Static;;;;;;
"Julbahar";"pieceDeclaredAsShared";63;false;"Cannot invoke ""game.equipment.Equipment.components()"" because the return value of ""game.Game.equipment()"" is null";Static;;;;;;
"Julbahar";"pieceDeclaredAsNeutral";72;false;"Cannot invoke ""game.equipment.Equipment.components()"" because the return value of ""game.Game.equipment()"" is null";Static;;;;;;
"Julbahar";"AllPlayerDeclared";74;true;;Static;;;;;;
"Julbahar";"equalNumberOfPiecesOnTheBoard";64;false;"Cannot invoke ""game.equipment.container.board.Board.topology()"" because the return value of ""game.Game.board()"" is null";Static;;;;;;
"Julbahar";"sizeOfTrack";68;false;"Cannot invoke ""game.equipment.container.board.Board.graph()"" because the return value of ""game.Game.board()"" is null";Static;;;;;;
"Kawade Kelia";"lineLessOrEqualThanBoardSide";38;false;"Line concept is not present";Static;;;;;;
"Kawade Kelia";"eachPieceReferenceNotDuplicated";45;false;"The game does not have any piece declared as Each";Static;;;;;;
"Kawade Kelia";"pieceDeclaredAsEach";88;true;;Static;;;;;;
"Kawade Kelia";"pieceDeclaredAsShared";37;false;"The game does not have any piece declared as Shared";Static;;;;;;
"Kawade Kelia";"pieceDeclaredAsNeutral";42;true;;Static;;;;;;
"Kawade Kelia";"AllPlayerDeclared";49;true;;Static;;;;;;
"Kawade Kelia";"equalNumberOfPiecesOnTheBoard";42;true;;Static;;;;;;
"Kawade Kelia";"sizeOfTrack";35;false;"The owner 0 does not have a track";Static;;;;;;
"Ketch-Dolt";"lineLessOrEqualThanBoardSide";20;false;"Line concept is not present";Static;;;;;;
"Ketch-Dolt";"eachPieceReferenceNotDuplicated";23;false;"The game does not have any piece declared as Each";Static;;;;;;
"Ketch-Dolt";"pieceDeclaredAsEach";53;true;;Static;;;;;;
"Ketch-Dolt";"pieceDeclaredAsShared";20;false;"The game does not have any piece declared as Shared";Static;;;;;;
"Ketch-Dolt";"pieceDeclaredAsNeutral";20;true;;Static;;;;;;
"Ketch-Dolt";"AllPlayerDeclared";19;true;;Static;;;;;;
"Ketch-Dolt";"equalNumberOfPiecesOnTheBoard";21;true;;Static;;;;;;
"Ketch-Dolt";"sizeOfTrack";27;false;"The owner 0 does not have a track";Static;;;;;;
"Kints";"lineLessOrEqualThanBoardSide";32;false;"Line concept is not present";Static;;;;;;
"Kints";"eachPieceReferenceNotDuplicated";28;false;"The game does not have any piece declared as Each";Static;;;;;;
"Kints";"pieceDeclaredAsEach";76;false;"Ludeme Each for a Piece requires at least one definition of PieceN, with N > 0";Static;;;;;;
"Kints";"pieceDeclaredAsShared";29;false;"The game does not have any piece declared as Shared";Static;;;;;;
"Kints";"pieceDeclaredAsNeutral";30;true;;Static;;;;;;
"Kints";"AllPlayerDeclared";30;true;;Static;;;;;;
"Kints";"equalNumberOfPiecesOnTheBoard";30;true;;Static;;;;;;
"Kints";"sizeOfTrack";33;false;"The owner 0 does not have a track";Static;;;;;;
"Kiz Tavlasi";"lineLessOrEqualThanBoardSide";28;false;"Line concept is not present";Static;;;;;;
"Kiz Tavlasi";"eachPieceReferenceNotDuplicated";24;false;"The game does not have any piece declared as Each";Static;;;;;;
"Kiz Tavlasi";"pieceDeclaredAsEach";58;true;;Static;;;;;;
"Kiz Tavlasi";"pieceDeclaredAsShared";21;false;"The game does not have any piece declared as Shared";Static;;;;;;
"Kiz Tavlasi";"pieceDeclaredAsNeutral";29;true;;Static;;;;;;
"Kiz Tavlasi";"AllPlayerDeclared";23;true;;Static;;;;;;
"Kiz Tavlasi";"equalNumberOfPiecesOnTheBoard";23;true;;Static;;;;;;
"Kiz Tavlasi";"sizeOfTrack";20;false;"The owner 0 does not have a track";Static;;;;;;
"Knossos Game";"lineLessOrEqualThanBoardSide";90;false;"Line concept is not present";Static;;;;;;
"Knossos Game";"eachPieceReferenceNotDuplicated";89;false;"The game does not have any piece declared as Each";Static;;;;;;
"Knossos Game";"pieceDeclaredAsEach";118;false;"Ludeme Each for a Piece requires at least one definition of PieceN, with N > 0";Static;;;;;;
"Knossos Game";"pieceDeclaredAsShared";92;false;"The game does not have any piece declared as Shared";Static;;;;;;
"Knossos Game";"pieceDeclaredAsNeutral";82;true;;Static;;;;;;
"Knossos Game";"AllPlayerDeclared";85;true;;Static;;;;;;
"Knossos Game";"equalNumberOfPiecesOnTheBoard";83;true;;Static;;;;;;
"Knossos Game";"sizeOfTrack";83;false;"The length of the track is 5";Static;;;;;;
"Kolica Atarakua";"lineLessOrEqualThanBoardSide";53;false;"Line concept is not present";Static;;;;;;
"Kolica Atarakua";"eachPieceReferenceNotDuplicated";45;false;"The game does not have any piece declared as Each";Static;;;;;;
"Kolica Atarakua";"pieceDeclaredAsEach";84;true;;Static;;;;;;
"Kolica Atarakua";"pieceDeclaredAsShared";49;false;"The game does not have any piece declared as Shared";Static;;;;;;
"Kolica Atarakua";"pieceDeclaredAsNeutral";37;true;;Static;;;;;;
"Kolica Atarakua";"AllPlayerDeclared";39;true;;Static;;;;;;
"Kolica Atarakua";"equalNumberOfPiecesOnTheBoard";49;true;;Static;;;;;;
"Kolica Atarakua";"sizeOfTrack";43;false;"The owner 0 does not have a track";Static;;;;;;
"Kotra";"lineLessOrEqualThanBoardSide";27;false;"Line concept is not present";Static;;;;;;
"Kotra";"eachPieceReferenceNotDuplicated";26;false;"The game does not have any piece declared as Each";Static;;;;;;
"Kotra";"pieceDeclaredAsEach";60;true;;Static;;;;;;
"Kotra";"pieceDeclaredAsShared";25;false;"The game does not have any piece declared as Shared";Static;;;;;;
"Kotra";"pieceDeclaredAsNeutral";26;true;;Static;;;;;;
"Kotra";"AllPlayerDeclared";25;true;;Static;;;;;;
"Kotra";"equalNumberOfPiecesOnTheBoard";26;true;;Static;;;;;;
"Kotra";"sizeOfTrack";26;false;"The owner 0 does not have a track";Static;;;;;;
"Lange Puff";"lineLessOrEqualThanBoardSide";37;false;"Line concept is not present";Static;;;;;;
"Lange Puff";"eachPieceReferenceNotDuplicated";34;false;"The game does not have any piece declared as Each";Static;;;;;;
"Lange Puff";"pieceDeclaredAsEach";67;true;;Static;;;;;;
"Lange Puff";"pieceDeclaredAsShared";36;false;"The game does not have any piece declared as Shared";Static;;;;;;
"Lange Puff";"pieceDeclaredAsNeutral";35;true;;Static;;;;;;
"Lange Puff";"AllPlayerDeclared";33;true;;Static;;;;;;
"Lange Puff";"equalNumberOfPiecesOnTheBoard";34;true;;Static;;;;;;
"Lange Puff";"sizeOfTrack";34;false;"The owner 0 does not have a track";Static;;;;;;
"Laquet";"lineLessOrEqualThanBoardSide";15;false;"Line concept is not present";Static;;;;;;
"Laquet";"eachPieceReferenceNotDuplicated";15;false;"The game does not have any piece declared as Each";Static;;;;;;
"Laquet";"pieceDeclaredAsEach";49;true;;Static;;;;;;
"Laquet";"pieceDeclaredAsShared";20;false;"The game does not have any piece declared as Shared";Static;;;;;;
"Laquet";"pieceDeclaredAsNeutral";18;true;;Static;;;;;;
"Laquet";"AllPlayerDeclared";17;true;;Static;;;;;;
"Laquet";"equalNumberOfPiecesOnTheBoard";19;true;;Static;;;;;;
"Laquet";"sizeOfTrack";15;false;"The length of the track is 24";Static;;;;;;
"Len Doat";"lineLessOrEqualThanBoardSide";56;false;"Line concept is not present";Static;;;;;;
"Len Doat";"eachPieceReferenceNotDuplicated";57;false;"The game does not have any piece declared as Each";Static;;;;;;
"Len Doat";"pieceDeclaredAsEach";76;false;"Ludeme Each for a Piece requires at least one definition of PieceN, with N > 0";Static;;;;;;
"Len Doat";"pieceDeclaredAsShared";44;false;"The game does not have any piece declared as Shared";Static;;;;;;
"Len Doat";"pieceDeclaredAsNeutral";45;true;;Static;;;;;;
"Len Doat";"AllPlayerDeclared";55;true;;Static;;;;;;
"Len Doat";"equalNumberOfPiecesOnTheBoard";50;true;;Static;;;;;;
"Len Doat";"sizeOfTrack";61;false;"The owner 0 does not have a track";Static;;;;;;
"Los Doze Canes";"lineLessOrEqualThanBoardSide";14;false;"Line concept is not present";Static;;;;;;
"Los Doze Canes";"eachPieceReferenceNotDuplicated";14;false;"The game does not have any piece declared as Each";Static;;;;;;
"Los Doze Canes";"pieceDeclaredAsEach";48;true;;Static;;;;;;
"Los Doze Canes";"pieceDeclaredAsShared";15;false;"The game does not have any piece declared as Shared";Static;;;;;;
"Los Doze Canes";"pieceDeclaredAsNeutral";13;true;;Static;;;;;;
"Los Doze Canes";"AllPlayerDeclared";17;true;;Static;;;;;;
"Los Doze Canes";"equalNumberOfPiecesOnTheBoard";15;true;;Static;;;;;;
"Los Doze Canes";"sizeOfTrack";14;false;"The owner 0 does not have a track";Static;;;;;;
"Ludus Anglicorum";"lineLessOrEqualThanBoardSide";18;false;"Line concept is not present";Static;;;;;;
"Ludus Anglicorum";"eachPieceReferenceNotDuplicated";17;false;"The game does not have any piece declared as Each";Static;;;;;;
"Ludus Anglicorum";"pieceDeclaredAsEach";50;true;;Static;;;;;;
"Ludus Anglicorum";"pieceDeclaredAsShared";19;false;"The game does not have any piece declared as Shared";Static;;;;;;
"Ludus Anglicorum";"pieceDeclaredAsNeutral";17;true;;Static;;;;;;
"Ludus Anglicorum";"AllPlayerDeclared";19;true;;Static;;;;;;
"Ludus Anglicorum";"equalNumberOfPiecesOnTheBoard";18;true;;Static;;;;;;
"Ludus Anglicorum";"sizeOfTrack";17;false;"The owner 0 does not have a track";Static;;;;;;
"Ludus Lombardorum";"lineLessOrEqualThanBoardSide";17;false;"Line concept is not present";Static;;;;;;
"Ludus Lombardorum";"eachPieceReferenceNotDuplicated";17;false;"The game does not have any piece declared as Each";Static;;;;;;
"Ludus Lombardorum";"pieceDeclaredAsEach";57;true;;Static;;;;;;
"Ludus Lombardorum";"pieceDeclaredAsShared";17;false;"The game does not have any piece declared as Shared";Static;;;;;;
"Ludus Lombardorum";"pieceDeclaredAsNeutral";21;true;;Static;;;;;;
"Ludus Lombardorum";"AllPlayerDeclared";23;true;;Static;;;;;;
"Ludus Lombardorum";"equalNumberOfPiecesOnTheBoard";18;true;;Static;;;;;;
"Ludus Lombardorum";"sizeOfTrack";17;false;"The owner 0 does not have a track";Static;;;;;;
"Mahbouseh";"lineLessOrEqualThanBoardSide";46;false;"Line concept is not present";Static;;;;;;
"Mahbouseh";"eachPieceReferenceNotDuplicated";41;false;"Cannot invoke ""game.equipment.Equipment.components()"" because the return value of ""game.Game.equipment()"" is null";Static;;;;;;
"Mahbouseh";"pieceDeclaredAsEach";77;false;"Cannot invoke ""game.equipment.Equipment.components()"" because the return value of ""game.Game.equipment()"" is null";Static;;;;;;
"Mahbouseh";"pieceDeclaredAsShared";44;false;"Cannot invoke ""game.equipment.Equipment.components()"" because the return value of ""game.Game.equipment()"" is null";Static;;;;;;
"Mahbouseh";"pieceDeclaredAsNeutral";44;false;"Cannot invoke ""game.equipment.Equipment.components()"" because the return value of ""game.Game.equipment()"" is null";Static;;;;;;
"Mahbouseh";"AllPlayerDeclared";41;true;;Static;;;;;;
"Mahbouseh";"equalNumberOfPiecesOnTheBoard";46;false;"Cannot invoke ""game.equipment.container.board.Board.topology()"" because the return value of ""game.Game.board()"" is null";Static;;;;;;
"Mahbouseh";"sizeOfTrack";44;false;"Cannot invoke ""game.equipment.container.board.Board.graph()"" because the return value of ""game.Game.board()"" is null";Static;;;;;;
"Medio Emperador";"lineLessOrEqualThanBoardSide";13;false;"Line concept is not present";Static;;;;;;
"Medio Emperador";"eachPieceReferenceNotDuplicated";12;false;"The game does not have any piece declared as Each";Static;;;;;;
"Medio Emperador";"pieceDeclaredAsEach";62;true;;Static;;;;;;
"Medio Emperador";"pieceDeclaredAsShared";13;false;"The game does not have any piece declared as Shared";Static;;;;;;
"Medio Emperador";"pieceDeclaredAsNeutral";11;true;;Static;;;;;;
"Medio Emperador";"AllPlayerDeclared";13;true;;Static;;;;;;
"Medio Emperador";"equalNumberOfPiecesOnTheBoard";11;true;;Static;;;;;;
"Medio Emperador";"sizeOfTrack";12;false;"The owner 0 does not have a track";Static;;;;;;
"Mughrabieh";"lineLessOrEqualThanBoardSide";45;false;"Line concept is not present";Static;;;;;;
"Mughrabieh";"eachPieceReferenceNotDuplicated";43;false;"Cannot invoke ""game.equipment.Equipment.components()"" because the return value of ""game.Game.equipment()"" is null";Static;;;;;;
"Mughrabieh";"pieceDeclaredAsEach";82;false;"Cannot invoke ""game.equipment.Equipment.components()"" because the return value of ""game.Game.equipment()"" is null";Static;;;;;;
"Mughrabieh";"pieceDeclaredAsShared";44;false;"Cannot invoke ""game.equipment.Equipment.components()"" because the return value of ""game.Game.equipment()"" is null";Static;;;;;;
"Mughrabieh";"pieceDeclaredAsNeutral";45;false;"Cannot invoke ""game.equipment.Equipment.components()"" because the return value of ""game.Game.equipment()"" is null";Static;;;;;;
"Mughrabieh";"AllPlayerDeclared";46;true;;Static;;;;;;
"Mughrabieh";"equalNumberOfPiecesOnTheBoard";44;false;"Cannot invoke ""game.equipment.container.board.Board.topology()"" because the return value of ""game.Game.board()"" is null";Static;;;;;;
"Mughrabieh";"sizeOfTrack";60;false;"Cannot invoke ""game.equipment.container.board.Board.graph()"" because the return value of ""game.Game.board()"" is null";Static;;;;;;
"Myles";"lineLessOrEqualThanBoardSide";24;false;"Line concept is not present";Static;;;;;;
"Myles";"eachPieceReferenceNotDuplicated";26;false;"The game does not have any piece declared as Each";Static;;;;;;
"Myles";"pieceDeclaredAsEach";57;true;;Static;;;;;;
"Myles";"pieceDeclaredAsShared";24;false;"The game does not have any piece declared as Shared";Static;;;;;;
"Myles";"pieceDeclaredAsNeutral";22;true;;Static;;;;;;
"Myles";"AllPlayerDeclared";23;true;;Static;;;;;;
"Myles";"equalNumberOfPiecesOnTheBoard";23;true;;Static;;;;;;
"Myles";"sizeOfTrack";22;false;"The owner 0 does not have a track";Static;;;;;;
"Nama";"lineLessOrEqualThanBoardSide";60;false;"Line concept is not present";Static;;;;;;
"Nama";"eachPieceReferenceNotDuplicated";63;false;"The game does not have any piece declared as Each";Static;;;;;;
"Nama";"pieceDeclaredAsEach";95;false;"Ludeme Each for a Piece requires at least one definition of PieceN, with N > 0";Static;;;;;;
"Nama";"pieceDeclaredAsShared";73;true;;Static;;;;;;
"Nama";"pieceDeclaredAsNeutral";69;true;;Static;;;;;;
"Nama";"AllPlayerDeclared";75;true;;Static;;;;;;
"Nama";"equalNumberOfPiecesOnTheBoard";62;true;;Static;;;;;;
"Nama";"sizeOfTrack";64;false;"The length of the track is 100";Static;;;;;;
"Nard";"lineLessOrEqualThanBoardSide";28;false;"Line concept is not present";Static;;;;;;
"Nard";"eachPieceReferenceNotDuplicated";27;false;"The game does not have any piece declared as Each";Static;;;;;;
"Nard";"pieceDeclaredAsEach";58;true;;Static;;;;;;
"Nard";"pieceDeclaredAsShared";32;false;"The game does not have any piece declared as Shared";Static;;;;;;
"Nard";"pieceDeclaredAsNeutral";35;true;;Static;;;;;;
"Nard";"AllPlayerDeclared";31;true;;Static;;;;;;
"Nard";"equalNumberOfPiecesOnTheBoard";29;true;;Static;;;;;;
"Nard";"sizeOfTrack";30;false;"The owner 0 does not have a track";Static;;;;;;
"Nyout";"lineLessOrEqualThanBoardSide";98;false;"Line concept is not present";Static;;;;;;
"Nyout";"eachPieceReferenceNotDuplicated";91;false;"The game does not have any piece declared as Each";Static;;;;;;
"Nyout";"pieceDeclaredAsEach";134;true;;Static;;;;;;
"Nyout";"pieceDeclaredAsShared";123;false;"The game does not have any piece declared as Shared";Static;;;;;;
"Nyout";"pieceDeclaredAsNeutral";101;true;;Static;;;;;;
"Nyout";"AllPlayerDeclared";102;true;;Static;;;;;;
"Nyout";"equalNumberOfPiecesOnTheBoard";100;true;;Static;;;;;;
"Nyout";"sizeOfTrack";91;false;"The length of the track is 12";Static;;;;;;
"Ofanfelling";"lineLessOrEqualThanBoardSide";24;false;"Line concept is not present";Static;;;;;;
"Ofanfelling";"eachPieceReferenceNotDuplicated";25;false;"The game does not have any piece declared as Each";Static;;;;;;
"Ofanfelling";"pieceDeclaredAsEach";67;true;;Static;;;;;;
"Ofanfelling";"pieceDeclaredAsShared";25;false;"The game does not have any piece declared as Shared";Static;;;;;;
"Ofanfelling";"pieceDeclaredAsNeutral";24;true;;Static;;;;;;
"Ofanfelling";"AllPlayerDeclared";23;true;;Static;;;;;;
"Ofanfelling";"equalNumberOfPiecesOnTheBoard";27;true;;Static;;;;;;
"Ofanfelling";"sizeOfTrack";25;false;"The owner 0 does not have a track";Static;;;;;;
"Pachesi";"lineLessOrEqualThanBoardSide";53;false;"Line concept is not present";Static;;;;;;
"Pachesi";"eachPieceReferenceNotDuplicated";48;false;"The game does not have any piece declared as Each";Static;;;;;;
"Pachesi";"pieceDeclaredAsEach";78;true;;Static;;;;;;
"Pachesi";"pieceDeclaredAsShared";48;false;"The game does not have any piece declared as Shared";Static;;;;;;
"Pachesi";"pieceDeclaredAsNeutral";49;true;;Static;;;;;;
"Pachesi";"AllPlayerDeclared";53;true;;Static;;;;;;
"Pachesi";"equalNumberOfPiecesOnTheBoard";48;true;;Static;;;;;;
"Pachesi";"sizeOfTrack";48;false;"The owner 0 does not have a track";Static;;;;;;
"Pachih";"lineLessOrEqualThanBoardSide";50;false;"Line concept is not present";Static;;;;;;
"Pachih";"eachPieceReferenceNotDuplicated";42;false;"The game does not have any piece declared as Each";Static;;;;;;
"Pachih";"pieceDeclaredAsEach";72;true;;Static;;;;;;
"Pachih";"pieceDeclaredAsShared";44;false;"The game does not have any piece declared as Shared";Static;;;;;;
"Pachih";"pieceDeclaredAsNeutral";45;true;;Static;;;;;;
"Pachih";"AllPlayerDeclared";44;true;;Static;;;;;;
"Pachih";"equalNumberOfPiecesOnTheBoard";46;true;;Static;;;;;;
"Pachih";"sizeOfTrack";55;false;"The owner 0 does not have a track";Static;;;;;;
"Pachisi";"lineLessOrEqualThanBoardSide";54;false;"Line concept is not present";Static;;;;;;
"Pachisi";"eachPieceReferenceNotDuplicated";47;false;"The game does not have any piece declared as Each";Static;;;;;;
"Pachisi";"pieceDeclaredAsEach";79;true;;Static;;;;;;
"Pachisi";"pieceDeclaredAsShared";47;false;"The game does not have any piece declared as Shared";Static;;;;;;
"Pachisi";"pieceDeclaredAsNeutral";50;true;;Static;;;;;;
"Pachisi";"AllPlayerDeclared";49;true;;Static;;;;;;
"Pachisi";"equalNumberOfPiecesOnTheBoard";46;true;;Static;;;;;;
"Pachisi";"sizeOfTrack";49;false;"The owner 0 does not have a track";Static;;;;;;
"Pagade Kayi Ata (Sixteen-handed)";"lineLessOrEqualThanBoardSide";268;false;"Line concept is not present";Static;;;;;;
"Pagade Kayi Ata (Sixteen-handed)";"eachPieceReferenceNotDuplicated";238;false;"The game does not have any piece declared as Each";Static;;;;;;
"Pagade Kayi Ata (Sixteen-handed)";"pieceDeclaredAsEach";297;true;;Static;;;;;;
"Pagade Kayi Ata (Sixteen-handed)";"pieceDeclaredAsShared";310;false;"The game does not have any piece declared as Shared";Static;;;;;;
"Pagade Kayi Ata (Sixteen-handed)";"pieceDeclaredAsNeutral";262;true;;Static;;;;;;
"Pagade Kayi Ata (Sixteen-handed)";"AllPlayerDeclared";268;true;;Static;;;;;;
"Pagade Kayi Ata (Sixteen-handed)";"equalNumberOfPiecesOnTheBoard";281;true;;Static;;;;;;
"Pagade Kayi Ata (Sixteen-handed)";"sizeOfTrack";283;false;"The owner 0 does not have a track";Static;;;;;;
"Pahada Keliya";"lineLessOrEqualThanBoardSide";113;false;"Line concept is not present";Static;;;;;;
"Pahada Keliya";"eachPieceReferenceNotDuplicated";90;false;"The game does not have any piece declared as Each";Static;;;;;;
"Pahada Keliya";"pieceDeclaredAsEach";121;true;;Static;;;;;;
"Pahada Keliya";"pieceDeclaredAsShared";92;false;"The game does not have any piece declared as Shared";Static;;;;;;
"Pahada Keliya";"pieceDeclaredAsNeutral";92;true;;Static;;;;;;
"Pahada Keliya";"AllPlayerDeclared";109;true;;Static;;;;;;
"Pahada Keliya";"equalNumberOfPiecesOnTheBoard";91;true;;Static;;;;;;
"Pahada Keliya";"sizeOfTrack";87;false;"The owner 0 does not have a track";Static;;;;;;
"Pancha Keliya";"lineLessOrEqualThanBoardSide";21;false;"Line concept is not present";Static;;;;;;
"Pancha Keliya";"eachPieceReferenceNotDuplicated";20;false;"The game does not have any piece declared as Each";Static;;;;;;
"Pancha Keliya";"pieceDeclaredAsEach";55;false;"Ludeme Each for a Piece requires at least one definition of PieceN, with N > 0";Static;;;;;;
"Pancha Keliya";"pieceDeclaredAsShared";21;false;"The game does not have any piece declared as Shared";Static;;;;;;
"Pancha Keliya";"pieceDeclaredAsNeutral";21;true;;Static;;;;;;
"Pancha Keliya";"AllPlayerDeclared";21;true;;Static;;;;;;
"Pancha Keliya";"equalNumberOfPiecesOnTheBoard";20;true;;Static;;;;;;
"Pancha Keliya";"sizeOfTrack";26;false;"The owner 0 does not have a track";Static;;;;;;
"Panchi";"lineLessOrEqualThanBoardSide";50;false;"Line concept is not present";Static;;;;;;
"Panchi";"eachPieceReferenceNotDuplicated";43;false;"The game does not have any piece declared as Each";Static;;;;;;
"Panchi";"pieceDeclaredAsEach";74;true;;Static;;;;;;
"Panchi";"pieceDeclaredAsShared";44;false;"The game does not have any piece declared as Shared";Static;;;;;;
"Panchi";"pieceDeclaredAsNeutral";37;true;;Static;;;;;;
"Panchi";"AllPlayerDeclared";53;true;;Static;;;;;;
"Panchi";"equalNumberOfPiecesOnTheBoard";52;true;;Static;;;;;;
"Panchi";"sizeOfTrack";57;false;"The owner 0 does not have a track";Static;;;;;;
"Pareia de Entrada";"lineLessOrEqualThanBoardSide";17;false;"Line concept is not present";Static;;;;;;
"Pareia de Entrada";"eachPieceReferenceNotDuplicated";19;false;"The game does not have any piece declared as Each";Static;;;;;;
"Pareia de Entrada";"pieceDeclaredAsEach";56;true;;Static;;;;;;
"Pareia de Entrada";"pieceDeclaredAsShared";17;false;"The game does not have any piece declared as Shared";Static;;;;;;
"Pareia de Entrada";"pieceDeclaredAsNeutral";14;true;;Static;;;;;;
"Pareia de Entrada";"AllPlayerDeclared";30;true;;Static;;;;;;
"Pareia de Entrada";"equalNumberOfPiecesOnTheBoard";19;true;;Static;;;;;;
"Pareia de Entrada";"sizeOfTrack";19;false;"The owner 0 does not have a track";Static;;;;;;
"Paumecary";"lineLessOrEqualThanBoardSide";28;false;"Line concept is not present";Static;;;;;;
"Paumecary";"eachPieceReferenceNotDuplicated";19;false;"The game does not have any piece declared as Each";Static;;;;;;
"Paumecary";"pieceDeclaredAsEach";59;true;;Static;;;;;;
"Paumecary";"pieceDeclaredAsShared";17;false;"The game does not have any piece declared as Shared";Static;;;;;;
"Paumecary";"pieceDeclaredAsNeutral";20;true;;Static;;;;;;
"Paumecary";"AllPlayerDeclared";21;true;;Static;;;;;;
"Paumecary";"equalNumberOfPiecesOnTheBoard";17;true;;Static;;;;;;
"Paumecary";"sizeOfTrack";17;false;"The owner 0 does not have a track";Static;;;;;;
"Petol";"lineLessOrEqualThanBoardSide";80;false;"Line concept is not present";Static;;;;;;
"Petol";"eachPieceReferenceNotDuplicated";80;false;"The game does not have any piece declared as Each";Static;;;;;;
"Petol";"pieceDeclaredAsEach";116;true;;Static;;;;;;
"Petol";"pieceDeclaredAsShared";56;false;"The game does not have any piece declared as Shared";Static;;;;;;
"Petol";"pieceDeclaredAsNeutral";61;true;;Static;;;;;;
"Petol";"AllPlayerDeclared";54;true;;Static;;;;;;
"Petol";"equalNumberOfPiecesOnTheBoard";52;true;;Static;;;;;;
"Petol";"sizeOfTrack";63;false;"The owner 0 does not have a track";Static;;;;;;
"Piprjall";"lineLessOrEqualThanBoardSide";154;false;"Line concept is not present";Static;;;;;;
"Piprjall";"eachPieceReferenceNotDuplicated";131;false;"The game does not have any piece declared as Each";Static;;;;;;
"Piprjall";"pieceDeclaredAsEach";177;true;;Static;;;;;;
"Piprjall";"pieceDeclaredAsShared";121;false;"The game does not have any piece declared as Shared";Static;;;;;;
"Piprjall";"pieceDeclaredAsNeutral";129;true;;Static;;;;;;
"Piprjall";"AllPlayerDeclared";153;true;;Static;;;;;;
"Piprjall";"equalNumberOfPiecesOnTheBoard";135;true;;Static;;;;;;
"Piprjall";"sizeOfTrack";138;false;"The owner 0 does not have a track";Static;;;;;;
"Plakoto";"lineLessOrEqualThanBoardSide";49;false;"Line concept is not present";Static;;;;;;
"Plakoto";"eachPieceReferenceNotDuplicated";33;false;"The game does not have any piece declared as Each";Static;;;;;;
"Plakoto";"pieceDeclaredAsEach";77;true;;Static;;;;;;
"Plakoto";"pieceDeclaredAsShared";32;false;"The game does not have any piece declared as Shared";Static;;;;;;
"Plakoto";"pieceDeclaredAsNeutral";43;true;;Static;;;;;;
"Plakoto";"AllPlayerDeclared";40;true;;Static;;;;;;
"Plakoto";"equalNumberOfPiecesOnTheBoard";29;true;;Static;;;;;;
"Plakoto";"sizeOfTrack";32;false;"The owner 0 does not have a track";Static;;;;;;
"Portes";"lineLessOrEqualThanBoardSide";49;false;"Line concept is not present";Static;;;;;;
"Portes";"eachPieceReferenceNotDuplicated";44;false;"The game does not have any piece declared as Each";Static;;;;;;
"Portes";"pieceDeclaredAsEach";89;true;;Static;;;;;;
"Portes";"pieceDeclaredAsShared";34;false;"The game does not have any piece declared as Shared";Static;;;;;;
"Portes";"pieceDeclaredAsNeutral";36;true;;Static;;;;;;
"Portes";"AllPlayerDeclared";44;true;;Static;;;;;;
"Portes";"equalNumberOfPiecesOnTheBoard";116;true;;Static;;;;;;
"Portes";"sizeOfTrack";51;false;"The owner 0 does not have a track";Static;;;;;;
"Provincial";"lineLessOrEqualThanBoardSide";32;false;"Line concept is not present";Static;;;;;;
"Provincial";"eachPieceReferenceNotDuplicated";22;false;"The game does not have any piece declared as Each";Static;;;;;;
"Provincial";"pieceDeclaredAsEach";63;true;;Static;;;;;;
"Provincial";"pieceDeclaredAsShared";16;false;"The game does not have any piece declared as Shared";Static;;;;;;
"Provincial";"pieceDeclaredAsNeutral";16;true;;Static;;;;;;
"Provincial";"AllPlayerDeclared";18;true;;Static;;;;;;
"Provincial";"equalNumberOfPiecesOnTheBoard";17;true;;Static;;;;;;
"Provincial";"sizeOfTrack";17;false;"The owner 0 does not have a track";Static;;;;;;
"Quinze Tablas";"lineLessOrEqualThanBoardSide";22;false;"Line concept is not present";Static;;;;;;
"Quinze Tablas";"eachPieceReferenceNotDuplicated";24;false;"The game does not have any piece declared as Each";Static;;;;;;
"Quinze Tablas";"pieceDeclaredAsEach";55;true;;Static;;;;;;
"Quinze Tablas";"pieceDeclaredAsShared";22;false;"The game does not have any piece declared as Shared";Static;;;;;;
"Quinze Tablas";"pieceDeclaredAsNeutral";25;true;;Static;;;;;;
"Quinze Tablas";"AllPlayerDeclared";23;true;;Static;;;;;;
"Quinze Tablas";"equalNumberOfPiecesOnTheBoard";22;true;;Static;;;;;;
"Quinze Tablas";"sizeOfTrack";22;false;"The owner 0 does not have a track";Static;;;;;;
"Romavoa";"lineLessOrEqualThanBoardSide";49;false;"Line concept is not present";Static;;;;;;
"Romavoa";"eachPieceReferenceNotDuplicated";36;false;"The game does not have any piece declared as Each";Static;;;;;;
"Romavoa";"pieceDeclaredAsEach";63;true;;Static;;;;;;
"Romavoa";"pieceDeclaredAsShared";33;false;"The game does not have any piece declared as Shared";Static;;;;;;
"Romavoa";"pieceDeclaredAsNeutral";32;true;;Static;;;;;;
"Romavoa";"AllPlayerDeclared";33;true;;Static;;;;;;
"Romavoa";"equalNumberOfPiecesOnTheBoard";38;true;;Static;;;;;;
"Romavoa";"sizeOfTrack";33;false;"The owner 0 does not have a track";Static;;;;;;
"Royal Game of Ur";"lineLessOrEqualThanBoardSide";24;false;"Line concept is not present";Static;;;;;;
"Royal Game of Ur";"eachPieceReferenceNotDuplicated";18;false;"The game does not have any piece declared as Each";Static;;;;;;
"Royal Game of Ur";"pieceDeclaredAsEach";56;true;;Static;;;;;;
"Royal Game of Ur";"pieceDeclaredAsShared";25;false;"The game does not have any piece declared as Shared";Static;;;;;;
"Royal Game of Ur";"pieceDeclaredAsNeutral";23;true;;Static;;;;;;
"Royal Game of Ur";"AllPlayerDeclared";21;true;;Static;;;;;;
"Royal Game of Ur";"equalNumberOfPiecesOnTheBoard";21;true;;Static;;;;;;
"Royal Game of Ur";"sizeOfTrack";23;false;"The owner 0 does not have a track";Static;;;;;;
"Schuster";"lineLessOrEqualThanBoardSide";32;false;"Line concept is not present";Static;;;;;;
"Schuster";"eachPieceReferenceNotDuplicated";28;false;"The game does not have any piece declared as Each";Static;;;;;;
"Schuster";"pieceDeclaredAsEach";64;true;;Static;;;;;;
"Schuster";"pieceDeclaredAsShared";25;false;"The game does not have any piece declared as Shared";Static;;;;;;
"Schuster";"pieceDeclaredAsNeutral";25;true;;Static;;;;;;
"Schuster";"AllPlayerDeclared";25;true;;Static;;;;;;
"Schuster";"equalNumberOfPiecesOnTheBoard";29;true;;Static;;;;;;
"Schuster";"sizeOfTrack";28;false;"The owner 0 does not have a track";Static;;;;;;
"Senet";"lineLessOrEqualThanBoardSide";297;true;;Static;;;;;;
"Senet";"eachPieceReferenceNotDuplicated";258;false;"The game does not have any piece declared as Each";Static;;;;;;
"Senet";"pieceDeclaredAsEach";315;true;;Static;;;;;;
"Senet";"pieceDeclaredAsShared";251;false;"The game does not have any piece declared as Shared";Static;;;;;;
"Senet";"pieceDeclaredAsNeutral";251;true;;Static;;;;;;
"Senet";"AllPlayerDeclared";253;true;;Static;;;;;;
"Senet";"equalNumberOfPiecesOnTheBoard";247;true;;Static;;;;;;
"Senet";"sizeOfTrack";251;false;"The owner 0 does not have a track";Static;;;;;;
"Seys Dos y As";"lineLessOrEqualThanBoardSide";14;false;"Line concept is not present";Static;;;;;;
"Seys Dos y As";"eachPieceReferenceNotDuplicated";18;false;"The game does not have any piece declared as Each";Static;;;;;;
"Seys Dos y As";"pieceDeclaredAsEach";52;true;;Static;;;;;;
"Seys Dos y As";"pieceDeclaredAsShared";18;false;"The game does not have any piece declared as Shared";Static;;;;;;
"Seys Dos y As";"pieceDeclaredAsNeutral";16;true;;Static;;;;;;
"Seys Dos y As";"AllPlayerDeclared";14;true;;Static;;;;;;
"Seys Dos y As";"equalNumberOfPiecesOnTheBoard";14;true;;Static;;;;;;
"Seys Dos y As";"sizeOfTrack";14;false;"The owner 0 does not have a track";Static;;;;;;
"Sokkattan";"lineLessOrEqualThanBoardSide";62;false;"Line concept is not present";Static;;;;;;
"Sokkattan";"eachPieceReferenceNotDuplicated";63;false;"The game does not have any piece declared as Each";Static;;;;;;
"Sokkattan";"pieceDeclaredAsEach";92;true;;Static;;;;;;
"Sokkattan";"pieceDeclaredAsShared";61;false;"The game does not have any piece declared as Shared";Static;;;;;;
"Sokkattan";"pieceDeclaredAsNeutral";73;true;;Static;;;;;;
"Sokkattan";"AllPlayerDeclared";61;true;;Static;;;;;;
"Sokkattan";"equalNumberOfPiecesOnTheBoard";63;true;;Static;;;;;;
"Sokkattan";"sizeOfTrack";72;false;"The owner 0 does not have a track";Static;;;;;;
"Ssang-Ryouk";"lineLessOrEqualThanBoardSide";28;false;"Line concept is not present";Static;;;;;;
"Ssang-Ryouk";"eachPieceReferenceNotDuplicated";25;false;"The game does not have any piece declared as Each";Static;;;;;;
"Ssang-Ryouk";"pieceDeclaredAsEach";58;true;;Static;;;;;;
"Ssang-Ryouk";"pieceDeclaredAsShared";26;false;"The game does not have any piece declared as Shared";Static;;;;;;
"Ssang-Ryouk";"pieceDeclaredAsNeutral";25;true;;Static;;;;;;
"Ssang-Ryouk";"AllPlayerDeclared";29;true;;Static;;;;;;
"Ssang-Ryouk";"equalNumberOfPiecesOnTheBoard";30;true;;Static;;;;;;
"Ssang-Ryouk";"sizeOfTrack";29;false;"The owner 0 does not have a track";Static;;;;;;
"Svensk Bradspel";"lineLessOrEqualThanBoardSide";34;false;"Line concept is not present";Static;;;;;;
"Svensk Bradspel";"eachPieceReferenceNotDuplicated";37;false;"The game does not have any piece declared as Each";Static;;;;;;
"Svensk Bradspel";"pieceDeclaredAsEach";78;true;;Static;;;;;;
"Svensk Bradspel";"pieceDeclaredAsShared";35;false;"The game does not have any piece declared as Shared";Static;;;;;;
"Svensk Bradspel";"pieceDeclaredAsNeutral";33;true;;Static;;;;;;
"Svensk Bradspel";"AllPlayerDeclared";36;true;;Static;;;;;;
"Svensk Bradspel";"equalNumberOfPiecesOnTheBoard";34;true;;Static;;;;;;
"Svensk Bradspel";"sizeOfTrack";33;false;"The owner 0 does not have a track";Static;;;;;;
"Tables Rabbatuees";"lineLessOrEqualThanBoardSide";42;false;"Line concept is not present";Static;;;;;;
"Tables Rabbatuees";"eachPieceReferenceNotDuplicated";35;false;"The game does not have any piece declared as Each";Static;;;;;;
"Tables Rabbatuees";"pieceDeclaredAsEach";68;true;;Static;;;;;;
"Tables Rabbatuees";"pieceDeclaredAsShared";39;false;"The game does not have any piece declared as Shared";Static;;;;;;
"Tables Rabbatuees";"pieceDeclaredAsNeutral";36;true;;Static;;;;;;
"Tables Rabbatuees";"AllPlayerDeclared";40;true;;Static;;;;;;
"Tables Rabbatuees";"equalNumberOfPiecesOnTheBoard";49;true;;Static;;;;;;
"Tables Rabbatuees";"sizeOfTrack";39;false;"The owner 0 does not have a track";Static;;;;;;
"Tavli";"lineLessOrEqualThanBoardSide";120;false;"Line concept is not present";Static;;;;;;
"Tavli";"eachPieceReferenceNotDuplicated";105;false;"Cannot invoke ""game.equipment.Equipment.components()"" because the return value of ""game.Game.equipment()"" is null";Static;;;;;;
"Tavli";"pieceDeclaredAsEach";149;false;"Cannot invoke ""game.equipment.Equipment.components()"" because the return value of ""game.Game.equipment()"" is null";Static;;;;;;
"Tavli";"pieceDeclaredAsShared";129;false;"Cannot invoke ""game.equipment.Equipment.components()"" because the return value of ""game.Game.equipment()"" is null";Static;;;;;;
"Tavli";"pieceDeclaredAsNeutral";114;false;"Cannot invoke ""game.equipment.Equipment.components()"" because the return value of ""game.Game.equipment()"" is null";Static;;;;;;
"Tavli";"AllPlayerDeclared";122;true;;Static;;;;;;
"Tavli";"equalNumberOfPiecesOnTheBoard";137;false;"Cannot invoke ""game.equipment.container.board.Board.topology()"" because the return value of ""game.Game.board()"" is null";Static;;;;;;
"Tavli";"sizeOfTrack";112;false;"Cannot invoke ""game.equipment.container.board.Board.graph()"" because the return value of ""game.Game.board()"" is null";Static;;;;;;
"Tawula";"lineLessOrEqualThanBoardSide";29;false;"Line concept is not present";Static;;;;;;
"Tawula";"eachPieceReferenceNotDuplicated";33;false;"The game does not have any piece declared as Each";Static;;;;;;
"Tawula";"pieceDeclaredAsEach";67;true;;Static;;;;;;
"Tawula";"pieceDeclaredAsShared";32;false;"The game does not have any piece declared as Shared";Static;;;;;;
"Tawula";"pieceDeclaredAsNeutral";30;true;;Static;;;;;;
"Tawula";"AllPlayerDeclared";29;true;;Static;;;;;;
"Tawula";"equalNumberOfPiecesOnTheBoard";31;true;;Static;;;;;;
"Tawula";"sizeOfTrack";34;false;"The owner 0 does not have a track";Static;;;;;;
"Tayam Sonalu";"lineLessOrEqualThanBoardSide";52;false;"Line concept is not present";Static;;;;;;
"Tayam Sonalu";"eachPieceReferenceNotDuplicated";47;false;"The game does not have any piece declared as Each";Static;;;;;;
"Tayam Sonalu";"pieceDeclaredAsEach";82;true;;Static;;;;;;
"Tayam Sonalu";"pieceDeclaredAsShared";46;false;"The game does not have any piece declared as Shared";Static;;;;;;
"Tayam Sonalu";"pieceDeclaredAsNeutral";48;true;;Static;;;;;;
"Tayam Sonalu";"AllPlayerDeclared";62;true;;Static;;;;;;
"Tayam Sonalu";"equalNumberOfPiecesOnTheBoard";58;true;;Static;;;;;;
"Tayam Sonalu";"sizeOfTrack";47;false;"The owner 0 does not have a track";Static;;;;;;
"Thaayam";"lineLessOrEqualThanBoardSide";66;false;"Line concept is not present";Static;;;;;;
"Thaayam";"eachPieceReferenceNotDuplicated";63;false;"The game does not have any piece declared as Each";Static;;;;;;
"Thaayam";"pieceDeclaredAsEach";102;false;"Ludeme Each for a Piece requires at least one definition of PieceN, with N > 0";Static;;;;;;
"Thaayam";"pieceDeclaredAsShared";66;false;"The game does not have any piece declared as Shared";Static;;;;;;
"Thaayam";"pieceDeclaredAsNeutral";75;true;;Static;;;;;;
"Thaayam";"AllPlayerDeclared";64;true;;Static;;;;;;
"Thaayam";"equalNumberOfPiecesOnTheBoard";64;true;;Static;;;;;;
"Thaayam";"sizeOfTrack";61;false;"The owner 0 does not have a track";Static;;;;;;
"Todas Tablas";"lineLessOrEqualThanBoardSide";26;false;"Line concept is not present";Static;;;;;;
"Todas Tablas";"eachPieceReferenceNotDuplicated";26;false;"The game does not have any piece declared as Each";Static;;;;;;
"Todas Tablas";"pieceDeclaredAsEach";71;true;;Static;;;;;;
"Todas Tablas";"pieceDeclaredAsShared";26;false;"The game does not have any piece declared as Shared";Static;;;;;;
"Todas Tablas";"pieceDeclaredAsNeutral";25;true;;Static;;;;;;
"Todas Tablas";"AllPlayerDeclared";25;true;;Static;;;;;;
"Todas Tablas";"equalNumberOfPiecesOnTheBoard";27;true;;Static;;;;;;
"Todas Tablas";"sizeOfTrack";28;false;"The owner 0 does not have a track";Static;;;;;;
"Tokkadille";"lineLessOrEqualThanBoardSide";71;false;"Line concept is not present";Static;;;;;;
"Tokkadille";"eachPieceReferenceNotDuplicated";61;false;"The game does not have any piece declared as Each";Static;;;;;;
"Tokkadille";"pieceDeclaredAsEach";101;true;;Static;;;;;;
"Tokkadille";"pieceDeclaredAsShared";66;false;"The game does not have any piece declared as Shared";Static;;;;;;
"Tokkadille";"pieceDeclaredAsNeutral";60;true;;Static;;;;;;
"Tokkadille";"AllPlayerDeclared";59;true;;Static;;;;;;
"Tokkadille";"equalNumberOfPiecesOnTheBoard";67;true;;Static;;;;;;
"Tokkadille";"sizeOfTrack";75;false;"The owner 0 does not have a track";Static;;;;;;
"Tsun K'i";"lineLessOrEqualThanBoardSide";77;false;"Line concept is not present";Static;;;;;;
"Tsun K'i";"eachPieceReferenceNotDuplicated";80;false;"The game does not have any piece declared as Each";Static;;;;;;
"Tsun K'i";"pieceDeclaredAsEach";106;true;;Static;;;;;;
"Tsun K'i";"pieceDeclaredAsShared";72;false;"The game does not have any piece declared as Shared";Static;;;;;;
"Tsun K'i";"pieceDeclaredAsNeutral";75;true;;Static;;;;;;
"Tsun K'i";"AllPlayerDeclared";85;true;;Static;;;;;;
"Tsun K'i";"equalNumberOfPiecesOnTheBoard";72;true;;Static;;;;;;
"Tsun K'i";"sizeOfTrack";75;false;"The owner 0 does not have a track";Static;;;;;;
"Tugi-Epfe";"lineLessOrEqualThanBoardSide";29;false;"Line concept is not present";Static;;;;;;
"Tugi-Epfe";"eachPieceReferenceNotDuplicated";30;false;"The game does not have any piece declared as Each";Static;;;;;;
"Tugi-Epfe";"pieceDeclaredAsEach";66;true;;Static;;;;;;
"Tugi-Epfe";"pieceDeclaredAsShared";33;false;"The game does not have any piece declared as Shared";Static;;;;;;
"Tugi-Epfe";"pieceDeclaredAsNeutral";30;true;;Static;;;;;;
"Tugi-Epfe";"AllPlayerDeclared";31;true;;Static;;;;;;
"Tugi-Epfe";"equalNumberOfPiecesOnTheBoard";32;true;;Static;;;;;;
"Tugi-Epfe";"sizeOfTrack";32;false;"The length of the track is 41";Static;;;;;;
"Uturu Uturu Kaida";"lineLessOrEqualThanBoardSide";63;false;"Line concept is not present";Static;;;;;;
"Uturu Uturu Kaida";"eachPieceReferenceNotDuplicated";60;false;"The game does not have any piece declared as Each";Static;;;;;;
"Uturu Uturu Kaida";"pieceDeclaredAsEach";80;false;"Ludeme Each for a Piece requires at least one definition of PieceN, with N > 0";Static;;;;;;
"Uturu Uturu Kaida";"pieceDeclaredAsShared";59;false;"The game does not have any piece declared as Shared";Static;;;;;;
"Uturu Uturu Kaida";"pieceDeclaredAsNeutral";43;true;;Static;;;;;;
"Uturu Uturu Kaida";"AllPlayerDeclared";40;true;;Static;;;;;;
"Uturu Uturu Kaida";"equalNumberOfPiecesOnTheBoard";54;true;;Static;;;;;;
"Uturu Uturu Kaida";"sizeOfTrack";43;false;"The length of the track is 100";Static;;;;;;
"Verquere";"lineLessOrEqualThanBoardSide";18;false;"Line concept is not present";Static;;;;;;
"Verquere";"eachPieceReferenceNotDuplicated";18;false;"The game does not have any piece declared as Each";Static;;;;;;
"Verquere";"pieceDeclaredAsEach";63;true;;Static;;;;;;
"Verquere";"pieceDeclaredAsShared";18;false;"The game does not have any piece declared as Shared";Static;;;;;;
"Verquere";"pieceDeclaredAsNeutral";19;true;;Static;;;;;;
"Verquere";"AllPlayerDeclared";19;true;;Static;;;;;;
"Verquere";"equalNumberOfPiecesOnTheBoard";19;true;;Static;;;;;;
"Verquere";"sizeOfTrack";17;false;"The owner 0 does not have a track";Static;;;;;;
"XII Scripta";"lineLessOrEqualThanBoardSide";26;false;"Line concept is not present";Static;;;;;;
"XII Scripta";"eachPieceReferenceNotDuplicated";35;false;"The game does not have any piece declared as Each";Static;;;;;;
"XII Scripta";"pieceDeclaredAsEach";64;true;;Static;;;;;;
"XII Scripta";"pieceDeclaredAsShared";26;false;"The game does not have any piece declared as Shared";Static;;;;;;
"XII Scripta";"pieceDeclaredAsNeutral";26;true;;Static;;;;;;
"XII Scripta";"AllPlayerDeclared";29;true;;Static;;;;;;
"XII Scripta";"equalNumberOfPiecesOnTheBoard";34;true;;Static;;;;;;
"XII Scripta";"sizeOfTrack";27;false;"The owner 0 does not have a track";Static;;;;;;
"Yahoudieh";"lineLessOrEqualThanBoardSide";31;false;"Line concept is not present";Static;;;;;;
"Yahoudieh";"eachPieceReferenceNotDuplicated";35;false;"The game does not have any piece declared as Each";Static;;;;;;
"Yahoudieh";"pieceDeclaredAsEach";66;true;;Static;;;;;;
"Yahoudieh";"pieceDeclaredAsShared";30;false;"The game does not have any piece declared as Shared";Static;;;;;;
"Yahoudieh";"pieceDeclaredAsNeutral";25;true;;Static;;;;;;
"Yahoudieh";"AllPlayerDeclared";28;true;;Static;;;;;;
"Yahoudieh";"equalNumberOfPiecesOnTheBoard";25;true;;Static;;;;;;
"Yahoudieh";"sizeOfTrack";34;false;"The owner 0 does not have a track";Static;;;;;;
"Agon";"lineLessOrEqualThanBoardSide";251;false;"Line concept is not present";Static;;;;;;
"Agon";"eachPieceReferenceNotDuplicated";206;false;"The game does not have any piece declared as Each";Static;;;;;;
"Agon";"pieceDeclaredAsEach";139;true;;Static;;;;;;
"Agon";"pieceDeclaredAsShared";105;false;"The game does not have any piece declared as Shared";Static;;;;;;
"Agon";"pieceDeclaredAsNeutral";120;true;;Static;;;;;;
"Agon";"AllPlayerDeclared";105;true;;Static;;;;;;
"Agon";"equalNumberOfPiecesOnTheBoard";105;true;;Static;;;;;;
"Agon";"sizeOfTrack";130;false;"Track concept is not present";Static;;;;;;
"Aralzaa";"lineLessOrEqualThanBoardSide";16;false;"Line concept is not present";Static;;;;;;
"Aralzaa";"eachPieceReferenceNotDuplicated";10;false;"The game does not have any piece declared as Each";Static;;;;;;
"Aralzaa";"pieceDeclaredAsEach";41;true;;Static;;;;;;
"Aralzaa";"pieceDeclaredAsShared";11;false;"The game does not have any piece declared as Shared";Static;;;;;;
"Aralzaa";"pieceDeclaredAsNeutral";9;true;;Static;;;;;;
"Aralzaa";"AllPlayerDeclared";10;true;;Static;;;;;;
"Aralzaa";"equalNumberOfPiecesOnTheBoard";8;true;;Static;;;;;;
"Aralzaa";"sizeOfTrack";8;false;"Track concept is not present";Static;;;;;;
"Bajr";"lineLessOrEqualThanBoardSide";21;false;"Line concept is not present";Static;;;;;;
"Bajr";"eachPieceReferenceNotDuplicated";23;false;"The game does not have any piece declared as Each";Static;;;;;;
"Bajr";"pieceDeclaredAsEach";66;true;;Static;;;;;;
"Bajr";"pieceDeclaredAsShared";17;false;"The game does not have any piece declared as Shared";Static;;;;;;
"Bajr";"pieceDeclaredAsNeutral";18;true;;Static;;;;;;
"Bajr";"AllPlayerDeclared";21;true;;Static;;;;;;
"Bajr";"equalNumberOfPiecesOnTheBoard";22;true;;Static;;;;;;
"Bajr";"sizeOfTrack";19;false;"Track concept is not present";Static;;;;;;
"Barca";"lineLessOrEqualThanBoardSide";49;false;"Line concept is not present";Static;;;;;;
"Barca";"eachPieceReferenceNotDuplicated";45;false;"The game does not have any piece declared as Each";Static;;;;;;
"Barca";"pieceDeclaredAsEach";78;true;;Static;;;;;;
"Barca";"pieceDeclaredAsShared";46;false;"The game does not have any piece declared as Shared";Static;;;;;;
"Barca";"pieceDeclaredAsNeutral";53;true;;Static;;;;;;
"Barca";"AllPlayerDeclared";45;true;;Static;;;;;;
"Barca";"equalNumberOfPiecesOnTheBoard";46;true;;Static;;;;;;
"Barca";"sizeOfTrack";47;false;"Track concept is not present";Static;;;;;;
"Camelot";"lineLessOrEqualThanBoardSide";169;false;"Line concept is not present";Static;;;;;;
"Camelot";"eachPieceReferenceNotDuplicated";199;false;"The game does not have any piece declared as Each";Static;;;;;;
"Camelot";"pieceDeclaredAsEach";195;true;;Static;;;;;;
"Camelot";"pieceDeclaredAsShared";162;false;"The game does not have any piece declared as Shared";Static;;;;;;
"Camelot";"pieceDeclaredAsNeutral";156;true;;Static;;;;;;
"Camelot";"AllPlayerDeclared";160;true;;Static;;;;;;
"Camelot";"equalNumberOfPiecesOnTheBoard";160;true;;Static;;;;;;
"Camelot";"sizeOfTrack";182;false;"Track concept is not present";Static;;;;;;
"Cascades";"lineLessOrEqualThanBoardSide";97;false;"Line concept is not present";Static;;;;;;
"Cascades";"eachPieceReferenceNotDuplicated";89;false;"The game does not have any piece declared as Each";Static;;;;;;
"Cascades";"pieceDeclaredAsEach";127;true;;Static;;;;;;
"Cascades";"pieceDeclaredAsShared";82;false;"The game does not have any piece declared as Shared";Static;;;;;;
"Cascades";"pieceDeclaredAsNeutral";93;true;;Static;;;;;;
"Cascades";"AllPlayerDeclared";98;true;;Static;;;;;;
"Cascades";"equalNumberOfPiecesOnTheBoard";104;true;;Static;;;;;;
"Cascades";"sizeOfTrack";98;false;"Track concept is not present";Static;;;;;;
"Chinese Checkers";"lineLessOrEqualThanBoardSide";115;false;"Line concept is not present";Static;;;;;;
"Chinese Checkers";"eachPieceReferenceNotDuplicated";121;false;"The game does not have any piece declared as Each";Static;;;;;;
"Chinese Checkers";"pieceDeclaredAsEach";153;true;;Static;;;;;;
"Chinese Checkers";"pieceDeclaredAsShared";120;false;"The game does not have any piece declared as Shared";Static;;;;;;
"Chinese Checkers";"pieceDeclaredAsNeutral";100;true;;Static;;;;;;
"Chinese Checkers";"AllPlayerDeclared";103;true;;Static;;;;;;
"Chinese Checkers";"equalNumberOfPiecesOnTheBoard";102;true;;Static;;;;;;
"Chinese Checkers";"sizeOfTrack";98;false;"Track concept is not present";Static;;;;;;
"Conspirateurs";"lineLessOrEqualThanBoardSide";118;false;"Line concept is not present";Static;;;;;;
"Conspirateurs";"eachPieceReferenceNotDuplicated";131;false;"The game does not have any piece declared as Each";Static;;;;;;
"Conspirateurs";"pieceDeclaredAsEach";153;true;;Static;;;;;;
"Conspirateurs";"pieceDeclaredAsShared";152;false;"The game does not have any piece declared as Shared";Static;;;;;;
"Conspirateurs";"pieceDeclaredAsNeutral";124;true;;Static;;;;;;
"Conspirateurs";"AllPlayerDeclared";118;true;;Static;;;;;;
"Conspirateurs";"equalNumberOfPiecesOnTheBoard";125;true;;Static;;;;;;
"Conspirateurs";"sizeOfTrack";132;false;"Track concept is not present";Static;;;;;;
"Gadis";"lineLessOrEqualThanBoardSide";175;false;"Line concept is not present";Static;;;;;;
"Gadis";"eachPieceReferenceNotDuplicated";111;false;"The game does not have any piece declared as Each";Static;;;;;;
"Gadis";"pieceDeclaredAsEach";168;true;;Static;;;;;;
"Gadis";"pieceDeclaredAsShared";124;false;"The game does not have any piece declared as Shared";Static;;;;;;
"Gadis";"pieceDeclaredAsNeutral";110;true;;Static;;;;;;
"Gadis";"AllPlayerDeclared";110;true;;Static;;;;;;
"Gadis";"equalNumberOfPiecesOnTheBoard";114;true;;Static;;;;;;
"Gadis";"sizeOfTrack";116;false;"Track concept is not present";Static;;;;;;
"Grasshopper";"lineLessOrEqualThanBoardSide";61;false;"Line concept is not present";Static;;;;;;
"Grasshopper";"eachPieceReferenceNotDuplicated";58;false;"The game does not have any piece declared as Each";Static;;;;;;
"Grasshopper";"pieceDeclaredAsEach";87;true;;Static;;;;;;
"Grasshopper";"pieceDeclaredAsShared";53;false;"The game does not have any piece declared as Shared";Static;;;;;;
"Grasshopper";"pieceDeclaredAsNeutral";51;true;;Static;;;;;;
"Grasshopper";"AllPlayerDeclared";59;true;;Static;;;;;;
"Grasshopper";"equalNumberOfPiecesOnTheBoard";56;true;;Static;;;;;;
"Grasshopper";"sizeOfTrack";58;false;"Track concept is not present";Static;;;;;;
"Halma";"lineLessOrEqualThanBoardSide";130;false;"Line concept is not present";Static;;;;;;
"Halma";"eachPieceReferenceNotDuplicated";174;false;"The game does not have any piece declared as Each";Static;;;;;;
"Halma";"pieceDeclaredAsEach";188;true;;Static;;;;;;
"Halma";"pieceDeclaredAsShared";165;false;"The game does not have any piece declared as Shared";Static;;;;;;
"Halma";"pieceDeclaredAsNeutral";145;true;;Static;;;;;;
"Halma";"AllPlayerDeclared";163;true;;Static;;;;;;
"Halma";"equalNumberOfPiecesOnTheBoard";160;true;;Static;;;;;;
"Halma";"sizeOfTrack";143;false;"Track concept is not present";Static;;;;;;
"Lelac";"lineLessOrEqualThanBoardSide";29;false;"Line concept is not present";Static;;;;;;
"Lelac";"eachPieceReferenceNotDuplicated";23;false;"The game does not have any piece declared as Each";Static;;;;;;
"Lelac";"pieceDeclaredAsEach";56;false;"The game does not have any piece declared as Each";Static;;;;;;
"Lelac";"pieceDeclaredAsShared";21;false;"A Shared Piece must appear at least twice in the description";Static;;;;;;
"Lelac";"pieceDeclaredAsNeutral";21;true;;Static;;;;;;
"Lelac";"AllPlayerDeclared";21;true;;Static;;;;;;
"Lelac";"equalNumberOfPiecesOnTheBoard";31;true;;Static;;;;;;
"Lelac";"sizeOfTrack";29;false;"The length of the track is 10";Static;;;;;;
"O-Pat-Kono";"lineLessOrEqualThanBoardSide";19;false;"Line concept is not present";Static;;;;;;
"O-Pat-Kono";"eachPieceReferenceNotDuplicated";13;false;"The game does not have any piece declared as Each";Static;;;;;;
"O-Pat-Kono";"pieceDeclaredAsEach";53;true;;Static;;;;;;
"O-Pat-Kono";"pieceDeclaredAsShared";14;false;"The game does not have any piece declared as Shared";Static;;;;;;
"O-Pat-Kono";"pieceDeclaredAsNeutral";11;true;;Static;;;;;;
"O-Pat-Kono";"AllPlayerDeclared";15;true;;Static;;;;;;
"O-Pat-Kono";"equalNumberOfPiecesOnTheBoard";13;true;;Static;;;;;;
"O-Pat-Kono";"sizeOfTrack";12;false;"Track concept is not present";Static;;;;;;
"Salta";"lineLessOrEqualThanBoardSide";85;false;"Line concept is not present";Static;;;;;;
"Salta";"eachPieceReferenceNotDuplicated";79;false;"The game does not have any piece declared as Each";Static;;;;;;
"Salta";"pieceDeclaredAsEach";94;true;;Static;;;;;;
"Salta";"pieceDeclaredAsShared";70;false;"The game does not have any piece declared as Shared";Static;;;;;;
"Salta";"pieceDeclaredAsNeutral";73;true;;Static;;;;;;
"Salta";"AllPlayerDeclared";62;true;;Static;;;;;;
"Salta";"equalNumberOfPiecesOnTheBoard";67;true;;Static;;;;;;
"Salta";"sizeOfTrack";79;false;"Track concept is not present";Static;;;;;;
"Shanzak Kammar";"lineLessOrEqualThanBoardSide";27;false;"Line concept is not present";Static;;;;;;
"Shanzak Kammar";"eachPieceReferenceNotDuplicated";32;false;"The game does not have any piece declared as Each";Static;;;;;;
"Shanzak Kammar";"pieceDeclaredAsEach";62;true;;Static;;;;;;
"Shanzak Kammar";"pieceDeclaredAsShared";25;false;"The game does not have any piece declared as Shared";Static;;;;;;
"Shanzak Kammar";"pieceDeclaredAsNeutral";25;true;;Static;;;;;;
"Shanzak Kammar";"AllPlayerDeclared";26;true;;Static;;;;;;
"Shanzak Kammar";"equalNumberOfPiecesOnTheBoard";29;true;;Static;;;;;;
"Shanzak Kammar";"sizeOfTrack";34;false;"Track concept is not present";Static;;;;;;
"Suffragetto";"lineLessOrEqualThanBoardSide";607;false;"Line concept is not present";Static;;;;;;
"Suffragetto";"eachPieceReferenceNotDuplicated";566;false;"The game does not have any piece declared as Each";Static;;;;;;
"Suffragetto";"pieceDeclaredAsEach";538;false;"The game does not have any piece declared as Each";Static;;;;;;
"Suffragetto";"pieceDeclaredAsShared";518;false;"The game does not have any piece declared as Shared";Static;;;;;;
"Suffragetto";"pieceDeclaredAsNeutral";506;true;;Static;;;;;;
"Suffragetto";"AllPlayerDeclared";490;true;;Static;;;;;;
"Suffragetto";"equalNumberOfPiecesOnTheBoard";499;true;;Static;;;;;;
"Suffragetto";"sizeOfTrack";517;false;"Track concept is not present";Static;;;;;;
"Tablan";"lineLessOrEqualThanBoardSide";53;false;"Line concept is not present";Static;;;;;;
"Tablan";"eachPieceReferenceNotDuplicated";44;false;"The game does not have any piece declared as Each";Static;;;;;;
"Tablan";"pieceDeclaredAsEach";78;true;;Static;;;;;;
"Tablan";"pieceDeclaredAsShared";45;false;"The game does not have any piece declared as Shared";Static;;;;;;
"Tablan";"pieceDeclaredAsNeutral";47;true;;Static;;;;;;
"Tablan";"AllPlayerDeclared";47;true;;Static;;;;;;
"Tablan";"equalNumberOfPiecesOnTheBoard";51;true;;Static;;;;;;
"Tablan";"sizeOfTrack";51;false;"The owner 0 does not have a track";Static;;;;;;
"Tandems";"lineLessOrEqualThanBoardSide";32;false;"Line concept is not present";Static;;;;;;
"Tandems";"eachPieceReferenceNotDuplicated";32;false;"The game does not have any piece declared as Each";Static;;;;;;
"Tandems";"pieceDeclaredAsEach";65;true;;Static;;;;;;
"Tandems";"pieceDeclaredAsShared";31;false;"The game does not have any piece declared as Shared";Static;;;;;;
"Tandems";"pieceDeclaredAsNeutral";31;true;;Static;;;;;;
"Tandems";"AllPlayerDeclared";31;true;;Static;;;;;;
"Tandems";"equalNumberOfPiecesOnTheBoard";33;true;;Static;;;;;;
"Tandems";"sizeOfTrack";38;false;"Track concept is not present";Static;;;;;;
"Aime";"lineLessOrEqualThanBoardSide";53;false;"Line concept is not present";Static;;;;;;
"Aime";"eachPieceReferenceNotDuplicated";50;false;"The game does not have any piece declared as Each";Static;;;;;;
"Aime";"pieceDeclaredAsEach";84;false;"Ludeme Each for a Piece requires at least one definition of PieceN, with N > 0";Static;;;;;;
"Aime";"pieceDeclaredAsShared";61;true;;Static;;;;;;
"Aime";"pieceDeclaredAsNeutral";53;true;;Static;;;;;;
"Aime";"AllPlayerDeclared";60;true;;Static;;;;;;
"Aime";"equalNumberOfPiecesOnTheBoard";59;true;;Static;;;;;;
"Aime";"sizeOfTrack";47;false;"The owner 0 does not have a track";Static;;;;;;
"Archimedes";"lineLessOrEqualThanBoardSide";43;false;"Line concept is not present";Static;;;;;;
"Archimedes";"eachPieceReferenceNotDuplicated";34;false;"The game does not have any piece declared as Each";Static;;;;;;
"Archimedes";"pieceDeclaredAsEach";80;true;;Static;;;;;;
"Archimedes";"pieceDeclaredAsShared";34;false;"The game does not have any piece declared as Shared";Static;;;;;;
"Archimedes";"pieceDeclaredAsNeutral";44;true;;Static;;;;;;
"Archimedes";"AllPlayerDeclared";30;true;;Static;;;;;;
"Archimedes";"equalNumberOfPiecesOnTheBoard";28;true;;Static;;;;;;
"Archimedes";"sizeOfTrack";29;false;"Track concept is not present";Static;;;;;;
"Arimaa";"lineLessOrEqualThanBoardSide";103;false;"Line concept is not present";Static;;;;;;
"Arimaa";"eachPieceReferenceNotDuplicated";90;false;"The game does not have any piece declared as Each";Static;;;;;;
"Arimaa";"pieceDeclaredAsEach";125;false;"Ludeme Each for a Piece requires at least one definition of PieceN, with N > 0";Static;;;;;;
"Arimaa";"pieceDeclaredAsShared";88;false;"The game does not have any piece declared as Shared";Static;;;;;;
"Arimaa";"pieceDeclaredAsNeutral";80;true;;Static;;;;;;
"Arimaa";"AllPlayerDeclared";85;true;;Static;;;;;;
"Arimaa";"equalNumberOfPiecesOnTheBoard";84;true;;Static;;;;;;
"Arimaa";"sizeOfTrack";103;false;"Track concept is not present";Static;;;;;;
"Ashere";"lineLessOrEqualThanBoardSide";38;false;"Line concept is not present";Static;;;;;;
"Ashere";"eachPieceReferenceNotDuplicated";36;false;"The game does not have any piece declared as Each";Static;;;;;;
"Ashere";"pieceDeclaredAsEach";67;true;;Static;;;;;;
"Ashere";"pieceDeclaredAsShared";38;true;;Static;;;;;;
"Ashere";"pieceDeclaredAsNeutral";36;true;;Static;;;;;;
"Ashere";"AllPlayerDeclared";36;true;;Static;;;;;;
"Ashere";"equalNumberOfPiecesOnTheBoard";38;true;;Static;;;;;;
"Ashere";"sizeOfTrack";45;false;"The owner 0 does not have a track";Static;;;;;;
"Bison";"lineLessOrEqualThanBoardSide";34;false;"Line concept is not present";Static;;;;;;
"Bison";"eachPieceReferenceNotDuplicated";33;false;"The game does not have any piece declared as Each";Static;;;;;;
"Bison";"pieceDeclaredAsEach";66;false;"The game does not have any piece declared as Each";Static;;;;;;
"Bison";"pieceDeclaredAsShared";28;false;"The game does not have any piece declared as Shared";Static;;;;;;
"Bison";"pieceDeclaredAsNeutral";28;true;;Static;;;;;;
"Bison";"AllPlayerDeclared";29;true;;Static;;;;;;
"Bison";"equalNumberOfPiecesOnTheBoard";31;false;"Players do not have the same number of pieces";Static;;;;;;
"Bison";"sizeOfTrack";32;false;"Track concept is not present";Static;;;;;;
"Bombardment";"lineLessOrEqualThanBoardSide";28;false;"Line concept is not present";Static;;;;;;
"Bombardment";"eachPieceReferenceNotDuplicated";23;false;"The game does not have any piece declared as Each";Static;;;;;;
"Bombardment";"pieceDeclaredAsEach";51;true;;Static;;;;;;
"Bombardment";"pieceDeclaredAsShared";28;false;"The game does not have any piece declared as Shared";Static;;;;;;
"Bombardment";"pieceDeclaredAsNeutral";26;true;;Static;;;;;;
"Bombardment";"AllPlayerDeclared";27;true;;Static;;;;;;
"Bombardment";"equalNumberOfPiecesOnTheBoard";29;true;;Static;;;;;;
"Bombardment";"sizeOfTrack";23;false;"Track concept is not present";Static;;;;;;
"Breakthrough";"lineLessOrEqualThanBoardSide";30;false;"Line concept is not present";Static;;;;;;
"Breakthrough";"eachPieceReferenceNotDuplicated";25;false;"The game does not have any piece declared as Each";Static;;;;;;
"Breakthrough";"pieceDeclaredAsEach";59;true;;Static;;;;;;
"Breakthrough";"pieceDeclaredAsShared";25;false;"The game does not have any piece declared as Shared";Static;;;;;;
"Breakthrough";"pieceDeclaredAsNeutral";25;true;;Static;;;;;;
"Breakthrough";"AllPlayerDeclared";26;true;;Static;;;;;;
"Breakthrough";"equalNumberOfPiecesOnTheBoard";25;true;;Static;;;;;;
"Breakthrough";"sizeOfTrack";25;false;"Track concept is not present";Static;;;;;;
"Center";"lineLessOrEqualThanBoardSide";39;false;"Line concept is not present";Static;;;;;;
"Center";"eachPieceReferenceNotDuplicated";42;false;"The game does not have any piece declared as Each";Static;;;;;;
"Center";"pieceDeclaredAsEach";68;false;"Ludeme Each for a Piece requires at least one definition of PieceN, with N > 0";Static;;;;;;
"Center";"pieceDeclaredAsShared";34;false;"The game does not have any piece declared as Shared";Static;;;;;;
"Center";"pieceDeclaredAsNeutral";47;true;;Static;;;;;;
"Center";"AllPlayerDeclared";32;true;;Static;;;;;;
"Center";"equalNumberOfPiecesOnTheBoard";37;true;;Static;;;;;;
"Center";"sizeOfTrack";31;false;"Track concept is not present";Static;;;;;;
"Chong (Sakhalin)";"lineLessOrEqualThanBoardSide";55;false;"Line concept is not present";Static;;;;;;
"Chong (Sakhalin)";"eachPieceReferenceNotDuplicated";55;false;"The game does not have any piece declared as Each";Static;;;;;;
"Chong (Sakhalin)";"pieceDeclaredAsEach";99;true;;Static;;;;;;
"Chong (Sakhalin)";"pieceDeclaredAsShared";55;false;"The game does not have any piece declared as Shared";Static;;;;;;
"Chong (Sakhalin)";"pieceDeclaredAsNeutral";53;true;;Static;;;;;;
"Chong (Sakhalin)";"AllPlayerDeclared";53;true;;Static;;;;;;
"Chong (Sakhalin)";"equalNumberOfPiecesOnTheBoard";60;true;;Static;;;;;;
"Chong (Sakhalin)";"sizeOfTrack";49;false;"The owner 0 does not have a track";Static;;;;;;
"Chonpa";"lineLessOrEqualThanBoardSide";393;false;"Line concept is not present";Static;;;;;;
"Chonpa";"eachPieceReferenceNotDuplicated";389;false;"The game does not have any piece declared as Each";Static;;;;;;
"Chonpa";"pieceDeclaredAsEach";410;true;;Static;;;;;;
"Chonpa";"pieceDeclaredAsShared";385;false;"The game does not have any piece declared as Shared";Static;;;;;;
"Chonpa";"pieceDeclaredAsNeutral";377;true;;Static;;;;;;
"Chonpa";"AllPlayerDeclared";390;true;;Static;;;;;;
"Chonpa";"equalNumberOfPiecesOnTheBoard";380;true;;Static;;;;;;
"Chonpa";"sizeOfTrack";379;false;"The owner 0 does not have a track";Static;;;;;;
"EinStein Wurfelt Nicht";"lineLessOrEqualThanBoardSide";31;false;"Line concept is not present";Static;;;;;;
"EinStein Wurfelt Nicht";"eachPieceReferenceNotDuplicated";33;false;"The game does not have any piece declared as Each";Static;;;;;;
"EinStein Wurfelt Nicht";"pieceDeclaredAsEach";64;true;;Static;;;;;;
"EinStein Wurfelt Nicht";"pieceDeclaredAsShared";31;false;"The game does not have any piece declared as Shared";Static;;;;;;
"EinStein Wurfelt Nicht";"pieceDeclaredAsNeutral";31;true;;Static;;;;;;
"EinStein Wurfelt Nicht";"AllPlayerDeclared";30;true;;Static;;;;;;
"EinStein Wurfelt Nicht";"equalNumberOfPiecesOnTheBoard";30;true;;Static;;;;;;
"EinStein Wurfelt Nicht";"sizeOfTrack";31;false;"Track concept is not present";Static;;;;;;
"Es-Sig";"lineLessOrEqualThanBoardSide";45;false;"Line concept is not present";Static;;;;;;
"Es-Sig";"eachPieceReferenceNotDuplicated";42;false;"The game does not have any piece declared as Each";Static;;;;;;
"Es-Sig";"pieceDeclaredAsEach";84;true;;Static;;;;;;
"Es-Sig";"pieceDeclaredAsShared";42;false;"The game does not have any piece declared as Shared";Static;;;;;;
"Es-Sig";"pieceDeclaredAsNeutral";47;true;;Static;;;;;;
"Es-Sig";"AllPlayerDeclared";41;true;;Static;;;;;;
"Es-Sig";"equalNumberOfPiecesOnTheBoard";40;false;"Players do not have the same number of pieces";Static;;;;;;
"Es-Sig";"sizeOfTrack";42;false;"The length of the track is 48";Static;;;;;;
"Football Chess";"lineLessOrEqualThanBoardSide";381;false;"Line concept is not present";Static;;;;;;
"Football Chess";"eachPieceReferenceNotDuplicated";393;false;"The game does not have any piece declared as Each";Static;;;;;;
"Football Chess";"pieceDeclaredAsEach";403;true;;Static;;;;;;
"Football Chess";"pieceDeclaredAsShared";372;true;;Static;;;;;;
"Football Chess";"pieceDeclaredAsNeutral";373;true;;Static;;;;;;
"Football Chess";"AllPlayerDeclared";378;true;;Static;;;;;;
"Football Chess";"equalNumberOfPiecesOnTheBoard";379;true;;Static;;;;;;
"Football Chess";"sizeOfTrack";373;false;"Track concept is not present";Static;;;;;;
"Gauntlet";"lineLessOrEqualThanBoardSide";63;false;"Line concept is not present";Static;;;;;;
"Gauntlet";"eachPieceReferenceNotDuplicated";61;false;"The game does not have any piece declared as Each";Static;;;;;;
"Gauntlet";"pieceDeclaredAsEach";99;true;;Static;;;;;;
"Gauntlet";"pieceDeclaredAsShared";53;false;"The game does not have any piece declared as Shared";Static;;;;;;
"Gauntlet";"pieceDeclaredAsNeutral";53;true;;Static;;;;;;
"Gauntlet";"AllPlayerDeclared";53;true;;Static;;;;;;
"Gauntlet";"equalNumberOfPiecesOnTheBoard";52;false;"Players do not have the same number of pieces";Static;;;;;;
"Gauntlet";"sizeOfTrack";53;false;"Track concept is not present";Static;;;;;;
"Gavalata";"lineLessOrEqualThanBoardSide";22;false;"Line concept is not present";Static;;;;;;
"Gavalata";"eachPieceReferenceNotDuplicated";18;false;"The game does not have any piece declared as Each";Static;;;;;;
"Gavalata";"pieceDeclaredAsEach";52;true;;Static;;;;;;
"Gavalata";"pieceDeclaredAsShared";19;false;"The game does not have any piece declared as Shared";Static;;;;;;
"Gavalata";"pieceDeclaredAsNeutral";17;true;;Static;;;;;;
"Gavalata";"AllPlayerDeclared";17;true;;Static;;;;;;
"Gavalata";"equalNumberOfPiecesOnTheBoard";19;true;;Static;;;;;;
"Gavalata";"sizeOfTrack";18;false;"The owner 0 does not have a track";Static;;;;;;
"Geister";"lineLessOrEqualThanBoardSide";45;false;"Line concept is not present";Static;;;;;;
"Geister";"eachPieceReferenceNotDuplicated";42;false;"The game does not have any piece declared as Each";Static;;;;;;
"Geister";"pieceDeclaredAsEach";89;true;;Static;;;;;;
"Geister";"pieceDeclaredAsShared";47;false;"The game does not have any piece declared as Shared";Static;;;;;;
"Geister";"pieceDeclaredAsNeutral";60;true;;Static;;;;;;
"Geister";"AllPlayerDeclared";50;true;;Static;;;;;;
"Geister";"equalNumberOfPiecesOnTheBoard";54;true;;Static;;;;;;
"Geister";"sizeOfTrack";50;false;"Track concept is not present";Static;;;;;;
"Gyan Chaupar";"lineLessOrEqualThanBoardSide";42;false;"Line concept is not present";Static;;;;;;
"Gyan Chaupar";"eachPieceReferenceNotDuplicated";44;false;"The game does not have any piece declared as Each";Static;;;;;;
"Gyan Chaupar";"pieceDeclaredAsEach";72;true;;Static;;;;;;
"Gyan Chaupar";"pieceDeclaredAsShared";40;false;"The game does not have any piece declared as Shared";Static;;;;;;
"Gyan Chaupar";"pieceDeclaredAsNeutral";38;true;;Static;;;;;;
"Gyan Chaupar";"AllPlayerDeclared";37;true;;Static;;;;;;
"Gyan Chaupar";"equalNumberOfPiecesOnTheBoard";37;false;"Players do not have the same number of pieces";Static;;;;;;
"Gyan Chaupar";"sizeOfTrack";39;false;"The length of the track is 100";Static;;;;;;
"Ishighan";"lineLessOrEqualThanBoardSide";56;false;"Line concept is not present";Static;;;;;;
"Ishighan";"eachPieceReferenceNotDuplicated";59;false;"The game does not have any piece declared as Each";Static;;;;;;
"Ishighan";"pieceDeclaredAsEach";98;true;;Static;;;;;;
"Ishighan";"pieceDeclaredAsShared";52;false;"The game does not have any piece declared as Shared";Static;;;;;;
"Ishighan";"pieceDeclaredAsNeutral";60;true;;Static;;;;;;
"Ishighan";"AllPlayerDeclared";55;true;;Static;;;;;;
"Ishighan";"equalNumberOfPiecesOnTheBoard";53;true;;Static;;;;;;
"Ishighan";"sizeOfTrack";53;false;"The length of the track is 86";Static;;;;;;
"Jeson Mor";"lineLessOrEqualThanBoardSide";27;false;"Line concept is not present";Static;;;;;;
"Jeson Mor";"eachPieceReferenceNotDuplicated";31;false;"The game does not have any piece declared as Each";Static;;;;;;
"Jeson Mor";"pieceDeclaredAsEach";62;true;;Static;;;;;;
"Jeson Mor";"pieceDeclaredAsShared";27;false;"The game does not have any piece declared as Shared";Static;;;;;;
"Jeson Mor";"pieceDeclaredAsNeutral";30;true;;Static;;;;;;
"Jeson Mor";"AllPlayerDeclared";26;true;;Static;;;;;;
"Jeson Mor";"equalNumberOfPiecesOnTheBoard";25;true;;Static;;;;;;
"Jeson Mor";"sizeOfTrack";28;false;"Track concept is not present";Static;;;;;;
"Jungle";"lineLessOrEqualThanBoardSide";65;false;"Line concept is not present";Static;;;;;;
"Jungle";"eachPieceReferenceNotDuplicated";64;false;"The game does not have any piece declared as Each";Static;;;;;;
"Jungle";"pieceDeclaredAsEach";92;true;;Static;;;;;;
"Jungle";"pieceDeclaredAsShared";60;false;"The game does not have any piece declared as Shared";Static;;;;;;
"Jungle";"pieceDeclaredAsNeutral";65;true;;Static;;;;;;
"Jungle";"AllPlayerDeclared";76;true;;Static;;;;;;
"Jungle";"equalNumberOfPiecesOnTheBoard";65;true;;Static;;;;;;
"Jungle";"sizeOfTrack";70;false;"Track concept is not present";Static;;;;;;
"Kawasukuts";"lineLessOrEqualThanBoardSide";44;false;"Line concept is not present";Static;;;;;;
"Kawasukuts";"eachPieceReferenceNotDuplicated";46;false;"The game does not have any piece declared as Each";Static;;;;;;
"Kawasukuts";"pieceDeclaredAsEach";82;false;"Ludeme Each for a Piece requires at least one definition of PieceN, with N > 0";Static;;;;;;
"Kawasukuts";"pieceDeclaredAsShared";45;false;"The game does not have any piece declared as Shared";Static;;;;;;
"Kawasukuts";"pieceDeclaredAsNeutral";47;true;;Static;;;;;;
"Kawasukuts";"AllPlayerDeclared";46;true;;Static;;;;;;
"Kawasukuts";"equalNumberOfPiecesOnTheBoard";51;true;;Static;;;;;;
"Kawasukuts";"sizeOfTrack";44;false;"The length of the track is 40";Static;;;;;;
"King's Valley";"lineLessOrEqualThanBoardSide";18;false;"Line concept is not present";Static;;;;;;
"King's Valley";"eachPieceReferenceNotDuplicated";19;false;"The game does not have any piece declared as Each";Static;;;;;;
"King's Valley";"pieceDeclaredAsEach";53;true;;Static;;;;;;
"King's Valley";"pieceDeclaredAsShared";18;false;"The game does not have any piece declared as Shared";Static;;;;;;
"King's Valley";"pieceDeclaredAsNeutral";17;true;;Static;;;;;;
"King's Valley";"AllPlayerDeclared";19;true;;Static;;;;;;
"King's Valley";"equalNumberOfPiecesOnTheBoard";24;true;;Static;;;;;;
"King's Valley";"sizeOfTrack";20;false;"Track concept is not present";Static;;;;;;
"Knightthrough";"lineLessOrEqualThanBoardSide";24;false;"Line concept is not present";Static;;;;;;
"Knightthrough";"eachPieceReferenceNotDuplicated";22;false;"The game does not have any piece declared as Each";Static;;;;;;
"Knightthrough";"pieceDeclaredAsEach";52;true;;Static;;;;;;
"Knightthrough";"pieceDeclaredAsShared";21;false;"The game does not have any piece declared as Shared";Static;;;;;;
"Knightthrough";"pieceDeclaredAsNeutral";21;true;;Static;;;;;;
"Knightthrough";"AllPlayerDeclared";21;true;;Static;;;;;;
"Knightthrough";"equalNumberOfPiecesOnTheBoard";23;true;;Static;;;;;;
"Knightthrough";"sizeOfTrack";21;false;"Track concept is not present";Static;;;;;;
"Li'b el-Merafib";"lineLessOrEqualThanBoardSide";156;false;"Line concept is not present";Static;;;;;;
"Li'b el-Merafib";"eachPieceReferenceNotDuplicated";130;false;"The game does not have any piece declared as Each";Static;;;;;;
"Li'b el-Merafib";"pieceDeclaredAsEach";162;true;;Static;;;;;;
"Li'b el-Merafib";"pieceDeclaredAsShared";144;false;"The game does not have any piece declared as Shared";Static;;;;;;
"Li'b el-Merafib";"pieceDeclaredAsNeutral";132;false;"A piece declared Neutral must be called as piece0";Static;;;;;;
"Li'b el-Merafib";"AllPlayerDeclared";134;true;;Static;;;;;;
"Li'b el-Merafib";"equalNumberOfPiecesOnTheBoard";125;false;"Players do not have the same number of pieces";Static;;;;;;
"Li'b el-Merafib";"sizeOfTrack";131;false;"The length of the track is 83";Static;;;;;;
"Main Pacheh";"lineLessOrEqualThanBoardSide";19;false;"Line concept is not present";Static;;;;;;
"Main Pacheh";"eachPieceReferenceNotDuplicated";19;false;"The game does not have any piece declared as Each";Static;;;;;;
"Main Pacheh";"pieceDeclaredAsEach";61;true;;Static;;;;;;
"Main Pacheh";"pieceDeclaredAsShared";20;false;"The game does not have any piece declared as Shared";Static;;;;;;
"Main Pacheh";"pieceDeclaredAsNeutral";19;true;;Static;;;;;;
"Main Pacheh";"AllPlayerDeclared";20;true;;Static;;;;;;
"Main Pacheh";"equalNumberOfPiecesOnTheBoard";20;true;;Static;;;;;;
"Main Pacheh";"sizeOfTrack";20;false;"The owner 0 does not have a track";Static;;;;;;
"Murus Gallicus";"lineLessOrEqualThanBoardSide";83;false;"Line concept is not present";Static;;;;;;
"Murus Gallicus";"eachPieceReferenceNotDuplicated";70;false;"The game does not have any piece declared as Each";Static;;;;;;
"Murus Gallicus";"pieceDeclaredAsEach";118;true;;Static;;;;;;
"Murus Gallicus";"pieceDeclaredAsShared";70;false;"The game does not have any piece declared as Shared";Static;;;;;;
"Murus Gallicus";"pieceDeclaredAsNeutral";67;true;;Static;;;;;;
"Murus Gallicus";"AllPlayerDeclared";66;true;;Static;;;;;;
"Murus Gallicus";"equalNumberOfPiecesOnTheBoard";68;true;;Static;;;;;;
"Murus Gallicus";"sizeOfTrack";69;false;"Track concept is not present";Static;;;;;;
"Nebakuthana";"lineLessOrEqualThanBoardSide";28;false;"Line concept is not present";Static;;;;;;
"Nebakuthana";"eachPieceReferenceNotDuplicated";27;false;"The game does not have any piece declared as Each";Static;;;;;;
"Nebakuthana";"pieceDeclaredAsEach";63;false;"The game does not have any piece declared as Each";Static;;;;;;
"Nebakuthana";"pieceDeclaredAsShared";29;false;"The game does not have any piece declared as Shared";Static;;;;;;
"Nebakuthana";"pieceDeclaredAsNeutral";27;true;;Static;;;;;;
"Nebakuthana";"AllPlayerDeclared";26;true;;Static;;;;;;
"Nebakuthana";"equalNumberOfPiecesOnTheBoard";32;true;;Static;;;;;;
"Nebakuthana";"sizeOfTrack";41;false;"The owner 0 does not have a track";Static;;;;;;
"Owasokotz";"lineLessOrEqualThanBoardSide";39;false;"Line concept is not present";Static;;;;;;
"Owasokotz";"eachPieceReferenceNotDuplicated";42;false;"The game does not have any piece declared as Each";Static;;;;;;
"Owasokotz";"pieceDeclaredAsEach";78;true;;Static;;;;;;
"Owasokotz";"pieceDeclaredAsShared";37;false;"The game does not have any piece declared as Shared";Static;;;;;;
"Owasokotz";"pieceDeclaredAsNeutral";39;true;;Static;;;;;;
"Owasokotz";"AllPlayerDeclared";39;true;;Static;;;;;;
"Owasokotz";"equalNumberOfPiecesOnTheBoard";41;true;;Static;;;;;;
"Owasokotz";"sizeOfTrack";39;false;"The length of the track is 40";Static;;;;;;
"Paradis";"lineLessOrEqualThanBoardSide";27;false;"Line concept is not present";Static;;;;;;
"Paradis";"eachPieceReferenceNotDuplicated";25;false;"The game does not have any piece declared as Each";Static;;;;;;
"Paradis";"pieceDeclaredAsEach";70;true;;Static;;;;;;
"Paradis";"pieceDeclaredAsShared";30;false;"The game does not have any piece declared as Shared";Static;;;;;;
"Paradis";"pieceDeclaredAsNeutral";27;true;;Static;;;;;;
"Paradis";"AllPlayerDeclared";25;true;;Static;;;;;;
"Paradis";"equalNumberOfPiecesOnTheBoard";27;true;;Static;;;;;;
"Paradis";"sizeOfTrack";26;false;"The owner 0 does not have a track";Static;;;;;;
"Pasit";"lineLessOrEqualThanBoardSide";47;false;"Line concept is not present";Static;;;;;;
"Pasit";"eachPieceReferenceNotDuplicated";47;false;"The game does not have any piece declared as Each";Static;;;;;;
"Pasit";"pieceDeclaredAsEach";85;true;;Static;;;;;;
"Pasit";"pieceDeclaredAsShared";47;false;"The game does not have any piece declared as Shared";Static;;;;;;
"Pasit";"pieceDeclaredAsNeutral";47;true;;Static;;;;;;
"Pasit";"AllPlayerDeclared";46;true;;Static;;;;;;
"Pasit";"equalNumberOfPiecesOnTheBoard";64;true;;Static;;;;;;
"Pasit";"sizeOfTrack";54;false;"The owner 0 does not have a track";Static;;;;;;
"Patol";"lineLessOrEqualThanBoardSide";47;false;"Line concept is not present";Static;;;;;;
"Patol";"eachPieceReferenceNotDuplicated";46;false;"The game does not have any piece declared as Each";Static;;;;;;
"Patol";"pieceDeclaredAsEach";74;false;"Ludeme Each for a Piece requires at least one definition of PieceN, with N > 0";Static;;;;;;
"Patol";"pieceDeclaredAsShared";45;false;"The game does not have any piece declared as Shared";Static;;;;;;
"Patol";"pieceDeclaredAsNeutral";57;true;;Static;;;;;;
"Patol";"AllPlayerDeclared";45;true;;Static;;;;;;
"Patol";"equalNumberOfPiecesOnTheBoard";52;true;;Static;;;;;;
"Patol";"sizeOfTrack";59;false;"The length of the track is 40";Static;;;;;;
"Pente Grammai";"lineLessOrEqualThanBoardSide";13;false;"Line concept is not present";Static;;;;;;
"Pente Grammai";"eachPieceReferenceNotDuplicated";12;false;"The game does not have any piece declared as Each";Static;;;;;;
"Pente Grammai";"pieceDeclaredAsEach";42;true;;Static;;;;;;
"Pente Grammai";"pieceDeclaredAsShared";10;false;"The game does not have any piece declared as Shared";Static;;;;;;
"Pente Grammai";"pieceDeclaredAsNeutral";11;true;;Static;;;;;;
"Pente Grammai";"AllPlayerDeclared";10;true;;Static;;;;;;
"Pente Grammai";"equalNumberOfPiecesOnTheBoard";11;true;;Static;;;;;;
"Pente Grammai";"sizeOfTrack";13;false;"The owner 0 does not have a track";Static;;;;;;
"Pylos";"lineLessOrEqualThanBoardSide";59;false;"Line concept is not present";Static;;;;;;
"Pylos";"eachPieceReferenceNotDuplicated";52;false;"The game does not have any piece declared as Each";Static;;;;;;
"Pylos";"pieceDeclaredAsEach";89;false;"Ludeme Each for a Piece requires at least one definition of PieceN, with N > 0";Static;;;;;;
"Pylos";"pieceDeclaredAsShared";52;false;"The game does not have any piece declared as Shared";Static;;;;;;
"Pylos";"pieceDeclaredAsNeutral";53;true;;Static;;;;;;
"Pylos";"AllPlayerDeclared";57;true;;Static;;;;;;
"Pylos";"equalNumberOfPiecesOnTheBoard";57;true;;Static;;;;;;
"Pylos";"sizeOfTrack";55;false;"Track concept is not present";Static;;;;;;
"Quoridor";"lineLessOrEqualThanBoardSide";70;false;"Line concept is not present";Static;;;;;;
"Quoridor";"eachPieceReferenceNotDuplicated";63;false;"The game does not have any piece declared as Each";Static;;;;;;
"Quoridor";"pieceDeclaredAsEach";104;true;;Static;;;;;;
"Quoridor";"pieceDeclaredAsShared";63;true;;Static;;;;;;
"Quoridor";"pieceDeclaredAsNeutral";69;true;;Static;;;;;;
"Quoridor";"AllPlayerDeclared";70;true;;Static;;;;;;
"Quoridor";"equalNumberOfPiecesOnTheBoard";61;true;;Static;;;;;;
"Quoridor";"sizeOfTrack";61;false;"Track concept is not present";Static;;;;;;
"Reach Chess";"lineLessOrEqualThanBoardSide";63;false;"Line concept is not present";Static;;;;;;
"Reach Chess";"eachPieceReferenceNotDuplicated";62;false;"The game does not have any piece declared as Each";Static;;;;;;
"Reach Chess";"pieceDeclaredAsEach";101;true;;Static;;;;;;
"Reach Chess";"pieceDeclaredAsShared";61;false;"The game does not have any piece declared as Shared";Static;;;;;;
"Reach Chess";"pieceDeclaredAsNeutral";73;true;;Static;;;;;;
"Reach Chess";"AllPlayerDeclared";60;true;;Static;;;;;;
"Reach Chess";"equalNumberOfPiecesOnTheBoard";65;true;;Static;;;;;;
"Reach Chess";"sizeOfTrack";69;false;"Track concept is not present";Static;;;;;;
"Santorini";"lineLessOrEqualThanBoardSide";29;false;"Line concept is not present";Static;;;;;;
"Santorini";"eachPieceReferenceNotDuplicated";22;false;"The game does not have any piece declared as Each";Static;;;;;;
"Santorini";"pieceDeclaredAsEach";50;true;;Static;;;;;;
"Santorini";"pieceDeclaredAsShared";21;false;"The game does not have any piece declared as Shared";Static;;;;;;
"Santorini";"pieceDeclaredAsNeutral";20;true;;Static;;;;;;
"Santorini";"AllPlayerDeclared";21;true;;Static;;;;;;
"Santorini";"equalNumberOfPiecesOnTheBoard";23;true;;Static;;;;;;
"Santorini";"sizeOfTrack";23;false;"Track concept is not present";Static;;;;;;
"Saturankam";"lineLessOrEqualThanBoardSide";50;false;"Line concept is not present";Static;;;;;;
"Saturankam";"eachPieceReferenceNotDuplicated";58;false;"The game does not have any piece declared as Each";Static;;;;;;
"Saturankam";"pieceDeclaredAsEach";82;true;;Static;;;;;;
"Saturankam";"pieceDeclaredAsShared";42;false;"The game does not have any piece declared as Shared";Static;;;;;;
"Saturankam";"pieceDeclaredAsNeutral";43;true;;Static;;;;;;
"Saturankam";"AllPlayerDeclared";40;true;;Static;;;;;;
"Saturankam";"equalNumberOfPiecesOnTheBoard";41;true;;Static;;;;;;
"Saturankam";"sizeOfTrack";46;false;"The owner 0 does not have a track";Static;;;;;;
"Set Dilth'";"lineLessOrEqualThanBoardSide";32;false;"Line concept is not present";Static;;;;;;
"Set Dilth'";"eachPieceReferenceNotDuplicated";31;false;"The game does not have any piece declared as Each";Static;;;;;;
"Set Dilth'";"pieceDeclaredAsEach";64;true;;Static;;;;;;
"Set Dilth'";"pieceDeclaredAsShared";41;false;"The game does not have any piece declared as Shared";Static;;;;;;
"Set Dilth'";"pieceDeclaredAsNeutral";31;true;;Static;;;;;;
"Set Dilth'";"AllPlayerDeclared";33;true;;Static;;;;;;
"Set Dilth'";"equalNumberOfPiecesOnTheBoard";37;true;;Static;;;;;;
"Set Dilth'";"sizeOfTrack";34;false;"The owner 0 does not have a track";Static;;;;;;
"Setichch";"lineLessOrEqualThanBoardSide";36;false;"Line concept is not present";Static;;;;;;
"Setichch";"eachPieceReferenceNotDuplicated";33;false;"The game does not have any piece declared as Each";Static;;;;;;
"Setichch";"pieceDeclaredAsEach";68;false;"The game does not have any piece declared as Each";Static;;;;;;
"Setichch";"pieceDeclaredAsShared";33;false;"The game does not have any piece declared as Shared";Static;;;;;;
"Setichch";"pieceDeclaredAsNeutral";34;true;;Static;;;;;;
"Setichch";"AllPlayerDeclared";37;true;;Static;;;;;;
"Setichch";"equalNumberOfPiecesOnTheBoard";36;true;;Static;;;;;;
"Setichch";"sizeOfTrack";38;false;"The length of the track is 40";Static;;;;;;
"Shing Quon Tu";"lineLessOrEqualThanBoardSide";158;false;"Line concept is not present";Static;;;;;;
"Shing Quon Tu";"eachPieceReferenceNotDuplicated";150;false;"The game does not have any piece declared as Each";Static;;;;;;
"Shing Quon Tu";"pieceDeclaredAsEach";187;true;;Static;;;;;;
"Shing Quon Tu";"pieceDeclaredAsShared";148;false;"The game does not have any piece declared as Shared";Static;;;;;;
"Shing Quon Tu";"pieceDeclaredAsNeutral";144;true;;Static;;;;;;
"Shing Quon Tu";"AllPlayerDeclared";139;true;;Static;;;;;;
"Shing Quon Tu";"equalNumberOfPiecesOnTheBoard";145;true;;Static;;;;;;
"Shing Quon Tu";"sizeOfTrack";156;false;"The length of the track is 98";Static;;;;;;
"Sig (El Oued)";"lineLessOrEqualThanBoardSide";72;false;"Line concept is not present";Static;;;;;;
"Sig (El Oued)";"eachPieceReferenceNotDuplicated";66;false;"The game does not have any piece declared as Each";Static;;;;;;
"Sig (El Oued)";"pieceDeclaredAsEach";93;true;;Static;;;;;;
"Sig (El Oued)";"pieceDeclaredAsShared";68;false;"The game does not have any piece declared as Shared";Static;;;;;;
"Sig (El Oued)";"pieceDeclaredAsNeutral";65;true;;Static;;;;;;
"Sig (El Oued)";"AllPlayerDeclared";65;true;;Static;;;;;;
"Sig (El Oued)";"equalNumberOfPiecesOnTheBoard";73;false;"Players do not have the same number of pieces";Static;;;;;;
"Sig (El Oued)";"sizeOfTrack";75;false;"The length of the track is 12";Static;;;;;;
"Sig wa Duqqan (Houmt al-Arbah)";"lineLessOrEqualThanBoardSide";33;false;"Line concept is not present";Static;;;;;;
"Sig wa Duqqan (Houmt al-Arbah)";"eachPieceReferenceNotDuplicated";32;false;"The game does not have any piece declared as Each";Static;;;;;;
"Sig wa Duqqan (Houmt al-Arbah)";"pieceDeclaredAsEach";61;true;;Static;;;;;;
"Sig wa Duqqan (Houmt al-Arbah)";"pieceDeclaredAsShared";34;false;"The game does not have any piece declared as Shared";Static;;;;;;
"Sig wa Duqqan (Houmt al-Arbah)";"pieceDeclaredAsNeutral";31;true;;Static;;;;;;
"Sig wa Duqqan (Houmt al-Arbah)";"AllPlayerDeclared";30;true;;Static;;;;;;
"Sig wa Duqqan (Houmt al-Arbah)";"equalNumberOfPiecesOnTheBoard";34;false;"Players do not have the same number of pieces";Static;;;;;;
"Sig wa Duqqan (Houmt al-Arbah)";"sizeOfTrack";32;false;"The length of the track is 15";Static;;;;;;
"Sig wa Duqqan (Houmt Taourit)";"lineLessOrEqualThanBoardSide";49;false;"Line concept is not present";Static;;;;;;
"Sig wa Duqqan (Houmt Taourit)";"eachPieceReferenceNotDuplicated";47;false;"The game does not have any piece declared as Each";Static;;;;;;
"Sig wa Duqqan (Houmt Taourit)";"pieceDeclaredAsEach";77;true;;Static;;;;;;
"Sig wa Duqqan (Houmt Taourit)";"pieceDeclaredAsShared";56;false;"The game does not have any piece declared as Shared";Static;;;;;;
"Sig wa Duqqan (Houmt Taourit)";"pieceDeclaredAsNeutral";53;true;;Static;;;;;;
"Sig wa Duqqan (Houmt Taourit)";"AllPlayerDeclared";54;true;;Static;;;;;;
"Sig wa Duqqan (Houmt Taourit)";"equalNumberOfPiecesOnTheBoard";54;true;;Static;;;;;;
"Sig wa Duqqan (Houmt Taourit)";"sizeOfTrack";49;false;"The length of the track is 81";Static;;;;;;
"Siga (Sri Lanka)";"lineLessOrEqualThanBoardSide";25;false;"Line concept is not present";Static;;;;;;
"Siga (Sri Lanka)";"eachPieceReferenceNotDuplicated";21;false;"The game does not have any piece declared as Each";Static;;;;;;
"Siga (Sri Lanka)";"pieceDeclaredAsEach";54;true;;Static;;;;;;
"Siga (Sri Lanka)";"pieceDeclaredAsShared";21;false;"The game does not have any piece declared as Shared";Static;;;;;;
"Siga (Sri Lanka)";"pieceDeclaredAsNeutral";22;true;;Static;;;;;;
"Siga (Sri Lanka)";"AllPlayerDeclared";22;true;;Static;;;;;;
"Siga (Sri Lanka)";"equalNumberOfPiecesOnTheBoard";23;true;;Static;;;;;;
"Siga (Sri Lanka)";"sizeOfTrack";23;false;"The owner 0 does not have a track";Static;;;;;;
"Sik";"lineLessOrEqualThanBoardSide";38;false;"Line concept is not present";Static;;;;;;
"Sik";"eachPieceReferenceNotDuplicated";46;false;"The game does not have any piece declared as Each";Static;;;;;;
"Sik";"pieceDeclaredAsEach";75;true;;Static;;;;;;
"Sik";"pieceDeclaredAsShared";34;false;"The game does not have any piece declared as Shared";Static;;;;;;
"Sik";"pieceDeclaredAsNeutral";37;true;;Static;;;;;;
"Sik";"AllPlayerDeclared";34;true;;Static;;;;;;
"Sik";"equalNumberOfPiecesOnTheBoard";36;true;;Static;;;;;;
"Sik";"sizeOfTrack";47;false;"The length of the track is 86";Static;;;;;;
"Siryu (Race)";"lineLessOrEqualThanBoardSide";82;false;"Line concept is not present";Static;;;;;;
"Siryu (Race)";"eachPieceReferenceNotDuplicated";64;false;"The game does not have any piece declared as Each";Static;;;;;;
"Siryu (Race)";"pieceDeclaredAsEach";109;true;;Static;;;;;;
"Siryu (Race)";"pieceDeclaredAsShared";69;false;"The game does not have any piece declared as Shared";Static;;;;;;
"Siryu (Race)";"pieceDeclaredAsNeutral";67;true;;Static;;;;;;
"Siryu (Race)";"AllPlayerDeclared";61;true;;Static;;;;;;
"Siryu (Race)";"equalNumberOfPiecesOnTheBoard";69;false;"Players do not have the same number of pieces";Static;;;;;;
"Siryu (Race)";"sizeOfTrack";72;false;"The length of the track is 12";Static;;;;;;
"Sneakthrough";"lineLessOrEqualThanBoardSide";38;false;"Line concept is not present";Static;;;;;;
"Sneakthrough";"eachPieceReferenceNotDuplicated";36;false;"The game does not have any piece declared as Each";Static;;;;;;
"Sneakthrough";"pieceDeclaredAsEach";80;false;"The game does not have any piece declared as Each";Static;;;;;;
"Sneakthrough";"pieceDeclaredAsShared";38;false;"The game does not have any piece declared as Shared";Static;;;;;;
"Sneakthrough";"pieceDeclaredAsNeutral";35;true;;Static;;;;;;
"Sneakthrough";"AllPlayerDeclared";39;true;;Static;;;;;;
"Sneakthrough";"equalNumberOfPiecesOnTheBoard";41;true;;Static;;;;;;
"Sneakthrough";"sizeOfTrack";39;false;"Track concept is not present";Static;;;;;;
"Squadro";"lineLessOrEqualThanBoardSide";139;false;"Line concept is not present";Static;;;;;;
"Squadro";"eachPieceReferenceNotDuplicated";112;false;"The game does not have any piece declared as Each";Static;;;;;;
"Squadro";"pieceDeclaredAsEach";163;true;;Static;;;;;;
"Squadro";"pieceDeclaredAsShared";115;false;"The game does not have any piece declared as Shared";Static;;;;;;
"Squadro";"pieceDeclaredAsNeutral";117;true;;Static;;;;;;
"Squadro";"AllPlayerDeclared";110;true;;Static;;;;;;
"Squadro";"equalNumberOfPiecesOnTheBoard";112;true;;Static;;;;;;
"Squadro";"sizeOfTrack";118;false;"Track concept is not present";Static;;;;;;
"Tamman";"lineLessOrEqualThanBoardSide";22;false;"Line concept is not present";Static;;;;;;
"Tamman";"eachPieceReferenceNotDuplicated";20;false;"The game does not have any piece declared as Each";Static;;;;;;
"Tamman";"pieceDeclaredAsEach";50;true;;Static;;;;;;
"Tamman";"pieceDeclaredAsShared";21;false;"The game does not have any piece declared as Shared";Static;;;;;;
"Tamman";"pieceDeclaredAsNeutral";21;true;;Static;;;;;;
"Tamman";"AllPlayerDeclared";21;true;;Static;;;;;;
"Tamman";"equalNumberOfPiecesOnTheBoard";21;true;;Static;;;;;;
"Tamman";"sizeOfTrack";21;false;"The owner 0 does not have a track";Static;;;;;;
"Tasholiwe";"lineLessOrEqualThanBoardSide";47;false;"Line concept is not present";Static;;;;;;
"Tasholiwe";"eachPieceReferenceNotDuplicated";45;false;"The game does not have any piece declared as Each";Static;;;;;;
"Tasholiwe";"pieceDeclaredAsEach";90;true;;Static;;;;;;
"Tasholiwe";"pieceDeclaredAsShared";40;false;"The game does not have any piece declared as Shared";Static;;;;;;
"Tasholiwe";"pieceDeclaredAsNeutral";39;true;;Static;;;;;;
"Tasholiwe";"AllPlayerDeclared";40;true;;Static;;;;;;
"Tasholiwe";"equalNumberOfPiecesOnTheBoard";43;true;;Static;;;;;;
"Tasholiwe";"sizeOfTrack";40;false;"The length of the track is 40";Static;;;;;;
"The Pawn Game";"lineLessOrEqualThanBoardSide";27;false;"Line concept is not present";Static;;;;;;
"The Pawn Game";"eachPieceReferenceNotDuplicated";26;false;"The game does not have any piece declared as Each";Static;;;;;;
"The Pawn Game";"pieceDeclaredAsEach";54;true;;Static;;;;;;
"The Pawn Game";"pieceDeclaredAsShared";28;false;"The game does not have any piece declared as Shared";Static;;;;;;
"The Pawn Game";"pieceDeclaredAsNeutral";27;true;;Static;;;;;;
"The Pawn Game";"AllPlayerDeclared";27;true;;Static;;;;;;
"The Pawn Game";"equalNumberOfPiecesOnTheBoard";35;true;;Static;;;;;;
"The Pawn Game";"sizeOfTrack";26;false;"Track concept is not present";Static;;;;;;
"There and Back";"lineLessOrEqualThanBoardSide";79;false;"Line concept is not present";Static;;;;;;
"There and Back";"eachPieceReferenceNotDuplicated";72;false;"The game does not have any piece declared as Each";Static;;;;;;
"There and Back";"pieceDeclaredAsEach";115;true;;Static;;;;;;
"There and Back";"pieceDeclaredAsShared";87;false;"The game does not have any piece declared as Shared";Static;;;;;;
"There and Back";"pieceDeclaredAsNeutral";76;true;;Static;;;;;;
"There and Back";"AllPlayerDeclared";72;false;"P3 is not declared";Static;;;;;;
"There and Back";"equalNumberOfPiecesOnTheBoard";73;true;;Static;;;;;;
"There and Back";"sizeOfTrack";72;false;"Track concept is not present";Static;;;;;;
"Tourne-Case";"lineLessOrEqualThanBoardSide";17;false;"Line concept is not present";Static;;;;;;
"Tourne-Case";"eachPieceReferenceNotDuplicated";16;false;"The game does not have any piece declared as Each";Static;;;;;;
"Tourne-Case";"pieceDeclaredAsEach";62;true;;Static;;;;;;
"Tourne-Case";"pieceDeclaredAsShared";17;false;"The game does not have any piece declared as Shared";Static;;;;;;
"Tourne-Case";"pieceDeclaredAsNeutral";15;true;;Static;;;;;;
"Tourne-Case";"AllPlayerDeclared";15;true;;Static;;;;;;
"Tourne-Case";"equalNumberOfPiecesOnTheBoard";15;true;;Static;;;;;;
"Tourne-Case";"sizeOfTrack";15;false;"The owner 0 does not have a track";Static;;;;;;
"Tsaydithl";"lineLessOrEqualThanBoardSide";42;false;"Line concept is not present";Static;;;;;;
"Tsaydithl";"eachPieceReferenceNotDuplicated";41;false;"The game does not have any piece declared as Each";Static;;;;;;
"Tsaydithl";"pieceDeclaredAsEach";74;true;;Static;;;;;;
"Tsaydithl";"pieceDeclaredAsShared";43;false;"The game does not have any piece declared as Shared";Static;;;;;;
"Tsaydithl";"pieceDeclaredAsNeutral";39;true;;Static;;;;;;
"Tsaydithl";"AllPlayerDeclared";39;true;;Static;;;;;;
"Tsaydithl";"equalNumberOfPiecesOnTheBoard";41;true;;Static;;;;;;
"Tsaydithl";"sizeOfTrack";42;false;"The length of the track is 40";Static;;;;;;
"Zohn Ahl";"lineLessOrEqualThanBoardSide";47;false;"Line concept is not present";Static;;;;;;
"Zohn Ahl";"eachPieceReferenceNotDuplicated";38;false;"The game does not have any piece declared as Each";Static;;;;;;
"Zohn Ahl";"pieceDeclaredAsEach";68;false;"The game does not have any piece declared as Each";Static;;;;;;
"Zohn Ahl";"pieceDeclaredAsShared";37;false;"The game does not have any piece declared as Shared";Static;;;;;;
"Zohn Ahl";"pieceDeclaredAsNeutral";33;true;;Static;;;;;;
"Zohn Ahl";"AllPlayerDeclared";34;true;;Static;;;;;;
"Zohn Ahl";"equalNumberOfPiecesOnTheBoard";36;true;;Static;;;;;;
"Zohn Ahl";"sizeOfTrack";35;false;"The owner 0 does not have a track";Static;;;;;;
"Diagonals";"lineLessOrEqualThanBoardSide";35;false;"Line concept is not present";Static;;;;;;
"Diagonals";"eachPieceReferenceNotDuplicated";33;false;"The game does not have any piece declared as Each";Static;;;;;;
"Diagonals";"pieceDeclaredAsEach";71;false;"Ludeme Each for a Piece requires at least one definition of PieceN, with N > 0";Static;;;;;;
"Diagonals";"pieceDeclaredAsShared";35;false;"The game does not have any piece declared as Shared";Static;;;;;;
"Diagonals";"pieceDeclaredAsNeutral";43;true;;Static;;;;;;
"Diagonals";"AllPlayerDeclared";37;true;;Static;;;;;;
"Diagonals";"equalNumberOfPiecesOnTheBoard";34;true;;Static;;;;;;
"Diagonals";"sizeOfTrack";34;false;"Track concept is not present";Static;;;;;;
"Los Escaques";"lineLessOrEqualThanBoardSide";621;false;"Line concept is not present";Static;;;;;;
"Los Escaques";"eachPieceReferenceNotDuplicated";620;false;"The game does not have any piece declared as Each";Static;;;;;;
"Los Escaques";"pieceDeclaredAsEach";675;false;"Ludeme Each for a Piece requires at least one definition of PieceN, with N > 0";Static;;;;;;
"Los Escaques";"pieceDeclaredAsShared";593;false;"The game does not have any piece declared as Shared";Static;;;;;;
"Los Escaques";"pieceDeclaredAsNeutral";605;true;;Static;;;;;;
"Los Escaques";"AllPlayerDeclared";621;true;;Static;;;;;;
"Los Escaques";"equalNumberOfPiecesOnTheBoard";622;true;;Static;;;;;;
"Los Escaques";"sizeOfTrack";613;false;"The length of the track is 12";Static;;;;;;
"Pasa";"lineLessOrEqualThanBoardSide";12;false;"Line concept is not present";Static;;;;;;
"Pasa";"eachPieceReferenceNotDuplicated";10;false;"The game does not have any piece declared as Each";Static;;;;;;
"Pasa";"pieceDeclaredAsEach";41;false;"Ludeme Each for a Piece requires at least one definition of PieceN, with N > 0";Static;;;;;;
"Pasa";"pieceDeclaredAsShared";10;false;"The game does not have any piece declared as Shared";Static;;;;;;
"Pasa";"pieceDeclaredAsNeutral";10;true;;Static;;;;;;
"Pasa";"AllPlayerDeclared";10;true;;Static;;;;;;
"Pasa";"equalNumberOfPiecesOnTheBoard";11;true;;Static;;;;;;
"Pasa";"sizeOfTrack";11;false;"Track concept is not present";Static;;;;;;
