Game;Test Name;Duration (ms);Passed;Failure Message;Type;;;;Total Tests;Success Rate;Mean Execution Time
;;;;;;;;;1664;38,64%;82
"Bao Ki Arabu (Zanzibar 1)";"lineLessOrEqualThanBoardSide";1853;false;"Line concept is not present";Static;;;;;;
"Bao Ki Arabu (Zanzibar 1)";"eachPieceReferenceNotDuplicated";163;false;"The game does not have any piece declared as Each";Static;;;;;;
"Bao Ki Arabu (Zanzibar 1)";"pieceDeclaredAsEach";292;false;"The game does not have any piece declared as Each";Static;;;;;;
"Bao Ki Arabu (Zanzibar 1)";"pieceDeclaredAsShared";95;false;"A Shared Piece must appear at least twice in the description";Static;;;;;;
"Bao Ki Arabu (Zanzibar 1)";"pieceDeclaredAsNeutral";107;true;;Static;;;;;;
"Bao Ki Arabu (Zanzibar 1)";"equalNumberOfPiecesOnTheBoard";118;true;;Static;;;;;;
"Bao Ki Arabu (Zanzibar 1)";"AllPlayerDeclared";96;true;;Static;;;;;;
"Bao Ki Arabu (Zanzibar 1)";"sizeOfTrack";117;false;"The owner 0 does not have a track";Static;;;;;;
"Bao Ki Arabu (Zanzibar 2)";"lineLessOrEqualThanBoardSide";66;false;"Line concept is not present";Static;;;;;;
"Bao Ki Arabu (Zanzibar 2)";"eachPieceReferenceNotDuplicated";59;false;"The game does not have any piece declared as Each";Static;;;;;;
"Bao Ki Arabu (Zanzibar 2)";"pieceDeclaredAsEach";180;false;"The game does not have any piece declared as Each";Static;;;;;;
"Bao Ki Arabu (Zanzibar 2)";"pieceDeclaredAsShared";66;false;"A Shared Piece must appear at least twice in the description";Static;;;;;;
"Bao Ki Arabu (Zanzibar 2)";"pieceDeclaredAsNeutral";72;true;;Static;;;;;;
"Bao Ki Arabu (Zanzibar 2)";"equalNumberOfPiecesOnTheBoard";53;true;;Static;;;;;;
"Bao Ki Arabu (Zanzibar 2)";"AllPlayerDeclared";51;true;;Static;;;;;;
"Bao Ki Arabu (Zanzibar 2)";"sizeOfTrack";56;false;"The owner 0 does not have a track";Static;;;;;;
"Bao Kiswahili (DR Congo)";"lineLessOrEqualThanBoardSide";117;false;"Line concept is not present";Static;;;;;;
"Bao Kiswahili (DR Congo)";"eachPieceReferenceNotDuplicated";79;false;"The game does not have any piece declared as Each";Static;;;;;;
"Bao Kiswahili (DR Congo)";"pieceDeclaredAsEach";138;false;"The game does not have any piece declared as Each";Static;;;;;;
"Bao Kiswahili (DR Congo)";"pieceDeclaredAsShared";79;false;"A Shared Piece must appear at least twice in the description";Static;;;;;;
"Bao Kiswahili (DR Congo)";"pieceDeclaredAsNeutral";89;true;;Static;;;;;;
"Bao Kiswahili (DR Congo)";"equalNumberOfPiecesOnTheBoard";82;true;;Static;;;;;;
"Bao Kiswahili (DR Congo)";"AllPlayerDeclared";80;true;;Static;;;;;;
"Bao Kiswahili (DR Congo)";"sizeOfTrack";98;false;"The owner 0 does not have a track";Static;;;;;;
"Bao Kiswahili (East Africa)";"lineLessOrEqualThanBoardSide";2424;false;"Line concept is not present";Static;;;;;;
"Bao Kiswahili (East Africa)";"eachPieceReferenceNotDuplicated";2434;false;"The game does not have any piece declared as Each";Static;;;;;;
"Bao Kiswahili (East Africa)";"pieceDeclaredAsEach";2276;false;"The game does not have any piece declared as Each";Static;;;;;;
"Bao Kiswahili (East Africa)";"pieceDeclaredAsShared";2152;false;"A Shared Piece must appear at least twice in the description";Static;;;;;;
"Bao Kiswahili (East Africa)";"pieceDeclaredAsNeutral";2135;true;;Static;;;;;;
"Bao Kiswahili (East Africa)";"equalNumberOfPiecesOnTheBoard";2164;true;;Static;;;;;;
"Bao Kiswahili (East Africa)";"AllPlayerDeclared";2248;true;;Static;;;;;;
"Bao Kiswahili (East Africa)";"sizeOfTrack";2167;false;"The owner 0 does not have a track";Static;;;;;;
"Bao";"lineLessOrEqualThanBoardSide";2243;false;"Line concept is not present";Static;;;;;;
"Bao";"eachPieceReferenceNotDuplicated";2182;false;"The game does not have any piece declared as Each";Static;;;;;;
"Bao";"pieceDeclaredAsEach";2217;false;"The game does not have any piece declared as Each";Static;;;;;;
"Bao";"pieceDeclaredAsShared";2208;false;"A Shared Piece must appear at least twice in the description";Static;;;;;;
"Bao";"pieceDeclaredAsNeutral";2147;true;;Static;;;;;;
"Bao";"equalNumberOfPiecesOnTheBoard";2261;true;;Static;;;;;;
"Bao";"AllPlayerDeclared";2445;true;;Static;;;;;;
"Bao";"sizeOfTrack";2165;false;"The owner 0 does not have a track";Static;;;;;;
"Chiana wa Bwalo";"lineLessOrEqualThanBoardSide";51;false;"Line concept is not present";Static;;;;;;
"Chiana wa Bwalo";"eachPieceReferenceNotDuplicated";43;false;"The game does not have any piece declared as Each";Static;;;;;;
"Chiana wa Bwalo";"pieceDeclaredAsEach";93;false;"The game does not have any piece declared as Each";Static;;;;;;
"Chiana wa Bwalo";"pieceDeclaredAsShared";36;false;"A Shared Piece must appear at least twice in the description";Static;;;;;;
"Chiana wa Bwalo";"pieceDeclaredAsNeutral";34;true;;Static;;;;;;
"Chiana wa Bwalo";"equalNumberOfPiecesOnTheBoard";36;true;;Static;;;;;;
"Chiana wa Bwalo";"AllPlayerDeclared";34;true;;Static;;;;;;
"Chiana wa Bwalo";"sizeOfTrack";34;false;"The owner 0 does not have a track";Static;;;;;;
"Chiana wa Kunja";"lineLessOrEqualThanBoardSide";46;false;"Line concept is not present";Static;;;;;;
"Chiana wa Kunja";"eachPieceReferenceNotDuplicated";49;false;"The game does not have any piece declared as Each";Static;;;;;;
"Chiana wa Kunja";"pieceDeclaredAsEach";100;true;;Static;;;;;;
"Chiana wa Kunja";"pieceDeclaredAsShared";47;false;"The game does not have any piece declared as Shared";Static;;;;;;
"Chiana wa Kunja";"pieceDeclaredAsNeutral";44;true;;Static;;;;;;
"Chiana wa Kunja";"equalNumberOfPiecesOnTheBoard";54;true;;Static;;;;;;
"Chiana wa Kunja";"AllPlayerDeclared";50;true;;Static;;;;;;
"Chiana wa Kunja";"sizeOfTrack";41;false;"The length of the track is 16";Static;;;;;;
"Chisolo";"lineLessOrEqualThanBoardSide";134;false;"Line concept is not present";Static;;;;;;
"Chisolo";"eachPieceReferenceNotDuplicated";98;false;"The game does not have any piece declared as Each";Static;;;;;;
"Chisolo";"pieceDeclaredAsEach";168;false;"The game does not have any piece declared as Each";Static;;;;;;
"Chisolo";"pieceDeclaredAsShared";89;false;"A Shared Piece must appear at least twice in the description";Static;;;;;;
"Chisolo";"pieceDeclaredAsNeutral";78;true;;Static;;;;;;
"Chisolo";"equalNumberOfPiecesOnTheBoard";107;true;;Static;;;;;;
"Chisolo";"AllPlayerDeclared";95;true;;Static;;;;;;
"Chisolo";"sizeOfTrack";73;false;"The owner 0 does not have a track";Static;;;;;;
"Choro (Acholi)";"lineLessOrEqualThanBoardSide";77;false;"Line concept is not present";Static;;;;;;
"Choro (Acholi)";"eachPieceReferenceNotDuplicated";105;false;"The game does not have any piece declared as Each";Static;;;;;;
"Choro (Acholi)";"pieceDeclaredAsEach";122;false;"The game does not have any piece declared as Each";Static;;;;;;
"Choro (Acholi)";"pieceDeclaredAsShared";71;false;"A Shared Piece must appear at least twice in the description";Static;;;;;;
"Choro (Acholi)";"pieceDeclaredAsNeutral";70;true;;Static;;;;;;
"Choro (Acholi)";"equalNumberOfPiecesOnTheBoard";72;true;;Static;;;;;;
"Choro (Acholi)";"AllPlayerDeclared";71;true;;Static;;;;;;
"Choro (Acholi)";"sizeOfTrack";71;false;"The owner 0 does not have a track";Static;;;;;;
"Choro (Lango)";"lineLessOrEqualThanBoardSide";213;false;"Line concept is not present";Static;;;;;;
"Choro (Lango)";"eachPieceReferenceNotDuplicated";181;false;"The game does not have any piece declared as Each";Static;;;;;;
"Choro (Lango)";"pieceDeclaredAsEach";227;false;"The game does not have any piece declared as Each";Static;;;;;;
"Choro (Lango)";"pieceDeclaredAsShared";239;false;"A Shared Piece must appear at least twice in the description";Static;;;;;;
"Choro (Lango)";"pieceDeclaredAsNeutral";169;true;;Static;;;;;;
"Choro (Lango)";"equalNumberOfPiecesOnTheBoard";166;true;;Static;;;;;;
"Choro (Lango)";"AllPlayerDeclared";176;true;;Static;;;;;;
"Choro (Lango)";"sizeOfTrack";203;false;"The owner 0 does not have a track";Static;;;;;;
"Dongjintian (Four Players)";"lineLessOrEqualThanBoardSide";89;false;"Line concept is not present";Static;;;;;;
"Dongjintian (Four Players)";"eachPieceReferenceNotDuplicated";82;false;"The game does not have any piece declared as Each";Static;;;;;;
"Dongjintian (Four Players)";"pieceDeclaredAsEach";120;false;"The game does not have any piece declared as Each";Static;;;;;;
"Dongjintian (Four Players)";"pieceDeclaredAsShared";64;true;;Static;;;;;;
"Dongjintian (Four Players)";"pieceDeclaredAsNeutral";62;true;;Static;;;;;;
"Dongjintian (Four Players)";"equalNumberOfPiecesOnTheBoard";70;true;;Static;;;;;;
"Dongjintian (Four Players)";"AllPlayerDeclared";64;true;;Static;;;;;;
"Dongjintian (Four Players)";"sizeOfTrack";64;false;"Track concept is not present";Static;;;;;;
"Hawalis";"lineLessOrEqualThanBoardSide";41;false;"Line concept is not present";Static;;;;;;
"Hawalis";"eachPieceReferenceNotDuplicated";49;false;"The game does not have any piece declared as Each";Static;;;;;;
"Hawalis";"pieceDeclaredAsEach";74;false;"The game does not have any piece declared as Each";Static;;;;;;
"Hawalis";"pieceDeclaredAsShared";37;false;"A Shared Piece must appear at least twice in the description";Static;;;;;;
"Hawalis";"pieceDeclaredAsNeutral";32;true;;Static;;;;;;
"Hawalis";"equalNumberOfPiecesOnTheBoard";32;true;;Static;;;;;;
"Hawalis";"AllPlayerDeclared";33;true;;Static;;;;;;
"Hawalis";"sizeOfTrack";36;false;"The owner 0 does not have a track";Static;;;;;;
"Hus (Damara)";"lineLessOrEqualThanBoardSide";51;false;"Line concept is not present";Static;;;;;;
"Hus (Damara)";"eachPieceReferenceNotDuplicated";52;false;"The game does not have any piece declared as Each";Static;;;;;;
"Hus (Damara)";"pieceDeclaredAsEach";100;false;"The game does not have any piece declared as Each";Static;;;;;;
"Hus (Damara)";"pieceDeclaredAsShared";74;false;"A Shared Piece must appear at least twice in the description";Static;;;;;;
"Hus (Damara)";"pieceDeclaredAsNeutral";53;true;;Static;;;;;;
"Hus (Damara)";"equalNumberOfPiecesOnTheBoard";66;true;;Static;;;;;;
"Hus (Damara)";"AllPlayerDeclared";61;true;;Static;;;;;;
"Hus (Damara)";"sizeOfTrack";51;false;"The owner 0 does not have a track";Static;;;;;;
"Hus (Nama)";"lineLessOrEqualThanBoardSide";71;false;"Line concept is not present";Static;;;;;;
"Hus (Nama)";"eachPieceReferenceNotDuplicated";101;false;"The game does not have any piece declared as Each";Static;;;;;;
"Hus (Nama)";"pieceDeclaredAsEach";131;false;"The game does not have any piece declared as Each";Static;;;;;;
"Hus (Nama)";"pieceDeclaredAsShared";91;false;"A Shared Piece must appear at least twice in the description";Static;;;;;;
"Hus (Nama)";"pieceDeclaredAsNeutral";80;true;;Static;;;;;;
"Hus (Nama)";"equalNumberOfPiecesOnTheBoard";73;true;;Static;;;;;;
"Hus (Nama)";"AllPlayerDeclared";84;true;;Static;;;;;;
"Hus (Nama)";"sizeOfTrack";78;false;"The owner 0 does not have a track";Static;;;;;;
"Ikibuguzo (Opening 1)";"lineLessOrEqualThanBoardSide";57;false;"Line concept is not present";Static;;;;;;
"Ikibuguzo (Opening 1)";"eachPieceReferenceNotDuplicated";84;false;"The game does not have any piece declared as Each";Static;;;;;;
"Ikibuguzo (Opening 1)";"pieceDeclaredAsEach";103;false;"The game does not have any piece declared as Each";Static;;;;;;
"Ikibuguzo (Opening 1)";"pieceDeclaredAsShared";61;false;"A Shared Piece must appear at least twice in the description";Static;;;;;;
"Ikibuguzo (Opening 1)";"pieceDeclaredAsNeutral";77;true;;Static;;;;;;
"Ikibuguzo (Opening 1)";"equalNumberOfPiecesOnTheBoard";56;true;;Static;;;;;;
"Ikibuguzo (Opening 1)";"AllPlayerDeclared";57;true;;Static;;;;;;
"Ikibuguzo (Opening 1)";"sizeOfTrack";72;false;"The owner 0 does not have a track";Static;;;;;;
"Ikibuguzo (Opening 2)";"lineLessOrEqualThanBoardSide";53;false;"Line concept is not present";Static;;;;;;
"Ikibuguzo (Opening 2)";"eachPieceReferenceNotDuplicated";61;false;"The game does not have any piece declared as Each";Static;;;;;;
"Ikibuguzo (Opening 2)";"pieceDeclaredAsEach";106;false;"The game does not have any piece declared as Each";Static;;;;;;
"Ikibuguzo (Opening 2)";"pieceDeclaredAsShared";66;false;"A Shared Piece must appear at least twice in the description";Static;;;;;;
"Ikibuguzo (Opening 2)";"pieceDeclaredAsNeutral";45;true;;Static;;;;;;
"Ikibuguzo (Opening 2)";"equalNumberOfPiecesOnTheBoard";52;true;;Static;;;;;;
"Ikibuguzo (Opening 2)";"AllPlayerDeclared";60;true;;Static;;;;;;
"Ikibuguzo (Opening 2)";"sizeOfTrack";58;false;"The owner 0 does not have a track";Static;;;;;;
"Isolo";"lineLessOrEqualThanBoardSide";248;false;"Line concept is not present";Static;;;;;;
"Isolo";"eachPieceReferenceNotDuplicated";252;false;"The game does not have any piece declared as Each";Static;;;;;;
"Isolo";"pieceDeclaredAsEach";286;false;"The game does not have any piece declared as Each";Static;;;;;;
"Isolo";"pieceDeclaredAsShared";244;false;"A Shared Piece must appear at least twice in the description";Static;;;;;;
"Isolo";"pieceDeclaredAsNeutral";249;true;;Static;;;;;;
"Isolo";"equalNumberOfPiecesOnTheBoard";240;true;;Static;;;;;;
"Isolo";"AllPlayerDeclared";242;true;;Static;;;;;;
"Isolo";"sizeOfTrack";301;false;"The owner 0 does not have a track";Static;;;;;;
"Katra Boaoaka";"lineLessOrEqualThanBoardSide";54;false;"Line concept is not present";Static;;;;;;
"Katra Boaoaka";"eachPieceReferenceNotDuplicated";63;false;"The game does not have any piece declared as Each";Static;;;;;;
"Katra Boaoaka";"pieceDeclaredAsEach";90;false;"The game does not have any piece declared as Each";Static;;;;;;
"Katra Boaoaka";"pieceDeclaredAsShared";63;false;"A Shared Piece must appear at least twice in the description";Static;;;;;;
"Katra Boaoaka";"pieceDeclaredAsNeutral";53;true;;Static;;;;;;
"Katra Boaoaka";"equalNumberOfPiecesOnTheBoard";58;true;;Static;;;;;;
"Katra Boaoaka";"AllPlayerDeclared";82;true;;Static;;;;;;
"Katra Boaoaka";"sizeOfTrack";80;false;"The owner 0 does not have a track";Static;;;;;;
"Katra";"lineLessOrEqualThanBoardSide";63;false;"Line concept is not present";Static;;;;;;
"Katra";"eachPieceReferenceNotDuplicated";69;false;"The game does not have any piece declared as Each";Static;;;;;;
"Katra";"pieceDeclaredAsEach";90;false;"The game does not have any piece declared as Each";Static;;;;;;
"Katra";"pieceDeclaredAsShared";47;false;"A Shared Piece must appear at least twice in the description";Static;;;;;;
"Katra";"pieceDeclaredAsNeutral";48;true;;Static;;;;;;
"Katra";"equalNumberOfPiecesOnTheBoard";48;true;;Static;;;;;;
"Katra";"AllPlayerDeclared";46;true;;Static;;;;;;
"Katra";"sizeOfTrack";48;false;"The owner 0 does not have a track";Static;;;;;;
"Kisolo (Lali)";"lineLessOrEqualThanBoardSide";43;false;"Line concept is not present";Static;;;;;;
"Kisolo (Lali)";"eachPieceReferenceNotDuplicated";43;false;"The game does not have any piece declared as Each";Static;;;;;;
"Kisolo (Lali)";"pieceDeclaredAsEach";81;false;"The game does not have any piece declared as Each";Static;;;;;;
"Kisolo (Lali)";"pieceDeclaredAsShared";35;false;"A Shared Piece must appear at least twice in the description";Static;;;;;;
"Kisolo (Lali)";"pieceDeclaredAsNeutral";33;true;;Static;;;;;;
"Kisolo (Lali)";"equalNumberOfPiecesOnTheBoard";40;true;;Static;;;;;;
"Kisolo (Lali)";"AllPlayerDeclared";39;true;;Static;;;;;;
"Kisolo (Lali)";"sizeOfTrack";48;false;"The owner 0 does not have a track";Static;;;;;;
"Kisolo";"lineLessOrEqualThanBoardSide";88;false;"Line concept is not present";Static;;;;;;
"Kisolo";"eachPieceReferenceNotDuplicated";66;false;"The game does not have any piece declared as Each";Static;;;;;;
"Kisolo";"pieceDeclaredAsEach";111;false;"The game does not have any piece declared as Each";Static;;;;;;
"Kisolo";"pieceDeclaredAsShared";64;false;"A Shared Piece must appear at least twice in the description";Static;;;;;;
"Kisolo";"pieceDeclaredAsNeutral";55;true;;Static;;;;;;
"Kisolo";"equalNumberOfPiecesOnTheBoard";76;true;;Static;;;;;;
"Kisolo";"AllPlayerDeclared";58;true;;Static;;;;;;
"Kisolo";"sizeOfTrack";56;false;"The owner 0 does not have a track";Static;;;;;;
"Kubuguza";"lineLessOrEqualThanBoardSide";84;false;"Line concept is not present";Static;;;;;;
"Kubuguza";"eachPieceReferenceNotDuplicated";68;false;"The game does not have any piece declared as Each";Static;;;;;;
"Kubuguza";"pieceDeclaredAsEach";147;false;"The game does not have any piece declared as Each";Static;;;;;;
"Kubuguza";"pieceDeclaredAsShared";70;false;"A Shared Piece must appear at least twice in the description";Static;;;;;;
"Kubuguza";"pieceDeclaredAsNeutral";68;true;;Static;;;;;;
"Kubuguza";"equalNumberOfPiecesOnTheBoard";99;true;;Static;;;;;;
"Kubuguza";"AllPlayerDeclared";62;true;;Static;;;;;;
"Kubuguza";"sizeOfTrack";63;false;"The owner 0 does not have a track";Static;;;;;;
"Lisolo";"lineLessOrEqualThanBoardSide";26;false;"Line concept is not present";Static;;;;;;
"Lisolo";"eachPieceReferenceNotDuplicated";27;false;"The game does not have any piece declared as Each";Static;;;;;;
"Lisolo";"pieceDeclaredAsEach";57;false;"The game does not have any piece declared as Each";Static;;;;;;
"Lisolo";"pieceDeclaredAsShared";24;false;"A Shared Piece must appear at least twice in the description";Static;;;;;;
"Lisolo";"pieceDeclaredAsNeutral";27;true;;Static;;;;;;
"Lisolo";"equalNumberOfPiecesOnTheBoard";38;true;;Static;;;;;;
"Lisolo";"AllPlayerDeclared";29;true;;Static;;;;;;
"Lisolo";"sizeOfTrack";38;false;"The owner 0 does not have a track";Static;;;;;;
"Lobudok";"lineLessOrEqualThanBoardSide";244;false;"Line concept is not present";Static;;;;;;
"Lobudok";"eachPieceReferenceNotDuplicated";244;false;"The game does not have any piece declared as Each";Static;;;;;;
"Lobudok";"pieceDeclaredAsEach";301;false;"The game does not have any piece declared as Each";Static;;;;;;
"Lobudok";"pieceDeclaredAsShared";254;false;"A Shared Piece must appear at least twice in the description";Static;;;;;;
"Lobudok";"pieceDeclaredAsNeutral";244;true;;Static;;;;;;
"Lobudok";"equalNumberOfPiecesOnTheBoard";244;true;;Static;;;;;;
"Lobudok";"AllPlayerDeclared";242;true;;Static;;;;;;
"Lobudok";"sizeOfTrack";249;false;"The owner 0 does not have a track";Static;;;;;;
"Makonn";"lineLessOrEqualThanBoardSide";65;false;"Line concept is not present";Static;;;;;;
"Makonn";"eachPieceReferenceNotDuplicated";46;false;"The game does not have any piece declared as Each";Static;;;;;;
"Makonn";"pieceDeclaredAsEach";84;false;"The game does not have any piece declared as Each";Static;;;;;;
"Makonn";"pieceDeclaredAsShared";43;false;"A Shared Piece must appear at least twice in the description";Static;;;;;;
"Makonn";"pieceDeclaredAsNeutral";55;true;;Static;;;;;;
"Makonn";"equalNumberOfPiecesOnTheBoard";48;true;;Static;;;;;;
"Makonn";"AllPlayerDeclared";52;true;;Static;;;;;;
"Makonn";"sizeOfTrack";49;false;"The owner 0 does not have a track";Static;;;;;;
"Mangola";"lineLessOrEqualThanBoardSide";103;false;"Line concept is not present";Static;;;;;;
"Mangola";"eachPieceReferenceNotDuplicated";101;false;"The game does not have any piece declared as Each";Static;;;;;;
"Mangola";"pieceDeclaredAsEach";190;false;"The game does not have any piece declared as Each";Static;;;;;;
"Mangola";"pieceDeclaredAsShared";108;false;"A Shared Piece must appear at least twice in the description";Static;;;;;;
"Mangola";"pieceDeclaredAsNeutral";111;true;;Static;;;;;;
"Mangola";"equalNumberOfPiecesOnTheBoard";110;true;;Static;;;;;;
"Mangola";"AllPlayerDeclared";143;true;;Static;;;;;;
"Mangola";"sizeOfTrack";124;false;"The owner 0 does not have a track";Static;;;;;;
"Mefuvha";"lineLessOrEqualThanBoardSide";191;false;"Line concept is not present";Static;;;;;;
"Mefuvha";"eachPieceReferenceNotDuplicated";184;false;"The game does not have any piece declared as Each";Static;;;;;;
"Mefuvha";"pieceDeclaredAsEach";216;false;"The game does not have any piece declared as Each";Static;;;;;;
"Mefuvha";"pieceDeclaredAsShared";174;false;"A Shared Piece must appear at least twice in the description";Static;;;;;;
"Mefuvha";"pieceDeclaredAsNeutral";169;true;;Static;;;;;;
"Mefuvha";"equalNumberOfPiecesOnTheBoard";181;true;;Static;;;;;;
"Mefuvha";"AllPlayerDeclared";208;true;;Static;;;;;;
"Mefuvha";"sizeOfTrack";206;false;"The owner 0 does not have a track";Static;;;;;;
"Misoro Tsoro (Additional Capture)";"lineLessOrEqualThanBoardSide";40;false;"Line concept is not present";Static;;;;;;
"Misoro Tsoro (Additional Capture)";"eachPieceReferenceNotDuplicated";46;false;"The game does not have any piece declared as Each";Static;;;;;;
"Misoro Tsoro (Additional Capture)";"pieceDeclaredAsEach";89;false;"The game does not have any piece declared as Each";Static;;;;;;
"Misoro Tsoro (Additional Capture)";"pieceDeclaredAsShared";34;false;"A Shared Piece must appear at least twice in the description";Static;;;;;;
"Misoro Tsoro (Additional Capture)";"pieceDeclaredAsNeutral";40;true;;Static;;;;;;
"Misoro Tsoro (Additional Capture)";"equalNumberOfPiecesOnTheBoard";30;true;;Static;;;;;;
"Misoro Tsoro (Additional Capture)";"AllPlayerDeclared";34;true;;Static;;;;;;
"Misoro Tsoro (Additional Capture)";"sizeOfTrack";46;false;"The owner 0 does not have a track";Static;;;;;;
"Misoro Tsoro";"lineLessOrEqualThanBoardSide";35;false;"Line concept is not present";Static;;;;;;
"Misoro Tsoro";"eachPieceReferenceNotDuplicated";39;false;"The game does not have any piece declared as Each";Static;;;;;;
"Misoro Tsoro";"pieceDeclaredAsEach";88;false;"The game does not have any piece declared as Each";Static;;;;;;
"Misoro Tsoro";"pieceDeclaredAsShared";42;false;"A Shared Piece must appear at least twice in the description";Static;;;;;;
"Misoro Tsoro";"pieceDeclaredAsNeutral";27;true;;Static;;;;;;
"Misoro Tsoro";"equalNumberOfPiecesOnTheBoard";32;true;;Static;;;;;;
"Misoro Tsoro";"AllPlayerDeclared";27;true;;Static;;;;;;
"Misoro Tsoro";"sizeOfTrack";30;false;"The owner 0 does not have a track";Static;;;;;;
"Moruba";"lineLessOrEqualThanBoardSide";37;false;"Line concept is not present";Static;;;;;;
"Moruba";"eachPieceReferenceNotDuplicated";38;false;"The game does not have any piece declared as Each";Static;;;;;;
"Moruba";"pieceDeclaredAsEach";85;false;"The game does not have any piece declared as Each";Static;;;;;;
"Moruba";"pieceDeclaredAsShared";37;false;"A Shared Piece must appear at least twice in the description";Static;;;;;;
"Moruba";"pieceDeclaredAsNeutral";36;true;;Static;;;;;;
"Moruba";"equalNumberOfPiecesOnTheBoard";39;true;;Static;;;;;;
"Moruba";"AllPlayerDeclared";33;true;;Static;;;;;;
"Moruba";"sizeOfTrack";36;false;"The owner 0 does not have a track";Static;;;;;;
"Msuwa wa Kunja";"lineLessOrEqualThanBoardSide";54;false;"Line concept is not present";Static;;;;;;
"Msuwa wa Kunja";"eachPieceReferenceNotDuplicated";52;false;"The game does not have any piece declared as Each";Static;;;;;;
"Msuwa wa Kunja";"pieceDeclaredAsEach";106;false;"The game does not have any piece declared as Each";Static;;;;;;
"Msuwa wa Kunja";"pieceDeclaredAsShared";56;false;"A Shared Piece must appear at least twice in the description";Static;;;;;;
"Msuwa wa Kunja";"pieceDeclaredAsNeutral";50;true;;Static;;;;;;
"Msuwa wa Kunja";"equalNumberOfPiecesOnTheBoard";58;true;;Static;;;;;;
"Msuwa wa Kunja";"AllPlayerDeclared";56;true;;Static;;;;;;
"Msuwa wa Kunja";"sizeOfTrack";57;false;"The owner 0 does not have a track";Static;;;;;;
"Msuwa";"lineLessOrEqualThanBoardSide";59;false;"Line concept is not present";Static;;;;;;
"Msuwa";"eachPieceReferenceNotDuplicated";55;false;"The game does not have any piece declared as Each";Static;;;;;;
"Msuwa";"pieceDeclaredAsEach";116;false;"The game does not have any piece declared as Each";Static;;;;;;
"Msuwa";"pieceDeclaredAsShared";54;false;"A Shared Piece must appear at least twice in the description";Static;;;;;;
"Msuwa";"pieceDeclaredAsNeutral";49;true;;Static;;;;;;
"Msuwa";"equalNumberOfPiecesOnTheBoard";59;true;;Static;;;;;;
"Msuwa";"AllPlayerDeclared";55;true;;Static;;;;;;
"Msuwa";"sizeOfTrack";64;false;"The owner 0 does not have a track";Static;;;;;;
"Musoro Tsoro";"lineLessOrEqualThanBoardSide";64;false;"Line concept is not present";Static;;;;;;
"Musoro Tsoro";"eachPieceReferenceNotDuplicated";66;false;"The game does not have any piece declared as Each";Static;;;;;;
"Musoro Tsoro";"pieceDeclaredAsEach";96;false;"The game does not have any piece declared as Each";Static;;;;;;
"Musoro Tsoro";"pieceDeclaredAsShared";55;true;;Static;;;;;;
"Musoro Tsoro";"pieceDeclaredAsNeutral";65;true;;Static;;;;;;
"Musoro Tsoro";"equalNumberOfPiecesOnTheBoard";59;true;;Static;;;;;;
"Musoro Tsoro";"AllPlayerDeclared";54;true;;Static;;;;;;
"Musoro Tsoro";"sizeOfTrack";59;false;"The owner 0 does not have a track";Static;;;;;;
"Muvalavala (Luena)";"lineLessOrEqualThanBoardSide";48;false;"Line concept is not present";Static;;;;;;
"Muvalavala (Luena)";"eachPieceReferenceNotDuplicated";41;false;"The game does not have any piece declared as Each";Static;;;;;;
"Muvalavala (Luena)";"pieceDeclaredAsEach";90;false;"The game does not have any piece declared as Each";Static;;;;;;
"Muvalavala (Luena)";"pieceDeclaredAsShared";54;false;"A Shared Piece must appear at least twice in the description";Static;;;;;;
"Muvalavala (Luena)";"pieceDeclaredAsNeutral";41;true;;Static;;;;;;
"Muvalavala (Luena)";"equalNumberOfPiecesOnTheBoard";47;true;;Static;;;;;;
"Muvalavala (Luena)";"AllPlayerDeclared";45;true;;Static;;;;;;
"Muvalavala (Luena)";"sizeOfTrack";55;false;"The owner 0 does not have a track";Static;;;;;;
"Muvalavala (Quioco)";"lineLessOrEqualThanBoardSide";52;false;"Line concept is not present";Static;;;;;;
"Muvalavala (Quioco)";"eachPieceReferenceNotDuplicated";64;false;"The game does not have any piece declared as Each";Static;;;;;;
"Muvalavala (Quioco)";"pieceDeclaredAsEach";90;false;"The game does not have any piece declared as Each";Static;;;;;;
"Muvalavala (Quioco)";"pieceDeclaredAsShared";51;false;"A Shared Piece must appear at least twice in the description";Static;;;;;;
"Muvalavala (Quioco)";"pieceDeclaredAsNeutral";49;true;;Static;;;;;;
"Muvalavala (Quioco)";"equalNumberOfPiecesOnTheBoard";57;true;;Static;;;;;;
"Muvalavala (Quioco)";"AllPlayerDeclared";61;true;;Static;;;;;;
"Muvalavala (Quioco)";"sizeOfTrack";62;false;"The owner 0 does not have a track";Static;;;;;;
"Mwambulula";"lineLessOrEqualThanBoardSide";64;false;"Line concept is not present";Static;;;;;;
"Mwambulula";"eachPieceReferenceNotDuplicated";58;false;"The game does not have any piece declared as Each";Static;;;;;;
"Mwambulula";"pieceDeclaredAsEach";103;false;"The game does not have any piece declared as Each";Static;;;;;;
"Mwambulula";"pieceDeclaredAsShared";68;false;"A Shared Piece must appear at least twice in the description";Static;;;;;;
"Mwambulula";"pieceDeclaredAsNeutral";55;true;;Static;;;;;;
"Mwambulula";"equalNumberOfPiecesOnTheBoard";60;true;;Static;;;;;;
"Mwambulula";"AllPlayerDeclared";62;true;;Static;;;;;;
"Mwambulula";"sizeOfTrack";64;false;"The owner 0 does not have a track";Static;;;;;;
"Mweiso";"lineLessOrEqualThanBoardSide";76;false;"Line concept is not present";Static;;;;;;
"Mweiso";"eachPieceReferenceNotDuplicated";94;false;"The game does not have any piece declared as Each";Static;;;;;;
"Mweiso";"pieceDeclaredAsEach";118;false;"The game does not have any piece declared as Each";Static;;;;;;
"Mweiso";"pieceDeclaredAsShared";82;false;"A Shared Piece must appear at least twice in the description";Static;;;;;;
"Mweiso";"pieceDeclaredAsNeutral";94;true;;Static;;;;;;
"Mweiso";"equalNumberOfPiecesOnTheBoard";95;true;;Static;;;;;;
"Mweiso";"AllPlayerDeclared";77;true;;Static;;;;;;
"Mweiso";"sizeOfTrack";90;false;"The owner 0 does not have a track";Static;;;;;;
"Mwendo";"lineLessOrEqualThanBoardSide";59;false;"Line concept is not present";Static;;;;;;
"Mwendo";"eachPieceReferenceNotDuplicated";64;false;"The game does not have any piece declared as Each";Static;;;;;;
"Mwendo";"pieceDeclaredAsEach";93;true;;Static;;;;;;
"Mwendo";"pieceDeclaredAsShared";61;false;"The game does not have any piece declared as Shared";Static;;;;;;
"Mwendo";"pieceDeclaredAsNeutral";55;true;;Static;;;;;;
"Mwendo";"equalNumberOfPiecesOnTheBoard";60;true;;Static;;;;;;
"Mwendo";"AllPlayerDeclared";61;true;;Static;;;;;;
"Mwendo";"sizeOfTrack";66;false;"The length of the track is 24";Static;;;;;;
"Mweso";"lineLessOrEqualThanBoardSide";81;false;"Line concept is not present";Static;;;;;;
"Mweso";"eachPieceReferenceNotDuplicated";85;false;"The game does not have any piece declared as Each";Static;;;;;;
"Mweso";"pieceDeclaredAsEach";121;false;"The game does not have any piece declared as Each";Static;;;;;;
"Mweso";"pieceDeclaredAsShared";82;false;"A Shared Piece must appear at least twice in the description";Static;;;;;;
"Mweso";"pieceDeclaredAsNeutral";81;true;;Static;;;;;;
"Mweso";"equalNumberOfPiecesOnTheBoard";77;true;;Static;;;;;;
"Mweso";"AllPlayerDeclared";76;true;;Static;;;;;;
"Mweso";"sizeOfTrack";78;false;"The owner 0 does not have a track";Static;;;;;;
"Namudilakunze";"lineLessOrEqualThanBoardSide";54;false;"Line concept is not present";Static;;;;;;
"Namudilakunze";"eachPieceReferenceNotDuplicated";56;false;"The game does not have any piece declared as Each";Static;;;;;;
"Namudilakunze";"pieceDeclaredAsEach";110;false;"The game does not have any piece declared as Each";Static;;;;;;
"Namudilakunze";"pieceDeclaredAsShared";70;false;"A Shared Piece must appear at least twice in the description";Static;;;;;;
"Namudilakunze";"pieceDeclaredAsNeutral";63;true;;Static;;;;;;
"Namudilakunze";"equalNumberOfPiecesOnTheBoard";47;true;;Static;;;;;;
"Namudilakunze";"AllPlayerDeclared";50;true;;Static;;;;;;
"Namudilakunze";"sizeOfTrack";68;false;"The owner 0 does not have a track";Static;;;;;;
"Nchayo";"lineLessOrEqualThanBoardSide";38;false;"Line concept is not present";Static;;;;;;
"Nchayo";"eachPieceReferenceNotDuplicated";28;false;"The game does not have any piece declared as Each";Static;;;;;;
"Nchayo";"pieceDeclaredAsEach";70;false;"The game does not have any piece declared as Each";Static;;;;;;
"Nchayo";"pieceDeclaredAsShared";28;false;"A Shared Piece must appear at least twice in the description";Static;;;;;;
"Nchayo";"pieceDeclaredAsNeutral";39;true;;Static;;;;;;
"Nchayo";"equalNumberOfPiecesOnTheBoard";33;true;;Static;;;;;;
"Nchayo";"AllPlayerDeclared";38;true;;Static;;;;;;
"Nchayo";"sizeOfTrack";38;false;"The owner 0 does not have a track";Static;;;;;;
"Nchuwa";"lineLessOrEqualThanBoardSide";46;false;"Line concept is not present";Static;;;;;;
"Nchuwa";"eachPieceReferenceNotDuplicated";39;false;"The game does not have any piece declared as Each";Static;;;;;;
"Nchuwa";"pieceDeclaredAsEach";78;false;"The game does not have any piece declared as Each";Static;;;;;;
"Nchuwa";"pieceDeclaredAsShared";41;false;"A Shared Piece must appear at least twice in the description";Static;;;;;;
"Nchuwa";"pieceDeclaredAsNeutral";31;true;;Static;;;;;;
"Nchuwa";"equalNumberOfPiecesOnTheBoard";41;true;;Static;;;;;;
"Nchuwa";"AllPlayerDeclared";47;true;;Static;;;;;;
"Nchuwa";"sizeOfTrack";36;false;"The owner 0 does not have a track";Static;;;;;;
"Ngolo";"lineLessOrEqualThanBoardSide";45;false;"Line concept is not present";Static;;;;;;
"Ngolo";"eachPieceReferenceNotDuplicated";34;false;"The game does not have any piece declared as Each";Static;;;;;;
"Ngolo";"pieceDeclaredAsEach";81;false;"The game does not have any piece declared as Each";Static;;;;;;
"Ngolo";"pieceDeclaredAsShared";42;false;"A Shared Piece must appear at least twice in the description";Static;;;;;;
"Ngolo";"pieceDeclaredAsNeutral";37;true;;Static;;;;;;
"Ngolo";"equalNumberOfPiecesOnTheBoard";35;true;;Static;;;;;;
"Ngolo";"AllPlayerDeclared";35;true;;Static;;;;;;
"Ngolo";"sizeOfTrack";49;false;"The owner 0 does not have a track";Static;;;;;;
"Ngulungu";"lineLessOrEqualThanBoardSide";34;false;"Line concept is not present";Static;;;;;;
"Ngulungu";"eachPieceReferenceNotDuplicated";27;false;"The game does not have any piece declared as Each";Static;;;;;;
"Ngulungu";"pieceDeclaredAsEach";54;true;;Static;;;;;;
"Ngulungu";"pieceDeclaredAsShared";23;false;"The game does not have any piece declared as Shared";Static;;;;;;
"Ngulungu";"pieceDeclaredAsNeutral";29;true;;Static;;;;;;
"Ngulungu";"equalNumberOfPiecesOnTheBoard";25;true;;Static;;;;;;
"Ngulungu";"AllPlayerDeclared";28;true;;Static;;;;;;
"Ngulungu";"sizeOfTrack";21;false;"The length of the track is 14";Static;;;;;;
"Njombwa (One Counter)";"lineLessOrEqualThanBoardSide";85;false;"Line concept is not present";Static;;;;;;
"Njombwa (One Counter)";"eachPieceReferenceNotDuplicated";76;false;"The game does not have any piece declared as Each";Static;;;;;;
"Njombwa (One Counter)";"pieceDeclaredAsEach";114;false;"The game does not have any piece declared as Each";Static;;;;;;
"Njombwa (One Counter)";"pieceDeclaredAsShared";84;false;"A Shared Piece must appear at least twice in the description";Static;;;;;;
"Njombwa (One Counter)";"pieceDeclaredAsNeutral";82;true;;Static;;;;;;
"Njombwa (One Counter)";"equalNumberOfPiecesOnTheBoard";63;true;;Static;;;;;;
"Njombwa (One Counter)";"AllPlayerDeclared";79;true;;Static;;;;;;
"Njombwa (One Counter)";"sizeOfTrack";67;false;"The owner 0 does not have a track";Static;;;;;;
"Njombwa (Two Counters)";"lineLessOrEqualThanBoardSide";51;false;"Line concept is not present";Static;;;;;;
"Njombwa (Two Counters)";"eachPieceReferenceNotDuplicated";44;false;"The game does not have any piece declared as Each";Static;;;;;;
"Njombwa (Two Counters)";"pieceDeclaredAsEach";94;false;"The game does not have any piece declared as Each";Static;;;;;;
"Njombwa (Two Counters)";"pieceDeclaredAsShared";39;false;"A Shared Piece must appear at least twice in the description";Static;;;;;;
"Njombwa (Two Counters)";"pieceDeclaredAsNeutral";55;true;;Static;;;;;;
"Njombwa (Two Counters)";"equalNumberOfPiecesOnTheBoard";44;true;;Static;;;;;;
"Njombwa (Two Counters)";"AllPlayerDeclared";46;true;;Static;;;;;;
"Njombwa (Two Counters)";"sizeOfTrack";35;false;"The owner 0 does not have a track";Static;;;;;;
"Njombwa";"lineLessOrEqualThanBoardSide";43;false;"Line concept is not present";Static;;;;;;
"Njombwa";"eachPieceReferenceNotDuplicated";48;false;"The game does not have any piece declared as Each";Static;;;;;;
"Njombwa";"pieceDeclaredAsEach";98;false;"The game does not have any piece declared as Each";Static;;;;;;
"Njombwa";"pieceDeclaredAsShared";68;false;"A Shared Piece must appear at least twice in the description";Static;;;;;;
"Njombwa";"pieceDeclaredAsNeutral";53;true;;Static;;;;;;
"Njombwa";"equalNumberOfPiecesOnTheBoard";50;true;;Static;;;;;;
"Njombwa";"AllPlayerDeclared";51;true;;Static;;;;;;
"Njombwa";"sizeOfTrack";51;false;"The owner 0 does not have a track";Static;;;;;;
"Nsolo";"lineLessOrEqualThanBoardSide";48;false;"Line concept is not present";Static;;;;;;
"Nsolo";"eachPieceReferenceNotDuplicated";38;false;"The game does not have any piece declared as Each";Static;;;;;;
"Nsolo";"pieceDeclaredAsEach";70;false;"The game does not have any piece declared as Each";Static;;;;;;
"Nsolo";"pieceDeclaredAsShared";53;false;"A Shared Piece must appear at least twice in the description";Static;;;;;;
"Nsolo";"pieceDeclaredAsNeutral";39;true;;Static;;;;;;
"Nsolo";"equalNumberOfPiecesOnTheBoard";42;true;;Static;;;;;;
"Nsolo";"AllPlayerDeclared";40;true;;Static;;;;;;
"Nsolo";"sizeOfTrack";44;false;"The owner 0 does not have a track";Static;;;;;;
"Nsumbi";"lineLessOrEqualThanBoardSide";56;false;"Line concept is not present";Static;;;;;;
"Nsumbi";"eachPieceReferenceNotDuplicated";51;false;"The game does not have any piece declared as Each";Static;;;;;;
"Nsumbi";"pieceDeclaredAsEach";110;false;"The game does not have any piece declared as Each";Static;;;;;;
"Nsumbi";"pieceDeclaredAsShared";58;false;"A Shared Piece must appear at least twice in the description";Static;;;;;;
"Nsumbi";"pieceDeclaredAsNeutral";75;true;;Static;;;;;;
"Nsumbi";"equalNumberOfPiecesOnTheBoard";76;true;;Static;;;;;;
"Nsumbi";"AllPlayerDeclared";73;true;;Static;;;;;;
"Nsumbi";"sizeOfTrack";77;false;"The owner 0 does not have a track";Static;;;;;;
"Otep";"lineLessOrEqualThanBoardSide";39;false;"Line concept is not present";Static;;;;;;
"Otep";"eachPieceReferenceNotDuplicated";49;false;"The game does not have any piece declared as Each";Static;;;;;;
"Otep";"pieceDeclaredAsEach";90;false;"The game does not have any piece declared as Each";Static;;;;;;
"Otep";"pieceDeclaredAsShared";41;false;"A Shared Piece must appear at least twice in the description";Static;;;;;;
"Otep";"pieceDeclaredAsNeutral";52;true;;Static;;;;;;
"Otep";"equalNumberOfPiecesOnTheBoard";49;true;;Static;;;;;;
"Otep";"AllPlayerDeclared";47;true;;Static;;;;;;
"Otep";"sizeOfTrack";46;false;"The owner 0 does not have a track";Static;;;;;;
"Owela (Benguela)";"lineLessOrEqualThanBoardSide";60;false;"Line concept is not present";Static;;;;;;
"Owela (Benguela)";"eachPieceReferenceNotDuplicated";49;false;"The game does not have any piece declared as Each";Static;;;;;;
"Owela (Benguela)";"pieceDeclaredAsEach";102;false;"The game does not have any piece declared as Each";Static;;;;;;
"Owela (Benguela)";"pieceDeclaredAsShared";55;false;"A Shared Piece must appear at least twice in the description";Static;;;;;;
"Owela (Benguela)";"pieceDeclaredAsNeutral";40;true;;Static;;;;;;
"Owela (Benguela)";"equalNumberOfPiecesOnTheBoard";55;true;;Static;;;;;;
"Owela (Benguela)";"AllPlayerDeclared";65;true;;Static;;;;;;
"Owela (Benguela)";"sizeOfTrack";54;false;"The owner 0 does not have a track";Static;;;;;;
"Pereauni";"lineLessOrEqualThanBoardSide";123;false;"Line concept is not present";Static;;;;;;
"Pereauni";"eachPieceReferenceNotDuplicated";91;false;"The game does not have any piece declared as Each";Static;;;;;;
"Pereauni";"pieceDeclaredAsEach";161;false;"The game does not have any piece declared as Each";Static;;;;;;
"Pereauni";"pieceDeclaredAsShared";129;false;"A Shared Piece must appear at least twice in the description";Static;;;;;;
"Pereauni";"pieceDeclaredAsNeutral";126;true;;Static;;;;;;
"Pereauni";"equalNumberOfPiecesOnTheBoard";110;true;;Static;;;;;;
"Pereauni";"AllPlayerDeclared";131;true;;Static;;;;;;
"Pereauni";"sizeOfTrack";109;false;"The owner 0 does not have a track";Static;;;;;;
"Quela";"lineLessOrEqualThanBoardSide";70;false;"Line concept is not present";Static;;;;;;
"Quela";"eachPieceReferenceNotDuplicated";94;false;"The game does not have any piece declared as Each";Static;;;;;;
"Quela";"pieceDeclaredAsEach";125;false;"The game does not have any piece declared as Each";Static;;;;;;
"Quela";"pieceDeclaredAsShared";83;false;"A Shared Piece must appear at least twice in the description";Static;;;;;;
"Quela";"pieceDeclaredAsNeutral";87;true;;Static;;;;;;
"Quela";"equalNumberOfPiecesOnTheBoard";77;true;;Static;;;;;;
"Quela";"AllPlayerDeclared";75;true;;Static;;;;;;
"Quela";"sizeOfTrack";62;false;"The owner 0 does not have a track";Static;;;;;;
"Quendo";"lineLessOrEqualThanBoardSide";25;false;"Line concept is not present";Static;;;;;;
"Quendo";"eachPieceReferenceNotDuplicated";34;false;"The game does not have any piece declared as Each";Static;;;;;;
"Quendo";"pieceDeclaredAsEach";73;true;;Static;;;;;;
"Quendo";"pieceDeclaredAsShared";25;false;"The game does not have any piece declared as Shared";Static;;;;;;
"Quendo";"pieceDeclaredAsNeutral";25;true;;Static;;;;;;
"Quendo";"equalNumberOfPiecesOnTheBoard";29;true;;Static;;;;;;
"Quendo";"AllPlayerDeclared";26;true;;Static;;;;;;
"Quendo";"sizeOfTrack";25;false;"The length of the track is 20";Static;;;;;;
"Quiela";"lineLessOrEqualThanBoardSide";47;false;"Line concept is not present";Static;;;;;;
"Quiela";"eachPieceReferenceNotDuplicated";47;false;"The game does not have any piece declared as Each";Static;;;;;;
"Quiela";"pieceDeclaredAsEach";108;false;"The game does not have any piece declared as Each";Static;;;;;;
"Quiela";"pieceDeclaredAsShared";57;false;"A Shared Piece must appear at least twice in the description";Static;;;;;;
"Quiela";"pieceDeclaredAsNeutral";70;true;;Static;;;;;;
"Quiela";"equalNumberOfPiecesOnTheBoard";59;true;;Static;;;;;;
"Quiela";"AllPlayerDeclared";45;true;;Static;;;;;;
"Quiela";"sizeOfTrack";55;false;"The owner 0 does not have a track";Static;;;;;;
"Ryakati";"lineLessOrEqualThanBoardSide";162;false;"Line concept is not present";Static;;;;;;
"Ryakati";"eachPieceReferenceNotDuplicated";164;false;"The game does not have any piece declared as Each";Static;;;;;;
"Ryakati";"pieceDeclaredAsEach";170;false;"The game does not have any piece declared as Each";Static;;;;;;
"Ryakati";"pieceDeclaredAsShared";163;false;"A Shared Piece must appear at least twice in the description";Static;;;;;;
"Ryakati";"pieceDeclaredAsNeutral";180;true;;Static;;;;;;
"Ryakati";"equalNumberOfPiecesOnTheBoard";148;true;;Static;;;;;;
"Ryakati";"AllPlayerDeclared";160;true;;Static;;;;;;
"Ryakati";"sizeOfTrack";122;false;"The owner 0 does not have a track";Static;;;;;;
"Spreta";"lineLessOrEqualThanBoardSide";67;false;"Line concept is not present";Static;;;;;;
"Spreta";"eachPieceReferenceNotDuplicated";57;false;"The game does not have any piece declared as Each";Static;;;;;;
"Spreta";"pieceDeclaredAsEach";83;false;"The game does not have any piece declared as Each";Static;;;;;;
"Spreta";"pieceDeclaredAsShared";47;false;"A Shared Piece must appear at least twice in the description";Static;;;;;;
"Spreta";"pieceDeclaredAsNeutral";67;true;;Static;;;;;;
"Spreta";"equalNumberOfPiecesOnTheBoard";46;true;;Static;;;;;;
"Spreta";"AllPlayerDeclared";66;true;;Static;;;;;;
"Spreta";"sizeOfTrack";46;false;"The owner 0 does not have a track";Static;;;;;;
"Sute";"lineLessOrEqualThanBoardSide";22;false;"Line concept is not present";Static;;;;;;
"Sute";"eachPieceReferenceNotDuplicated";21;false;"The game does not have any piece declared as Each";Static;;;;;;
"Sute";"pieceDeclaredAsEach";69;false;"The game does not have any piece declared as Each";Static;;;;;;
"Sute";"pieceDeclaredAsShared";28;false;"A Shared Piece must appear at least twice in the description";Static;;;;;;
"Sute";"pieceDeclaredAsNeutral";32;true;;Static;;;;;;
"Sute";"equalNumberOfPiecesOnTheBoard";24;true;;Static;;;;;;
"Sute";"AllPlayerDeclared";21;true;;Static;;;;;;
"Sute";"sizeOfTrack";26;false;"The owner 0 does not have a track";Static;;;;;;
"Tchela";"lineLessOrEqualThanBoardSide";55;false;"Line concept is not present";Static;;;;;;
"Tchela";"eachPieceReferenceNotDuplicated";73;false;"The game does not have any piece declared as Each";Static;;;;;;
"Tchela";"pieceDeclaredAsEach";105;false;"The game does not have any piece declared as Each";Static;;;;;;
"Tchela";"pieceDeclaredAsShared";62;false;"A Shared Piece must appear at least twice in the description";Static;;;;;;
"Tchela";"pieceDeclaredAsNeutral";70;true;;Static;;;;;;
"Tchela";"equalNumberOfPiecesOnTheBoard";59;true;;Static;;;;;;
"Tchela";"AllPlayerDeclared";51;true;;Static;;;;;;
"Tchela";"sizeOfTrack";59;false;"The owner 0 does not have a track";Static;;;;;;
"Tshuba";"lineLessOrEqualThanBoardSide";42;false;"Line concept is not present";Static;;;;;;
"Tshuba";"eachPieceReferenceNotDuplicated";49;false;"The game does not have any piece declared as Each";Static;;;;;;
"Tshuba";"pieceDeclaredAsEach";87;false;"The game does not have any piece declared as Each";Static;;;;;;
"Tshuba";"pieceDeclaredAsShared";55;false;"A Shared Piece must appear at least twice in the description";Static;;;;;;
"Tshuba";"pieceDeclaredAsNeutral";44;true;;Static;;;;;;
"Tshuba";"equalNumberOfPiecesOnTheBoard";40;true;;Static;;;;;;
"Tshuba";"AllPlayerDeclared";33;true;;Static;;;;;;
"Tshuba";"sizeOfTrack";44;false;"The owner 0 does not have a track";Static;;;;;;
"Tsoro (Additional Capture)";"lineLessOrEqualThanBoardSide";47;false;"Line concept is not present";Static;;;;;;
"Tsoro (Additional Capture)";"eachPieceReferenceNotDuplicated";46;false;"The game does not have any piece declared as Each";Static;;;;;;
"Tsoro (Additional Capture)";"pieceDeclaredAsEach";84;false;"The game does not have any piece declared as Each";Static;;;;;;
"Tsoro (Additional Capture)";"pieceDeclaredAsShared";48;false;"A Shared Piece must appear at least twice in the description";Static;;;;;;
"Tsoro (Additional Capture)";"pieceDeclaredAsNeutral";44;true;;Static;;;;;;
"Tsoro (Additional Capture)";"equalNumberOfPiecesOnTheBoard";33;true;;Static;;;;;;
"Tsoro (Additional Capture)";"AllPlayerDeclared";45;true;;Static;;;;;;
"Tsoro (Additional Capture)";"sizeOfTrack";32;false;"The owner 0 does not have a track";Static;;;;;;
"Tsoro (Baia)";"lineLessOrEqualThanBoardSide";85;false;"Line concept is not present";Static;;;;;;
"Tsoro (Baia)";"eachPieceReferenceNotDuplicated";110;false;"The game does not have any piece declared as Each";Static;;;;;;
"Tsoro (Baia)";"pieceDeclaredAsEach";140;false;"The game does not have any piece declared as Each";Static;;;;;;
"Tsoro (Baia)";"pieceDeclaredAsShared";99;false;"A Shared Piece must appear at least twice in the description";Static;;;;;;
"Tsoro (Baia)";"pieceDeclaredAsNeutral";109;true;;Static;;;;;;
"Tsoro (Baia)";"equalNumberOfPiecesOnTheBoard";83;true;;Static;;;;;;
"Tsoro (Baia)";"AllPlayerDeclared";91;true;;Static;;;;;;
"Tsoro (Baia)";"sizeOfTrack";82;false;"The owner 0 does not have a track";Static;;;;;;
"Tsoro (Reentered Captures)";"lineLessOrEqualThanBoardSide";41;false;"Line concept is not present";Static;;;;;;
"Tsoro (Reentered Captures)";"eachPieceReferenceNotDuplicated";41;false;"The game does not have any piece declared as Each";Static;;;;;;
"Tsoro (Reentered Captures)";"pieceDeclaredAsEach";75;false;"The game does not have any piece declared as Each";Static;;;;;;
"Tsoro (Reentered Captures)";"pieceDeclaredAsShared";76;false;"A Shared Piece must appear at least twice in the description";Static;;;;;;
"Tsoro (Reentered Captures)";"pieceDeclaredAsNeutral";47;true;;Static;;;;;;
"Tsoro (Reentered Captures)";"equalNumberOfPiecesOnTheBoard";42;true;;Static;;;;;;
"Tsoro (Reentered Captures)";"AllPlayerDeclared";43;true;;Static;;;;;;
"Tsoro (Reentered Captures)";"sizeOfTrack";42;false;"The owner 0 does not have a track";Static;;;;;;
"Tsoro";"lineLessOrEqualThanBoardSide";40;false;"Line concept is not present";Static;;;;;;
"Tsoro";"eachPieceReferenceNotDuplicated";30;false;"The game does not have any piece declared as Each";Static;;;;;;
"Tsoro";"pieceDeclaredAsEach";64;false;"The game does not have any piece declared as Each";Static;;;;;;
"Tsoro";"pieceDeclaredAsShared";28;false;"A Shared Piece must appear at least twice in the description";Static;;;;;;
"Tsoro";"pieceDeclaredAsNeutral";28;true;;Static;;;;;;
"Tsoro";"equalNumberOfPiecesOnTheBoard";28;true;;Static;;;;;;
"Tsoro";"AllPlayerDeclared";31;true;;Static;;;;;;
"Tsoro";"sizeOfTrack";32;false;"The owner 0 does not have a track";Static;;;;;;
"Katro";"lineLessOrEqualThanBoardSide";113;false;"Line concept is not present";Static;;;;;;
"Katro";"eachPieceReferenceNotDuplicated";106;false;"The game does not have any piece declared as Each";Static;;;;;;
"Katro";"pieceDeclaredAsEach";136;false;"The game does not have any piece declared as Each";Static;;;;;;
"Katro";"pieceDeclaredAsShared";108;false;"A Shared Piece must appear at least twice in the description";Static;;;;;;
"Katro";"pieceDeclaredAsNeutral";120;true;;Static;;;;;;
"Katro";"equalNumberOfPiecesOnTheBoard";112;true;;Static;;;;;;
"Katro";"AllPlayerDeclared";104;true;;Static;;;;;;
"Katro";"sizeOfTrack";106;false;"The owner 0 does not have a track";Static;;;;;;
"Mbelele";"lineLessOrEqualThanBoardSide";71;false;"Line concept is not present";Static;;;;;;
"Mbelele";"eachPieceReferenceNotDuplicated";82;false;"The game does not have any piece declared as Each";Static;;;;;;
"Mbelele";"pieceDeclaredAsEach";105;false;"The game does not have any piece declared as Each";Static;;;;;;
"Mbelele";"pieceDeclaredAsShared";67;false;"A Shared Piece must appear at least twice in the description";Static;;;;;;
"Mbelele";"pieceDeclaredAsNeutral";68;true;;Static;;;;;;
"Mbelele";"equalNumberOfPiecesOnTheBoard";68;true;;Static;;;;;;
"Mbelele";"AllPlayerDeclared";70;true;;Static;;;;;;
"Mbelele";"sizeOfTrack";67;false;"The owner 0 does not have a track";Static;;;;;;
"Okwe (Achalla)";"lineLessOrEqualThanBoardSide";35;false;"Line concept is not present";Static;;;;;;
"Okwe (Achalla)";"eachPieceReferenceNotDuplicated";26;false;"The game does not have any piece declared as Each";Static;;;;;;
"Okwe (Achalla)";"pieceDeclaredAsEach";62;false;"The game does not have any piece declared as Each";Static;;;;;;
"Okwe (Achalla)";"pieceDeclaredAsShared";27;false;"A Shared Piece must appear at least twice in the description";Static;;;;;;
"Okwe (Achalla)";"pieceDeclaredAsNeutral";25;true;;Static;;;;;;
"Okwe (Achalla)";"equalNumberOfPiecesOnTheBoard";26;true;;Static;;;;;;
"Okwe (Achalla)";"AllPlayerDeclared";25;true;;Static;;;;;;
"Okwe (Achalla)";"sizeOfTrack";25;false;"The length of the track is 10";Static;;;;;;
"Pic";"lineLessOrEqualThanBoardSide";20;false;"Line concept is not present";Static;;;;;;
"Pic";"eachPieceReferenceNotDuplicated";18;false;"The game does not have any piece declared as Each";Static;;;;;;
"Pic";"pieceDeclaredAsEach";56;false;"The game does not have any piece declared as Each";Static;;;;;;
"Pic";"pieceDeclaredAsShared";19;false;"A Shared Piece must appear at least twice in the description";Static;;;;;;
"Pic";"pieceDeclaredAsNeutral";17;true;;Static;;;;;;
"Pic";"equalNumberOfPiecesOnTheBoard";19;true;;Static;;;;;;
"Pic";"AllPlayerDeclared";18;true;;Static;;;;;;
"Pic";"sizeOfTrack";18;false;"The length of the track is 0";Static;;;;;;
"Sat Gol";"lineLessOrEqualThanBoardSide";28;false;"Line concept is not present";Static;;;;;;
"Sat Gol";"eachPieceReferenceNotDuplicated";24;false;"The game does not have any piece declared as Each";Static;;;;;;
"Sat Gol";"pieceDeclaredAsEach";52;false;"The game does not have any piece declared as Each";Static;;;;;;
"Sat Gol";"pieceDeclaredAsShared";22;false;"A Shared Piece must appear at least twice in the description";Static;;;;;;
"Sat Gol";"pieceDeclaredAsNeutral";22;true;;Static;;;;;;
"Sat Gol";"equalNumberOfPiecesOnTheBoard";25;true;;Static;;;;;;
"Sat Gol";"AllPlayerDeclared";22;true;;Static;;;;;;
"Sat Gol";"sizeOfTrack";22;false;"The length of the track is 0";Static;;;;;;
"Abalala'e";"lineLessOrEqualThanBoardSide";63;false;"Line concept is not present";Static;;;;;;
"Abalala'e";"eachPieceReferenceNotDuplicated";64;false;"The game does not have any piece declared as Each";Static;;;;;;
"Abalala'e";"pieceDeclaredAsEach";95;false;"The game does not have any piece declared as Each";Static;;;;;;
"Abalala'e";"pieceDeclaredAsShared";81;false;"A Shared Piece must appear at least twice in the description";Static;;;;;;
"Abalala'e";"pieceDeclaredAsNeutral";91;true;;Static;;;;;;
"Abalala'e";"equalNumberOfPiecesOnTheBoard";104;true;;Static;;;;;;
"Abalala'e";"AllPlayerDeclared";82;true;;Static;;;;;;
"Abalala'e";"sizeOfTrack";65;false;"The owner 0 does not have a track";Static;;;;;;
"Gabata (Adowa)";"lineLessOrEqualThanBoardSide";34;false;"Line concept is not present";Static;;;;;;
"Gabata (Adowa)";"eachPieceReferenceNotDuplicated";33;false;"The game does not have any piece declared as Each";Static;;;;;;
"Gabata (Adowa)";"pieceDeclaredAsEach";66;false;"The game does not have any piece declared as Each";Static;;;;;;
"Gabata (Adowa)";"pieceDeclaredAsShared";49;false;"A Shared Piece must appear at least twice in the description";Static;;;;;;
"Gabata (Adowa)";"pieceDeclaredAsNeutral";37;true;;Static;;;;;;
"Gabata (Adowa)";"equalNumberOfPiecesOnTheBoard";49;true;;Static;;;;;;
"Gabata (Adowa)";"AllPlayerDeclared";38;true;;Static;;;;;;
"Gabata (Adowa)";"sizeOfTrack";57;false;"The length of the track is 10";Static;;;;;;
"Gabata (Aksum)";"lineLessOrEqualThanBoardSide";60;false;"Line concept is not present";Static;;;;;;
"Gabata (Aksum)";"eachPieceReferenceNotDuplicated";60;false;"The game does not have any piece declared as Each";Static;;;;;;
"Gabata (Aksum)";"pieceDeclaredAsEach";92;false;"The game does not have any piece declared as Each";Static;;;;;;
"Gabata (Aksum)";"pieceDeclaredAsShared";64;false;"A Shared Piece must appear at least twice in the description";Static;;;;;;
"Gabata (Aksum)";"pieceDeclaredAsNeutral";58;true;;Static;;;;;;
"Gabata (Aksum)";"equalNumberOfPiecesOnTheBoard";57;true;;Static;;;;;;
"Gabata (Aksum)";"AllPlayerDeclared";46;true;;Static;;;;;;
"Gabata (Aksum)";"sizeOfTrack";65;false;"The length of the track is 10";Static;;;;;;
"Rab'e";"lineLessOrEqualThanBoardSide";33;false;"Line concept is not present";Static;;;;;;
"Rab'e";"eachPieceReferenceNotDuplicated";29;false;"The game does not have any piece declared as Each";Static;;;;;;
"Rab'e";"pieceDeclaredAsEach";58;false;"The game does not have any piece declared as Each";Static;;;;;;
"Rab'e";"pieceDeclaredAsShared";30;false;"A Shared Piece must appear at least twice in the description";Static;;;;;;
"Rab'e";"pieceDeclaredAsNeutral";31;true;;Static;;;;;;
"Rab'e";"equalNumberOfPiecesOnTheBoard";42;true;;Static;;;;;;
"Rab'e";"AllPlayerDeclared";48;true;;Static;;;;;;
"Rab'e";"sizeOfTrack";31;false;"The length of the track is 10";Static;;;;;;
"Selus (Massawa)";"lineLessOrEqualThanBoardSide";109;false;"Line concept is not present";Static;;;;;;
"Selus (Massawa)";"eachPieceReferenceNotDuplicated";88;false;"The game does not have any piece declared as Each";Static;;;;;;
"Selus (Massawa)";"pieceDeclaredAsEach";143;false;"The game does not have any piece declared as Each";Static;;;;;;
"Selus (Massawa)";"pieceDeclaredAsShared";103;false;"A Shared Piece must appear at least twice in the description";Static;;;;;;
"Selus (Massawa)";"pieceDeclaredAsNeutral";90;true;;Static;;;;;;
"Selus (Massawa)";"equalNumberOfPiecesOnTheBoard";105;true;;Static;;;;;;
"Selus (Massawa)";"AllPlayerDeclared";89;true;;Static;;;;;;
"Selus (Massawa)";"sizeOfTrack";89;false;"The length of the track is 10";Static;;;;;;
"Selus";"lineLessOrEqualThanBoardSide";126;false;"Line concept is not present";Static;;;;;;
"Selus";"eachPieceReferenceNotDuplicated";130;false;"The game does not have any piece declared as Each";Static;;;;;;
"Selus";"pieceDeclaredAsEach";161;false;"The game does not have any piece declared as Each";Static;;;;;;
"Selus";"pieceDeclaredAsShared";126;false;"A Shared Piece must appear at least twice in the description";Static;;;;;;
"Selus";"pieceDeclaredAsNeutral";130;true;;Static;;;;;;
"Selus";"equalNumberOfPiecesOnTheBoard";148;true;;Static;;;;;;
"Selus";"AllPlayerDeclared";129;true;;Static;;;;;;
"Selus";"sizeOfTrack";134;false;"The length of the track is 18";Static;;;;;;
"The Concentration Game";"lineLessOrEqualThanBoardSide";84;false;"Line concept is not present";Static;;;;;;
"The Concentration Game";"eachPieceReferenceNotDuplicated";82;false;"The game does not have any piece declared as Each";Static;;;;;;
"The Concentration Game";"pieceDeclaredAsEach";113;false;"The game does not have any piece declared as Each";Static;;;;;;
"The Concentration Game";"pieceDeclaredAsShared";78;false;"A Shared Piece must appear at least twice in the description";Static;;;;;;
"The Concentration Game";"pieceDeclaredAsNeutral";81;true;;Static;;;;;;
"The Concentration Game";"equalNumberOfPiecesOnTheBoard";93;true;;Static;;;;;;
"The Concentration Game";"AllPlayerDeclared";81;true;;Static;;;;;;
"The Concentration Game";"sizeOfTrack";87;false;"The length of the track is 11";Static;;;;;;
"Adi";"lineLessOrEqualThanBoardSide";43;false;"Line concept is not present";Static;;;;;;
"Adi";"eachPieceReferenceNotDuplicated";40;false;"The game does not have any piece declared as Each";Static;;;;;;
"Adi";"pieceDeclaredAsEach";98;false;"The game does not have any piece declared as Each";Static;;;;;;
"Adi";"pieceDeclaredAsShared";40;false;"A Shared Piece must appear at least twice in the description";Static;;;;;;
"Adi";"pieceDeclaredAsNeutral";60;true;;Static;;;;;;
"Adi";"equalNumberOfPiecesOnTheBoard";52;true;;Static;;;;;;
"Adi";"AllPlayerDeclared";69;true;;Static;;;;;;
"Adi";"sizeOfTrack";65;false;"The length of the track is 12";Static;;;;;;
"Adidada";"lineLessOrEqualThanBoardSide";32;false;"Line concept is not present";Static;;;;;;
"Adidada";"eachPieceReferenceNotDuplicated";25;false;"The game does not have any piece declared as Each";Static;;;;;;
"Adidada";"pieceDeclaredAsEach";63;false;"The game does not have any piece declared as Each";Static;;;;;;
"Adidada";"pieceDeclaredAsShared";27;false;"A Shared Piece must appear at least twice in the description";Static;;;;;;
"Adidada";"pieceDeclaredAsNeutral";25;true;;Static;;;;;;
"Adidada";"equalNumberOfPiecesOnTheBoard";24;true;;Static;;;;;;
"Adidada";"AllPlayerDeclared";25;true;;Static;;;;;;
"Adidada";"sizeOfTrack";26;false;"The length of the track is 6";Static;;;;;;
"Adjiboto";"lineLessOrEqualThanBoardSide";30;false;"Line concept is not present";Static;;;;;;
"Adjiboto";"eachPieceReferenceNotDuplicated";36;false;"The game does not have any piece declared as Each";Static;;;;;;
"Adjiboto";"pieceDeclaredAsEach";82;false;"The game does not have any piece declared as Each";Static;;;;;;
"Adjiboto";"pieceDeclaredAsShared";31;false;"A Shared Piece must appear at least twice in the description";Static;;;;;;
"Adjiboto";"pieceDeclaredAsNeutral";29;true;;Static;;;;;;
"Adjiboto";"equalNumberOfPiecesOnTheBoard";31;true;;Static;;;;;;
"Adjiboto";"AllPlayerDeclared";27;true;;Static;;;;;;
"Adjiboto";"sizeOfTrack";28;false;"The length of the track is 4";Static;;;;;;
"Ako Okwe";"lineLessOrEqualThanBoardSide";40;false;"Line concept is not present";Static;;;;;;
"Ako Okwe";"eachPieceReferenceNotDuplicated";66;false;"The game does not have any piece declared as Each";Static;;;;;;
"Ako Okwe";"pieceDeclaredAsEach";83;false;"The game does not have any piece declared as Each";Static;;;;;;
"Ako Okwe";"pieceDeclaredAsShared";45;false;"A Shared Piece must appear at least twice in the description";Static;;;;;;
"Ako Okwe";"pieceDeclaredAsNeutral";51;true;;Static;;;;;;
"Ako Okwe";"equalNumberOfPiecesOnTheBoard";43;true;;Static;;;;;;
"Ako Okwe";"AllPlayerDeclared";37;true;;Static;;;;;;
"Ako Okwe";"sizeOfTrack";44;false;"The length of the track is 10";Static;;;;;;
"Altiev";"lineLessOrEqualThanBoardSide";33;false;"Line concept is not present";Static;;;;;;
"Altiev";"eachPieceReferenceNotDuplicated";28;false;"The game does not have any piece declared as Each";Static;;;;;;
"Altiev";"pieceDeclaredAsEach";70;false;"The game does not have any piece declared as Each";Static;;;;;;
"Altiev";"pieceDeclaredAsShared";37;false;"A Shared Piece must appear at least twice in the description";Static;;;;;;
"Altiev";"pieceDeclaredAsNeutral";37;true;;Static;;;;;;
"Altiev";"equalNumberOfPiecesOnTheBoard";36;true;;Static;;;;;;
"Altiev";"AllPlayerDeclared";28;true;;Static;;;;;;
"Altiev";"sizeOfTrack";36;false;"The length of the track is 12";Static;;;;;;
"Andada";"lineLessOrEqualThanBoardSide";47;false;"Line concept is not present";Static;;;;;;
"Andada";"eachPieceReferenceNotDuplicated";39;false;"The game does not have any piece declared as Each";Static;;;;;;
"Andada";"pieceDeclaredAsEach";92;false;"The game does not have any piece declared as Each";Static;;;;;;
"Andada";"pieceDeclaredAsShared";33;false;"A Shared Piece must appear at least twice in the description";Static;;;;;;
"Andada";"pieceDeclaredAsNeutral";36;true;;Static;;;;;;
"Andada";"equalNumberOfPiecesOnTheBoard";45;true;;Static;;;;;;
"Andada";"AllPlayerDeclared";44;true;;Static;;;;;;
"Andada";"sizeOfTrack";45;false;"The length of the track is 24";Static;;;;;;
"Andot";"lineLessOrEqualThanBoardSide";43;false;"Line concept is not present";Static;;;;;;
"Andot";"eachPieceReferenceNotDuplicated";61;false;"The game does not have any piece declared as Each";Static;;;;;;
"Andot";"pieceDeclaredAsEach";87;false;"The game does not have any piece declared as Each";Static;;;;;;
"Andot";"pieceDeclaredAsShared";39;false;"A Shared Piece must appear at least twice in the description";Static;;;;;;
"Andot";"pieceDeclaredAsNeutral";36;true;;Static;;;;;;
"Andot";"equalNumberOfPiecesOnTheBoard";39;true;;Static;;;;;;
"Andot";"AllPlayerDeclared";44;true;;Static;;;;;;
"Andot";"sizeOfTrack";57;false;"The length of the track is 12";Static;;;;;;
"Aw-li On-nam Ot-tjin";"lineLessOrEqualThanBoardSide";15;false;"Line concept is not present";Static;;;;;;
"Aw-li On-nam Ot-tjin";"eachPieceReferenceNotDuplicated";16;false;"The game does not have any piece declared as Each";Static;;;;;;
"Aw-li On-nam Ot-tjin";"pieceDeclaredAsEach";70;false;"The game does not have any piece declared as Each";Static;;;;;;
"Aw-li On-nam Ot-tjin";"pieceDeclaredAsShared";21;false;"A Shared Piece must appear at least twice in the description";Static;;;;;;
"Aw-li On-nam Ot-tjin";"pieceDeclaredAsNeutral";21;true;;Static;;;;;;
"Aw-li On-nam Ot-tjin";"equalNumberOfPiecesOnTheBoard";23;true;;Static;;;;;;
"Aw-li On-nam Ot-tjin";"AllPlayerDeclared";21;true;;Static;;;;;;
"Aw-li On-nam Ot-tjin";"sizeOfTrack";22;false;"The length of the track is 18";Static;;;;;;
"Awagagae";"lineLessOrEqualThanBoardSide";70;false;"Line concept is not present";Static;;;;;;
"Awagagae";"eachPieceReferenceNotDuplicated";64;false;"The game does not have any piece declared as Each";Static;;;;;;
"Awagagae";"pieceDeclaredAsEach";98;false;"The game does not have any piece declared as Each";Static;;;;;;
"Awagagae";"pieceDeclaredAsShared";64;false;"A Shared Piece must appear at least twice in the description";Static;;;;;;
"Awagagae";"pieceDeclaredAsNeutral";61;true;;Static;;;;;;
"Awagagae";"equalNumberOfPiecesOnTheBoard";65;true;;Static;;;;;;
"Awagagae";"AllPlayerDeclared";62;true;;Static;;;;;;
"Awagagae";"sizeOfTrack";74;false;"The length of the track is 5";Static;;;;;;
"Awari";"lineLessOrEqualThanBoardSide";76;false;"Line concept is not present";Static;;;;;;
"Awari";"eachPieceReferenceNotDuplicated";72;false;"The game does not have any piece declared as Each";Static;;;;;;
"Awari";"pieceDeclaredAsEach";103;false;"The game does not have any piece declared as Each";Static;;;;;;
"Awari";"pieceDeclaredAsShared";73;false;"A Shared Piece must appear at least twice in the description";Static;;;;;;
"Awari";"pieceDeclaredAsNeutral";70;true;;Static;;;;;;
"Awari";"equalNumberOfPiecesOnTheBoard";74;true;;Static;;;;;;
"Awari";"AllPlayerDeclared";84;true;;Static;;;;;;
"Awari";"sizeOfTrack";72;false;"The length of the track is 5";Static;;;;;;
"Azigo";"lineLessOrEqualThanBoardSide";56;false;"Line concept is not present";Static;;;;;;
"Azigo";"eachPieceReferenceNotDuplicated";54;false;"The game does not have any piece declared as Each";Static;;;;;;
"Azigo";"pieceDeclaredAsEach";85;false;"The game does not have any piece declared as Each";Static;;;;;;
"Azigo";"pieceDeclaredAsShared";52;false;"A Shared Piece must appear at least twice in the description";Static;;;;;;
"Azigo";"pieceDeclaredAsNeutral";53;true;;Static;;;;;;
"Azigo";"equalNumberOfPiecesOnTheBoard";51;true;;Static;;;;;;
"Azigo";"AllPlayerDeclared";61;true;;Static;;;;;;
"Azigo";"sizeOfTrack";52;false;"The length of the track is 19";Static;;;;;;
"Baqura";"lineLessOrEqualThanBoardSide";64;false;"Line concept is not present";Static;;;;;;
"Baqura";"eachPieceReferenceNotDuplicated";53;false;"The game does not have any piece declared as Each";Static;;;;;;
"Baqura";"pieceDeclaredAsEach";89;false;"The game does not have any piece declared as Each";Static;;;;;;
"Baqura";"pieceDeclaredAsShared";55;false;"A Shared Piece must appear at least twice in the description";Static;;;;;;
"Baqura";"pieceDeclaredAsNeutral";56;true;;Static;;;;;;
"Baqura";"equalNumberOfPiecesOnTheBoard";54;true;;Static;;;;;;
"Baqura";"AllPlayerDeclared";68;true;;Static;;;;;;
"Baqura";"sizeOfTrack";58;false;"The length of the track is 5";Static;;;;;;
"Bay Khom";"lineLessOrEqualThanBoardSide";51;false;"Line concept is not present";Static;;;;;;
"Bay Khom";"eachPieceReferenceNotDuplicated";78;false;"The game does not have any piece declared as Each";Static;;;;;;
"Bay Khom";"pieceDeclaredAsEach";97;false;"The game does not have any piece declared as Each";Static;;;;;;
"Bay Khom";"pieceDeclaredAsShared";50;false;"A Shared Piece must appear at least twice in the description";Static;;;;;;
"Bay Khom";"pieceDeclaredAsNeutral";50;true;;Static;;;;;;
"Bay Khom";"equalNumberOfPiecesOnTheBoard";51;true;;Static;;;;;;
"Bay Khom";"AllPlayerDeclared";71;true;;Static;;;;;;
"Bay Khom";"sizeOfTrack";56;false;"The length of the track is 5";Static;;;;;;
"Bechi";"lineLessOrEqualThanBoardSide";91;false;"Line concept is not present";Static;;;;;;
"Bechi";"eachPieceReferenceNotDuplicated";83;false;"The game does not have any piece declared as Each";Static;;;;;;
"Bechi";"pieceDeclaredAsEach";115;false;"The game does not have any piece declared as Each";Static;;;;;;
"Bechi";"pieceDeclaredAsShared";85;false;"A Shared Piece must appear at least twice in the description";Static;;;;;;
"Bechi";"pieceDeclaredAsNeutral";91;true;;Static;;;;;;
"Bechi";"equalNumberOfPiecesOnTheBoard";84;true;;Static;;;;;;
"Bechi";"AllPlayerDeclared";83;true;;Static;;;;;;
"Bechi";"sizeOfTrack";87;true;;Static;;;;;;
"Bosh";"lineLessOrEqualThanBoardSide";34;false;"Line concept is not present";Static;;;;;;
"Bosh";"eachPieceReferenceNotDuplicated";38;false;"The game does not have any piece declared as Each";Static;;;;;;
"Bosh";"pieceDeclaredAsEach";92;false;"The game does not have any piece declared as Each";Static;;;;;;
"Bosh";"pieceDeclaredAsShared";49;false;"A Shared Piece must appear at least twice in the description";Static;;;;;;
"Bosh";"pieceDeclaredAsNeutral";42;true;;Static;;;;;;
"Bosh";"equalNumberOfPiecesOnTheBoard";34;true;;Static;;;;;;
"Bosh";"AllPlayerDeclared";34;true;;Static;;;;;;
"Bosh";"sizeOfTrack";32;false;"The length of the track is 4";Static;;;;;;
"Boukerourou";"lineLessOrEqualThanBoardSide";18;false;"Line concept is not present";Static;;;;;;
"Boukerourou";"eachPieceReferenceNotDuplicated";17;false;"The game does not have any piece declared as Each";Static;;;;;;
"Boukerourou";"pieceDeclaredAsEach";50;false;"The game does not have any piece declared as Each";Static;;;;;;
"Boukerourou";"pieceDeclaredAsShared";18;false;"A Shared Piece must appear at least twice in the description";Static;;;;;;
"Boukerourou";"pieceDeclaredAsNeutral";17;true;;Static;;;;;;
"Boukerourou";"equalNumberOfPiecesOnTheBoard";17;true;;Static;;;;;;
"Boukerourou";"AllPlayerDeclared";19;true;;Static;;;;;;
"Boukerourou";"sizeOfTrack";17;false;"The length of the track is 8";Static;;;;;;
"Buqruru";"lineLessOrEqualThanBoardSide";155;false;"Line concept is not present";Static;;;;;;
"Buqruru";"eachPieceReferenceNotDuplicated";141;false;"The game does not have any piece declared as Each";Static;;;;;;
"Buqruru";"pieceDeclaredAsEach";182;false;"The game does not have any piece declared as Each";Static;;;;;;
"Buqruru";"pieceDeclaredAsShared";170;false;"A Shared Piece must appear at least twice in the description";Static;;;;;;
"Buqruru";"pieceDeclaredAsNeutral";132;true;;Static;;;;;;
"Buqruru";"equalNumberOfPiecesOnTheBoard";134;true;;Static;;;;;;
"Buqruru";"AllPlayerDeclared";135;true;;Static;;;;;;
"Buqruru";"sizeOfTrack";133;true;;Static;;;;;;
"Ceelkoqyuqkoqiji";"lineLessOrEqualThanBoardSide";186;false;"Line concept is not present";Static;;;;;;
"Ceelkoqyuqkoqiji";"eachPieceReferenceNotDuplicated";179;false;"The game does not have any piece declared as Each";Static;;;;;;
"Ceelkoqyuqkoqiji";"pieceDeclaredAsEach";228;false;"The game does not have any piece declared as Each";Static;;;;;;
"Ceelkoqyuqkoqiji";"pieceDeclaredAsShared";190;true;;Static;;;;;;
"Ceelkoqyuqkoqiji";"pieceDeclaredAsNeutral";174;true;;Static;;;;;;
"Ceelkoqyuqkoqiji";"equalNumberOfPiecesOnTheBoard";186;true;;Static;;;;;;
"Ceelkoqyuqkoqiji";"AllPlayerDeclared";179;true;;Static;;;;;;
"Ceelkoqyuqkoqiji";"sizeOfTrack";175;false;"The length of the track is 6";Static;;;;;;
"Chongka'";"lineLessOrEqualThanBoardSide";31;false;"Line concept is not present";Static;;;;;;
"Chongka'";"eachPieceReferenceNotDuplicated";37;false;"The game does not have any piece declared as Each";Static;;;;;;
"Chongka'";"pieceDeclaredAsEach";75;false;"The game does not have any piece declared as Each";Static;;;;;;
"Chongka'";"pieceDeclaredAsShared";36;false;"A Shared Piece must appear at least twice in the description";Static;;;;;;
"Chongka'";"pieceDeclaredAsNeutral";35;true;;Static;;;;;;
"Chongka'";"equalNumberOfPiecesOnTheBoard";36;true;;Static;;;;;;
"Chongka'";"AllPlayerDeclared";31;true;;Static;;;;;;
"Chongka'";"sizeOfTrack";24;false;"The owner 0 does not have a track";Static;;;;;;
"Chonka";"lineLessOrEqualThanBoardSide";22;false;"Line concept is not present";Static;;;;;;
"Chonka";"eachPieceReferenceNotDuplicated";21;false;"The game does not have any piece declared as Each";Static;;;;;;
"Chonka";"pieceDeclaredAsEach";56;false;"The game does not have any piece declared as Each";Static;;;;;;
"Chonka";"pieceDeclaredAsShared";22;false;"A Shared Piece must appear at least twice in the description";Static;;;;;;
"Chonka";"pieceDeclaredAsNeutral";26;true;;Static;;;;;;
"Chonka";"equalNumberOfPiecesOnTheBoard";22;true;;Static;;;;;;
"Chonka";"AllPlayerDeclared";21;true;;Static;;;;;;
"Chonka";"sizeOfTrack";22;false;"The owner 0 does not have a track";Static;;;;;;
"Chungcajon";"lineLessOrEqualThanBoardSide";28;false;"Line concept is not present";Static;;;;;;
"Chungcajon";"eachPieceReferenceNotDuplicated";19;false;"The game does not have any piece declared as Each";Static;;;;;;
"Chungcajon";"pieceDeclaredAsEach";49;false;"The game does not have any piece declared as Each";Static;;;;;;
"Chungcajon";"pieceDeclaredAsShared";19;false;"A Shared Piece must appear at least twice in the description";Static;;;;;;
"Chungcajon";"pieceDeclaredAsNeutral";19;true;;Static;;;;;;
"Chungcajon";"equalNumberOfPiecesOnTheBoard";18;true;;Static;;;;;;
"Chungcajon";"AllPlayerDeclared";30;true;;Static;;;;;;
"Chungcajon";"sizeOfTrack";23;false;"The owner 0 does not have a track";Static;;;;;;
"Dabuda";"lineLessOrEqualThanBoardSide";40;false;"Line concept is not present";Static;;;;;;
"Dabuda";"eachPieceReferenceNotDuplicated";44;false;"The game does not have any piece declared as Each";Static;;;;;;
"Dabuda";"pieceDeclaredAsEach";90;false;"The game does not have any piece declared as Each";Static;;;;;;
"Dabuda";"pieceDeclaredAsShared";29;false;"A Shared Piece must appear at least twice in the description";Static;;;;;;
"Dabuda";"pieceDeclaredAsNeutral";31;true;;Static;;;;;;
"Dabuda";"equalNumberOfPiecesOnTheBoard";28;true;;Static;;;;;;
"Dabuda";"AllPlayerDeclared";29;true;;Static;;;;;;
"Dabuda";"sizeOfTrack";33;false;"The length of the track is 9";Static;;;;;;
"Daramuti";"lineLessOrEqualThanBoardSide";207;false;"Line concept is not present";Static;;;;;;
"Daramuti";"eachPieceReferenceNotDuplicated";185;false;"The game does not have any piece declared as Each";Static;;;;;;
"Daramuti";"pieceDeclaredAsEach";236;false;"The game does not have any piece declared as Each";Static;;;;;;
"Daramuti";"pieceDeclaredAsShared";192;false;"A Shared Piece must appear at least twice in the description";Static;;;;;;
"Daramuti";"pieceDeclaredAsNeutral";186;true;;Static;;;;;;
"Daramuti";"equalNumberOfPiecesOnTheBoard";181;true;;Static;;;;;;
"Daramuti";"AllPlayerDeclared";184;true;;Static;;;;;;
"Daramuti";"sizeOfTrack";189;false;"The length of the track is 14";Static;;;;;;
"Das Bohnenspiel";"lineLessOrEqualThanBoardSide";26;false;"Line concept is not present";Static;;;;;;
"Das Bohnenspiel";"eachPieceReferenceNotDuplicated";25;false;"The game does not have any piece declared as Each";Static;;;;;;
"Das Bohnenspiel";"pieceDeclaredAsEach";54;false;"The game does not have any piece declared as Each";Static;;;;;;
"Das Bohnenspiel";"pieceDeclaredAsShared";26;false;"A Shared Piece must appear at least twice in the description";Static;;;;;;
"Das Bohnenspiel";"pieceDeclaredAsNeutral";28;true;;Static;;;;;;
"Das Bohnenspiel";"equalNumberOfPiecesOnTheBoard";28;true;;Static;;;;;;
"Das Bohnenspiel";"AllPlayerDeclared";27;true;;Static;;;;;;
"Das Bohnenspiel";"sizeOfTrack";25;false;"The length of the track is 12";Static;;;;;;
"Deka";"lineLessOrEqualThanBoardSide";34;false;"Line concept is not present";Static;;;;;;
"Deka";"eachPieceReferenceNotDuplicated";35;false;"The game does not have any piece declared as Each";Static;;;;;;
"Deka";"pieceDeclaredAsEach";65;false;"The game does not have any piece declared as Each";Static;;;;;;
"Deka";"pieceDeclaredAsShared";33;false;"A Shared Piece must appear at least twice in the description";Static;;;;;;
"Deka";"pieceDeclaredAsNeutral";32;true;;Static;;;;;;
"Deka";"equalNumberOfPiecesOnTheBoard";35;true;;Static;;;;;;
"Deka";"AllPlayerDeclared";47;true;;Static;;;;;;
"Deka";"sizeOfTrack";58;false;"The length of the track is 12";Static;;;;;;
"Dongjintian";"lineLessOrEqualThanBoardSide";73;false;"Line concept is not present";Static;;;;;;
"Dongjintian";"eachPieceReferenceNotDuplicated";70;false;"The game does not have any piece declared as Each";Static;;;;;;
"Dongjintian";"pieceDeclaredAsEach";80;false;"The game does not have any piece declared as Each";Static;;;;;;
"Dongjintian";"pieceDeclaredAsShared";70;false;"A Shared Piece must appear at least twice in the description";Static;;;;;;
"Dongjintian";"pieceDeclaredAsNeutral";59;true;;Static;;;;;;
"Dongjintian";"equalNumberOfPiecesOnTheBoard";51;true;;Static;;;;;;
"Dongjintian";"AllPlayerDeclared";49;true;;Static;;;;;;
"Dongjintian";"sizeOfTrack";64;false;"The length of the track is 4";Static;;;;;;
"Duene";"lineLessOrEqualThanBoardSide";51;false;"Line concept is not present";Static;;;;;;
"Duene";"eachPieceReferenceNotDuplicated";30;false;"The game does not have any piece declared as Each";Static;;;;;;
"Duene";"pieceDeclaredAsEach";86;false;"The game does not have any piece declared as Each";Static;;;;;;
"Duene";"pieceDeclaredAsShared";49;false;"A Shared Piece must appear at least twice in the description";Static;;;;;;
"Duene";"pieceDeclaredAsNeutral";50;true;;Static;;;;;;
"Duene";"equalNumberOfPiecesOnTheBoard";35;true;;Static;;;;;;
"Duene";"AllPlayerDeclared";32;true;;Static;;;;;;
"Duene";"sizeOfTrack";33;false;"The length of the track is 12";Static;;;;;;
"En Gehe";"lineLessOrEqualThanBoardSide";40;false;"Line concept is not present";Static;;;;;;
"En Gehe";"eachPieceReferenceNotDuplicated";30;false;"The game does not have any piece declared as Each";Static;;;;;;
"En Gehe";"pieceDeclaredAsEach";79;false;"The game does not have any piece declared as Each";Static;;;;;;
"En Gehe";"pieceDeclaredAsShared";30;false;"A Shared Piece must appear at least twice in the description";Static;;;;;;
"En Gehe";"pieceDeclaredAsNeutral";31;true;;Static;;;;;;
"En Gehe";"equalNumberOfPiecesOnTheBoard";37;true;;Static;;;;;;
"En Gehe";"AllPlayerDeclared";36;true;;Static;;;;;;
"En Gehe";"sizeOfTrack";32;false;"The length of the track is 39";Static;;;;;;
"English Wari (St. Lucia)";"lineLessOrEqualThanBoardSide";21;false;"Line concept is not present";Static;;;;;;
"English Wari (St. Lucia)";"eachPieceReferenceNotDuplicated";18;false;"The game does not have any piece declared as Each";Static;;;;;;
"English Wari (St. Lucia)";"pieceDeclaredAsEach";62;false;"The game does not have any piece declared as Each";Static;;;;;;
"English Wari (St. Lucia)";"pieceDeclaredAsShared";17;false;"A Shared Piece must appear at least twice in the description";Static;;;;;;
"English Wari (St. Lucia)";"pieceDeclaredAsNeutral";17;true;;Static;;;;;;
"English Wari (St. Lucia)";"equalNumberOfPiecesOnTheBoard";17;true;;Static;;;;;;
"English Wari (St. Lucia)";"AllPlayerDeclared";17;true;;Static;;;;;;
"English Wari (St. Lucia)";"sizeOfTrack";18;false;"The length of the track is 12";Static;;;;;;
"Enindji";"lineLessOrEqualThanBoardSide";25;false;"Line concept is not present";Static;;;;;;
"Enindji";"eachPieceReferenceNotDuplicated";26;false;"The game does not have any piece declared as Each";Static;;;;;;
"Enindji";"pieceDeclaredAsEach";62;false;"The game does not have any piece declared as Each";Static;;;;;;
"Enindji";"pieceDeclaredAsShared";24;false;"A Shared Piece must appear at least twice in the description";Static;;;;;;
"Enindji";"pieceDeclaredAsNeutral";23;true;;Static;;;;;;
"Enindji";"equalNumberOfPiecesOnTheBoard";24;true;;Static;;;;;;
"Enindji";"AllPlayerDeclared";23;true;;Static;;;;;;
"Enindji";"sizeOfTrack";28;false;"The length of the track is 12";Static;;;;;;
"Erherhe";"lineLessOrEqualThanBoardSide";30;false;"Line concept is not present";Static;;;;;;
"Erherhe";"eachPieceReferenceNotDuplicated";29;false;"The game does not have any piece declared as Each";Static;;;;;;
"Erherhe";"pieceDeclaredAsEach";59;false;"The game does not have any piece declared as Each";Static;;;;;;
"Erherhe";"pieceDeclaredAsShared";31;false;"A Shared Piece must appear at least twice in the description";Static;;;;;;
"Erherhe";"pieceDeclaredAsNeutral";30;true;;Static;;;;;;
"Erherhe";"equalNumberOfPiecesOnTheBoard";30;true;;Static;;;;;;
"Erherhe";"AllPlayerDeclared";31;true;;Static;;;;;;
"Erherhe";"sizeOfTrack";29;false;"The length of the track is 12";Static;;;;;;
"FairKalah";"lineLessOrEqualThanBoardSide";37;false;"Line concept is not present";Static;;;;;;
"FairKalah";"eachPieceReferenceNotDuplicated";29;false;"The game does not have any piece declared as Each";Static;;;;;;
"FairKalah";"pieceDeclaredAsEach";93;false;"The game does not have any piece declared as Each";Static;;;;;;
"FairKalah";"pieceDeclaredAsShared";30;false;"A Shared Piece must appear at least twice in the description";Static;;;;;;
"FairKalah";"pieceDeclaredAsNeutral";37;true;;Static;;;;;;
"FairKalah";"equalNumberOfPiecesOnTheBoard";35;true;;Static;;;;;;
"FairKalah";"AllPlayerDeclared";27;true;;Static;;;;;;
"FairKalah";"sizeOfTrack";30;false;"The length of the track is 14";Static;;;;;;
"Fergen Gobale";"lineLessOrEqualThanBoardSide";66;false;"Line concept is not present";Static;;;;;;
"Fergen Gobale";"eachPieceReferenceNotDuplicated";67;false;"The game does not have any piece declared as Each";Static;;;;;;
"Fergen Gobale";"pieceDeclaredAsEach";100;false;"The game does not have any piece declared as Each";Static;;;;;;
"Fergen Gobale";"pieceDeclaredAsShared";75;false;"A Shared Piece must appear at least twice in the description";Static;;;;;;
"Fergen Gobale";"pieceDeclaredAsNeutral";64;true;;Static;;;;;;
"Fergen Gobale";"equalNumberOfPiecesOnTheBoard";73;true;;Static;;;;;;
"Fergen Gobale";"AllPlayerDeclared";64;true;;Static;;;;;;
"Fergen Gobale";"sizeOfTrack";67;false;"The length of the track is 4";Static;;;;;;
"Foji";"lineLessOrEqualThanBoardSide";34;false;"Line concept is not present";Static;;;;;;
"Foji";"eachPieceReferenceNotDuplicated";36;false;"The game does not have any piece declared as Each";Static;;;;;;
"Foji";"pieceDeclaredAsEach";70;false;"The game does not have any piece declared as Each";Static;;;;;;
"Foji";"pieceDeclaredAsShared";30;false;"A Shared Piece must appear at least twice in the description";Static;;;;;;
"Foji";"pieceDeclaredAsNeutral";33;true;;Static;;;;;;
"Foji";"equalNumberOfPiecesOnTheBoard";34;true;;Static;;;;;;
"Foji";"AllPlayerDeclared";32;true;;Static;;;;;;
"Foji";"sizeOfTrack";34;false;"The length of the track is 5";Static;;;;;;
"Fondji";"lineLessOrEqualThanBoardSide";75;false;"Line concept is not present";Static;;;;;;
"Fondji";"eachPieceReferenceNotDuplicated";73;false;"The game does not have any piece declared as Each";Static;;;;;;
"Fondji";"pieceDeclaredAsEach";101;false;"The game does not have any piece declared as Each";Static;;;;;;
"Fondji";"pieceDeclaredAsShared";74;false;"A Shared Piece must appear at least twice in the description";Static;;;;;;
"Fondji";"pieceDeclaredAsNeutral";96;true;;Static;;;;;;
"Fondji";"equalNumberOfPiecesOnTheBoard";75;true;;Static;;;;;;
"Fondji";"AllPlayerDeclared";78;true;;Static;;;;;;
"Fondji";"sizeOfTrack";73;false;"The length of the track is 12";Static;;;;;;
"French Wari";"lineLessOrEqualThanBoardSide";36;false;"Line concept is not present";Static;;;;;;
"French Wari";"eachPieceReferenceNotDuplicated";34;false;"The game does not have any piece declared as Each";Static;;;;;;
"French Wari";"pieceDeclaredAsEach";66;false;"The game does not have any piece declared as Each";Static;;;;;;
"French Wari";"pieceDeclaredAsShared";22;false;"A Shared Piece must appear at least twice in the description";Static;;;;;;
"French Wari";"pieceDeclaredAsNeutral";21;true;;Static;;;;;;
"French Wari";"equalNumberOfPiecesOnTheBoard";21;true;;Static;;;;;;
"French Wari";"AllPlayerDeclared";21;true;;Static;;;;;;
"French Wari";"sizeOfTrack";22;false;"The length of the track is 5";Static;;;;;;
"Gabata (Adegrat)";"lineLessOrEqualThanBoardSide";35;false;"Line concept is not present";Static;;;;;;
"Gabata (Adegrat)";"eachPieceReferenceNotDuplicated";26;false;"The game does not have any piece declared as Each";Static;;;;;;
"Gabata (Adegrat)";"pieceDeclaredAsEach";54;false;"The game does not have any piece declared as Each";Static;;;;;;
"Gabata (Adegrat)";"pieceDeclaredAsShared";24;false;"A Shared Piece must appear at least twice in the description";Static;;;;;;
"Gabata (Adegrat)";"pieceDeclaredAsNeutral";26;true;;Static;;;;;;
"Gabata (Adegrat)";"equalNumberOfPiecesOnTheBoard";23;true;;Static;;;;;;
"Gabata (Adegrat)";"AllPlayerDeclared";23;true;;Static;;;;;;
"Gabata (Adegrat)";"sizeOfTrack";24;false;"The length of the track is 5";Static;;;;;;
"Gabata (Ansaba)";"lineLessOrEqualThanBoardSide";23;false;"Line concept is not present";Static;;;;;;
"Gabata (Ansaba)";"eachPieceReferenceNotDuplicated";22;false;"The game does not have any piece declared as Each";Static;;;;;;
"Gabata (Ansaba)";"pieceDeclaredAsEach";58;false;"The game does not have any piece declared as Each";Static;;;;;;
"Gabata (Ansaba)";"pieceDeclaredAsShared";23;false;"A Shared Piece must appear at least twice in the description";Static;;;;;;
"Gabata (Ansaba)";"pieceDeclaredAsNeutral";27;true;;Static;;;;;;
"Gabata (Ansaba)";"equalNumberOfPiecesOnTheBoard";24;true;;Static;;;;;;
"Gabata (Ansaba)";"AllPlayerDeclared";25;true;;Static;;;;;;
"Gabata (Ansaba)";"sizeOfTrack";23;false;"The length of the track is 5";Static;;;;;;
"Gabata (Ghinda)";"lineLessOrEqualThanBoardSide";46;false;"Line concept is not present";Static;;;;;;
"Gabata (Ghinda)";"eachPieceReferenceNotDuplicated";45;false;"The game does not have any piece declared as Each";Static;;;;;;
"Gabata (Ghinda)";"pieceDeclaredAsEach";69;false;"The game does not have any piece declared as Each";Static;;;;;;
"Gabata (Ghinda)";"pieceDeclaredAsShared";50;false;"A Shared Piece must appear at least twice in the description";Static;;;;;;
"Gabata (Ghinda)";"pieceDeclaredAsNeutral";37;true;;Static;;;;;;
"Gabata (Ghinda)";"equalNumberOfPiecesOnTheBoard";40;true;;Static;;;;;;
"Gabata (Ghinda)";"AllPlayerDeclared";48;true;;Static;;;;;;
"Gabata (Ghinda)";"sizeOfTrack";39;false;"The length of the track is 5";Static;;;;;;
"Gabata (Oromo)";"lineLessOrEqualThanBoardSide";24;false;"Line concept is not present";Static;;;;;;
"Gabata (Oromo)";"eachPieceReferenceNotDuplicated";23;false;"The game does not have any piece declared as Each";Static;;;;;;
"Gabata (Oromo)";"pieceDeclaredAsEach";56;false;"The game does not have any piece declared as Each";Static;;;;;;
"Gabata (Oromo)";"pieceDeclaredAsShared";24;false;"A Shared Piece must appear at least twice in the description";Static;;;;;;
"Gabata (Oromo)";"pieceDeclaredAsNeutral";23;true;;Static;;;;;;
"Gabata (Oromo)";"equalNumberOfPiecesOnTheBoard";27;true;;Static;;;;;;
"Gabata (Oromo)";"AllPlayerDeclared";27;true;;Static;;;;;;
"Gabata (Oromo)";"sizeOfTrack";29;false;"The length of the track is 5";Static;;;;;;
"Gabata (Shoa and Adegrat)";"lineLessOrEqualThanBoardSide";60;false;"Line concept is not present";Static;;;;;;
"Gabata (Shoa and Adegrat)";"eachPieceReferenceNotDuplicated";62;false;"The game does not have any piece declared as Each";Static;;;;;;
"Gabata (Shoa and Adegrat)";"pieceDeclaredAsEach";143;false;"The game does not have any piece declared as Each";Static;;;;;;
"Gabata (Shoa and Adegrat)";"pieceDeclaredAsShared";80;false;"A Shared Piece must appear at least twice in the description";Static;;;;;;
"Gabata (Shoa and Adegrat)";"pieceDeclaredAsNeutral";71;true;;Static;;;;;;
"Gabata (Shoa and Adegrat)";"equalNumberOfPiecesOnTheBoard";93;true;;Static;;;;;;
"Gabata (Shoa and Adegrat)";"AllPlayerDeclared";62;true;;Static;;;;;;
"Gabata (Shoa and Adegrat)";"sizeOfTrack";63;false;"The length of the track is 5";Static;;;;;;
"Gabata (Shoa I)";"lineLessOrEqualThanBoardSide";44;false;"Line concept is not present";Static;;;;;;
"Gabata (Shoa I)";"eachPieceReferenceNotDuplicated";43;false;"The game does not have any piece declared as Each";Static;;;;;;
"Gabata (Shoa I)";"pieceDeclaredAsEach";76;false;"The game does not have any piece declared as Each";Static;;;;;;
"Gabata (Shoa I)";"pieceDeclaredAsShared";44;false;"A Shared Piece must appear at least twice in the description";Static;;;;;;
"Gabata (Shoa I)";"pieceDeclaredAsNeutral";44;true;;Static;;;;;;
"Gabata (Shoa I)";"equalNumberOfPiecesOnTheBoard";55;true;;Static;;;;;;
"Gabata (Shoa I)";"AllPlayerDeclared";49;true;;Static;;;;;;
"Gabata (Shoa I)";"sizeOfTrack";44;false;"The length of the track is 5";Static;;;;;;
"Gabata (Wuqro)";"lineLessOrEqualThanBoardSide";54;false;"Line concept is not present";Static;;;;;;
"Gabata (Wuqro)";"eachPieceReferenceNotDuplicated";73;false;"The game does not have any piece declared as Each";Static;;;;;;
"Gabata (Wuqro)";"pieceDeclaredAsEach";100;false;"The game does not have any piece declared as Each";Static;;;;;;
"Gabata (Wuqro)";"pieceDeclaredAsShared";44;false;"A Shared Piece must appear at least twice in the description";Static;;;;;;
"Gabata (Wuqro)";"pieceDeclaredAsNeutral";60;true;;Static;;;;;;
"Gabata (Wuqro)";"equalNumberOfPiecesOnTheBoard";57;true;;Static;;;;;;
"Gabata (Wuqro)";"AllPlayerDeclared";67;true;;Static;;;;;;
"Gabata (Wuqro)";"sizeOfTrack";63;false;"The length of the track is 5";Static;;;;;;
"Galatjang";"lineLessOrEqualThanBoardSide";78;false;"Line concept is not present";Static;;;;;;
"Galatjang";"eachPieceReferenceNotDuplicated";57;false;"The game does not have any piece declared as Each";Static;;;;;;
"Galatjang";"pieceDeclaredAsEach";92;false;"The game does not have any piece declared as Each";Static;;;;;;
"Galatjang";"pieceDeclaredAsShared";55;false;"A Shared Piece must appear at least twice in the description";Static;;;;;;
"Galatjang";"pieceDeclaredAsNeutral";57;true;;Static;;;;;;
"Galatjang";"equalNumberOfPiecesOnTheBoard";64;true;;Static;;;;;;
"Galatjang";"AllPlayerDeclared";69;true;;Static;;;;;;
"Galatjang";"sizeOfTrack";57;false;"The owner 0 does not have a track";Static;;;;;;
"Gamacha (Nobility)";"lineLessOrEqualThanBoardSide";27;false;"Line concept is not present";Static;;;;;;
"Gamacha (Nobility)";"eachPieceReferenceNotDuplicated";23;false;"The game does not have any piece declared as Each";Static;;;;;;
"Gamacha (Nobility)";"pieceDeclaredAsEach";52;false;"The game does not have any piece declared as Each";Static;;;;;;
"Gamacha (Nobility)";"pieceDeclaredAsShared";23;false;"A Shared Piece must appear at least twice in the description";Static;;;;;;
"Gamacha (Nobility)";"pieceDeclaredAsNeutral";23;true;;Static;;;;;;
"Gamacha (Nobility)";"equalNumberOfPiecesOnTheBoard";22;true;;Static;;;;;;
"Gamacha (Nobility)";"AllPlayerDeclared";22;true;;Static;;;;;;
"Gamacha (Nobility)";"sizeOfTrack";21;false;"The length of the track is 5";Static;;;;;;
"Gamacha";"lineLessOrEqualThanBoardSide";20;false;"Line concept is not present";Static;;;;;;
"Gamacha";"eachPieceReferenceNotDuplicated";18;false;"The game does not have any piece declared as Each";Static;;;;;;
"Gamacha";"pieceDeclaredAsEach";49;false;"The game does not have any piece declared as Each";Static;;;;;;
"Gamacha";"pieceDeclaredAsShared";22;false;"A Shared Piece must appear at least twice in the description";Static;;;;;;
"Gamacha";"pieceDeclaredAsNeutral";18;true;;Static;;;;;;
"Gamacha";"equalNumberOfPiecesOnTheBoard";19;true;;Static;;;;;;
"Gamacha";"AllPlayerDeclared";24;true;;Static;;;;;;
"Gamacha";"sizeOfTrack";28;false;"The length of the track is 24";Static;;;;;;
"Gifia";"lineLessOrEqualThanBoardSide";27;false;"Line concept is not present";Static;;;;;;
"Gifia";"eachPieceReferenceNotDuplicated";26;false;"The game does not have any piece declared as Each";Static;;;;;;
"Gifia";"pieceDeclaredAsEach";59;false;"The game does not have any piece declared as Each";Static;;;;;;
"Gifia";"pieceDeclaredAsShared";28;false;"A Shared Piece must appear at least twice in the description";Static;;;;;;
"Gifia";"pieceDeclaredAsNeutral";26;true;;Static;;;;;;
"Gifia";"equalNumberOfPiecesOnTheBoard";26;true;;Static;;;;;;
"Gifia";"AllPlayerDeclared";27;true;;Static;;;;;;
"Gifia";"sizeOfTrack";30;false;"The length of the track is 8";Static;;;;;;
"Halusa";"lineLessOrEqualThanBoardSide";49;false;"Line concept is not present";Static;;;;;;
"Halusa";"eachPieceReferenceNotDuplicated";49;false;"The game does not have any piece declared as Each";Static;;;;;;
"Halusa";"pieceDeclaredAsEach";82;false;"The game does not have any piece declared as Each";Static;;;;;;
"Halusa";"pieceDeclaredAsShared";63;false;"A Shared Piece must appear at least twice in the description";Static;;;;;;
"Halusa";"pieceDeclaredAsNeutral";50;true;;Static;;;;;;
"Halusa";"equalNumberOfPiecesOnTheBoard";55;true;;Static;;;;;;
"Halusa";"AllPlayerDeclared";55;true;;Static;;;;;;
"Halusa";"sizeOfTrack";51;false;"The length of the track is 5";Static;;;;;;
"Hoyito";"lineLessOrEqualThanBoardSide";18;false;"Line concept is not present";Static;;;;;;
"Hoyito";"eachPieceReferenceNotDuplicated";20;false;"The game does not have any piece declared as Each";Static;;;;;;
"Hoyito";"pieceDeclaredAsEach";72;false;"The game does not have any piece declared as Each";Static;;;;;;
"Hoyito";"pieceDeclaredAsShared";30;false;"A Shared Piece must appear at least twice in the description";Static;;;;;;
"Hoyito";"pieceDeclaredAsNeutral";28;true;;Static;;;;;;
"Hoyito";"equalNumberOfPiecesOnTheBoard";22;true;;Static;;;;;;
"Hoyito";"AllPlayerDeclared";20;true;;Static;;;;;;
"Hoyito";"sizeOfTrack";22;false;"The length of the track is 5";Static;;;;;;
"Hufesay";"lineLessOrEqualThanBoardSide";49;false;"Line concept is not present";Static;;;;;;
"Hufesay";"eachPieceReferenceNotDuplicated";32;false;"The game does not have any piece declared as Each";Static;;;;;;
"Hufesay";"pieceDeclaredAsEach";82;false;"The game does not have any piece declared as Each";Static;;;;;;
"Hufesay";"pieceDeclaredAsShared";37;false;"A Shared Piece must appear at least twice in the description";Static;;;;;;
"Hufesay";"pieceDeclaredAsNeutral";34;true;;Static;;;;;;
"Hufesay";"equalNumberOfPiecesOnTheBoard";32;true;;Static;;;;;;
"Hufesay";"AllPlayerDeclared";31;true;;Static;;;;;;
"Hufesay";"sizeOfTrack";30;false;"The length of the track is 5";Static;;;;;;
"I Pere";"lineLessOrEqualThanBoardSide";13;false;"Line concept is not present";Static;;;;;;
"I Pere";"eachPieceReferenceNotDuplicated";14;false;"The game does not have any piece declared as Each";Static;;;;;;
"I Pere";"pieceDeclaredAsEach";53;false;"The game does not have any piece declared as Each";Static;;;;;;
"I Pere";"pieceDeclaredAsShared";14;false;"A Shared Piece must appear at least twice in the description";Static;;;;;;
"I Pere";"pieceDeclaredAsNeutral";13;true;;Static;;;;;;
"I Pere";"equalNumberOfPiecesOnTheBoard";13;true;;Static;;;;;;
"I Pere";"AllPlayerDeclared";13;true;;Static;;;;;;
"I Pere";"sizeOfTrack";12;false;"The length of the track is 10";Static;;;;;;
"I";"lineLessOrEqualThanBoardSide";25;false;"Line concept is not present";Static;;;;;;
"I";"eachPieceReferenceNotDuplicated";17;false;"The game does not have any piece declared as Each";Static;;;;;;
"I";"pieceDeclaredAsEach";55;false;"The game does not have any piece declared as Each";Static;;;;;;
"I";"pieceDeclaredAsShared";12;false;"A Shared Piece must appear at least twice in the description";Static;;;;;;
"I";"pieceDeclaredAsNeutral";11;true;;Static;;;;;;
"I";"equalNumberOfPiecesOnTheBoard";11;true;;Static;;;;;;
"I";"AllPlayerDeclared";14;true;;Static;;;;;;
"I";"sizeOfTrack";15;false;"The length of the track is 2";Static;;;;;;
"Intotoi";"lineLessOrEqualThanBoardSide";113;false;"Line concept is not present";Static;;;;;;
"Intotoi";"eachPieceReferenceNotDuplicated";144;false;"The game does not have any piece declared as Each";Static;;;;;;
"Intotoi";"pieceDeclaredAsEach";159;false;"The game does not have any piece declared as Each";Static;;;;;;
"Intotoi";"pieceDeclaredAsShared";116;false;"A Shared Piece must appear at least twice in the description";Static;;;;;;
"Intotoi";"pieceDeclaredAsNeutral";112;true;;Static;;;;;;
"Intotoi";"equalNumberOfPiecesOnTheBoard";116;true;;Static;;;;;;
"Intotoi";"AllPlayerDeclared";111;true;;Static;;;;;;
"Intotoi";"sizeOfTrack";115;false;"The length of the track is 11";Static;;;;;;
"Iyogh";"lineLessOrEqualThanBoardSide";172;false;"Line concept is not present";Static;;;;;;
"Iyogh";"eachPieceReferenceNotDuplicated";172;false;"The game does not have any piece declared as Each";Static;;;;;;
"Iyogh";"pieceDeclaredAsEach";197;false;"The game does not have any piece declared as Each";Static;;;;;;
"Iyogh";"pieceDeclaredAsShared";170;false;"A Shared Piece must appear at least twice in the description";Static;;;;;;
"Iyogh";"pieceDeclaredAsNeutral";169;true;;Static;;;;;;
"Iyogh";"equalNumberOfPiecesOnTheBoard";175;true;;Static;;;;;;
"Iyogh";"AllPlayerDeclared";186;true;;Static;;;;;;
"Iyogh";"sizeOfTrack";170;false;"The length of the track is 7";Static;;;;;;
"J'erin";"lineLessOrEqualThanBoardSide";41;false;"Line concept is not present";Static;;;;;;
"J'erin";"eachPieceReferenceNotDuplicated";40;false;"The game does not have any piece declared as Each";Static;;;;;;
"J'erin";"pieceDeclaredAsEach";83;false;"The game does not have any piece declared as Each";Static;;;;;;
"J'erin";"pieceDeclaredAsShared";42;false;"A Shared Piece must appear at least twice in the description";Static;;;;;;
"J'erin";"pieceDeclaredAsNeutral";38;true;;Static;;;;;;
"J'erin";"equalNumberOfPiecesOnTheBoard";45;true;;Static;;;;;;
"J'erin";"AllPlayerDeclared";41;true;;Static;;;;;;
"J'erin";"sizeOfTrack";41;false;"The length of the track is 5";Static;;;;;;
"J'odu";"lineLessOrEqualThanBoardSide";31;false;"Line concept is not present";Static;;;;;;
"J'odu";"eachPieceReferenceNotDuplicated";31;false;"The game does not have any piece declared as Each";Static;;;;;;
"J'odu";"pieceDeclaredAsEach";60;false;"The game does not have any piece declared as Each";Static;;;;;;
"J'odu";"pieceDeclaredAsShared";33;false;"A Shared Piece must appear at least twice in the description";Static;;;;;;
"J'odu";"pieceDeclaredAsNeutral";30;true;;Static;;;;;;
"J'odu";"equalNumberOfPiecesOnTheBoard";33;true;;Static;;;;;;
"J'odu";"AllPlayerDeclared";35;true;;Static;;;;;;
"J'odu";"sizeOfTrack";38;false;"The length of the track is 12";Static;;;;;;
"Jimafesosh";"lineLessOrEqualThanBoardSide";57;false;"Line concept is not present";Static;;;;;;
"Jimafesosh";"eachPieceReferenceNotDuplicated";86;false;"The game does not have any piece declared as Each";Static;;;;;;
"Jimafesosh";"pieceDeclaredAsEach";91;false;"The game does not have any piece declared as Each";Static;;;;;;
"Jimafesosh";"pieceDeclaredAsShared";50;false;"A Shared Piece must appear at least twice in the description";Static;;;;;;
"Jimafesosh";"pieceDeclaredAsNeutral";47;true;;Static;;;;;;
"Jimafesosh";"equalNumberOfPiecesOnTheBoard";53;true;;Static;;;;;;
"Jimafesosh";"AllPlayerDeclared";77;true;;Static;;;;;;
"Jimafesosh";"sizeOfTrack";67;false;"The length of the track is 5";Static;;;;;;
"Kalah";"lineLessOrEqualThanBoardSide";22;false;"Line concept is not present";Static;;;;;;
"Kalah";"eachPieceReferenceNotDuplicated";20;false;"The game does not have any piece declared as Each";Static;;;;;;
"Kalah";"pieceDeclaredAsEach";81;false;"The game does not have any piece declared as Each";Static;;;;;;
"Kalah";"pieceDeclaredAsShared";31;false;"A Shared Piece must appear at least twice in the description";Static;;;;;;
"Kalah";"pieceDeclaredAsNeutral";26;true;;Static;;;;;;
"Kalah";"equalNumberOfPiecesOnTheBoard";20;true;;Static;;;;;;
"Kalah";"AllPlayerDeclared";20;true;;Static;;;;;;
"Kalah";"sizeOfTrack";36;false;"The length of the track is 14";Static;;;;;;
"Kanji Guti";"lineLessOrEqualThanBoardSide";41;false;"Line concept is not present";Static;;;;;;
"Kanji Guti";"eachPieceReferenceNotDuplicated";34;false;"The game does not have any piece declared as Each";Static;;;;;;
"Kanji Guti";"pieceDeclaredAsEach";60;false;"The game does not have any piece declared as Each";Static;;;;;;
"Kanji Guti";"pieceDeclaredAsShared";26;false;"A Shared Piece must appear at least twice in the description";Static;;;;;;
"Kanji Guti";"pieceDeclaredAsNeutral";24;true;;Static;;;;;;
"Kanji Guti";"equalNumberOfPiecesOnTheBoard";34;true;;Static;;;;;;
"Kanji Guti";"AllPlayerDeclared";27;true;;Static;;;;;;
"Kanji Guti";"sizeOfTrack";24;false;"The length of the track is 6";Static;;;;;;
"Kapana Bona";"lineLessOrEqualThanBoardSide";12;false;"Line concept is not present";Static;;;;;;
"Kapana Bona";"eachPieceReferenceNotDuplicated";10;false;"The game does not have any piece declared as Each";Static;;;;;;
"Kapana Bona";"pieceDeclaredAsEach";46;false;"The game does not have any piece declared as Each";Static;;;;;;
"Kapana Bona";"pieceDeclaredAsShared";11;false;"A Shared Piece must appear at least twice in the description";Static;;;;;;
"Kapana Bona";"pieceDeclaredAsNeutral";11;true;;Static;;;;;;
"Kapana Bona";"equalNumberOfPiecesOnTheBoard";10;true;;Static;;;;;;
"Kapana Bona";"AllPlayerDeclared";10;true;;Static;;;;;;
"Kapana Bona";"sizeOfTrack";10;false;"The length of the track is 2";Static;;;;;;
"Kara";"lineLessOrEqualThanBoardSide";15;false;"Line concept is not present";Static;;;;;;
"Kara";"eachPieceReferenceNotDuplicated";17;false;"The game does not have any piece declared as Each";Static;;;;;;
"Kara";"pieceDeclaredAsEach";45;false;"The game does not have any piece declared as Each";Static;;;;;;
"Kara";"pieceDeclaredAsShared";16;false;"A Shared Piece must appear at least twice in the description";Static;;;;;;
"Kara";"pieceDeclaredAsNeutral";26;true;;Static;;;;;;
"Kara";"equalNumberOfPiecesOnTheBoard";21;true;;Static;;;;;;
"Kara";"AllPlayerDeclared";15;true;;Static;;;;;;
"Kara";"sizeOfTrack";15;false;"The length of the track is 6";Static;;;;;;
"Kay";"lineLessOrEqualThanBoardSide";22;false;"Line concept is not present";Static;;;;;;
"Kay";"eachPieceReferenceNotDuplicated";23;false;"The game does not have any piece declared as Each";Static;;;;;;
"Kay";"pieceDeclaredAsEach";53;false;"The game does not have any piece declared as Each";Static;;;;;;
"Kay";"pieceDeclaredAsShared";26;false;"A Shared Piece must appear at least twice in the description";Static;;;;;;
"Kay";"pieceDeclaredAsNeutral";28;true;;Static;;;;;;
"Kay";"equalNumberOfPiecesOnTheBoard";22;true;;Static;;;;;;
"Kay";"AllPlayerDeclared";23;true;;Static;;;;;;
"Kay";"sizeOfTrack";23;false;"The length of the track is 12";Static;;;;;;
"Khrour";"lineLessOrEqualThanBoardSide";36;false;"Line concept is not present";Static;;;;;;
"Khrour";"eachPieceReferenceNotDuplicated";27;false;"The game does not have any piece declared as Each";Static;;;;;;
"Khrour";"pieceDeclaredAsEach";55;false;"The game does not have any piece declared as Each";Static;;;;;;
"Khrour";"pieceDeclaredAsShared";26;false;"A Shared Piece must appear at least twice in the description";Static;;;;;;
"Khrour";"pieceDeclaredAsNeutral";25;true;;Static;;;;;;
"Khrour";"equalNumberOfPiecesOnTheBoard";25;true;;Static;;;;;;
"Khrour";"AllPlayerDeclared";25;true;;Static;;;;;;
"Khrour";"sizeOfTrack";25;false;"The length of the track is 1";Static;;;;;;
"Khutka Boia";"lineLessOrEqualThanBoardSide";48;false;"Line concept is not present";Static;;;;;;
"Khutka Boia";"eachPieceReferenceNotDuplicated";51;false;"The game does not have any piece declared as Each";Static;;;;;;
"Khutka Boia";"pieceDeclaredAsEach";95;false;"The game does not have any piece declared as Each";Static;;;;;;
"Khutka Boia";"pieceDeclaredAsShared";46;false;"A Shared Piece must appear at least twice in the description";Static;;;;;;
"Khutka Boia";"pieceDeclaredAsNeutral";61;true;;Static;;;;;;
"Khutka Boia";"equalNumberOfPiecesOnTheBoard";50;true;;Static;;;;;;
"Khutka Boia";"AllPlayerDeclared";47;true;;Static;;;;;;
"Khutka Boia";"sizeOfTrack";48;false;"The length of the track is 4";Static;;;;;;
"Kiuthi";"lineLessOrEqualThanBoardSide";158;false;"Line concept is not present";Static;;;;;;
"Kiuthi";"eachPieceReferenceNotDuplicated";156;false;"The game does not have any piece declared as Each";Static;;;;;;
"Kiuthi";"pieceDeclaredAsEach";179;false;"The game does not have any piece declared as Each";Static;;;;;;
"Kiuthi";"pieceDeclaredAsShared";144;false;"A Shared Piece must appear at least twice in the description";Static;;;;;;
"Kiuthi";"pieceDeclaredAsNeutral";138;true;;Static;;;;;;
"Kiuthi";"equalNumberOfPiecesOnTheBoard";139;true;;Static;;;;;;
"Kiuthi";"AllPlayerDeclared";142;true;;Static;;;;;;
"Kiuthi";"sizeOfTrack";198;false;"The length of the track is 12";Static;;;;;;
"Koro";"lineLessOrEqualThanBoardSide";20;false;"Line concept is not present";Static;;;;;;
"Koro";"eachPieceReferenceNotDuplicated";17;false;"The game does not have any piece declared as Each";Static;;;;;;
"Koro";"pieceDeclaredAsEach";47;false;"The game does not have any piece declared as Each";Static;;;;;;
"Koro";"pieceDeclaredAsShared";20;false;"A Shared Piece must appear at least twice in the description";Static;;;;;;
"Koro";"pieceDeclaredAsNeutral";18;true;;Static;;;;;;
"Koro";"equalNumberOfPiecesOnTheBoard";20;true;;Static;;;;;;
"Koro";"AllPlayerDeclared";18;true;;Static;;;;;;
"Koro";"sizeOfTrack";18;false;"The length of the track is 12";Static;;;;;;
"Kotu Baendum";"lineLessOrEqualThanBoardSide";205;false;"Line concept is not present";Static;;;;;;
"Kotu Baendum";"eachPieceReferenceNotDuplicated";204;false;"The game does not have any piece declared as Each";Static;;;;;;
"Kotu Baendum";"pieceDeclaredAsEach";242;false;"The game does not have any piece declared as Each";Static;;;;;;
"Kotu Baendum";"pieceDeclaredAsShared";201;false;"A Shared Piece must appear at least twice in the description";Static;;;;;;
"Kotu Baendum";"pieceDeclaredAsNeutral";215;true;;Static;;;;;;
"Kotu Baendum";"equalNumberOfPiecesOnTheBoard";203;true;;Static;;;;;;
"Kotu Baendum";"AllPlayerDeclared";204;true;;Static;;;;;;
"Kotu Baendum";"sizeOfTrack";204;false;"The length of the track is 14";Static;;;;;;
"Kpo";"lineLessOrEqualThanBoardSide";13;false;"Line concept is not present";Static;;;;;;
"Kpo";"eachPieceReferenceNotDuplicated";11;false;"The game does not have any piece declared as Each";Static;;;;;;
"Kpo";"pieceDeclaredAsEach";40;false;"The game does not have any piece declared as Each";Static;;;;;;
"Kpo";"pieceDeclaredAsShared";11;false;"A Shared Piece must appear at least twice in the description";Static;;;;;;
"Kpo";"pieceDeclaredAsNeutral";10;true;;Static;;;;;;
"Kpo";"equalNumberOfPiecesOnTheBoard";11;true;;Static;;;;;;
"Kpo";"AllPlayerDeclared";10;true;;Static;;;;;;
"Kpo";"sizeOfTrack";14;false;"The length of the track is 12";Static;;;;;;
"La'b Akila";"lineLessOrEqualThanBoardSide";33;false;"Line concept is not present";Static;;;;;;
"La'b Akila";"eachPieceReferenceNotDuplicated";33;false;"The game does not have any piece declared as Each";Static;;;;;;
"La'b Akila";"pieceDeclaredAsEach";64;false;"The game does not have any piece declared as Each";Static;;;;;;
"La'b Akila";"pieceDeclaredAsShared";35;false;"A Shared Piece must appear at least twice in the description";Static;;;;;;
"La'b Akila";"pieceDeclaredAsNeutral";33;true;;Static;;;;;;
"La'b Akila";"equalNumberOfPiecesOnTheBoard";34;true;;Static;;;;;;
"La'b Akila";"AllPlayerDeclared";36;true;;Static;;;;;;
"La'b Akila";"sizeOfTrack";34;false;"The length of the track is 6";Static;;;;;;
"Lam Waladach";"lineLessOrEqualThanBoardSide";28;false;"Line concept is not present";Static;;;;;;
"Lam Waladach";"eachPieceReferenceNotDuplicated";26;false;"The game does not have any piece declared as Each";Static;;;;;;
"Lam Waladach";"pieceDeclaredAsEach";56;false;"The game does not have any piece declared as Each";Static;;;;;;
"Lam Waladach";"pieceDeclaredAsShared";36;false;"A Shared Piece must appear at least twice in the description";Static;;;;;;
"Lam Waladach";"pieceDeclaredAsNeutral";38;true;;Static;;;;;;
"Lam Waladach";"equalNumberOfPiecesOnTheBoard";31;true;;Static;;;;;;
"Lam Waladach";"AllPlayerDeclared";29;true;;Static;;;;;;
"Lam Waladach";"sizeOfTrack";30;false;"The length of the track is 5";Static;;;;;;
"Lamosh";"lineLessOrEqualThanBoardSide";34;false;"Line concept is not present";Static;;;;;;
"Lamosh";"eachPieceReferenceNotDuplicated";34;false;"The game does not have any piece declared as Each";Static;;;;;;
"Lamosh";"pieceDeclaredAsEach";65;false;"The game does not have any piece declared as Each";Static;;;;;;
"Lamosh";"pieceDeclaredAsShared";34;false;"A Shared Piece must appear at least twice in the description";Static;;;;;;
"Lamosh";"pieceDeclaredAsNeutral";33;true;;Static;;;;;;
"Lamosh";"equalNumberOfPiecesOnTheBoard";34;true;;Static;;;;;;
"Lamosh";"AllPlayerDeclared";35;true;;Static;;;;;;
"Lamosh";"sizeOfTrack";35;false;"The length of the track is 5";Static;;;;;;
"Laomuzhu";"lineLessOrEqualThanBoardSide";58;false;"Line concept is not present";Static;;;;;;
"Laomuzhu";"eachPieceReferenceNotDuplicated";63;false;"The game does not have any piece declared as Each";Static;;;;;;
"Laomuzhu";"pieceDeclaredAsEach";85;false;"The game does not have any piece declared as Each";Static;;;;;;
"Laomuzhu";"pieceDeclaredAsShared";57;true;;Static;;;;;;
"Laomuzhu";"pieceDeclaredAsNeutral";53;true;;Static;;;;;;
"Laomuzhu";"equalNumberOfPiecesOnTheBoard";53;true;;Static;;;;;;
"Laomuzhu";"AllPlayerDeclared";56;true;;Static;;;;;;
"Laomuzhu";"sizeOfTrack";53;false;"The length of the track is 4";Static;;;;;;
"Leyla Gobale (Gabradarre)";"lineLessOrEqualThanBoardSide";42;false;"Line concept is not present";Static;;;;;;
"Leyla Gobale (Gabradarre)";"eachPieceReferenceNotDuplicated";58;false;"The game does not have any piece declared as Each";Static;;;;;;
"Leyla Gobale (Gabradarre)";"pieceDeclaredAsEach";70;false;"The game does not have any piece declared as Each";Static;;;;;;
"Leyla Gobale (Gabradarre)";"pieceDeclaredAsShared";42;false;"A Shared Piece must appear at least twice in the description";Static;;;;;;
"Leyla Gobale (Gabradarre)";"pieceDeclaredAsNeutral";44;true;;Static;;;;;;
"Leyla Gobale (Gabradarre)";"equalNumberOfPiecesOnTheBoard";43;true;;Static;;;;;;
"Leyla Gobale (Gabradarre)";"AllPlayerDeclared";40;true;;Static;;;;;;
"Leyla Gobale (Gabradarre)";"sizeOfTrack";42;false;"The length of the track is 5";Static;;;;;;
"Leyla Gobale (Somaliland)";"lineLessOrEqualThanBoardSide";45;false;"Line concept is not present";Static;;;;;;
"Leyla Gobale (Somaliland)";"eachPieceReferenceNotDuplicated";43;false;"The game does not have any piece declared as Each";Static;;;;;;
"Leyla Gobale (Somaliland)";"pieceDeclaredAsEach";77;false;"The game does not have any piece declared as Each";Static;;;;;;
"Leyla Gobale (Somaliland)";"pieceDeclaredAsShared";61;false;"A Shared Piece must appear at least twice in the description";Static;;;;;;
"Leyla Gobale (Somaliland)";"pieceDeclaredAsNeutral";43;true;;Static;;;;;;
"Leyla Gobale (Somaliland)";"equalNumberOfPiecesOnTheBoard";53;true;;Static;;;;;;
"Leyla Gobale (Somaliland)";"AllPlayerDeclared";45;true;;Static;;;;;;
"Leyla Gobale (Somaliland)";"sizeOfTrack";45;false;"The length of the track is 5";Static;;;;;;
"Leyla";"lineLessOrEqualThanBoardSide";37;false;"Line concept is not present";Static;;;;;;
"Leyla";"eachPieceReferenceNotDuplicated";30;false;"The game does not have any piece declared as Each";Static;;;;;;
"Leyla";"pieceDeclaredAsEach";62;false;"The game does not have any piece declared as Each";Static;;;;;;
"Leyla";"pieceDeclaredAsShared";34;false;"A Shared Piece must appear at least twice in the description";Static;;;;;;
"Leyla";"pieceDeclaredAsNeutral";31;true;;Static;;;;;;
"Leyla";"equalNumberOfPiecesOnTheBoard";32;true;;Static;;;;;;
"Leyla";"AllPlayerDeclared";36;true;;Static;;;;;;
"Leyla";"sizeOfTrack";40;false;"The length of the track is 5";Static;;;;;;
"Li'b al-'Aqil";"lineLessOrEqualThanBoardSide";66;false;"Line concept is not present";Static;;;;;;
"Li'b al-'Aqil";"eachPieceReferenceNotDuplicated";63;false;"The game does not have any piece declared as Each";Static;;;;;;
"Li'b al-'Aqil";"pieceDeclaredAsEach";88;false;"The game does not have any piece declared as Each";Static;;;;;;
"Li'b al-'Aqil";"pieceDeclaredAsShared";58;true;;Static;;;;;;
"Li'b al-'Aqil";"pieceDeclaredAsNeutral";58;true;;Static;;;;;;
"Li'b al-'Aqil";"equalNumberOfPiecesOnTheBoard";60;true;;Static;;;;;;
"Li'b al-'Aqil";"AllPlayerDeclared";63;true;;Static;;;;;;
"Li'b al-'Aqil";"sizeOfTrack";68;false;"The length of the track is 5";Static;;;;;;
"Li'b al-Ghashim";"lineLessOrEqualThanBoardSide";60;false;"Line concept is not present";Static;;;;;;
"Li'b al-Ghashim";"eachPieceReferenceNotDuplicated";64;false;"The game does not have any piece declared as Each";Static;;;;;;
"Li'b al-Ghashim";"pieceDeclaredAsEach";92;false;"The game does not have any piece declared as Each";Static;;;;;;
"Li'b al-Ghashim";"pieceDeclaredAsShared";64;true;;Static;;;;;;
"Li'b al-Ghashim";"pieceDeclaredAsNeutral";79;true;;Static;;;;;;
"Li'b al-Ghashim";"equalNumberOfPiecesOnTheBoard";68;true;;Static;;;;;;
"Li'b al-Ghashim";"AllPlayerDeclared";77;true;;Static;;;;;;
"Li'b al-Ghashim";"sizeOfTrack";78;false;"The length of the track is 5";Static;;;;;;
"Lontu-Holo";"lineLessOrEqualThanBoardSide";40;false;"Line concept is not present";Static;;;;;;
"Lontu-Holo";"eachPieceReferenceNotDuplicated";44;false;"The game does not have any piece declared as Each";Static;;;;;;
"Lontu-Holo";"pieceDeclaredAsEach";71;false;"The game does not have any piece declared as Each";Static;;;;;;
"Lontu-Holo";"pieceDeclaredAsShared";33;false;"A Shared Piece must appear at least twice in the description";Static;;;;;;
"Lontu-Holo";"pieceDeclaredAsNeutral";33;true;;Static;;;;;;
"Lontu-Holo";"equalNumberOfPiecesOnTheBoard";39;true;;Static;;;;;;
"Lontu-Holo";"AllPlayerDeclared";44;true;;Static;;;;;;
"Lontu-Holo";"sizeOfTrack";48;false;"The owner 0 does not have a track";Static;;;;;;
"Luuth";"lineLessOrEqualThanBoardSide";26;false;"Line concept is not present";Static;;;;;;
"Luuth";"eachPieceReferenceNotDuplicated";21;false;"The game does not have any piece declared as Each";Static;;;;;;
"Luuth";"pieceDeclaredAsEach";57;false;"The game does not have any piece declared as Each";Static;;;;;;
"Luuth";"pieceDeclaredAsShared";25;false;"A Shared Piece must appear at least twice in the description";Static;;;;;;
"Luuth";"pieceDeclaredAsNeutral";23;true;;Static;;;;;;
"Luuth";"equalNumberOfPiecesOnTheBoard";25;true;;Static;;;;;;
"Luuth";"AllPlayerDeclared";27;true;;Static;;;;;;
"Luuth";"sizeOfTrack";22;false;"The length of the track is 6";Static;;;;;;
"Main Chongkak";"lineLessOrEqualThanBoardSide";32;false;"Line concept is not present";Static;;;;;;
"Main Chongkak";"eachPieceReferenceNotDuplicated";34;false;"The game does not have any piece declared as Each";Static;;;;;;
"Main Chongkak";"pieceDeclaredAsEach";64;false;"The game does not have any piece declared as Each";Static;;;;;;
"Main Chongkak";"pieceDeclaredAsShared";32;false;"A Shared Piece must appear at least twice in the description";Static;;;;;;
"Main Chongkak";"pieceDeclaredAsNeutral";34;true;;Static;;;;;;
"Main Chongkak";"equalNumberOfPiecesOnTheBoard";33;true;;Static;;;;;;
"Main Chongkak";"AllPlayerDeclared";39;true;;Static;;;;;;
"Main Chongkak";"sizeOfTrack";35;false;"The length of the track is 14";Static;;;;;;
"Mangala (Bedouin)";"lineLessOrEqualThanBoardSide";29;false;"Line concept is not present";Static;;;;;;
"Mangala (Bedouin)";"eachPieceReferenceNotDuplicated";26;false;"The game does not have any piece declared as Each";Static;;;;;;
"Mangala (Bedouin)";"pieceDeclaredAsEach";55;false;"The game does not have any piece declared as Each";Static;;;;;;
"Mangala (Bedouin)";"pieceDeclaredAsShared";28;true;;Static;;;;;;
"Mangala (Bedouin)";"pieceDeclaredAsNeutral";23;true;;Static;;;;;;
"Mangala (Bedouin)";"equalNumberOfPiecesOnTheBoard";24;true;;Static;;;;;;
"Mangala (Bedouin)";"AllPlayerDeclared";26;true;;Static;;;;;;
"Mangala (Bedouin)";"sizeOfTrack";27;false;"The length of the track is 5";Static;;;;;;
"Mangala (Suez)";"lineLessOrEqualThanBoardSide";18;false;"Line concept is not present";Static;;;;;;
"Mangala (Suez)";"eachPieceReferenceNotDuplicated";19;false;"The game does not have any piece declared as Each";Static;;;;;;
"Mangala (Suez)";"pieceDeclaredAsEach";52;false;"The game does not have any piece declared as Each";Static;;;;;;
"Mangala (Suez)";"pieceDeclaredAsShared";17;false;"A Shared Piece must appear at least twice in the description";Static;;;;;;
"Mangala (Suez)";"pieceDeclaredAsNeutral";18;true;;Static;;;;;;
"Mangala (Suez)";"equalNumberOfPiecesOnTheBoard";19;true;;Static;;;;;;
"Mangala (Suez)";"AllPlayerDeclared";16;true;;Static;;;;;;
"Mangala (Suez)";"sizeOfTrack";22;false;"The length of the track is 5";Static;;;;;;
"Mangala (Turkey)";"lineLessOrEqualThanBoardSide";18;false;"Line concept is not present";Static;;;;;;
"Mangala (Turkey)";"eachPieceReferenceNotDuplicated";17;false;"The game does not have any piece declared as Each";Static;;;;;;
"Mangala (Turkey)";"pieceDeclaredAsEach";62;false;"The game does not have any piece declared as Each";Static;;;;;;
"Mangala (Turkey)";"pieceDeclaredAsShared";16;false;"A Shared Piece must appear at least twice in the description";Static;;;;;;
"Mangala (Turkey)";"pieceDeclaredAsNeutral";16;true;;Static;;;;;;
"Mangala (Turkey)";"equalNumberOfPiecesOnTheBoard";15;true;;Static;;;;;;
"Mangala (Turkey)";"AllPlayerDeclared";14;true;;Static;;;;;;
"Mangala (Turkey)";"sizeOfTrack";16;false;"The length of the track is 6";Static;;;;;;
"Mankala";"lineLessOrEqualThanBoardSide";18;false;"Line concept is not present";Static;;;;;;
"Mankala";"eachPieceReferenceNotDuplicated";15;false;"The game does not have any piece declared as Each";Static;;;;;;
"Mankala";"pieceDeclaredAsEach";51;false;"The game does not have any piece declared as Each";Static;;;;;;
"Mankala";"pieceDeclaredAsShared";17;false;"A Shared Piece must appear at least twice in the description";Static;;;;;;
"Mankala";"pieceDeclaredAsNeutral";15;true;;Static;;;;;;
"Mankala";"equalNumberOfPiecesOnTheBoard";15;true;;Static;;;;;;
"Mankala";"AllPlayerDeclared";15;true;;Static;;;;;;
"Mankala";"sizeOfTrack";15;false;"The length of the track is 5";Static;;;;;;
"Mawkar Katiya";"lineLessOrEqualThanBoardSide";74;false;"Line concept is not present";Static;;;;;;
"Mawkar Katiya";"eachPieceReferenceNotDuplicated";78;false;"The game does not have any piece declared as Each";Static;;;;;;
"Mawkar Katiya";"pieceDeclaredAsEach";118;false;"The game does not have any piece declared as Each";Static;;;;;;
"Mawkar Katiya";"pieceDeclaredAsShared";85;false;"A Shared Piece must appear at least twice in the description";Static;;;;;;
"Mawkar Katiya";"pieceDeclaredAsNeutral";84;true;;Static;;;;;;
"Mawkar Katiya";"equalNumberOfPiecesOnTheBoard";78;true;;Static;;;;;;
"Mawkar Katiya";"AllPlayerDeclared";80;true;;Static;;;;;;
"Mawkar Katiya";"sizeOfTrack";82;false;"The length of the track is 6";Static;;;;;;
"Meusueb";"lineLessOrEqualThanBoardSide";25;false;"Line concept is not present";Static;;;;;;
"Meusueb";"eachPieceReferenceNotDuplicated";25;false;"The game does not have any piece declared as Each";Static;;;;;;
"Meusueb";"pieceDeclaredAsEach";59;false;"The game does not have any piece declared as Each";Static;;;;;;
"Meusueb";"pieceDeclaredAsShared";32;false;"A Shared Piece must appear at least twice in the description";Static;;;;;;
"Meusueb";"pieceDeclaredAsNeutral";26;true;;Static;;;;;;
"Meusueb";"equalNumberOfPiecesOnTheBoard";23;true;;Static;;;;;;
"Meusueb";"AllPlayerDeclared";24;true;;Static;;;;;;
"Meusueb";"sizeOfTrack";23;false;"The length of the track is 12";Static;;;;;;
"Mewegae";"lineLessOrEqualThanBoardSide";49;false;"Line concept is not present";Static;;;;;;
"Mewegae";"eachPieceReferenceNotDuplicated";48;false;"The game does not have any piece declared as Each";Static;;;;;;
"Mewegae";"pieceDeclaredAsEach";79;false;"The game does not have any piece declared as Each";Static;;;;;;
"Mewegae";"pieceDeclaredAsShared";48;false;"A Shared Piece must appear at least twice in the description";Static;;;;;;
"Mewegae";"pieceDeclaredAsNeutral";50;true;;Static;;;;;;
"Mewegae";"equalNumberOfPiecesOnTheBoard";50;true;;Static;;;;;;
"Mewegae";"AllPlayerDeclared";55;true;;Static;;;;;;
"Mewegae";"sizeOfTrack";57;false;"The length of the track is 5";Static;;;;;;
"Mewelad";"lineLessOrEqualThanBoardSide";31;false;"Line concept is not present";Static;;;;;;
"Mewelad";"eachPieceReferenceNotDuplicated";31;false;"The game does not have any piece declared as Each";Static;;;;;;
"Mewelad";"pieceDeclaredAsEach";66;false;"The game does not have any piece declared as Each";Static;;;;;;
"Mewelad";"pieceDeclaredAsShared";31;false;"A Shared Piece must appear at least twice in the description";Static;;;;;;
"Mewelad";"pieceDeclaredAsNeutral";32;true;;Static;;;;;;
"Mewelad";"equalNumberOfPiecesOnTheBoard";29;true;;Static;;;;;;
"Mewelad";"AllPlayerDeclared";29;true;;Static;;;;;;
"Mewelad";"sizeOfTrack";31;false;"The length of the track is 5";Static;;;;;;
"Motiq";"lineLessOrEqualThanBoardSide";56;false;"Line concept is not present";Static;;;;;;
"Motiq";"eachPieceReferenceNotDuplicated";57;false;"The game does not have any piece declared as Each";Static;;;;;;
"Motiq";"pieceDeclaredAsEach";94;false;"The game does not have any piece declared as Each";Static;;;;;;
"Motiq";"pieceDeclaredAsShared";58;false;"A Shared Piece must appear at least twice in the description";Static;;;;;;
"Motiq";"pieceDeclaredAsNeutral";62;true;;Static;;;;;;
"Motiq";"equalNumberOfPiecesOnTheBoard";55;true;;Static;;;;;;
"Motiq";"AllPlayerDeclared";54;true;;Static;;;;;;
"Motiq";"sizeOfTrack";58;false;"The length of the track is 6";Static;;;;;;
"Ntyenge";"lineLessOrEqualThanBoardSide";14;false;"Line concept is not present";Static;;;;;;
"Ntyenge";"eachPieceReferenceNotDuplicated";13;false;"The game does not have any piece declared as Each";Static;;;;;;
"Ntyenge";"pieceDeclaredAsEach";44;false;"The game does not have any piece declared as Each";Static;;;;;;
"Ntyenge";"pieceDeclaredAsShared";13;false;"A Shared Piece must appear at least twice in the description";Static;;;;;;
"Ntyenge";"pieceDeclaredAsNeutral";12;true;;Static;;;;;;
"Ntyenge";"equalNumberOfPiecesOnTheBoard";12;true;;Static;;;;;;
"Ntyenge";"AllPlayerDeclared";12;true;;Static;;;;;;
"Ntyenge";"sizeOfTrack";12;false;"The length of the track is 7";Static;;;;;;
"O An Quan";"lineLessOrEqualThanBoardSide";189;false;"Line concept is not present";Static;;;;;;
"O An Quan";"eachPieceReferenceNotDuplicated";176;false;"The game does not have any piece declared as Each";Static;;;;;;
"O An Quan";"pieceDeclaredAsEach";224;false;"The game does not have any piece declared as Each";Static;;;;;;
"O An Quan";"pieceDeclaredAsShared";184;true;;Static;;;;;;
"O An Quan";"pieceDeclaredAsNeutral";183;true;;Static;;;;;;
"O An Quan";"equalNumberOfPiecesOnTheBoard";177;true;;Static;;;;;;
"O An Quan";"AllPlayerDeclared";182;true;;Static;;;;;;
"O An Quan";"sizeOfTrack";183;false;"The length of the track is 6";Static;;;;;;
"Obridje";"lineLessOrEqualThanBoardSide";31;false;"Line concept is not present";Static;;;;;;
"Obridje";"eachPieceReferenceNotDuplicated";29;false;"The game does not have any piece declared as Each";Static;;;;;;
"Obridje";"pieceDeclaredAsEach";62;false;"The game does not have any piece declared as Each";Static;;;;;;
"Obridje";"pieceDeclaredAsShared";23;false;"A Shared Piece must appear at least twice in the description";Static;;;;;;
"Obridje";"pieceDeclaredAsNeutral";22;true;;Static;;;;;;
"Obridje";"equalNumberOfPiecesOnTheBoard";24;true;;Static;;;;;;
"Obridje";"AllPlayerDeclared";23;true;;Static;;;;;;
"Obridje";"sizeOfTrack";23;false;"The length of the track is 12";Static;;;;;;
"Okwe (Nigeria)";"lineLessOrEqualThanBoardSide";30;false;"Line concept is not present";Static;;;;;;
"Okwe (Nigeria)";"eachPieceReferenceNotDuplicated";32;false;"The game does not have any piece declared as Each";Static;;;;;;
"Okwe (Nigeria)";"pieceDeclaredAsEach";62;false;"The game does not have any piece declared as Each";Static;;;;;;
"Okwe (Nigeria)";"pieceDeclaredAsShared";29;false;"A Shared Piece must appear at least twice in the description";Static;;;;;;
"Okwe (Nigeria)";"pieceDeclaredAsNeutral";28;true;;Static;;;;;;
"Okwe (Nigeria)";"equalNumberOfPiecesOnTheBoard";28;true;;Static;;;;;;
"Okwe (Nigeria)";"AllPlayerDeclared";30;true;;Static;;;;;;
"Okwe (Nigeria)";"sizeOfTrack";28;false;"The length of the track is 9";Static;;;;;;
"Omangunta Peeta";"lineLessOrEqualThanBoardSide";62;false;"Line concept is not present";Static;;;;;;
"Omangunta Peeta";"eachPieceReferenceNotDuplicated";62;false;"The game does not have any piece declared as Each";Static;;;;;;
"Omangunta Peeta";"pieceDeclaredAsEach";95;false;"The game does not have any piece declared as Each";Static;;;;;;
"Omangunta Peeta";"pieceDeclaredAsShared";60;false;"A Shared Piece must appear at least twice in the description";Static;;;;;;
"Omangunta Peeta";"pieceDeclaredAsNeutral";60;true;;Static;;;;;;
"Omangunta Peeta";"equalNumberOfPiecesOnTheBoard";58;true;;Static;;;;;;
"Omangunta Peeta";"AllPlayerDeclared";65;true;;Static;;;;;;
"Omangunta Peeta";"sizeOfTrack";61;false;"The length of the track is 6";Static;;;;;;
"Oure Ngat";"lineLessOrEqualThanBoardSide";16;false;"Line concept is not present";Static;;;;;;
"Oure Ngat";"eachPieceReferenceNotDuplicated";14;false;"The game does not have any piece declared as Each";Static;;;;;;
"Oure Ngat";"pieceDeclaredAsEach";51;false;"The game does not have any piece declared as Each";Static;;;;;;
"Oure Ngat";"pieceDeclaredAsShared";13;false;"A Shared Piece must appear at least twice in the description";Static;;;;;;
"Oure Ngat";"pieceDeclaredAsNeutral";13;true;;Static;;;;;;
"Oure Ngat";"equalNumberOfPiecesOnTheBoard";14;true;;Static;;;;;;
"Oure Ngat";"AllPlayerDeclared";13;true;;Static;;;;;;
"Oure Ngat";"sizeOfTrack";16;true;;Static;;;;;;
"Ovalhu";"lineLessOrEqualThanBoardSide";49;false;"Line concept is not present";Static;;;;;;
"Ovalhu";"eachPieceReferenceNotDuplicated";45;false;"The game does not have any piece declared as Each";Static;;;;;;
"Ovalhu";"pieceDeclaredAsEach";82;false;"The game does not have any piece declared as Each";Static;;;;;;
"Ovalhu";"pieceDeclaredAsShared";46;false;"A Shared Piece must appear at least twice in the description";Static;;;;;;
"Ovalhu";"pieceDeclaredAsNeutral";44;true;;Static;;;;;;
"Ovalhu";"equalNumberOfPiecesOnTheBoard";47;true;;Static;;;;;;
"Ovalhu";"AllPlayerDeclared";48;true;;Static;;;;;;
"Ovalhu";"sizeOfTrack";50;false;"The owner 0 does not have a track";Static;;;;;;
"Oware";"lineLessOrEqualThanBoardSide";83;false;"Line concept is not present";Static;;;;;;
"Oware";"eachPieceReferenceNotDuplicated";81;false;"The game does not have any piece declared as Each";Static;;;;;;
"Oware";"pieceDeclaredAsEach";116;false;"The game does not have any piece declared as Each";Static;;;;;;
"Oware";"pieceDeclaredAsShared";81;false;"A Shared Piece must appear at least twice in the description";Static;;;;;;
"Oware";"pieceDeclaredAsNeutral";80;true;;Static;;;;;;
"Oware";"equalNumberOfPiecesOnTheBoard";107;true;;Static;;;;;;
"Oware";"AllPlayerDeclared";94;true;;Static;;;;;;
"Oware";"sizeOfTrack";108;false;"The length of the track is 12";Static;;;;;;
"Pachgarhwa";"lineLessOrEqualThanBoardSide";27;false;"Line concept is not present";Static;;;;;;
"Pachgarhwa";"eachPieceReferenceNotDuplicated";22;false;"The game does not have any piece declared as Each";Static;;;;;;
"Pachgarhwa";"pieceDeclaredAsEach";55;false;"The game does not have any piece declared as Each";Static;;;;;;
"Pachgarhwa";"pieceDeclaredAsShared";20;false;"A Shared Piece must appear at least twice in the description";Static;;;;;;
"Pachgarhwa";"pieceDeclaredAsNeutral";19;true;;Static;;;;;;
"Pachgarhwa";"equalNumberOfPiecesOnTheBoard";19;true;;Static;;;;;;
"Pachgarhwa";"AllPlayerDeclared";22;true;;Static;;;;;;
"Pachgarhwa";"sizeOfTrack";20;false;"The length of the track is 4";Static;;;;;;
"Pallankuli";"lineLessOrEqualThanBoardSide";51;false;"Line concept is not present";Static;;;;;;
"Pallankuli";"eachPieceReferenceNotDuplicated";45;false;"The game does not have any piece declared as Each";Static;;;;;;
"Pallankuli";"pieceDeclaredAsEach";79;false;"The game does not have any piece declared as Each";Static;;;;;;
"Pallankuli";"pieceDeclaredAsShared";42;false;"A Shared Piece must appear at least twice in the description";Static;;;;;;
"Pallankuli";"pieceDeclaredAsNeutral";43;true;;Static;;;;;;
"Pallankuli";"equalNumberOfPiecesOnTheBoard";42;true;;Static;;;;;;
"Pallankuli";"AllPlayerDeclared";47;true;;Static;;;;;;
"Pallankuli";"sizeOfTrack";41;false;"The length of the track is 6";Static;;;;;;
"Papan Dakon";"lineLessOrEqualThanBoardSide";26;false;"Line concept is not present";Static;;;;;;
"Papan Dakon";"eachPieceReferenceNotDuplicated";25;false;"The game does not have any piece declared as Each";Static;;;;;;
"Papan Dakon";"pieceDeclaredAsEach";61;false;"The game does not have any piece declared as Each";Static;;;;;;
"Papan Dakon";"pieceDeclaredAsShared";31;false;"A Shared Piece must appear at least twice in the description";Static;;;;;;
"Papan Dakon";"pieceDeclaredAsNeutral";26;true;;Static;;;;;;
"Papan Dakon";"equalNumberOfPiecesOnTheBoard";26;true;;Static;;;;;;
"Papan Dakon";"AllPlayerDeclared";26;true;;Static;;;;;;
"Papan Dakon";"sizeOfTrack";26;false;"The owner 0 does not have a track";Static;;;;;;
"Puhulmutu";"lineLessOrEqualThanBoardSide";158;false;"Line concept is not present";Static;;;;;;
"Puhulmutu";"eachPieceReferenceNotDuplicated";157;false;"The game does not have any piece declared as Each";Static;;;;;;
"Puhulmutu";"pieceDeclaredAsEach";200;false;"The game does not have any piece declared as Each";Static;;;;;;
"Puhulmutu";"pieceDeclaredAsShared";160;false;"A Shared Piece must appear at least twice in the description";Static;;;;;;
"Puhulmutu";"pieceDeclaredAsNeutral";156;true;;Static;;;;;;
"Puhulmutu";"equalNumberOfPiecesOnTheBoard";159;true;;Static;;;;;;
"Puhulmutu";"AllPlayerDeclared";150;true;;Static;;;;;;
"Puhulmutu";"sizeOfTrack";155;false;"The length of the track is 14";Static;;;;;;
"Qelat (Beni Amir-Mensa)";"lineLessOrEqualThanBoardSide";25;false;"Line concept is not present";Static;;;;;;
"Qelat (Beni Amir-Mensa)";"eachPieceReferenceNotDuplicated";24;false;"The game does not have any piece declared as Each";Static;;;;;;
"Qelat (Beni Amir-Mensa)";"pieceDeclaredAsEach";58;false;"The game does not have any piece declared as Each";Static;;;;;;
"Qelat (Beni Amir-Mensa)";"pieceDeclaredAsShared";23;false;"A Shared Piece must appear at least twice in the description";Static;;;;;;
"Qelat (Beni Amir-Mensa)";"pieceDeclaredAsNeutral";24;true;;Static;;;;;;
"Qelat (Beni Amir-Mensa)";"equalNumberOfPiecesOnTheBoard";23;true;;Static;;;;;;
"Qelat (Beni Amir-Mensa)";"AllPlayerDeclared";25;true;;Static;;;;;;
"Qelat (Beni Amir-Mensa)";"sizeOfTrack";23;false;"The length of the track is 12";Static;;;;;;
"Qelat";"lineLessOrEqualThanBoardSide";38;false;"Line concept is not present";Static;;;;;;
"Qelat";"eachPieceReferenceNotDuplicated";48;false;"The game does not have any piece declared as Each";Static;;;;;;
"Qelat";"pieceDeclaredAsEach";72;false;"The game does not have any piece declared as Each";Static;;;;;;
"Qelat";"pieceDeclaredAsShared";36;false;"A Shared Piece must appear at least twice in the description";Static;;;;;;
"Qelat";"pieceDeclaredAsNeutral";33;true;;Static;;;;;;
"Qelat";"equalNumberOfPiecesOnTheBoard";35;true;;Static;;;;;;
"Qelat";"AllPlayerDeclared";35;true;;Static;;;;;;
"Qelat";"sizeOfTrack";36;false;"The length of the track is 5";Static;;;;;;
"Raja Pasu Mandiri";"lineLessOrEqualThanBoardSide";70;false;"Line concept is not present";Static;;;;;;
"Raja Pasu Mandiri";"eachPieceReferenceNotDuplicated";72;false;"The game does not have any piece declared as Each";Static;;;;;;
"Raja Pasu Mandiri";"pieceDeclaredAsEach";105;false;"The game does not have any piece declared as Each";Static;;;;;;
"Raja Pasu Mandiri";"pieceDeclaredAsShared";73;false;"A Shared Piece must appear at least twice in the description";Static;;;;;;
"Raja Pasu Mandiri";"pieceDeclaredAsNeutral";72;true;;Static;;;;;;
"Raja Pasu Mandiri";"equalNumberOfPiecesOnTheBoard";74;true;;Static;;;;;;
"Raja Pasu Mandiri";"AllPlayerDeclared";80;true;;Static;;;;;;
"Raja Pasu Mandiri";"sizeOfTrack";72;false;"The length of the track is 14";Static;;;;;;
"Rio Kadalis";"lineLessOrEqualThanBoardSide";32;false;"Line concept is not present";Static;;;;;;
"Rio Kadalis";"eachPieceReferenceNotDuplicated";31;false;"The game does not have any piece declared as Each";Static;;;;;;
"Rio Kadalis";"pieceDeclaredAsEach";92;false;"The game does not have any piece declared as Each";Static;;;;;;
"Rio Kadalis";"pieceDeclaredAsShared";32;false;"A Shared Piece must appear at least twice in the description";Static;;;;;;
"Rio Kadalis";"pieceDeclaredAsNeutral";29;true;;Static;;;;;;
"Rio Kadalis";"equalNumberOfPiecesOnTheBoard";30;true;;Static;;;;;;
"Rio Kadalis";"AllPlayerDeclared";31;true;;Static;;;;;;
"Rio Kadalis";"sizeOfTrack";33;false;"The length of the track is 5";Static;;;;;;
"Shono";"lineLessOrEqualThanBoardSide";46;false;"Line concept is not present";Static;;;;;;
"Shono";"eachPieceReferenceNotDuplicated";51;false;"The game does not have any piece declared as Each";Static;;;;;;
"Shono";"pieceDeclaredAsEach";73;false;"The game does not have any piece declared as Each";Static;;;;;;
"Shono";"pieceDeclaredAsShared";48;false;"A Shared Piece must appear at least twice in the description";Static;;;;;;
"Shono";"pieceDeclaredAsNeutral";38;true;;Static;;;;;;
"Shono";"equalNumberOfPiecesOnTheBoard";39;true;;Static;;;;;;
"Shono";"AllPlayerDeclared";38;true;;Static;;;;;;
"Shono";"sizeOfTrack";43;false;"The length of the track is 12";Static;;;;;;
"Sonka";"lineLessOrEqualThanBoardSide";17;false;"Line concept is not present";Static;;;;;;
"Sonka";"eachPieceReferenceNotDuplicated";16;false;"The game does not have any piece declared as Each";Static;;;;;;
"Sonka";"pieceDeclaredAsEach";63;false;"The game does not have any piece declared as Each";Static;;;;;;
"Sonka";"pieceDeclaredAsShared";25;false;"A Shared Piece must appear at least twice in the description";Static;;;;;;
"Sonka";"pieceDeclaredAsNeutral";17;true;;Static;;;;;;
"Sonka";"equalNumberOfPiecesOnTheBoard";17;true;;Static;;;;;;
"Sonka";"AllPlayerDeclared";25;true;;Static;;;;;;
"Sonka";"sizeOfTrack";21;false;"The owner 0 does not have a track";Static;;;;;;
"Sungka";"lineLessOrEqualThanBoardSide";23;false;"Line concept is not present";Static;;;;;;
"Sungka";"eachPieceReferenceNotDuplicated";21;false;"The game does not have any piece declared as Each";Static;;;;;;
"Sungka";"pieceDeclaredAsEach";53;false;"The game does not have any piece declared as Each";Static;;;;;;
"Sungka";"pieceDeclaredAsShared";26;false;"A Shared Piece must appear at least twice in the description";Static;;;;;;
"Sungka";"pieceDeclaredAsNeutral";20;true;;Static;;;;;;
"Sungka";"equalNumberOfPiecesOnTheBoard";21;true;;Static;;;;;;
"Sungka";"AllPlayerDeclared";20;true;;Static;;;;;;
"Sungka";"sizeOfTrack";21;false;"The length of the track is 16";Static;;;;;;
"Tap Urdy";"lineLessOrEqualThanBoardSide";22;false;"Line concept is not present";Static;;;;;;
"Tap Urdy";"eachPieceReferenceNotDuplicated";19;false;"The game does not have any piece declared as Each";Static;;;;;;
"Tap Urdy";"pieceDeclaredAsEach";51;false;"The game does not have any piece declared as Each";Static;;;;;;
"Tap Urdy";"pieceDeclaredAsShared";21;false;"A Shared Piece must appear at least twice in the description";Static;;;;;;
"Tap Urdy";"pieceDeclaredAsNeutral";20;true;;Static;;;;;;
"Tap Urdy";"equalNumberOfPiecesOnTheBoard";19;true;;Static;;;;;;
"Tap Urdy";"AllPlayerDeclared";19;true;;Static;;;;;;
"Tap Urdy";"sizeOfTrack";19;false;"The length of the track is 5";Static;;;;;;
"Tapata";"lineLessOrEqualThanBoardSide";30;false;"Line concept is not present";Static;;;;;;
"Tapata";"eachPieceReferenceNotDuplicated";25;false;"The game does not have any piece declared as Each";Static;;;;;;
"Tapata";"pieceDeclaredAsEach";76;false;"The game does not have any piece declared as Each";Static;;;;;;
"Tapata";"pieceDeclaredAsShared";24;false;"A Shared Piece must appear at least twice in the description";Static;;;;;;
"Tapata";"pieceDeclaredAsNeutral";24;true;;Static;;;;;;
"Tapata";"equalNumberOfPiecesOnTheBoard";30;true;;Static;;;;;;
"Tapata";"AllPlayerDeclared";31;true;;Static;;;;;;
"Tapata";"sizeOfTrack";28;false;"The length of the track is 24";Static;;;;;;
"Ti";"lineLessOrEqualThanBoardSide";35;false;"Line concept is not present";Static;;;;;;
"Ti";"eachPieceReferenceNotDuplicated";34;false;"The game does not have any piece declared as Each";Static;;;;;;
"Ti";"pieceDeclaredAsEach";63;false;"The game does not have any piece declared as Each";Static;;;;;;
"Ti";"pieceDeclaredAsShared";33;true;;Static;;;;;;
"Ti";"pieceDeclaredAsNeutral";38;true;;Static;;;;;;
"Ti";"equalNumberOfPiecesOnTheBoard";39;true;;Static;;;;;;
"Ti";"AllPlayerDeclared";37;true;;Static;;;;;;
"Ti";"sizeOfTrack";37;false;"The length of the track is 12";Static;;;;;;
"Toguz Kumalak";"lineLessOrEqualThanBoardSide";47;false;"Line concept is not present";Static;;;;;;
"Toguz Kumalak";"eachPieceReferenceNotDuplicated";47;false;"The game does not have any piece declared as Each";Static;;;;;;
"Toguz Kumalak";"pieceDeclaredAsEach";89;false;"The game does not have any piece declared as Each";Static;;;;;;
"Toguz Kumalak";"pieceDeclaredAsShared";53;false;"A Shared Piece must appear at least twice in the description";Static;;;;;;
"Toguz Kumalak";"pieceDeclaredAsNeutral";47;true;;Static;;;;;;
"Toguz Kumalak";"equalNumberOfPiecesOnTheBoard";45;true;;Static;;;;;;
"Toguz Kumalak";"AllPlayerDeclared";45;true;;Static;;;;;;
"Toguz Kumalak";"sizeOfTrack";49;false;"The length of the track is 18";Static;;;;;;
"Tuz";"lineLessOrEqualThanBoardSide";62;false;"Line concept is not present";Static;;;;;;
"Tuz";"eachPieceReferenceNotDuplicated";63;false;"The game does not have any piece declared as Each";Static;;;;;;
"Tuz";"pieceDeclaredAsEach";128;false;"The game does not have any piece declared as Each";Static;;;;;;
"Tuz";"pieceDeclaredAsShared";64;false;"A Shared Piece must appear at least twice in the description";Static;;;;;;
"Tuz";"pieceDeclaredAsNeutral";57;true;;Static;;;;;;
"Tuz";"equalNumberOfPiecesOnTheBoard";43;true;;Static;;;;;;
"Tuz";"AllPlayerDeclared";43;true;;Static;;;;;;
"Tuz";"sizeOfTrack";45;false;"The length of the track is 5";Static;;;;;;
"Um el Banat";"lineLessOrEqualThanBoardSide";37;false;"Line concept is not present";Static;;;;;;
"Um el Banat";"eachPieceReferenceNotDuplicated";43;false;"The game does not have any piece declared as Each";Static;;;;;;
"Um el Banat";"pieceDeclaredAsEach";65;false;"The game does not have any piece declared as Each";Static;;;;;;
"Um el Banat";"pieceDeclaredAsShared";37;false;"A Shared Piece must appear at least twice in the description";Static;;;;;;
"Um el Banat";"pieceDeclaredAsNeutral";32;true;;Static;;;;;;
"Um el Banat";"equalNumberOfPiecesOnTheBoard";33;true;;Static;;;;;;
"Um el Banat";"AllPlayerDeclared";33;true;;Static;;;;;;
"Um el Banat";"sizeOfTrack";33;false;"The length of the track is 5";Static;;;;;;
"Um el Tuweisat";"lineLessOrEqualThanBoardSide";67;false;"Line concept is not present";Static;;;;;;
"Um el Tuweisat";"eachPieceReferenceNotDuplicated";69;false;"The game does not have any piece declared as Each";Static;;;;;;
"Um el Tuweisat";"pieceDeclaredAsEach";107;false;"The game does not have any piece declared as Each";Static;;;;;;
"Um el Tuweisat";"pieceDeclaredAsShared";68;false;"A Shared Piece must appear at least twice in the description";Static;;;;;;
"Um el Tuweisat";"pieceDeclaredAsNeutral";73;true;;Static;;;;;;
"Um el Tuweisat";"equalNumberOfPiecesOnTheBoard";76;true;;Static;;;;;;
"Um el Tuweisat";"AllPlayerDeclared";69;true;;Static;;;;;;
"Um el Tuweisat";"sizeOfTrack";70;false;"The length of the track is 2";Static;;;;;;
"Um el-Bagara";"lineLessOrEqualThanBoardSide";54;false;"Line concept is not present";Static;;;;;;
"Um el-Bagara";"eachPieceReferenceNotDuplicated";47;false;"The game does not have any piece declared as Each";Static;;;;;;
"Um el-Bagara";"pieceDeclaredAsEach";93;false;"The game does not have any piece declared as Each";Static;;;;;;
"Um el-Bagara";"pieceDeclaredAsShared";51;false;"A Shared Piece must appear at least twice in the description";Static;;;;;;
"Um el-Bagara";"pieceDeclaredAsNeutral";50;true;;Static;;;;;;
"Um el-Bagara";"equalNumberOfPiecesOnTheBoard";52;true;;Static;;;;;;
"Um el-Bagara";"AllPlayerDeclared";50;true;;Static;;;;;;
"Um el-Bagara";"sizeOfTrack";50;false;"The length of the track is 4";Static;;;;;;
"Um el-Bil";"lineLessOrEqualThanBoardSide";12;false;"Line concept is not present";Static;;;;;;
"Um el-Bil";"eachPieceReferenceNotDuplicated";13;false;"The game does not have any piece declared as Each";Static;;;;;;
"Um el-Bil";"pieceDeclaredAsEach";42;false;"The game does not have any piece declared as Each";Static;;;;;;
"Um el-Bil";"pieceDeclaredAsShared";11;false;"A Shared Piece must appear at least twice in the description";Static;;;;;;
"Um el-Bil";"pieceDeclaredAsNeutral";10;true;;Static;;;;;;
"Um el-Bil";"equalNumberOfPiecesOnTheBoard";17;true;;Static;;;;;;
"Um el-Bil";"AllPlayerDeclared";11;true;;Static;;;;;;
"Um el-Bil";"sizeOfTrack";11;false;"The length of the track is 5";Static;;;;;;
"Unnee Tugalluulax";"lineLessOrEqualThanBoardSide";13;false;"Line concept is not present";Static;;;;;;
"Unnee Tugalluulax";"eachPieceReferenceNotDuplicated";12;false;"The game does not have any piece declared as Each";Static;;;;;;
"Unnee Tugalluulax";"pieceDeclaredAsEach";51;false;"The game does not have any piece declared as Each";Static;;;;;;
"Unnee Tugalluulax";"pieceDeclaredAsShared";12;false;"A Shared Piece must appear at least twice in the description";Static;;;;;;
"Unnee Tugalluulax";"pieceDeclaredAsNeutral";15;true;;Static;;;;;;
"Unnee Tugalluulax";"equalNumberOfPiecesOnTheBoard";13;true;;Static;;;;;;
"Unnee Tugalluulax";"AllPlayerDeclared";12;true;;Static;;;;;;
"Unnee Tugalluulax";"sizeOfTrack";12;false;"The length of the track is 5";Static;;;;;;
"Uril";"lineLessOrEqualThanBoardSide";74;false;"Line concept is not present";Static;;;;;;
"Uril";"eachPieceReferenceNotDuplicated";74;false;"The game does not have any piece declared as Each";Static;;;;;;
"Uril";"pieceDeclaredAsEach";103;false;"The game does not have any piece declared as Each";Static;;;;;;
"Uril";"pieceDeclaredAsShared";72;false;"A Shared Piece must appear at least twice in the description";Static;;;;;;
"Uril";"pieceDeclaredAsNeutral";81;true;;Static;;;;;;
"Uril";"equalNumberOfPiecesOnTheBoard";80;true;;Static;;;;;;
"Uril";"AllPlayerDeclared";73;true;;Static;;;;;;
"Uril";"sizeOfTrack";73;false;"The length of the track is 12";Static;;;;;;
"Uthi";"lineLessOrEqualThanBoardSide";83;false;"Line concept is not present";Static;;;;;;
"Uthi";"eachPieceReferenceNotDuplicated";80;false;"The game does not have any piece declared as Each";Static;;;;;;
"Uthi";"pieceDeclaredAsEach";122;false;"The game does not have any piece declared as Each";Static;;;;;;
"Uthi";"pieceDeclaredAsShared";82;false;"A Shared Piece must appear at least twice in the description";Static;;;;;;
"Uthi";"pieceDeclaredAsNeutral";85;true;;Static;;;;;;
"Uthi";"equalNumberOfPiecesOnTheBoard";82;true;;Static;;;;;;
"Uthi";"AllPlayerDeclared";84;true;;Static;;;;;;
"Uthi";"sizeOfTrack";82;false;"The length of the track is 16";Static;;;;;;
"Vai Lung Thlan";"lineLessOrEqualThanBoardSide";12;false;"Line concept is not present";Static;;;;;;
"Vai Lung Thlan";"eachPieceReferenceNotDuplicated";11;false;"The game does not have any piece declared as Each";Static;;;;;;
"Vai Lung Thlan";"pieceDeclaredAsEach";44;false;"The game does not have any piece declared as Each";Static;;;;;;
"Vai Lung Thlan";"pieceDeclaredAsShared";14;false;"A Shared Piece must appear at least twice in the description";Static;;;;;;
"Vai Lung Thlan";"pieceDeclaredAsNeutral";12;true;;Static;;;;;;
"Vai Lung Thlan";"equalNumberOfPiecesOnTheBoard";13;true;;Static;;;;;;
"Vai Lung Thlan";"AllPlayerDeclared";12;true;;Static;;;;;;
"Vai Lung Thlan";"sizeOfTrack";13;false;"The length of the track is 5";Static;;;;;;
"Wa'ache Waledat";"lineLessOrEqualThanBoardSide";38;false;"Line concept is not present";Static;;;;;;
"Wa'ache Waledat";"eachPieceReferenceNotDuplicated";37;false;"The game does not have any piece declared as Each";Static;;;;;;
"Wa'ache Waledat";"pieceDeclaredAsEach";69;false;"The game does not have any piece declared as Each";Static;;;;;;
"Wa'ache Waledat";"pieceDeclaredAsShared";38;false;"A Shared Piece must appear at least twice in the description";Static;;;;;;
"Wa'ache Waledat";"pieceDeclaredAsNeutral";38;true;;Static;;;;;;
"Wa'ache Waledat";"equalNumberOfPiecesOnTheBoard";39;true;;Static;;;;;;
"Wa'ache Waledat";"AllPlayerDeclared";37;true;;Static;;;;;;
"Wa'ache Waledat";"sizeOfTrack";40;false;"The length of the track is 5";Static;;;;;;
"Walak-Pussa";"lineLessOrEqualThanBoardSide";176;false;"Line concept is not present";Static;;;;;;
"Walak-Pussa";"eachPieceReferenceNotDuplicated";181;false;"The game does not have any piece declared as Each";Static;;;;;;
"Walak-Pussa";"pieceDeclaredAsEach";211;false;"The game does not have any piece declared as Each";Static;;;;;;
"Walak-Pussa";"pieceDeclaredAsShared";191;false;"A Shared Piece must appear at least twice in the description";Static;;;;;;
"Walak-Pussa";"pieceDeclaredAsNeutral";181;true;;Static;;;;;;
"Walak-Pussa";"equalNumberOfPiecesOnTheBoard";176;true;;Static;;;;;;
"Walak-Pussa";"AllPlayerDeclared";180;true;;Static;;;;;;
"Walak-Pussa";"sizeOfTrack";182;false;"The length of the track is 14";Static;;;;;;
"Wari";"lineLessOrEqualThanBoardSide";13;false;"Line concept is not present";Static;;;;;;
"Wari";"eachPieceReferenceNotDuplicated";16;false;"The game does not have any piece declared as Each";Static;;;;;;
"Wari";"pieceDeclaredAsEach";58;false;"The game does not have any piece declared as Each";Static;;;;;;
"Wari";"pieceDeclaredAsShared";12;false;"A Shared Piece must appear at least twice in the description";Static;;;;;;
"Wari";"pieceDeclaredAsNeutral";17;true;;Static;;;;;;
"Wari";"equalNumberOfPiecesOnTheBoard";12;true;;Static;;;;;;
"Wari";"AllPlayerDeclared";9;true;;Static;;;;;;
"Wari";"sizeOfTrack";9;false;"The length of the track is 12";Static;;;;;;
"Waurie";"lineLessOrEqualThanBoardSide";11;false;"Line concept is not present";Static;;;;;;
"Waurie";"eachPieceReferenceNotDuplicated";12;false;"The game does not have any piece declared as Each";Static;;;;;;
"Waurie";"pieceDeclaredAsEach";46;false;"The game does not have any piece declared as Each";Static;;;;;;
"Waurie";"pieceDeclaredAsShared";17;false;"A Shared Piece must appear at least twice in the description";Static;;;;;;
"Waurie";"pieceDeclaredAsNeutral";14;true;;Static;;;;;;
"Waurie";"equalNumberOfPiecesOnTheBoard";14;true;;Static;;;;;;
"Waurie";"AllPlayerDeclared";15;true;;Static;;;;;;
"Waurie";"sizeOfTrack";12;false;"The length of the track is 14";Static;;;;;;
"Whyo";"lineLessOrEqualThanBoardSide";60;false;"Line concept is not present";Static;;;;;;
"Whyo";"eachPieceReferenceNotDuplicated";61;false;"The game does not have any piece declared as Each";Static;;;;;;
"Whyo";"pieceDeclaredAsEach";93;false;"The game does not have any piece declared as Each";Static;;;;;;
"Whyo";"pieceDeclaredAsShared";59;true;;Static;;;;;;
"Whyo";"pieceDeclaredAsNeutral";58;true;;Static;;;;;;
"Whyo";"equalNumberOfPiecesOnTheBoard";61;true;;Static;;;;;;
"Whyo";"AllPlayerDeclared";61;true;;Static;;;;;;
"Whyo";"sizeOfTrack";59;false;"The length of the track is 12";Static;;;;;;
"Woli";"lineLessOrEqualThanBoardSide";82;false;"Line concept is not present";Static;;;;;;
"Woli";"eachPieceReferenceNotDuplicated";82;false;"The game does not have any piece declared as Each";Static;;;;;;
"Woli";"pieceDeclaredAsEach";117;false;"The game does not have any piece declared as Each";Static;;;;;;
"Woli";"pieceDeclaredAsShared";81;false;"A Shared Piece must appear at least twice in the description";Static;;;;;;
"Woli";"pieceDeclaredAsNeutral";80;true;;Static;;;;;;
"Woli";"equalNumberOfPiecesOnTheBoard";87;true;;Static;;;;;;
"Woli";"AllPlayerDeclared";84;true;;Static;;;;;;
"Woli";"sizeOfTrack";85;false;"The length of the track is 5";Static;;;;;;
"Wore";"lineLessOrEqualThanBoardSide";14;false;"Line concept is not present";Static;;;;;;
"Wore";"eachPieceReferenceNotDuplicated";14;false;"The game does not have any piece declared as Each";Static;;;;;;
"Wore";"pieceDeclaredAsEach";58;false;"The game does not have any piece declared as Each";Static;;;;;;
"Wore";"pieceDeclaredAsShared";16;false;"A Shared Piece must appear at least twice in the description";Static;;;;;;
"Wore";"pieceDeclaredAsNeutral";14;true;;Static;;;;;;
"Wore";"equalNumberOfPiecesOnTheBoard";15;true;;Static;;;;;;
"Wore";"AllPlayerDeclared";14;true;;Static;;;;;;
"Wore";"sizeOfTrack";15;true;;Static;;;;;;
"Wouri";"lineLessOrEqualThanBoardSide";44;false;"Line concept is not present";Static;;;;;;
"Wouri";"eachPieceReferenceNotDuplicated";41;false;"The game does not have any piece declared as Each";Static;;;;;;
"Wouri";"pieceDeclaredAsEach";81;false;"The game does not have any piece declared as Each";Static;;;;;;
"Wouri";"pieceDeclaredAsShared";40;false;"A Shared Piece must appear at least twice in the description";Static;;;;;;
"Wouri";"pieceDeclaredAsNeutral";46;true;;Static;;;;;;
"Wouri";"equalNumberOfPiecesOnTheBoard";41;true;;Static;;;;;;
"Wouri";"AllPlayerDeclared";37;true;;Static;;;;;;
"Wouri";"sizeOfTrack";41;false;"The length of the track is 5";Static;;;;;;
"Yovodi";"lineLessOrEqualThanBoardSide";29;false;"Line concept is not present";Static;;;;;;
"Yovodi";"eachPieceReferenceNotDuplicated";30;false;"The game does not have any piece declared as Each";Static;;;;;;
"Yovodi";"pieceDeclaredAsEach";60;false;"The game does not have any piece declared as Each";Static;;;;;;
"Yovodi";"pieceDeclaredAsShared";34;false;"A Shared Piece must appear at least twice in the description";Static;;;;;;
"Yovodi";"pieceDeclaredAsNeutral";30;true;;Static;;;;;;
"Yovodi";"equalNumberOfPiecesOnTheBoard";27;true;;Static;;;;;;
"Yovodi";"AllPlayerDeclared";30;true;;Static;;;;;;
"Yovodi";"sizeOfTrack";26;false;"The length of the track is 12";Static;;;;;;
"Yovodji";"lineLessOrEqualThanBoardSide";37;false;"Line concept is not present";Static;;;;;;
"Yovodji";"eachPieceReferenceNotDuplicated";36;false;"The game does not have any piece declared as Each";Static;;;;;;
"Yovodji";"pieceDeclaredAsEach";71;false;"The game does not have any piece declared as Each";Static;;;;;;
"Yovodji";"pieceDeclaredAsShared";38;false;"A Shared Piece must appear at least twice in the description";Static;;;;;;
"Yovodji";"pieceDeclaredAsNeutral";37;true;;Static;;;;;;
"Yovodji";"equalNumberOfPiecesOnTheBoard";37;true;;Static;;;;;;
"Yovodji";"AllPlayerDeclared";38;true;;Static;;;;;;
"Yovodji";"sizeOfTrack";37;false;"The length of the track is 5";Static;;;;;;
"Yucebao";"lineLessOrEqualThanBoardSide";50;false;"Line concept is not present";Static;;;;;;
"Yucebao";"eachPieceReferenceNotDuplicated";52;false;"The game does not have any piece declared as Each";Static;;;;;;
"Yucebao";"pieceDeclaredAsEach";85;false;"The game does not have any piece declared as Each";Static;;;;;;
"Yucebao";"pieceDeclaredAsShared";54;true;;Static;;;;;;
"Yucebao";"pieceDeclaredAsNeutral";54;true;;Static;;;;;;
"Yucebao";"equalNumberOfPiecesOnTheBoard";54;true;;Static;;;;;;
"Yucebao";"AllPlayerDeclared";62;true;;Static;;;;;;
"Yucebao";"sizeOfTrack";58;false;"The length of the track is 6";Static;;;;;;
