Game;Test Name;Duration (ms);Passed;Failure Message;Type;;;;Total Tests;Success Rate;Mean Execution Time
;;;;;;;;;2232;43,10%;113
"4 Squared";"lineLessOrEqualThanBoardSide";2218;false;"Line concept is not present";Static;;;;;;
"4 Squared";"eachPieceReferenceNotDuplicated";343;false;"The game does not have any piece declared as Each";Static;;;;;;
"4 Squared";"pieceDeclaredAsEach";405;false;"Ludeme Each for a Piece requires at least one definition of PieceN, with N > 0";Static;;;;;;
"4 Squared";"pieceDeclaredAsShared";211;false;"The game does not have any piece declared as Shared";Static;;;;;;
"4 Squared";"pieceDeclaredAsNeutral";162;true;;Static;;;;;;
"4 Squared";"AllPlayerDeclared";163;true;;Static;;;;;;
"4 Squared";"equalNumberOfPiecesOnTheBoard";151;true;;Static;;;;;;
"4 Squared";"sizeOfTrack";168;false;"Track concept is not present";Static;;;;;;
"Amazons";"lineLessOrEqualThanBoardSide";74;false;"Line concept is not present";Static;;;;;;
"Amazons";"eachPieceReferenceNotDuplicated";56;false;"The game does not have any piece declared as Each";Static;;;;;;
"Amazons";"pieceDeclaredAsEach";119;true;;Static;;;;;;
"Amazons";"pieceDeclaredAsShared";53;false;"The game does not have any piece declared as Shared";Static;;;;;;
"Amazons";"pieceDeclaredAsNeutral";58;true;;Static;;;;;;
"Amazons";"AllPlayerDeclared";71;true;;Static;;;;;;
"Amazons";"equalNumberOfPiecesOnTheBoard";71;true;;Static;;;;;;
"Amazons";"sizeOfTrack";64;false;"Track concept is not present";Static;;;;;;
"Bamboo";"lineLessOrEqualThanBoardSide";81;false;"Line concept is not present";Static;;;;;;
"Bamboo";"eachPieceReferenceNotDuplicated";50;false;"The game does not have any piece declared as Each";Static;;;;;;
"Bamboo";"pieceDeclaredAsEach";118;false;"Ludeme Each for a Piece requires at least one definition of PieceN, with N > 0";Static;;;;;;
"Bamboo";"pieceDeclaredAsShared";51;false;"The game does not have any piece declared as Shared";Static;;;;;;
"Bamboo";"pieceDeclaredAsNeutral";48;false;"A piece declared Neutral must be called as piece0";Static;;;;;;
"Bamboo";"AllPlayerDeclared";48;true;;Static;;;;;;
"Bamboo";"equalNumberOfPiecesOnTheBoard";42;true;;Static;;;;;;
"Bamboo";"sizeOfTrack";47;false;"Track concept is not present";Static;;;;;;
"Banqi";"lineLessOrEqualThanBoardSide";143;false;"Line concept is not present";Static;;;;;;
"Banqi";"eachPieceReferenceNotDuplicated";136;false;"The game does not have any piece declared as Each";Static;;;;;;
"Banqi";"pieceDeclaredAsEach";160;true;;Static;;;;;;
"Banqi";"pieceDeclaredAsShared";91;false;"The game does not have any piece declared as Shared";Static;;;;;;
"Banqi";"pieceDeclaredAsNeutral";111;true;;Static;;;;;;
"Banqi";"AllPlayerDeclared";95;true;;Static;;;;;;
"Banqi";"equalNumberOfPiecesOnTheBoard";104;true;;Static;;;;;;
"Banqi";"sizeOfTrack";102;false;"Track concept is not present";Static;;;;;;
"Blue Nile";"lineLessOrEqualThanBoardSide";59;false;"Line concept is not present";Static;;;;;;
"Blue Nile";"eachPieceReferenceNotDuplicated";48;false;"The game does not have any piece declared as Each";Static;;;;;;
"Blue Nile";"pieceDeclaredAsEach";95;false;"The game does not have any piece declared as Each";Static;;;;;;
"Blue Nile";"pieceDeclaredAsShared";45;false;"The game does not have any piece declared as Shared";Static;;;;;;
"Blue Nile";"pieceDeclaredAsNeutral";43;true;;Static;;;;;;
"Blue Nile";"AllPlayerDeclared";39;true;;Static;;;;;;
"Blue Nile";"equalNumberOfPiecesOnTheBoard";42;true;;Static;;;;;;
"Blue Nile";"sizeOfTrack";42;false;"Track concept is not present";Static;;;;;;
"Claustro";"lineLessOrEqualThanBoardSide";60;false;"Line concept is not present";Static;;;;;;
"Claustro";"eachPieceReferenceNotDuplicated";50;false;"The game does not have any piece declared as Each";Static;;;;;;
"Claustro";"pieceDeclaredAsEach";102;false;"The game does not have any piece declared as Each";Static;;;;;;
"Claustro";"pieceDeclaredAsShared";54;false;"The game does not have any piece declared as Shared";Static;;;;;;
"Claustro";"pieceDeclaredAsNeutral";56;true;;Static;;;;;;
"Claustro";"AllPlayerDeclared";52;true;;Static;;;;;;
"Claustro";"equalNumberOfPiecesOnTheBoard";55;true;;Static;;;;;;
"Claustro";"sizeOfTrack";43;false;"Track concept is not present";Static;;;;;;
"Co Chan Cho";"lineLessOrEqualThanBoardSide";21;false;"Line concept is not present";Static;;;;;;
"Co Chan Cho";"eachPieceReferenceNotDuplicated";21;false;"The game does not have any piece declared as Each";Static;;;;;;
"Co Chan Cho";"pieceDeclaredAsEach";77;true;;Static;;;;;;
"Co Chan Cho";"pieceDeclaredAsShared";19;false;"The game does not have any piece declared as Shared";Static;;;;;;
"Co Chan Cho";"pieceDeclaredAsNeutral";20;true;;Static;;;;;;
"Co Chan Cho";"AllPlayerDeclared";19;true;;Static;;;;;;
"Co Chan Cho";"equalNumberOfPiecesOnTheBoard";24;true;;Static;;;;;;
"Co Chan Cho";"sizeOfTrack";22;false;"Track concept is not present";Static;;;;;;
"Col";"lineLessOrEqualThanBoardSide";47;false;"Line concept is not present";Static;;;;;;
"Col";"eachPieceReferenceNotDuplicated";44;false;"The game does not have any piece declared as Each";Static;;;;;;
"Col";"pieceDeclaredAsEach";98;false;"The game does not have any piece declared as Each";Static;;;;;;
"Col";"pieceDeclaredAsShared";45;false;"The game does not have any piece declared as Shared";Static;;;;;;
"Col";"pieceDeclaredAsNeutral";50;true;;Static;;;;;;
"Col";"AllPlayerDeclared";52;true;;Static;;;;;;
"Col";"equalNumberOfPiecesOnTheBoard";58;true;;Static;;;;;;
"Col";"sizeOfTrack";42;false;"Track concept is not present";Static;;;;;;
"Cram";"lineLessOrEqualThanBoardSide";36;false;"Line concept is not present";Static;;;;;;
"Cram";"eachPieceReferenceNotDuplicated";25;false;"The game does not have any piece declared as Each";Static;;;;;;
"Cram";"pieceDeclaredAsEach";82;false;"The game does not have any piece declared as Each";Static;;;;;;
"Cram";"pieceDeclaredAsShared";25;false;"The game does not have any piece declared as Shared";Static;;;;;;
"Cram";"pieceDeclaredAsNeutral";19;true;;Static;;;;;;
"Cram";"AllPlayerDeclared";22;true;;Static;;;;;;
"Cram";"equalNumberOfPiecesOnTheBoard";22;true;;Static;;;;;;
"Cram";"sizeOfTrack";23;false;"Track concept is not present";Static;;;;;;
"Do Guti";"lineLessOrEqualThanBoardSide";17;false;"Line concept is not present";Static;;;;;;
"Do Guti";"eachPieceReferenceNotDuplicated";12;false;"The game does not have any piece declared as Each";Static;;;;;;
"Do Guti";"pieceDeclaredAsEach";53;false;"Ludeme Each for a Piece requires at least one definition of PieceN, with N > 0";Static;;;;;;
"Do Guti";"pieceDeclaredAsShared";10;false;"The game does not have any piece declared as Shared";Static;;;;;;
"Do Guti";"pieceDeclaredAsNeutral";9;true;;Static;;;;;;
"Do Guti";"AllPlayerDeclared";9;true;;Static;;;;;;
"Do Guti";"equalNumberOfPiecesOnTheBoard";8;true;;Static;;;;;;
"Do Guti";"sizeOfTrack";9;false;"Track concept is not present";Static;;;;;;
"Dodo";"lineLessOrEqualThanBoardSide";22;false;"Line concept is not present";Static;;;;;;
"Dodo";"eachPieceReferenceNotDuplicated";25;false;"The game does not have any piece declared as Each";Static;;;;;;
"Dodo";"pieceDeclaredAsEach";62;true;;Static;;;;;;
"Dodo";"pieceDeclaredAsShared";27;false;"The game does not have any piece declared as Shared";Static;;;;;;
"Dodo";"pieceDeclaredAsNeutral";22;true;;Static;;;;;;
"Dodo";"AllPlayerDeclared";24;true;;Static;;;;;;
"Dodo";"equalNumberOfPiecesOnTheBoard";31;true;;Static;;;;;;
"Dodo";"sizeOfTrack";29;false;"Track concept is not present";Static;;;;;;
"Domineering";"lineLessOrEqualThanBoardSide";19;false;"Line concept is not present";Static;;;;;;
"Domineering";"eachPieceReferenceNotDuplicated";19;false;"The game does not have any piece declared as Each";Static;;;;;;
"Domineering";"pieceDeclaredAsEach";55;false;"The game does not have any piece declared as Each";Static;;;;;;
"Domineering";"pieceDeclaredAsShared";21;false;"The game does not have any piece declared as Shared";Static;;;;;;
"Domineering";"pieceDeclaredAsNeutral";16;true;;Static;;;;;;
"Domineering";"AllPlayerDeclared";17;true;;Static;;;;;;
"Domineering";"equalNumberOfPiecesOnTheBoard";18;true;;Static;;;;;;
"Domineering";"sizeOfTrack";18;false;"Track concept is not present";Static;;;;;;
"Dorvon Cag";"lineLessOrEqualThanBoardSide";12;false;"Line concept is not present";Static;;;;;;
"Dorvon Cag";"eachPieceReferenceNotDuplicated";11;false;"The game does not have any piece declared as Each";Static;;;;;;
"Dorvon Cag";"pieceDeclaredAsEach";72;false;"Ludeme Each for a Piece requires at least one definition of PieceN, with N > 0";Static;;;;;;
"Dorvon Cag";"pieceDeclaredAsShared";13;false;"The game does not have any piece declared as Shared";Static;;;;;;
"Dorvon Cag";"pieceDeclaredAsNeutral";8;true;;Static;;;;;;
"Dorvon Cag";"AllPlayerDeclared";9;true;;Static;;;;;;
"Dorvon Cag";"equalNumberOfPiecesOnTheBoard";9;true;;Static;;;;;;
"Dorvon Cag";"sizeOfTrack";9;false;"Track concept is not present";Static;;;;;;
"Duidoku";"lineLessOrEqualThanBoardSide";219;false;"Line concept is not present";Static;;;;;;
"Duidoku";"eachPieceReferenceNotDuplicated";243;false;"The game does not have any piece declared as Each";Static;;;;;;
"Duidoku";"pieceDeclaredAsEach";246;false;"The game does not have any piece declared as Each";Static;;;;;;
"Duidoku";"pieceDeclaredAsShared";202;false;"The game does not have any piece declared as Shared";Static;;;;;;
"Duidoku";"pieceDeclaredAsNeutral";172;false;"A piece declared Neutral must be called as piece0";Static;;;;;;
"Duidoku";"AllPlayerDeclared";175;true;;Static;;;;;;
"Duidoku";"equalNumberOfPiecesOnTheBoard";191;true;;Static;;;;;;
"Duidoku";"sizeOfTrack";179;false;"Track concept is not present";Static;;;;;;
"Epoxy";"lineLessOrEqualThanBoardSide";97;false;"Line concept is not present";Static;;;;;;
"Epoxy";"eachPieceReferenceNotDuplicated";91;false;"The game does not have any piece declared as Each";Static;;;;;;
"Epoxy";"pieceDeclaredAsEach";118;false;"Ludeme Each for a Piece requires at least one definition of PieceN, with N > 0";Static;;;;;;
"Epoxy";"pieceDeclaredAsShared";96;false;"The game does not have any piece declared as Shared";Static;;;;;;
"Epoxy";"pieceDeclaredAsNeutral";83;true;;Static;;;;;;
"Epoxy";"AllPlayerDeclared";80;true;;Static;;;;;;
"Epoxy";"equalNumberOfPiecesOnTheBoard";70;true;;Static;;;;;;
"Epoxy";"sizeOfTrack";73;false;"Track concept is not present";Static;;;;;;
"Ex Nihilo";"lineLessOrEqualThanBoardSide";1705;false;"Line concept is not present";Static;;;;;;
"Ex Nihilo";"eachPieceReferenceNotDuplicated";1589;false;"The game does not have any piece declared as Each";Static;;;;;;
"Ex Nihilo";"pieceDeclaredAsEach";1613;false;"Ludeme Each for a Piece requires at least one definition of PieceN, with N > 0";Static;;;;;;
"Ex Nihilo";"pieceDeclaredAsShared";1615;false;"The game does not have any piece declared as Shared";Static;;;;;;
"Ex Nihilo";"pieceDeclaredAsNeutral";1795;true;;Static;;;;;;
"Ex Nihilo";"AllPlayerDeclared";1532;true;;Static;;;;;;
"Ex Nihilo";"equalNumberOfPiecesOnTheBoard";1508;true;;Static;;;;;;
"Ex Nihilo";"sizeOfTrack";1475;false;"Track concept is not present";Static;;;;;;
"First Attack";"lineLessOrEqualThanBoardSide";22;false;"Line concept is not present";Static;;;;;;
"First Attack";"eachPieceReferenceNotDuplicated";22;false;"The game does not have any piece declared as Each";Static;;;;;;
"First Attack";"pieceDeclaredAsEach";78;false;"The game does not have any piece declared as Each";Static;;;;;;
"First Attack";"pieceDeclaredAsShared";31;true;;Static;;;;;;
"First Attack";"pieceDeclaredAsNeutral";28;true;;Static;;;;;;
"First Attack";"AllPlayerDeclared";21;true;;Static;;;;;;
"First Attack";"equalNumberOfPiecesOnTheBoard";23;true;;Static;;;;;;
"First Attack";"sizeOfTrack";20;false;"Track concept is not present";Static;;;;;;
"Forge";"lineLessOrEqualThanBoardSide";24;false;"Line concept is not present";Static;;;;;;
"Forge";"eachPieceReferenceNotDuplicated";27;false;"The game does not have any piece declared as Each";Static;;;;;;
"Forge";"pieceDeclaredAsEach";85;true;;Static;;;;;;
"Forge";"pieceDeclaredAsShared";38;false;"The game does not have any piece declared as Shared";Static;;;;;;
"Forge";"pieceDeclaredAsNeutral";35;true;;Static;;;;;;
"Forge";"AllPlayerDeclared";43;true;;Static;;;;;;
"Forge";"equalNumberOfPiecesOnTheBoard";29;true;;Static;;;;;;
"Forge";"sizeOfTrack";22;false;"Track concept is not present";Static;;;;;;
"Game of Dwarfs";"lineLessOrEqualThanBoardSide";22;false;"Line concept is not present";Static;;;;;;
"Game of Dwarfs";"eachPieceReferenceNotDuplicated";20;false;"The game does not have any piece declared as Each";Static;;;;;;
"Game of Dwarfs";"pieceDeclaredAsEach";65;false;"The game does not have any piece declared as Each";Static;;;;;;
"Game of Dwarfs";"pieceDeclaredAsShared";25;false;"The game does not have any piece declared as Shared";Static;;;;;;
"Game of Dwarfs";"pieceDeclaredAsNeutral";18;true;;Static;;;;;;
"Game of Dwarfs";"AllPlayerDeclared";19;true;;Static;;;;;;
"Game of Dwarfs";"equalNumberOfPiecesOnTheBoard";21;true;;Static;;;;;;
"Game of Dwarfs";"sizeOfTrack";25;false;"Track concept is not present";Static;;;;;;
"Gopher";"lineLessOrEqualThanBoardSide";62;false;"Line concept is not present";Static;;;;;;
"Gopher";"eachPieceReferenceNotDuplicated";68;false;"The game does not have any piece declared as Each";Static;;;;;;
"Gopher";"pieceDeclaredAsEach";78;false;"Ludeme Each for a Piece requires at least one definition of PieceN, with N > 0";Static;;;;;;
"Gopher";"pieceDeclaredAsShared";42;false;"The game does not have any piece declared as Shared";Static;;;;;;
"Gopher";"pieceDeclaredAsNeutral";55;true;;Static;;;;;;
"Gopher";"AllPlayerDeclared";42;true;;Static;;;;;;
"Gopher";"equalNumberOfPiecesOnTheBoard";61;true;;Static;;;;;;
"Gopher";"sizeOfTrack";43;false;"Track concept is not present";Static;;;;;;
"Gurvan Xudag";"lineLessOrEqualThanBoardSide";14;false;"Line concept is not present";Static;;;;;;
"Gurvan Xudag";"eachPieceReferenceNotDuplicated";12;false;"The game does not have any piece declared as Each";Static;;;;;;
"Gurvan Xudag";"pieceDeclaredAsEach";56;false;"The game does not have any piece declared as Each";Static;;;;;;
"Gurvan Xudag";"pieceDeclaredAsShared";13;false;"The game does not have any piece declared as Shared";Static;;;;;;
"Gurvan Xudag";"pieceDeclaredAsNeutral";11;true;;Static;;;;;;
"Gurvan Xudag";"AllPlayerDeclared";13;true;;Static;;;;;;
"Gurvan Xudag";"equalNumberOfPiecesOnTheBoard";16;true;;Static;;;;;;
"Gurvan Xudag";"sizeOfTrack";16;false;"Track concept is not present";Static;;;;;;
"Hex Amazons";"lineLessOrEqualThanBoardSide";108;false;"Line concept is not present";Static;;;;;;
"Hex Amazons";"eachPieceReferenceNotDuplicated";91;false;"The game does not have any piece declared as Each";Static;;;;;;
"Hex Amazons";"pieceDeclaredAsEach";169;true;;Static;;;;;;
"Hex Amazons";"pieceDeclaredAsShared";81;false;"The game does not have any piece declared as Shared";Static;;;;;;
"Hex Amazons";"pieceDeclaredAsNeutral";103;true;;Static;;;;;;
"Hex Amazons";"AllPlayerDeclared";85;true;;Static;;;;;;
"Hex Amazons";"equalNumberOfPiecesOnTheBoard";100;true;;Static;;;;;;
"Hex Amazons";"sizeOfTrack";111;false;"Track concept is not present";Static;;;;;;
"Ho-Bag Gonu";"lineLessOrEqualThanBoardSide";20;false;"Line concept is not present";Static;;;;;;
"Ho-Bag Gonu";"eachPieceReferenceNotDuplicated";19;false;"The game does not have any piece declared as Each";Static;;;;;;
"Ho-Bag Gonu";"pieceDeclaredAsEach";74;true;;Static;;;;;;
"Ho-Bag Gonu";"pieceDeclaredAsShared";21;false;"The game does not have any piece declared as Shared";Static;;;;;;
"Ho-Bag Gonu";"pieceDeclaredAsNeutral";22;true;;Static;;;;;;
"Ho-Bag Gonu";"AllPlayerDeclared";19;true;;Static;;;;;;
"Ho-Bag Gonu";"equalNumberOfPiecesOnTheBoard";19;true;;Static;;;;;;
"Ho-Bag Gonu";"sizeOfTrack";18;false;"Track concept is not present";Static;;;;;;
"Isolation";"lineLessOrEqualThanBoardSide";22;false;"Line concept is not present";Static;;;;;;
"Isolation";"eachPieceReferenceNotDuplicated";24;false;"The game does not have any piece declared as Each";Static;;;;;;
"Isolation";"pieceDeclaredAsEach";73;true;;Static;;;;;;
"Isolation";"pieceDeclaredAsShared";25;false;"The game does not have any piece declared as Shared";Static;;;;;;
"Isolation";"pieceDeclaredAsNeutral";29;true;;Static;;;;;;
"Isolation";"AllPlayerDeclared";24;true;;Static;;;;;;
"Isolation";"equalNumberOfPiecesOnTheBoard";25;true;;Static;;;;;;
"Isolation";"sizeOfTrack";32;false;"Track concept is not present";Static;;;;;;
"Janes Soppi (Symmetrical)";"lineLessOrEqualThanBoardSide";13;false;"Line concept is not present";Static;;;;;;
"Janes Soppi (Symmetrical)";"eachPieceReferenceNotDuplicated";11;false;"The game does not have any piece declared as Each";Static;;;;;;
"Janes Soppi (Symmetrical)";"pieceDeclaredAsEach";66;false;"The game does not have any piece declared as Each";Static;;;;;;
"Janes Soppi (Symmetrical)";"pieceDeclaredAsShared";13;false;"The game does not have any piece declared as Shared";Static;;;;;;
"Janes Soppi (Symmetrical)";"pieceDeclaredAsNeutral";12;true;;Static;;;;;;
"Janes Soppi (Symmetrical)";"AllPlayerDeclared";12;true;;Static;;;;;;
"Janes Soppi (Symmetrical)";"equalNumberOfPiecesOnTheBoard";17;true;;Static;;;;;;
"Janes Soppi (Symmetrical)";"sizeOfTrack";12;false;"Track concept is not present";Static;;;;;;
"Jostle";"lineLessOrEqualThanBoardSide";48;false;"Line concept is not present";Static;;;;;;
"Jostle";"eachPieceReferenceNotDuplicated";47;false;"The game does not have any piece declared as Each";Static;;;;;;
"Jostle";"pieceDeclaredAsEach";66;true;;Static;;;;;;
"Jostle";"pieceDeclaredAsShared";40;false;"The game does not have any piece declared as Shared";Static;;;;;;
"Jostle";"pieceDeclaredAsNeutral";43;true;;Static;;;;;;
"Jostle";"AllPlayerDeclared";38;true;;Static;;;;;;
"Jostle";"equalNumberOfPiecesOnTheBoard";54;true;;Static;;;;;;
"Jostle";"sizeOfTrack";54;false;"Track concept is not present";Static;;;;;;
"L Game";"lineLessOrEqualThanBoardSide";28;false;"Line concept is not present";Static;;;;;;
"L Game";"eachPieceReferenceNotDuplicated";27;false;"The game does not have any piece declared as Each";Static;;;;;;
"L Game";"pieceDeclaredAsEach";71;false;"The game does not have any piece declared as Each";Static;;;;;;
"L Game";"pieceDeclaredAsShared";28;false;"The game does not have any piece declared as Shared";Static;;;;;;
"L Game";"pieceDeclaredAsNeutral";25;true;;Static;;;;;;
"L Game";"AllPlayerDeclared";26;true;;Static;;;;;;
"L Game";"equalNumberOfPiecesOnTheBoard";27;true;;Static;;;;;;
"L Game";"sizeOfTrack";23;false;"Track concept is not present";Static;;;;;;
"Lewthwaite's Game";"lineLessOrEqualThanBoardSide";29;false;"Line concept is not present";Static;;;;;;
"Lewthwaite's Game";"eachPieceReferenceNotDuplicated";17;false;"The game does not have any piece declared as Each";Static;;;;;;
"Lewthwaite's Game";"pieceDeclaredAsEach";71;true;;Static;;;;;;
"Lewthwaite's Game";"pieceDeclaredAsShared";19;false;"The game does not have any piece declared as Shared";Static;;;;;;
"Lewthwaite's Game";"pieceDeclaredAsNeutral";18;true;;Static;;;;;;
"Lewthwaite's Game";"AllPlayerDeclared";22;true;;Static;;;;;;
"Lewthwaite's Game";"equalNumberOfPiecesOnTheBoard";25;true;;Static;;;;;;
"Lewthwaite's Game";"sizeOfTrack";27;false;"Track concept is not present";Static;;;;;;
"Madelinette";"lineLessOrEqualThanBoardSide";13;false;"Line concept is not present";Static;;;;;;
"Madelinette";"eachPieceReferenceNotDuplicated";12;false;"The game does not have any piece declared as Each";Static;;;;;;
"Madelinette";"pieceDeclaredAsEach";65;true;;Static;;;;;;
"Madelinette";"pieceDeclaredAsShared";10;false;"The game does not have any piece declared as Shared";Static;;;;;;
"Madelinette";"pieceDeclaredAsNeutral";12;true;;Static;;;;;;
"Madelinette";"AllPlayerDeclared";8;true;;Static;;;;;;
"Madelinette";"equalNumberOfPiecesOnTheBoard";12;true;;Static;;;;;;
"Madelinette";"sizeOfTrack";8;false;"Track concept is not present";Static;;;;;;
"Mu Torere";"lineLessOrEqualThanBoardSide";21;false;"Line concept is not present";Static;;;;;;
"Mu Torere";"eachPieceReferenceNotDuplicated";17;false;"The game does not have any piece declared as Each";Static;;;;;;
"Mu Torere";"pieceDeclaredAsEach";58;true;;Static;;;;;;
"Mu Torere";"pieceDeclaredAsShared";20;false;"The game does not have any piece declared as Shared";Static;;;;;;
"Mu Torere";"pieceDeclaredAsNeutral";16;true;;Static;;;;;;
"Mu Torere";"AllPlayerDeclared";15;true;;Static;;;;;;
"Mu Torere";"equalNumberOfPiecesOnTheBoard";16;true;;Static;;;;;;
"Mu Torere";"sizeOfTrack";13;false;"Track concept is not present";Static;;;;;;
"NoGo";"lineLessOrEqualThanBoardSide";26;false;"Line concept is not present";Static;;;;;;
"NoGo";"eachPieceReferenceNotDuplicated";30;false;"The game does not have any piece declared as Each";Static;;;;;;
"NoGo";"pieceDeclaredAsEach";65;false;"Ludeme Each for a Piece requires at least one definition of PieceN, with N > 0";Static;;;;;;
"NoGo";"pieceDeclaredAsShared";29;false;"The game does not have any piece declared as Shared";Static;;;;;;
"NoGo";"pieceDeclaredAsNeutral";29;true;;Static;;;;;;
"NoGo";"AllPlayerDeclared";30;true;;Static;;;;;;
"NoGo";"equalNumberOfPiecesOnTheBoard";36;true;;Static;;;;;;
"NoGo";"sizeOfTrack";22;false;"Track concept is not present";Static;;;;;;
"Oumoul Kono";"lineLessOrEqualThanBoardSide";11;false;"Line concept is not present";Static;;;;;;
"Oumoul Kono";"eachPieceReferenceNotDuplicated";9;false;"The game does not have any piece declared as Each";Static;;;;;;
"Oumoul Kono";"pieceDeclaredAsEach";45;true;;Static;;;;;;
"Oumoul Kono";"pieceDeclaredAsShared";14;false;"The game does not have any piece declared as Shared";Static;;;;;;
"Oumoul Kono";"pieceDeclaredAsNeutral";12;true;;Static;;;;;;
"Oumoul Kono";"AllPlayerDeclared";14;true;;Static;;;;;;
"Oumoul Kono";"equalNumberOfPiecesOnTheBoard";12;true;;Static;;;;;;
"Oumoul Kono";"sizeOfTrack";14;false;"Track concept is not present";Static;;;;;;
"Overflow";"lineLessOrEqualThanBoardSide";151;false;"Line concept is not present";Static;;;;;;
"Overflow";"eachPieceReferenceNotDuplicated";142;false;"The game does not have any piece declared as Each";Static;;;;;;
"Overflow";"pieceDeclaredAsEach";179;false;"The game does not have any piece declared as Each";Static;;;;;;
"Overflow";"pieceDeclaredAsShared";142;false;"The game does not have any piece declared as Shared";Static;;;;;;
"Overflow";"pieceDeclaredAsNeutral";146;true;;Static;;;;;;
"Overflow";"AllPlayerDeclared";143;true;;Static;;;;;;
"Overflow";"equalNumberOfPiecesOnTheBoard";210;false;"Players do not have the same number of pieces";Static;;;;;;
"Overflow";"sizeOfTrack";220;false;"Track concept is not present";Static;;;;;;
"Pathway";"lineLessOrEqualThanBoardSide";18;false;"Line concept is not present";Static;;;;;;
"Pathway";"eachPieceReferenceNotDuplicated";15;false;"The game does not have any piece declared as Each";Static;;;;;;
"Pathway";"pieceDeclaredAsEach";47;false;"Ludeme Each for a Piece requires at least one definition of PieceN, with N > 0";Static;;;;;;
"Pathway";"pieceDeclaredAsShared";22;false;"The game does not have any piece declared as Shared";Static;;;;;;
"Pathway";"pieceDeclaredAsNeutral";21;true;;Static;;;;;;
"Pathway";"AllPlayerDeclared";22;true;;Static;;;;;;
"Pathway";"equalNumberOfPiecesOnTheBoard";23;true;;Static;;;;;;
"Pathway";"sizeOfTrack";15;false;"Track concept is not present";Static;;;;;;
"Pentomino";"lineLessOrEqualThanBoardSide";48;false;"Line concept is not present";Static;;;;;;
"Pentomino";"eachPieceReferenceNotDuplicated";29;false;"The game does not have any piece declared as Each";Static;;;;;;
"Pentomino";"pieceDeclaredAsEach";61;false;"The game does not have any piece declared as Each";Static;;;;;;
"Pentomino";"pieceDeclaredAsShared";27;false;"The game does not have any piece declared as Shared";Static;;;;;;
"Pentomino";"pieceDeclaredAsNeutral";29;true;;Static;;;;;;
"Pentomino";"AllPlayerDeclared";28;true;;Static;;;;;;
"Pentomino";"equalNumberOfPiecesOnTheBoard";49;true;;Static;;;;;;
"Pentomino";"sizeOfTrack";40;false;"Track concept is not present";Static;;;;;;
"Pong Hau K'i";"lineLessOrEqualThanBoardSide";7;false;"Line concept is not present";Static;;;;;;
"Pong Hau K'i";"eachPieceReferenceNotDuplicated";9;false;"The game does not have any piece declared as Each";Static;;;;;;
"Pong Hau K'i";"pieceDeclaredAsEach";56;true;;Static;;;;;;
"Pong Hau K'i";"pieceDeclaredAsShared";6;false;"The game does not have any piece declared as Shared";Static;;;;;;
"Pong Hau K'i";"pieceDeclaredAsNeutral";7;true;;Static;;;;;;
"Pong Hau K'i";"AllPlayerDeclared";6;true;;Static;;;;;;
"Pong Hau K'i";"equalNumberOfPiecesOnTheBoard";7;true;;Static;;;;;;
"Pong Hau K'i";"sizeOfTrack";8;false;"Track concept is not present";Static;;;;;;
"Quantum Leap";"lineLessOrEqualThanBoardSide";32;false;"Line concept is not present";Static;;;;;;
"Quantum Leap";"eachPieceReferenceNotDuplicated";28;false;"The game does not have any piece declared as Each";Static;;;;;;
"Quantum Leap";"pieceDeclaredAsEach";59;true;;Static;;;;;;
"Quantum Leap";"pieceDeclaredAsShared";41;false;"The game does not have any piece declared as Shared";Static;;;;;;
"Quantum Leap";"pieceDeclaredAsNeutral";40;true;;Static;;;;;;
"Quantum Leap";"AllPlayerDeclared";31;true;;Static;;;;;;
"Quantum Leap";"equalNumberOfPiecesOnTheBoard";42;true;;Static;;;;;;
"Quantum Leap";"sizeOfTrack";46;false;"Track concept is not present";Static;;;;;;
"Ratio";"lineLessOrEqualThanBoardSide";29;false;"Line concept is not present";Static;;;;;;
"Ratio";"eachPieceReferenceNotDuplicated";29;false;"The game does not have any piece declared as Each";Static;;;;;;
"Ratio";"pieceDeclaredAsEach";57;false;"The game does not have any piece declared as Each";Static;;;;;;
"Ratio";"pieceDeclaredAsShared";21;false;"The game does not have any piece declared as Shared";Static;;;;;;
"Ratio";"pieceDeclaredAsNeutral";28;true;;Static;;;;;;
"Ratio";"AllPlayerDeclared";25;true;;Static;;;;;;
"Ratio";"equalNumberOfPiecesOnTheBoard";20;true;;Static;;;;;;
"Ratio";"sizeOfTrack";23;false;"Track concept is not present";Static;;;;;;
"Snailtrail";"lineLessOrEqualThanBoardSide";18;false;"Line concept is not present";Static;;;;;;
"Snailtrail";"eachPieceReferenceNotDuplicated";18;false;"The game does not have any piece declared as Each";Static;;;;;;
"Snailtrail";"pieceDeclaredAsEach";46;true;;Static;;;;;;
"Snailtrail";"pieceDeclaredAsShared";18;false;"The game does not have any piece declared as Shared";Static;;;;;;
"Snailtrail";"pieceDeclaredAsNeutral";19;true;;Static;;;;;;
"Snailtrail";"AllPlayerDeclared";16;true;;Static;;;;;;
"Snailtrail";"equalNumberOfPiecesOnTheBoard";15;true;;Static;;;;;;
"Snailtrail";"sizeOfTrack";18;false;"Track concept is not present";Static;;;;;;
"Snort";"lineLessOrEqualThanBoardSide";22;false;"Line concept is not present";Static;;;;;;
"Snort";"eachPieceReferenceNotDuplicated";23;false;"The game does not have any piece declared as Each";Static;;;;;;
"Snort";"pieceDeclaredAsEach";58;false;"The game does not have any piece declared as Each";Static;;;;;;
"Snort";"pieceDeclaredAsShared";29;false;"The game does not have any piece declared as Shared";Static;;;;;;
"Snort";"pieceDeclaredAsNeutral";28;true;;Static;;;;;;
"Snort";"AllPlayerDeclared";26;true;;Static;;;;;;
"Snort";"equalNumberOfPiecesOnTheBoard";30;true;;Static;;;;;;
"Snort";"sizeOfTrack";25;false;"Track concept is not present";Static;;;;;;
"Snowpaque";"lineLessOrEqualThanBoardSide";28;false;"Line concept is not present";Static;;;;;;
"Snowpaque";"eachPieceReferenceNotDuplicated";30;false;"The game does not have any piece declared as Each";Static;;;;;;
"Snowpaque";"pieceDeclaredAsEach";60;false;"The game does not have any piece declared as Each";Static;;;;;;
"Snowpaque";"pieceDeclaredAsShared";26;false;"The game does not have any piece declared as Shared";Static;;;;;;
"Snowpaque";"pieceDeclaredAsNeutral";26;true;;Static;;;;;;
"Snowpaque";"AllPlayerDeclared";26;true;;Static;;;;;;
"Snowpaque";"equalNumberOfPiecesOnTheBoard";27;true;;Static;;;;;;
"Snowpaque";"sizeOfTrack";25;false;"Track concept is not present";Static;;;;;;
"Spots";"lineLessOrEqualThanBoardSide";27;false;"Line concept is not present";Static;;;;;;
"Spots";"eachPieceReferenceNotDuplicated";31;false;"The game does not have any piece declared as Each";Static;;;;;;
"Spots";"pieceDeclaredAsEach";95;false;"The game does not have any piece declared as Each";Static;;;;;;
"Spots";"pieceDeclaredAsShared";42;false;"The game does not have any piece declared as Shared";Static;;;;;;
"Spots";"pieceDeclaredAsNeutral";40;true;;Static;;;;;;
"Spots";"AllPlayerDeclared";28;true;;Static;;;;;;
"Spots";"equalNumberOfPiecesOnTheBoard";29;true;;Static;;;;;;
"Spots";"sizeOfTrack";36;false;"Track concept is not present";Static;;;;;;
"Susan";"lineLessOrEqualThanBoardSide";51;false;"Line concept is not present";Static;;;;;;
"Susan";"eachPieceReferenceNotDuplicated";52;false;"The game does not have any piece declared as Each";Static;;;;;;
"Susan";"pieceDeclaredAsEach";68;false;"Ludeme Each for a Piece requires at least one definition of PieceN, with N > 0";Static;;;;;;
"Susan";"pieceDeclaredAsShared";38;false;"The game does not have any piece declared as Shared";Static;;;;;;
"Susan";"pieceDeclaredAsNeutral";38;true;;Static;;;;;;
"Susan";"AllPlayerDeclared";32;true;;Static;;;;;;
"Susan";"equalNumberOfPiecesOnTheBoard";44;true;;Static;;;;;;
"Susan";"sizeOfTrack";44;false;"Track concept is not present";Static;;;;;;
"T'uk T'uk";"lineLessOrEqualThanBoardSide";13;false;"Line concept is not present";Static;;;;;;
"T'uk T'uk";"eachPieceReferenceNotDuplicated";15;false;"The game does not have any piece declared as Each";Static;;;;;;
"T'uk T'uk";"pieceDeclaredAsEach";49;true;;Static;;;;;;
"T'uk T'uk";"pieceDeclaredAsShared";15;false;"The game does not have any piece declared as Shared";Static;;;;;;
"T'uk T'uk";"pieceDeclaredAsNeutral";12;true;;Static;;;;;;
"T'uk T'uk";"AllPlayerDeclared";16;true;;Static;;;;;;
"T'uk T'uk";"equalNumberOfPiecesOnTheBoard";15;true;;Static;;;;;;
"T'uk T'uk";"sizeOfTrack";14;false;"Track concept is not present";Static;;;;;;
"TacTix";"lineLessOrEqualThanBoardSide";24;false;"Line concept is not present";Static;;;;;;
"TacTix";"eachPieceReferenceNotDuplicated";23;false;"The game does not have any piece declared as Each";Static;;;;;;
"TacTix";"pieceDeclaredAsEach";54;false;"The game does not have any piece declared as Each";Static;;;;;;
"TacTix";"pieceDeclaredAsShared";22;true;;Static;;;;;;
"TacTix";"pieceDeclaredAsNeutral";23;true;;Static;;;;;;
"TacTix";"AllPlayerDeclared";24;true;;Static;;;;;;
"TacTix";"equalNumberOfPiecesOnTheBoard";22;false;"Players do not have the same number of pieces";Static;;;;;;
"TacTix";"sizeOfTrack";24;false;"Track concept is not present";Static;;;;;;
"Temeen Tavag";"lineLessOrEqualThanBoardSide";8;false;"Line concept is not present";Static;;;;;;
"Temeen Tavag";"eachPieceReferenceNotDuplicated";7;false;"The game does not have any piece declared as Each";Static;;;;;;
"Temeen Tavag";"pieceDeclaredAsEach";38;false;"Ludeme Each for a Piece requires at least one definition of PieceN, with N > 0";Static;;;;;;
"Temeen Tavag";"pieceDeclaredAsShared";7;false;"The game does not have any piece declared as Shared";Static;;;;;;
"Temeen Tavag";"pieceDeclaredAsNeutral";7;true;;Static;;;;;;
"Temeen Tavag";"AllPlayerDeclared";7;true;;Static;;;;;;
"Temeen Tavag";"equalNumberOfPiecesOnTheBoard";7;true;;Static;;;;;;
"Temeen Tavag";"sizeOfTrack";9;false;"Track concept is not present";Static;;;;;;
"Toads and Frogs";"lineLessOrEqualThanBoardSide";12;false;"Line concept is not present";Static;;;;;;
"Toads and Frogs";"eachPieceReferenceNotDuplicated";12;false;"The game does not have any piece declared as Each";Static;;;;;;
"Toads and Frogs";"pieceDeclaredAsEach";43;false;"The game does not have any piece declared as Each";Static;;;;;;
"Toads and Frogs";"pieceDeclaredAsShared";11;false;"The game does not have any piece declared as Shared";Static;;;;;;
"Toads and Frogs";"pieceDeclaredAsNeutral";8;true;;Static;;;;;;
"Toads and Frogs";"AllPlayerDeclared";12;true;;Static;;;;;;
"Toads and Frogs";"equalNumberOfPiecesOnTheBoard";9;true;;Static;;;;;;
"Toads and Frogs";"sizeOfTrack";13;false;"Track concept is not present";Static;;;;;;
"Tron";"lineLessOrEqualThanBoardSide";48;false;"Line concept is not present";Static;;;;;;
"Tron";"eachPieceReferenceNotDuplicated";32;false;"The game does not have any piece declared as Each";Static;;;;;;
"Tron";"pieceDeclaredAsEach";63;false;"Ludeme Each for a Piece requires at least one definition of PieceN, with N > 0";Static;;;;;;
"Tron";"pieceDeclaredAsShared";30;false;"The game does not have any piece declared as Shared";Static;;;;;;
"Tron";"pieceDeclaredAsNeutral";29;true;;Static;;;;;;
"Tron";"AllPlayerDeclared";29;true;;Static;;;;;;
"Tron";"equalNumberOfPiecesOnTheBoard";50;true;;Static;;;;;;
"Tron";"sizeOfTrack";32;false;"Track concept is not present";Static;;;;;;
"Tugul Shodra";"lineLessOrEqualThanBoardSide";6;false;"Line concept is not present";Static;;;;;;
"Tugul Shodra";"eachPieceReferenceNotDuplicated";5;false;"The game does not have any piece declared as Each";Static;;;;;;
"Tugul Shodra";"pieceDeclaredAsEach";36;true;;Static;;;;;;
"Tugul Shodra";"pieceDeclaredAsShared";6;false;"The game does not have any piece declared as Shared";Static;;;;;;
"Tugul Shodra";"pieceDeclaredAsNeutral";9;true;;Static;;;;;;
"Tugul Shodra";"AllPlayerDeclared";5;true;;Static;;;;;;
"Tugul Shodra";"equalNumberOfPiecesOnTheBoard";5;true;;Static;;;;;;
"Tugul Shodra";"sizeOfTrack";6;false;"Track concept is not present";Static;;;;;;
"00'Y'";"lineLessOrEqualThanBoardSide";73;false;"Line concept is not present";Static;;;;;;
"00'Y'";"eachPieceReferenceNotDuplicated";93;false;"The game does not have any piece declared as Each";Static;;;;;;
"00'Y'";"pieceDeclaredAsEach";155;false;"Ludeme Each for a Piece requires at least one definition of PieceN, with N > 0";Static;;;;;;
"00'Y'";"pieceDeclaredAsShared";111;false;"The game does not have any piece declared as Shared";Static;;;;;;
"00'Y'";"pieceDeclaredAsNeutral";110;false;"A piece declared Neutral must be called as piece0";Static;;;;;;
"00'Y'";"AllPlayerDeclared";102;true;;Static;;;;;;
"00'Y'";"equalNumberOfPiecesOnTheBoard";97;true;;Static;;;;;;
"00'Y'";"sizeOfTrack";96;false;"Track concept is not present";Static;;;;;;
"Abak";"lineLessOrEqualThanBoardSide";69;false;"Line concept is not present";Static;;;;;;
"Abak";"eachPieceReferenceNotDuplicated";50;false;"The game does not have any piece declared as Each";Static;;;;;;
"Abak";"pieceDeclaredAsEach";95;false;"Ludeme Each for a Piece requires at least one definition of PieceN, with N > 0";Static;;;;;;
"Abak";"pieceDeclaredAsShared";47;false;"The game does not have any piece declared as Shared";Static;;;;;;
"Abak";"pieceDeclaredAsNeutral";56;true;;Static;;;;;;
"Abak";"AllPlayerDeclared";45;true;;Static;;;;;;
"Abak";"equalNumberOfPiecesOnTheBoard";43;true;;Static;;;;;;
"Abak";"sizeOfTrack";48;false;"Track concept is not present";Static;;;;;;
"Atoll";"lineLessOrEqualThanBoardSide";108;false;"Line concept is not present";Static;;;;;;
"Atoll";"eachPieceReferenceNotDuplicated";120;false;"The game does not have any piece declared as Each";Static;;;;;;
"Atoll";"pieceDeclaredAsEach";155;true;;Static;;;;;;
"Atoll";"pieceDeclaredAsShared";116;false;"The game does not have any piece declared as Shared";Static;;;;;;
"Atoll";"pieceDeclaredAsNeutral";124;true;;Static;;;;;;
"Atoll";"AllPlayerDeclared";92;true;;Static;;;;;;
"Atoll";"equalNumberOfPiecesOnTheBoard";107;true;;Static;;;;;;
"Atoll";"sizeOfTrack";99;false;"Track concept is not present";Static;;;;;;
"Bide";"lineLessOrEqualThanBoardSide";493;false;"Line concept is not present";Static;;;;;;
"Bide";"eachPieceReferenceNotDuplicated";460;false;"The game does not have any piece declared as Each";Static;;;;;;
"Bide";"pieceDeclaredAsEach";557;false;"Ludeme Each for a Piece requires at least one definition of PieceN, with N > 0";Static;;;;;;
"Bide";"pieceDeclaredAsShared";481;false;"The game does not have any piece declared as Shared";Static;;;;;;
"Bide";"pieceDeclaredAsNeutral";494;true;;Static;;;;;;
"Bide";"AllPlayerDeclared";489;true;;Static;;;;;;
"Bide";"equalNumberOfPiecesOnTheBoard";472;true;;Static;;;;;;
"Bide";"sizeOfTrack";442;false;"Track concept is not present";Static;;;;;;
"Bipartisan Y";"lineLessOrEqualThanBoardSide";37;false;"Line concept is not present";Static;;;;;;
"Bipartisan Y";"eachPieceReferenceNotDuplicated";41;false;"The game does not have any piece declared as Each";Static;;;;;;
"Bipartisan Y";"pieceDeclaredAsEach";67;false;"Ludeme Each for a Piece requires at least one definition of PieceN, with N > 0";Static;;;;;;
"Bipartisan Y";"pieceDeclaredAsShared";39;false;"The game does not have any piece declared as Shared";Static;;;;;;
"Bipartisan Y";"pieceDeclaredAsNeutral";39;false;"A piece declared Neutral must be called as piece0";Static;;;;;;
"Bipartisan Y";"AllPlayerDeclared";38;true;;Static;;;;;;
"Bipartisan Y";"equalNumberOfPiecesOnTheBoard";41;true;;Static;;;;;;
"Bipartisan Y";"sizeOfTrack";46;false;"Track concept is not present";Static;;;;;;
"Chameleon";"lineLessOrEqualThanBoardSide";75;false;"Line concept is not present";Static;;;;;;
"Chameleon";"eachPieceReferenceNotDuplicated";66;false;"The game does not have any piece declared as Each";Static;;;;;;
"Chameleon";"pieceDeclaredAsEach";96;true;;Static;;;;;;
"Chameleon";"pieceDeclaredAsShared";64;false;"The game does not have any piece declared as Shared";Static;;;;;;
"Chameleon";"pieceDeclaredAsNeutral";64;true;;Static;;;;;;
"Chameleon";"AllPlayerDeclared";55;true;;Static;;;;;;
"Chameleon";"equalNumberOfPiecesOnTheBoard";57;true;;Static;;;;;;
"Chameleon";"sizeOfTrack";79;false;"Track concept is not present";Static;;;;;;
"Coil";"lineLessOrEqualThanBoardSide";101;false;"Line concept is not present";Static;;;;;;
"Coil";"eachPieceReferenceNotDuplicated";98;false;"The game does not have any piece declared as Each";Static;;;;;;
"Coil";"pieceDeclaredAsEach";102;true;;Static;;;;;;
"Coil";"pieceDeclaredAsShared";73;false;"The game does not have any piece declared as Shared";Static;;;;;;
"Coil";"pieceDeclaredAsNeutral";72;true;;Static;;;;;;
"Coil";"AllPlayerDeclared";79;true;;Static;;;;;;
"Coil";"equalNumberOfPiecesOnTheBoard";70;false;"Players do not have the same number of pieces";Static;;;;;;
"Coil";"sizeOfTrack";70;false;"Track concept is not present";Static;;;;;;
"ConHex";"lineLessOrEqualThanBoardSide";183;false;"Line concept is not present";Static;;;;;;
"ConHex";"eachPieceReferenceNotDuplicated";116;false;"The game does not have any piece declared as Each";Static;;;;;;
"ConHex";"pieceDeclaredAsEach";204;false;"Ludeme Each for a Piece requires at least one definition of PieceN, with N > 0";Static;;;;;;
"ConHex";"pieceDeclaredAsShared";105;false;"The game does not have any piece declared as Shared";Static;;;;;;
"ConHex";"pieceDeclaredAsNeutral";118;true;;Static;;;;;;
"ConHex";"AllPlayerDeclared";112;true;;Static;;;;;;
"ConHex";"equalNumberOfPiecesOnTheBoard";84;true;;Static;;;;;;
"ConHex";"sizeOfTrack";84;false;"Track concept is not present";Static;;;;;;
"Cross";"lineLessOrEqualThanBoardSide";38;false;"Line concept is not present";Static;;;;;;
"Cross";"eachPieceReferenceNotDuplicated";39;false;"The game does not have any piece declared as Each";Static;;;;;;
"Cross";"pieceDeclaredAsEach";67;false;"Ludeme Each for a Piece requires at least one definition of PieceN, with N > 0";Static;;;;;;
"Cross";"pieceDeclaredAsShared";38;false;"The game does not have any piece declared as Shared";Static;;;;;;
"Cross";"pieceDeclaredAsNeutral";33;true;;Static;;;;;;
"Cross";"AllPlayerDeclared";36;true;;Static;;;;;;
"Cross";"equalNumberOfPiecesOnTheBoard";36;true;;Static;;;;;;
"Cross";"sizeOfTrack";44;false;"Track concept is not present";Static;;;;;;
"Crossway";"lineLessOrEqualThanBoardSide";125;false;"Line concept is not present";Static;;;;;;
"Crossway";"eachPieceReferenceNotDuplicated";129;false;"The game does not have any piece declared as Each";Static;;;;;;
"Crossway";"pieceDeclaredAsEach";217;false;"Ludeme Each for a Piece requires at least one definition of PieceN, with N > 0";Static;;;;;;
"Crossway";"pieceDeclaredAsShared";136;false;"The game does not have any piece declared as Shared";Static;;;;;;
"Crossway";"pieceDeclaredAsNeutral";123;true;;Static;;;;;;
"Crossway";"AllPlayerDeclared";129;true;;Static;;;;;;
"Crossway";"equalNumberOfPiecesOnTheBoard";122;true;;Static;;;;;;
"Crossway";"sizeOfTrack";119;false;"Track concept is not present";Static;;;;;;
"Defector Y";"lineLessOrEqualThanBoardSide";75;false;"Line concept is not present";Static;;;;;;
"Defector Y";"eachPieceReferenceNotDuplicated";61;false;"The game does not have any piece declared as Each";Static;;;;;;
"Defector Y";"pieceDeclaredAsEach";95;false;"Ludeme Each for a Piece requires at least one definition of PieceN, with N > 0";Static;;;;;;
"Defector Y";"pieceDeclaredAsShared";62;false;"The game does not have any piece declared as Shared";Static;;;;;;
"Defector Y";"pieceDeclaredAsNeutral";61;false;"A piece declared Neutral must be called as piece0";Static;;;;;;
"Defector Y";"AllPlayerDeclared";63;true;;Static;;;;;;
"Defector Y";"equalNumberOfPiecesOnTheBoard";60;true;;Static;;;;;;
"Defector Y";"sizeOfTrack";65;false;"Track concept is not present";Static;;;;;;
"Diagonal Hex";"lineLessOrEqualThanBoardSide";56;false;"Line concept is not present";Static;;;;;;
"Diagonal Hex";"eachPieceReferenceNotDuplicated";57;false;"The game does not have any piece declared as Each";Static;;;;;;
"Diagonal Hex";"pieceDeclaredAsEach";110;false;"Ludeme Each for a Piece requires at least one definition of PieceN, with N > 0";Static;;;;;;
"Diagonal Hex";"pieceDeclaredAsShared";59;false;"The game does not have any piece declared as Shared";Static;;;;;;
"Diagonal Hex";"pieceDeclaredAsNeutral";55;true;;Static;;;;;;
"Diagonal Hex";"AllPlayerDeclared";59;true;;Static;;;;;;
"Diagonal Hex";"equalNumberOfPiecesOnTheBoard";60;true;;Static;;;;;;
"Diagonal Hex";"sizeOfTrack";56;false;"Track concept is not present";Static;;;;;;
"DuploHex";"lineLessOrEqualThanBoardSide";43;false;"Line concept is not present";Static;;;;;;
"DuploHex";"eachPieceReferenceNotDuplicated";35;false;"The game does not have any piece declared as Each";Static;;;;;;
"DuploHex";"pieceDeclaredAsEach";88;false;"Ludeme Each for a Piece requires at least one definition of PieceN, with N > 0";Static;;;;;;
"DuploHex";"pieceDeclaredAsShared";40;false;"The game does not have any piece declared as Shared";Static;;;;;;
"DuploHex";"pieceDeclaredAsNeutral";39;true;;Static;;;;;;
"DuploHex";"AllPlayerDeclared";34;true;;Static;;;;;;
"DuploHex";"equalNumberOfPiecesOnTheBoard";46;true;;Static;;;;;;
"DuploHex";"sizeOfTrack";32;false;"Track concept is not present";Static;;;;;;
"Esa Hex";"lineLessOrEqualThanBoardSide";56;false;"Line concept is not present";Static;;;;;;
"Esa Hex";"eachPieceReferenceNotDuplicated";57;false;"The game does not have any piece declared as Each";Static;;;;;;
"Esa Hex";"pieceDeclaredAsEach";107;false;"Ludeme Each for a Piece requires at least one definition of PieceN, with N > 0";Static;;;;;;
"Esa Hex";"pieceDeclaredAsShared";55;false;"The game does not have any piece declared as Shared";Static;;;;;;
"Esa Hex";"pieceDeclaredAsNeutral";67;true;;Static;;;;;;
"Esa Hex";"AllPlayerDeclared";55;true;;Static;;;;;;
"Esa Hex";"equalNumberOfPiecesOnTheBoard";55;true;;Static;;;;;;
"Esa Hex";"sizeOfTrack";89;false;"Track concept is not present";Static;;;;;;
"Fractal";"lineLessOrEqualThanBoardSide";667;false;"Line concept is not present";Static;;;;;;
"Fractal";"eachPieceReferenceNotDuplicated";568;false;"The game does not have any piece declared as Each";Static;;;;;;
"Fractal";"pieceDeclaredAsEach";772;false;"Ludeme Each for a Piece requires at least one definition of PieceN, with N > 0";Static;;;;;;
"Fractal";"pieceDeclaredAsShared";548;false;"The game does not have any piece declared as Shared";Static;;;;;;
"Fractal";"pieceDeclaredAsNeutral";611;true;;Static;;;;;;
"Fractal";"AllPlayerDeclared";634;true;;Static;;;;;;
"Fractal";"equalNumberOfPiecesOnTheBoard";539;true;;Static;;;;;;
"Fractal";"sizeOfTrack";543;false;"Track concept is not present";Static;;;;;;
"Gale";"lineLessOrEqualThanBoardSide";72;false;"Line concept is not present";Static;;;;;;
"Gale";"eachPieceReferenceNotDuplicated";64;false;"The game does not have any piece declared as Each";Static;;;;;;
"Gale";"pieceDeclaredAsEach";93;true;;Static;;;;;;
"Gale";"pieceDeclaredAsShared";70;false;"The game does not have any piece declared as Shared";Static;;;;;;
"Gale";"pieceDeclaredAsNeutral";90;true;;Static;;;;;;
"Gale";"AllPlayerDeclared";65;true;;Static;;;;;;
"Gale";"equalNumberOfPiecesOnTheBoard";65;true;;Static;;;;;;
"Gale";"sizeOfTrack";70;false;"Track concept is not present";Static;;;;;;
"Gonnect";"lineLessOrEqualThanBoardSide";49;false;"Line concept is not present";Static;;;;;;
"Gonnect";"eachPieceReferenceNotDuplicated";58;false;"The game does not have any piece declared as Each";Static;;;;;;
"Gonnect";"pieceDeclaredAsEach";125;false;"Ludeme Each for a Piece requires at least one definition of PieceN, with N > 0";Static;;;;;;
"Gonnect";"pieceDeclaredAsShared";78;false;"The game does not have any piece declared as Shared";Static;;;;;;
"Gonnect";"pieceDeclaredAsNeutral";81;true;;Static;;;;;;
"Gonnect";"AllPlayerDeclared";60;true;;Static;;;;;;
"Gonnect";"equalNumberOfPiecesOnTheBoard";53;true;;Static;;;;;;
"Gonnect";"sizeOfTrack";49;false;"Track concept is not present";Static;;;;;;
"Gyre";"lineLessOrEqualThanBoardSide";67;false;"Line concept is not present";Static;;;;;;
"Gyre";"eachPieceReferenceNotDuplicated";83;false;"The game does not have any piece declared as Each";Static;;;;;;
"Gyre";"pieceDeclaredAsEach";95;false;"Ludeme Each for a Piece requires at least one definition of PieceN, with N > 0";Static;;;;;;
"Gyre";"pieceDeclaredAsShared";61;false;"The game does not have any piece declared as Shared";Static;;;;;;
"Gyre";"pieceDeclaredAsNeutral";62;true;;Static;;;;;;
"Gyre";"AllPlayerDeclared";66;true;;Static;;;;;;
"Gyre";"equalNumberOfPiecesOnTheBoard";66;true;;Static;;;;;;
"Gyre";"sizeOfTrack";69;false;"Track concept is not present";Static;;;;;;
"Havannah";"lineLessOrEqualThanBoardSide";87;false;"Line concept is not present";Static;;;;;;
"Havannah";"eachPieceReferenceNotDuplicated";84;false;"The game does not have any piece declared as Each";Static;;;;;;
"Havannah";"pieceDeclaredAsEach";147;false;"Ludeme Each for a Piece requires at least one definition of PieceN, with N > 0";Static;;;;;;
"Havannah";"pieceDeclaredAsShared";127;false;"The game does not have any piece declared as Shared";Static;;;;;;
"Havannah";"pieceDeclaredAsNeutral";89;true;;Static;;;;;;
"Havannah";"AllPlayerDeclared";87;true;;Static;;;;;;
"Havannah";"equalNumberOfPiecesOnTheBoard";89;true;;Static;;;;;;
"Havannah";"sizeOfTrack";86;false;"Track concept is not present";Static;;;;;;
"Hex";"lineLessOrEqualThanBoardSide";60;false;"Line concept is not present";Static;;;;;;
"Hex";"eachPieceReferenceNotDuplicated";58;false;"The game does not have any piece declared as Each";Static;;;;;;
"Hex";"pieceDeclaredAsEach";87;false;"Ludeme Each for a Piece requires at least one definition of PieceN, with N > 0";Static;;;;;;
"Hex";"pieceDeclaredAsShared";57;false;"The game does not have any piece declared as Shared";Static;;;;;;
"Hex";"pieceDeclaredAsNeutral";57;true;;Static;;;;;;
"Hex";"AllPlayerDeclared";91;true;;Static;;;;;;
"Hex";"equalNumberOfPiecesOnTheBoard";79;true;;Static;;;;;;
"Hex";"sizeOfTrack";79;false;"Track concept is not present";Static;;;;;;
"Master Y";"lineLessOrEqualThanBoardSide";58;false;"Line concept is not present";Static;;;;;;
"Master Y";"eachPieceReferenceNotDuplicated";42;false;"The game does not have any piece declared as Each";Static;;;;;;
"Master Y";"pieceDeclaredAsEach";80;false;"The game does not have any piece declared as Each";Static;;;;;;
"Master Y";"pieceDeclaredAsShared";40;false;"The game does not have any piece declared as Shared";Static;;;;;;
"Master Y";"pieceDeclaredAsNeutral";40;true;;Static;;;;;;
"Master Y";"AllPlayerDeclared";40;true;;Static;;;;;;
"Master Y";"equalNumberOfPiecesOnTheBoard";50;true;;Static;;;;;;
"Master Y";"sizeOfTrack";47;false;"Track concept is not present";Static;;;;;;
"Onyx";"lineLessOrEqualThanBoardSide";210;false;"Line concept is not present";Static;;;;;;
"Onyx";"eachPieceReferenceNotDuplicated";211;false;"The game does not have any piece declared as Each";Static;;;;;;
"Onyx";"pieceDeclaredAsEach";227;true;;Static;;;;;;
"Onyx";"pieceDeclaredAsShared";208;false;"The game does not have any piece declared as Shared";Static;;;;;;
"Onyx";"pieceDeclaredAsNeutral";191;true;;Static;;;;;;
"Onyx";"AllPlayerDeclared";219;true;;Static;;;;;;
"Onyx";"equalNumberOfPiecesOnTheBoard";193;true;;Static;;;;;;
"Onyx";"sizeOfTrack";198;false;"Track concept is not present";Static;;;;;;
"Pippinzip (Zipline variant)";"lineLessOrEqualThanBoardSide";68;false;"Line concept is not present";Static;;;;;;
"Pippinzip (Zipline variant)";"eachPieceReferenceNotDuplicated";75;false;"The game does not have any piece declared as Each";Static;;;;;;
"Pippinzip (Zipline variant)";"pieceDeclaredAsEach";87;false;"Ludeme Each for a Piece requires at least one definition of PieceN, with N > 0";Static;;;;;;
"Pippinzip (Zipline variant)";"pieceDeclaredAsShared";62;false;"The game does not have any piece declared as Shared";Static;;;;;;
"Pippinzip (Zipline variant)";"pieceDeclaredAsNeutral";73;true;;Static;;;;;;
"Pippinzip (Zipline variant)";"AllPlayerDeclared";60;true;;Static;;;;;;
"Pippinzip (Zipline variant)";"equalNumberOfPiecesOnTheBoard";62;true;;Static;;;;;;
"Pippinzip (Zipline variant)";"sizeOfTrack";58;false;"Track concept is not present";Static;;;;;;
"Pippinzip";"lineLessOrEqualThanBoardSide";58;false;"Line concept is not present";Static;;;;;;
"Pippinzip";"eachPieceReferenceNotDuplicated";63;false;"The game does not have any piece declared as Each";Static;;;;;;
"Pippinzip";"pieceDeclaredAsEach";89;false;"Ludeme Each for a Piece requires at least one definition of PieceN, with N > 0";Static;;;;;;
"Pippinzip";"pieceDeclaredAsShared";57;false;"The game does not have any piece declared as Shared";Static;;;;;;
"Pippinzip";"pieceDeclaredAsNeutral";56;true;;Static;;;;;;
"Pippinzip";"AllPlayerDeclared";59;true;;Static;;;;;;
"Pippinzip";"equalNumberOfPiecesOnTheBoard";58;true;;Static;;;;;;
"Pippinzip";"sizeOfTrack";60;false;"Track concept is not present";Static;;;;;;
"Resolve";"lineLessOrEqualThanBoardSide";62;false;"Line concept is not present";Static;;;;;;
"Resolve";"eachPieceReferenceNotDuplicated";61;false;"The game does not have any piece declared as Each";Static;;;;;;
"Resolve";"pieceDeclaredAsEach";93;false;"The game does not have any piece declared as Each";Static;;;;;;
"Resolve";"pieceDeclaredAsShared";61;false;"The game does not have any piece declared as Shared";Static;;;;;;
"Resolve";"pieceDeclaredAsNeutral";60;true;;Static;;;;;;
"Resolve";"AllPlayerDeclared";64;true;;Static;;;;;;
"Resolve";"equalNumberOfPiecesOnTheBoard";60;true;;Static;;;;;;
"Resolve";"sizeOfTrack";71;false;"Track concept is not present";Static;;;;;;
"Scaffold";"lineLessOrEqualThanBoardSide";74;false;"Line concept is not present";Static;;;;;;
"Scaffold";"eachPieceReferenceNotDuplicated";65;false;"The game does not have any piece declared as Each";Static;;;;;;
"Scaffold";"pieceDeclaredAsEach";91;false;"Ludeme Each for a Piece requires at least one definition of PieceN, with N > 0";Static;;;;;;
"Scaffold";"pieceDeclaredAsShared";57;false;"The game does not have any piece declared as Shared";Static;;;;;;
"Scaffold";"pieceDeclaredAsNeutral";71;true;;Static;;;;;;
"Scaffold";"AllPlayerDeclared";69;true;;Static;;;;;;
"Scaffold";"equalNumberOfPiecesOnTheBoard";63;true;;Static;;;;;;
"Scaffold";"sizeOfTrack";60;false;"Track concept is not present";Static;;;;;;
"Tabu Y";"lineLessOrEqualThanBoardSide";31;false;"Line concept is not present";Static;;;;;;
"Tabu Y";"eachPieceReferenceNotDuplicated";33;false;"The game does not have any piece declared as Each";Static;;;;;;
"Tabu Y";"pieceDeclaredAsEach";72;false;"The game does not have any piece declared as Each";Static;;;;;;
"Tabu Y";"pieceDeclaredAsShared";34;false;"The game does not have any piece declared as Shared";Static;;;;;;
"Tabu Y";"pieceDeclaredAsNeutral";30;true;;Static;;;;;;
"Tabu Y";"AllPlayerDeclared";28;true;;Static;;;;;;
"Tabu Y";"equalNumberOfPiecesOnTheBoard";28;true;;Static;;;;;;
"Tabu Y";"sizeOfTrack";29;false;"Track concept is not present";Static;;;;;;
"Tara";"lineLessOrEqualThanBoardSide";37;false;"Line concept is not present";Static;;;;;;
"Tara";"eachPieceReferenceNotDuplicated";30;false;"The game does not have any piece declared as Each";Static;;;;;;
"Tara";"pieceDeclaredAsEach";83;false;"Ludeme Each for a Piece requires at least one definition of PieceN, with N > 0";Static;;;;;;
"Tara";"pieceDeclaredAsShared";34;false;"The game does not have any piece declared as Shared";Static;;;;;;
"Tara";"pieceDeclaredAsNeutral";35;true;;Static;;;;;;
"Tara";"AllPlayerDeclared";34;true;;Static;;;;;;
"Tara";"equalNumberOfPiecesOnTheBoard";33;true;;Static;;;;;;
"Tara";"sizeOfTrack";29;false;"Track concept is not present";Static;;;;;;
"Three-Player Hex";"lineLessOrEqualThanBoardSide";19;false;"Line concept is not present";Static;;;;;;
"Three-Player Hex";"eachPieceReferenceNotDuplicated";20;false;"The game does not have any piece declared as Each";Static;;;;;;
"Three-Player Hex";"pieceDeclaredAsEach";48;false;"Ludeme Each for a Piece requires at least one definition of PieceN, with N > 0";Static;;;;;;
"Three-Player Hex";"pieceDeclaredAsShared";18;false;"The game does not have any piece declared as Shared";Static;;;;;;
"Three-Player Hex";"pieceDeclaredAsNeutral";18;true;;Static;;;;;;
"Three-Player Hex";"AllPlayerDeclared";19;true;;Static;;;;;;
"Three-Player Hex";"equalNumberOfPiecesOnTheBoard";26;true;;Static;;;;;;
"Three-Player Hex";"sizeOfTrack";29;false;"Track concept is not present";Static;;;;;;
"Trax";"lineLessOrEqualThanBoardSide";1415;false;"Line concept is not present";Static;;;;;;
"Trax";"eachPieceReferenceNotDuplicated";1472;false;"The game does not have any piece declared as Each";Static;;;;;;
"Trax";"pieceDeclaredAsEach";1520;false;"The game does not have any piece declared as Each";Static;;;;;;
"Trax";"pieceDeclaredAsShared";1520;false;"The game does not have any piece declared as Shared";Static;;;;;;
"Trax";"pieceDeclaredAsNeutral";1437;true;;Static;;;;;;
"Trax";"AllPlayerDeclared";1419;true;;Static;;;;;;
"Trax";"equalNumberOfPiecesOnTheBoard";1407;true;;Static;;;;;;
"Trax";"sizeOfTrack";1377;false;"Track concept is not present";Static;;;;;;
"Troll";"lineLessOrEqualThanBoardSide";56;false;"Line concept is not present";Static;;;;;;
"Troll";"eachPieceReferenceNotDuplicated";48;false;"The game does not have any piece declared as Each";Static;;;;;;
"Troll";"pieceDeclaredAsEach";72;false;"Ludeme Each for a Piece requires at least one definition of PieceN, with N > 0";Static;;;;;;
"Troll";"pieceDeclaredAsShared";32;false;"The game does not have any piece declared as Shared";Static;;;;;;
"Troll";"pieceDeclaredAsNeutral";32;true;;Static;;;;;;
"Troll";"AllPlayerDeclared";32;true;;Static;;;;;;
"Troll";"equalNumberOfPiecesOnTheBoard";32;true;;Static;;;;;;
"Troll";"sizeOfTrack";32;false;"Track concept is not present";Static;;;;;;
"Unlur";"lineLessOrEqualThanBoardSide";73;false;"Line concept is not present";Static;;;;;;
"Unlur";"eachPieceReferenceNotDuplicated";74;false;"The game does not have any piece declared as Each";Static;;;;;;
"Unlur";"pieceDeclaredAsEach";106;false;"Ludeme Each for a Piece requires at least one definition of PieceN, with N > 0";Static;;;;;;
"Unlur";"pieceDeclaredAsShared";89;false;"The game does not have any piece declared as Shared";Static;;;;;;
"Unlur";"pieceDeclaredAsNeutral";88;true;;Static;;;;;;
"Unlur";"AllPlayerDeclared";92;true;;Static;;;;;;
"Unlur";"equalNumberOfPiecesOnTheBoard";118;true;;Static;;;;;;
"Unlur";"sizeOfTrack";118;false;"Track concept is not present";Static;;;;;;
"Y (Hex)";"lineLessOrEqualThanBoardSide";132;false;"Line concept is not present";Static;;;;;;
"Y (Hex)";"eachPieceReferenceNotDuplicated";88;false;"The game does not have any piece declared as Each";Static;;;;;;
"Y (Hex)";"pieceDeclaredAsEach";117;false;"Ludeme Each for a Piece requires at least one definition of PieceN, with N > 0";Static;;;;;;
"Y (Hex)";"pieceDeclaredAsShared";80;false;"The game does not have any piece declared as Shared";Static;;;;;;
"Y (Hex)";"pieceDeclaredAsNeutral";83;true;;Static;;;;;;
"Y (Hex)";"AllPlayerDeclared";82;true;;Static;;;;;;
"Y (Hex)";"equalNumberOfPiecesOnTheBoard";83;true;;Static;;;;;;
"Y (Hex)";"sizeOfTrack";86;false;"Track concept is not present";Static;;;;;;
"Y";"lineLessOrEqualThanBoardSide";28;false;"Line concept is not present";Static;;;;;;
"Y";"eachPieceReferenceNotDuplicated";29;false;"The game does not have any piece declared as Each";Static;;;;;;
"Y";"pieceDeclaredAsEach";67;false;"The game does not have any piece declared as Each";Static;;;;;;
"Y";"pieceDeclaredAsShared";43;false;"The game does not have any piece declared as Shared";Static;;;;;;
"Y";"pieceDeclaredAsNeutral";30;true;;Static;;;;;;
"Y";"AllPlayerDeclared";38;true;;Static;;;;;;
"Y";"equalNumberOfPiecesOnTheBoard";33;true;;Static;;;;;;
"Y";"sizeOfTrack";29;false;"Track concept is not present";Static;;;;;;
"Abrobad";"lineLessOrEqualThanBoardSide";18;false;"Line concept is not present";Static;;;;;;
"Abrobad";"eachPieceReferenceNotDuplicated";20;false;"The game does not have any piece declared as Each";Static;;;;;;
"Abrobad";"pieceDeclaredAsEach";75;false;"Ludeme Each for a Piece requires at least one definition of PieceN, with N > 0";Static;;;;;;
"Abrobad";"pieceDeclaredAsShared";20;false;"The game does not have any piece declared as Shared";Static;;;;;;
"Abrobad";"pieceDeclaredAsNeutral";25;true;;Static;;;;;;
"Abrobad";"AllPlayerDeclared";25;true;;Static;;;;;;
"Abrobad";"equalNumberOfPiecesOnTheBoard";26;true;;Static;;;;;;
"Abrobad";"sizeOfTrack";27;false;"Track concept is not present";Static;;;;;;
"Brain Coral";"lineLessOrEqualThanBoardSide";50;false;"Line concept is not present";Static;;;;;;
"Brain Coral";"eachPieceReferenceNotDuplicated";50;false;"The game does not have any piece declared as Each";Static;;;;;;
"Brain Coral";"pieceDeclaredAsEach";88;false;"Ludeme Each for a Piece requires at least one definition of PieceN, with N > 0";Static;;;;;;
"Brain Coral";"pieceDeclaredAsShared";33;false;"The game does not have any piece declared as Shared";Static;;;;;;
"Brain Coral";"pieceDeclaredAsNeutral";34;true;;Static;;;;;;
"Brain Coral";"AllPlayerDeclared";41;true;;Static;;;;;;
"Brain Coral";"equalNumberOfPiecesOnTheBoard";34;true;;Static;;;;;;
"Brain Coral";"sizeOfTrack";33;false;"Track concept is not present";Static;;;;;;
"Brood";"lineLessOrEqualThanBoardSide";200;false;"Line concept is not present";Static;;;;;;
"Brood";"eachPieceReferenceNotDuplicated";201;false;"The game does not have any piece declared as Each";Static;;;;;;
"Brood";"pieceDeclaredAsEach";221;false;"Ludeme Each for a Piece requires at least one definition of PieceN, with N > 0";Static;;;;;;
"Brood";"pieceDeclaredAsShared";219;false;"The game does not have any piece declared as Shared";Static;;;;;;
"Brood";"pieceDeclaredAsNeutral";233;false;"A piece declared Neutral must be called as piece0";Static;;;;;;
"Brood";"AllPlayerDeclared";187;true;;Static;;;;;;
"Brood";"equalNumberOfPiecesOnTheBoard";185;true;;Static;;;;;;
"Brood";"sizeOfTrack";184;false;"Track concept is not present";Static;;;;;;
"Catchup";"lineLessOrEqualThanBoardSide";31;false;"Line concept is not present";Static;;;;;;
"Catchup";"eachPieceReferenceNotDuplicated";29;false;"The game does not have any piece declared as Each";Static;;;;;;
"Catchup";"pieceDeclaredAsEach";65;false;"Ludeme Each for a Piece requires at least one definition of PieceN, with N > 0";Static;;;;;;
"Catchup";"pieceDeclaredAsShared";32;false;"The game does not have any piece declared as Shared";Static;;;;;;
"Catchup";"pieceDeclaredAsNeutral";31;true;;Static;;;;;;
"Catchup";"AllPlayerDeclared";28;true;;Static;;;;;;
"Catchup";"equalNumberOfPiecesOnTheBoard";48;true;;Static;;;;;;
"Catchup";"sizeOfTrack";31;false;"Track concept is not present";Static;;;;;;
"Elea";"lineLessOrEqualThanBoardSide";30;false;"Line concept is not present";Static;;;;;;
"Elea";"eachPieceReferenceNotDuplicated";35;false;"The game does not have any piece declared as Each";Static;;;;;;
"Elea";"pieceDeclaredAsEach";83;false;"Ludeme Each for a Piece requires at least one definition of PieceN, with N > 0";Static;;;;;;
"Elea";"pieceDeclaredAsShared";36;false;"The game does not have any piece declared as Shared";Static;;;;;;
"Elea";"pieceDeclaredAsNeutral";29;true;;Static;;;;;;
"Elea";"AllPlayerDeclared";51;true;;Static;;;;;;
"Elea";"equalNumberOfPiecesOnTheBoard";36;true;;Static;;;;;;
"Elea";"sizeOfTrack";30;false;"Track concept is not present";Static;;;;;;
"Feed the Ducks";"lineLessOrEqualThanBoardSide";45;false;"Line concept is not present";Static;;;;;;
"Feed the Ducks";"eachPieceReferenceNotDuplicated";34;false;"The game does not have any piece declared as Each";Static;;;;;;
"Feed the Ducks";"pieceDeclaredAsEach";64;true;;Static;;;;;;
"Feed the Ducks";"pieceDeclaredAsShared";34;false;"The game does not have any piece declared as Shared";Static;;;;;;
"Feed the Ducks";"pieceDeclaredAsNeutral";29;true;;Static;;;;;;
"Feed the Ducks";"AllPlayerDeclared";30;true;;Static;;;;;;
"Feed the Ducks";"equalNumberOfPiecesOnTheBoard";33;true;;Static;;;;;;
"Feed the Ducks";"sizeOfTrack";43;false;"Track concept is not present";Static;;;;;;
"Groups";"lineLessOrEqualThanBoardSide";21;false;"Line concept is not present";Static;;;;;;
"Groups";"eachPieceReferenceNotDuplicated";19;false;"The game does not have any piece declared as Each";Static;;;;;;
"Groups";"pieceDeclaredAsEach";57;true;;Static;;;;;;
"Groups";"pieceDeclaredAsShared";22;false;"The game does not have any piece declared as Shared";Static;;;;;;
"Groups";"pieceDeclaredAsNeutral";20;true;;Static;;;;;;
"Groups";"AllPlayerDeclared";20;true;;Static;;;;;;
"Groups";"equalNumberOfPiecesOnTheBoard";23;true;;Static;;;;;;
"Groups";"sizeOfTrack";20;false;"Track concept is not present";Static;;;;;;
"Gygoreg";"lineLessOrEqualThanBoardSide";73;false;"Line concept is not present";Static;;;;;;
"Gygoreg";"eachPieceReferenceNotDuplicated";97;false;"The game does not have any piece declared as Each";Static;;;;;;
"Gygoreg";"pieceDeclaredAsEach";105;true;;Static;;;;;;
"Gygoreg";"pieceDeclaredAsShared";66;false;"The game does not have any piece declared as Shared";Static;;;;;;
"Gygoreg";"pieceDeclaredAsNeutral";86;true;;Static;;;;;;
"Gygoreg";"AllPlayerDeclared";67;true;;Static;;;;;;
"Gygoreg";"equalNumberOfPiecesOnTheBoard";82;true;;Static;;;;;;
"Gygoreg";"sizeOfTrack";69;false;"Track concept is not present";Static;;;;;;
"Hermit";"lineLessOrEqualThanBoardSide";72;false;"Line concept is not present";Static;;;;;;
"Hermit";"eachPieceReferenceNotDuplicated";51;false;"The game does not have any piece declared as Each";Static;;;;;;
"Hermit";"pieceDeclaredAsEach";79;false;"Ludeme Each for a Piece requires at least one definition of PieceN, with N > 0";Static;;;;;;
"Hermit";"pieceDeclaredAsShared";47;false;"The game does not have any piece declared as Shared";Static;;;;;;
"Hermit";"pieceDeclaredAsNeutral";47;false;"A piece declared Neutral must be called as piece0";Static;;;;;;
"Hermit";"AllPlayerDeclared";44;true;;Static;;;;;;
"Hermit";"equalNumberOfPiecesOnTheBoard";48;true;;Static;;;;;;
"Hermit";"sizeOfTrack";50;false;"Track concept is not present";Static;;;;;;
"Lines of Action";"lineLessOrEqualThanBoardSide";34;false;"Line concept is not present";Static;;;;;;
"Lines of Action";"eachPieceReferenceNotDuplicated";33;false;"The game does not have any piece declared as Each";Static;;;;;;
"Lines of Action";"pieceDeclaredAsEach";96;true;;Static;;;;;;
"Lines of Action";"pieceDeclaredAsShared";50;false;"The game does not have any piece declared as Shared";Static;;;;;;
"Lines of Action";"pieceDeclaredAsNeutral";34;true;;Static;;;;;;
"Lines of Action";"AllPlayerDeclared";31;true;;Static;;;;;;
"Lines of Action";"equalNumberOfPiecesOnTheBoard";35;true;;Static;;;;;;
"Lines of Action";"sizeOfTrack";33;false;"Track concept is not present";Static;;;;;;
"Make Muster";"lineLessOrEqualThanBoardSide";38;false;"Line concept is not present";Static;;;;;;
"Make Muster";"eachPieceReferenceNotDuplicated";32;false;"The game does not have any piece declared as Each";Static;;;;;;
"Make Muster";"pieceDeclaredAsEach";60;false;"Ludeme Each for a Piece requires at least one definition of PieceN, with N > 0";Static;;;;;;
"Make Muster";"pieceDeclaredAsShared";45;false;"The game does not have any piece declared as Shared";Static;;;;;;
"Make Muster";"pieceDeclaredAsNeutral";45;true;;Static;;;;;;
"Make Muster";"AllPlayerDeclared";30;true;;Static;;;;;;
"Make Muster";"equalNumberOfPiecesOnTheBoard";45;true;;Static;;;;;;
"Make Muster";"sizeOfTrack";42;false;"Track concept is not present";Static;;;;;;
"Manalath";"lineLessOrEqualThanBoardSide";46;false;"Line concept is not present";Static;;;;;;
"Manalath";"eachPieceReferenceNotDuplicated";31;false;"The game does not have any piece declared as Each";Static;;;;;;
"Manalath";"pieceDeclaredAsEach";73;true;;Static;;;;;;
"Manalath";"pieceDeclaredAsShared";33;false;"The game does not have any piece declared as Shared";Static;;;;;;
"Manalath";"pieceDeclaredAsNeutral";30;true;;Static;;;;;;
"Manalath";"AllPlayerDeclared";36;true;;Static;;;;;;
"Manalath";"equalNumberOfPiecesOnTheBoard";30;true;;Static;;;;;;
"Manalath";"sizeOfTrack";36;false;"Track concept is not present";Static;;;;;;
"Manifold";"lineLessOrEqualThanBoardSide";207;false;"Line concept is not present";Static;;;;;;
"Manifold";"eachPieceReferenceNotDuplicated";207;false;"The game does not have any piece declared as Each";Static;;;;;;
"Manifold";"pieceDeclaredAsEach";240;false;"Ludeme Each for a Piece requires at least one definition of PieceN, with N > 0";Static;;;;;;
"Manifold";"pieceDeclaredAsShared";239;false;"The game does not have any piece declared as Shared";Static;;;;;;
"Manifold";"pieceDeclaredAsNeutral";207;false;"A piece declared Neutral must be called as piece0";Static;;;;;;
"Manifold";"AllPlayerDeclared";202;true;;Static;;;;;;
"Manifold";"equalNumberOfPiecesOnTheBoard";221;true;;Static;;;;;;
"Manifold";"sizeOfTrack";205;false;"Track concept is not present";Static;;;;;;
"Meridians";"lineLessOrEqualThanBoardSide";96;false;"Line concept is not present";Static;;;;;;
"Meridians";"eachPieceReferenceNotDuplicated";107;false;"The game does not have any piece declared as Each";Static;;;;;;
"Meridians";"pieceDeclaredAsEach";114;false;"Ludeme Each for a Piece requires at least one definition of PieceN, with N > 0";Static;;;;;;
"Meridians";"pieceDeclaredAsShared";84;false;"The game does not have any piece declared as Shared";Static;;;;;;
"Meridians";"pieceDeclaredAsNeutral";86;true;;Static;;;;;;
"Meridians";"AllPlayerDeclared";84;true;;Static;;;;;;
"Meridians";"equalNumberOfPiecesOnTheBoard";82;true;;Static;;;;;;
"Meridians";"sizeOfTrack";91;false;"Track concept is not present";Static;;;;;;
"Mono";"lineLessOrEqualThanBoardSide";32;false;"Line concept is not present";Static;;;;;;
"Mono";"eachPieceReferenceNotDuplicated";31;false;"The game does not have any piece declared as Each";Static;;;;;;
"Mono";"pieceDeclaredAsEach";62;false;"Ludeme Each for a Piece requires at least one definition of PieceN, with N > 0";Static;;;;;;
"Mono";"pieceDeclaredAsShared";30;false;"The game does not have any piece declared as Shared";Static;;;;;;
"Mono";"pieceDeclaredAsNeutral";35;true;;Static;;;;;;
"Mono";"AllPlayerDeclared";33;true;;Static;;;;;;
"Mono";"equalNumberOfPiecesOnTheBoard";33;true;;Static;;;;;;
"Mono";"sizeOfTrack";44;false;"Track concept is not present";Static;;;;;;
"Odd";"lineLessOrEqualThanBoardSide";34;false;"Line concept is not present";Static;;;;;;
"Odd";"eachPieceReferenceNotDuplicated";29;false;"The game does not have any piece declared as Each";Static;;;;;;
"Odd";"pieceDeclaredAsEach";73;true;;Static;;;;;;
"Odd";"pieceDeclaredAsShared";34;false;"The game does not have any piece declared as Shared";Static;;;;;;
"Odd";"pieceDeclaredAsNeutral";31;true;;Static;;;;;;
"Odd";"AllPlayerDeclared";30;true;;Static;;;;;;
"Odd";"equalNumberOfPiecesOnTheBoard";30;true;;Static;;;;;;
"Odd";"sizeOfTrack";31;false;"Track concept is not present";Static;;;;;;
"Omega";"lineLessOrEqualThanBoardSide";28;false;"Line concept is not present";Static;;;;;;
"Omega";"eachPieceReferenceNotDuplicated";27;false;"The game does not have any piece declared as Each";Static;;;;;;
"Omega";"pieceDeclaredAsEach";70;false;"Ludeme Each for a Piece requires at least one definition of PieceN, with N > 0";Static;;;;;;
"Omega";"pieceDeclaredAsShared";39;false;"The game does not have any piece declared as Shared";Static;;;;;;
"Omega";"pieceDeclaredAsNeutral";31;true;;Static;;;;;;
"Omega";"AllPlayerDeclared";37;true;;Static;;;;;;
"Omega";"equalNumberOfPiecesOnTheBoard";32;true;;Static;;;;;;
"Omega";"sizeOfTrack";28;false;"Track concept is not present";Static;;;;;;
"Omny";"lineLessOrEqualThanBoardSide";75;false;"Line concept is not present";Static;;;;;;
"Omny";"eachPieceReferenceNotDuplicated";79;false;"The game does not have any piece declared as Each";Static;;;;;;
"Omny";"pieceDeclaredAsEach";99;false;"Ludeme Each for a Piece requires at least one definition of PieceN, with N > 0";Static;;;;;;
"Omny";"pieceDeclaredAsShared";70;false;"The game does not have any piece declared as Shared";Static;;;;;;
"Omny";"pieceDeclaredAsNeutral";70;true;;Static;;;;;;
"Omny";"AllPlayerDeclared";74;true;;Static;;;;;;
"Omny";"equalNumberOfPiecesOnTheBoard";70;true;;Static;;;;;;
"Omny";"sizeOfTrack";76;false;"Track concept is not present";Static;;;;;;
"Product";"lineLessOrEqualThanBoardSide";24;false;"Line concept is not present";Static;;;;;;
"Product";"eachPieceReferenceNotDuplicated";24;false;"The game does not have any piece declared as Each";Static;;;;;;
"Product";"pieceDeclaredAsEach";55;false;"Ludeme Each for a Piece requires at least one definition of PieceN, with N > 0";Static;;;;;;
"Product";"pieceDeclaredAsShared";24;false;"The game does not have any piece declared as Shared";Static;;;;;;
"Product";"pieceDeclaredAsNeutral";24;true;;Static;;;;;;
"Product";"AllPlayerDeclared";25;true;;Static;;;;;;
"Product";"equalNumberOfPiecesOnTheBoard";24;true;;Static;;;;;;
"Product";"sizeOfTrack";24;false;"Track concept is not present";Static;;;;;;
"RootZone";"lineLessOrEqualThanBoardSide";110;false;"Line concept is not present";Static;;;;;;
"RootZone";"eachPieceReferenceNotDuplicated";89;false;"The game does not have any piece declared as Each";Static;;;;;;
"RootZone";"pieceDeclaredAsEach";122;false;"Ludeme Each for a Piece requires at least one definition of PieceN, with N > 0";Static;;;;;;
"RootZone";"pieceDeclaredAsShared";88;false;"The game does not have any piece declared as Shared";Static;;;;;;
"RootZone";"pieceDeclaredAsNeutral";87;true;;Static;;;;;;
"RootZone";"AllPlayerDeclared";91;true;;Static;;;;;;
"RootZone";"equalNumberOfPiecesOnTheBoard";88;true;;Static;;;;;;
"RootZone";"sizeOfTrack";101;false;"Track concept is not present";Static;;;;;;
"Signum";"lineLessOrEqualThanBoardSide";51;false;"Line concept is not present";Static;;;;;;
"Signum";"eachPieceReferenceNotDuplicated";44;false;"The game does not have any piece declared as Each";Static;;;;;;
"Signum";"pieceDeclaredAsEach";81;false;"Ludeme Each for a Piece requires at least one definition of PieceN, with N > 0";Static;;;;;;
"Signum";"pieceDeclaredAsShared";45;false;"The game does not have any piece declared as Shared";Static;;;;;;
"Signum";"pieceDeclaredAsNeutral";50;true;;Static;;;;;;
"Signum";"AllPlayerDeclared";48;true;;Static;;;;;;
"Signum";"equalNumberOfPiecesOnTheBoard";46;true;;Static;;;;;;
"Signum";"sizeOfTrack";44;false;"Track concept is not present";Static;;;;;;
"Symple";"lineLessOrEqualThanBoardSide";218;false;"Line concept is not present";Static;;;;;;
"Symple";"eachPieceReferenceNotDuplicated";176;false;"The game does not have any piece declared as Each";Static;;;;;;
"Symple";"pieceDeclaredAsEach";216;false;"Ludeme Each for a Piece requires at least one definition of PieceN, with N > 0";Static;;;;;;
"Symple";"pieceDeclaredAsShared";186;false;"The game does not have any piece declared as Shared";Static;;;;;;
"Symple";"pieceDeclaredAsNeutral";178;true;;Static;;;;;;
"Symple";"AllPlayerDeclared";203;true;;Static;;;;;;
"Symple";"equalNumberOfPiecesOnTheBoard";174;true;;Static;;;;;;
"Symple";"sizeOfTrack";190;false;"Track concept is not present";Static;;;;;;
"Vigilance";"lineLessOrEqualThanBoardSide";429;false;"Line concept is not present";Static;;;;;;
"Vigilance";"eachPieceReferenceNotDuplicated";410;false;"The game does not have any piece declared as Each";Static;;;;;;
"Vigilance";"pieceDeclaredAsEach";459;false;"Ludeme Each for a Piece requires at least one definition of PieceN, with N > 0";Static;;;;;;
"Vigilance";"pieceDeclaredAsShared";431;false;"The game does not have any piece declared as Shared";Static;;;;;;
"Vigilance";"pieceDeclaredAsNeutral";412;true;;Static;;;;;;
"Vigilance";"AllPlayerDeclared";411;true;;Static;;;;;;
"Vigilance";"equalNumberOfPiecesOnTheBoard";410;true;;Static;;;;;;
"Vigilance";"sizeOfTrack";416;false;"Track concept is not present";Static;;;;;;
"Yoin";"lineLessOrEqualThanBoardSide";63;false;"Line concept is not present";Static;;;;;;
"Yoin";"eachPieceReferenceNotDuplicated";63;false;"The game does not have any piece declared as Each";Static;;;;;;
"Yoin";"pieceDeclaredAsEach";97;false;"Ludeme Each for a Piece requires at least one definition of PieceN, with N > 0";Static;;;;;;
"Yoin";"pieceDeclaredAsShared";60;false;"The game does not have any piece declared as Shared";Static;;;;;;
"Yoin";"pieceDeclaredAsNeutral";61;true;;Static;;;;;;
"Yoin";"AllPlayerDeclared";62;true;;Static;;;;;;
"Yoin";"equalNumberOfPiecesOnTheBoard";63;true;;Static;;;;;;
"Yoin";"sizeOfTrack";63;false;"Track concept is not present";Static;;;;;;
"3D Tic-Tac-Toe";"lineLessOrEqualThanBoardSide";25;true;;Static;;;;;;
"3D Tic-Tac-Toe";"eachPieceReferenceNotDuplicated";18;false;"The game does not have any piece declared as Each";Static;;;;;;
"3D Tic-Tac-Toe";"pieceDeclaredAsEach";49;false;"The game does not have any piece declared as Each";Static;;;;;;
"3D Tic-Tac-Toe";"pieceDeclaredAsShared";15;false;"The game does not have any piece declared as Shared";Static;;;;;;
"3D Tic-Tac-Toe";"pieceDeclaredAsNeutral";16;true;;Static;;;;;;
"3D Tic-Tac-Toe";"AllPlayerDeclared";26;true;;Static;;;;;;
"3D Tic-Tac-Toe";"equalNumberOfPiecesOnTheBoard";18;true;;Static;;;;;;
"3D Tic-Tac-Toe";"sizeOfTrack";16;false;"Track concept is not present";Static;;;;;;
"A Simple Game";"lineLessOrEqualThanBoardSide";25;true;;Static;;;;;;
"A Simple Game";"eachPieceReferenceNotDuplicated";17;false;"The game does not have any piece declared as Each";Static;;;;;;
"A Simple Game";"pieceDeclaredAsEach";49;true;;Static;;;;;;
"A Simple Game";"pieceDeclaredAsShared";29;false;"The game does not have any piece declared as Shared";Static;;;;;;
"A Simple Game";"pieceDeclaredAsNeutral";26;true;;Static;;;;;;
"A Simple Game";"AllPlayerDeclared";26;true;;Static;;;;;;
"A Simple Game";"equalNumberOfPiecesOnTheBoard";17;true;;Static;;;;;;
"A Simple Game";"sizeOfTrack";24;false;"Track concept is not present";Static;;;;;;
"Achi";"lineLessOrEqualThanBoardSide";13;false;"Cannot read the array length because ""this.dim"" is null";Static;;;;;;
"Achi";"eachPieceReferenceNotDuplicated";12;false;"The game does not have any piece declared as Each";Static;;;;;;
"Achi";"pieceDeclaredAsEach";43;false;"Ludeme Each for a Piece requires at least one definition of PieceN, with N > 0";Static;;;;;;
"Achi";"pieceDeclaredAsShared";13;false;"The game does not have any piece declared as Shared";Static;;;;;;
"Achi";"pieceDeclaredAsNeutral";13;true;;Static;;;;;;
"Achi";"AllPlayerDeclared";11;true;;Static;;;;;;
"Achi";"equalNumberOfPiecesOnTheBoard";13;true;;Static;;;;;;
"Achi";"sizeOfTrack";16;false;"Track concept is not present";Static;;;;;;
"Agilidade";"lineLessOrEqualThanBoardSide";15;false;"Cannot read the array length because ""this.dim"" is null";Static;;;;;;
"Agilidade";"eachPieceReferenceNotDuplicated";7;false;"The game does not have any piece declared as Each";Static;;;;;;
"Agilidade";"pieceDeclaredAsEach";40;true;;Static;;;;;;
"Agilidade";"pieceDeclaredAsShared";7;false;"The game does not have any piece declared as Shared";Static;;;;;;
"Agilidade";"pieceDeclaredAsNeutral";7;true;;Static;;;;;;
"Agilidade";"AllPlayerDeclared";7;true;;Static;;;;;;
"Agilidade";"equalNumberOfPiecesOnTheBoard";7;true;;Static;;;;;;
"Agilidade";"sizeOfTrack";8;false;"Track concept is not present";Static;;;;;;
"Akidada";"lineLessOrEqualThanBoardSide";9;true;;Static;;;;;;
"Akidada";"eachPieceReferenceNotDuplicated";9;false;"The game does not have any piece declared as Each";Static;;;;;;
"Akidada";"pieceDeclaredAsEach";43;false;"Ludeme Each for a Piece requires at least one definition of PieceN, with N > 0";Static;;;;;;
"Akidada";"pieceDeclaredAsShared";8;false;"The game does not have any piece declared as Shared";Static;;;;;;
"Akidada";"pieceDeclaredAsNeutral";8;true;;Static;;;;;;
"Akidada";"AllPlayerDeclared";7;true;;Static;;;;;;
"Akidada";"equalNumberOfPiecesOnTheBoard";7;true;;Static;;;;;;
"Akidada";"sizeOfTrack";7;false;"Track concept is not present";Static;;;;;;
"All Queens Chess";"lineLessOrEqualThanBoardSide";17;true;;Static;;;;;;
"All Queens Chess";"eachPieceReferenceNotDuplicated";17;false;"The game does not have any piece declared as Each";Static;;;;;;
"All Queens Chess";"pieceDeclaredAsEach";47;true;;Static;;;;;;
"All Queens Chess";"pieceDeclaredAsShared";19;false;"The game does not have any piece declared as Shared";Static;;;;;;
"All Queens Chess";"pieceDeclaredAsNeutral";16;true;;Static;;;;;;
"All Queens Chess";"AllPlayerDeclared";21;true;;Static;;;;;;
"All Queens Chess";"equalNumberOfPiecesOnTheBoard";28;true;;Static;;;;;;
"All Queens Chess";"sizeOfTrack";20;false;"Track concept is not present";Static;;;;;;
"Alquerque de Tres";"lineLessOrEqualThanBoardSide";9;true;;Static;;;;;;
"Alquerque de Tres";"eachPieceReferenceNotDuplicated";10;false;"The game does not have any piece declared as Each";Static;;;;;;
"Alquerque de Tres";"pieceDeclaredAsEach";55;false;"Ludeme Each for a Piece requires at least one definition of PieceN, with N > 0";Static;;;;;;
"Alquerque de Tres";"pieceDeclaredAsShared";12;false;"The game does not have any piece declared as Shared";Static;;;;;;
"Alquerque de Tres";"pieceDeclaredAsNeutral";10;true;;Static;;;;;;
"Alquerque de Tres";"AllPlayerDeclared";8;true;;Static;;;;;;
"Alquerque de Tres";"equalNumberOfPiecesOnTheBoard";8;true;;Static;;;;;;
"Alquerque de Tres";"sizeOfTrack";8;false;"Track concept is not present";Static;;;;;;
"Altan Xaraacaj";"lineLessOrEqualThanBoardSide";22;true;;Static;;;;;;
"Altan Xaraacaj";"eachPieceReferenceNotDuplicated";31;false;"The game does not have any piece declared as Each";Static;;;;;;
"Altan Xaraacaj";"pieceDeclaredAsEach";80;false;"Ludeme Each for a Piece requires at least one definition of PieceN, with N > 0";Static;;;;;;
"Altan Xaraacaj";"pieceDeclaredAsShared";33;false;"The game does not have any piece declared as Shared";Static;;;;;;
"Altan Xaraacaj";"pieceDeclaredAsNeutral";32;true;;Static;;;;;;
"Altan Xaraacaj";"AllPlayerDeclared";34;true;;Static;;;;;;
"Altan Xaraacaj";"equalNumberOfPiecesOnTheBoard";23;true;;Static;;;;;;
"Altan Xaraacaj";"sizeOfTrack";21;false;"Track concept is not present";Static;;;;;;
"Andantino";"lineLessOrEqualThanBoardSide";1574;true;;Static;;;;;;
"Andantino";"eachPieceReferenceNotDuplicated";1616;false;"The game does not have any piece declared as Each";Static;;;;;;
"Andantino";"pieceDeclaredAsEach";1634;false;"The game does not have any piece declared as Each";Static;;;;;;
"Andantino";"pieceDeclaredAsShared";1595;false;"The game does not have any piece declared as Shared";Static;;;;;;
"Andantino";"pieceDeclaredAsNeutral";1639;true;;Static;;;;;;
"Andantino";"AllPlayerDeclared";1657;true;;Static;;;;;;
"Andantino";"equalNumberOfPiecesOnTheBoard";1571;true;;Static;;;;;;
"Andantino";"sizeOfTrack";1635;false;"Track concept is not present";Static;;;;;;
"Aqrad";"lineLessOrEqualThanBoardSide";21;true;;Static;;;;;;
"Aqrad";"eachPieceReferenceNotDuplicated";20;false;"The game does not have any piece declared as Each";Static;;;;;;
"Aqrad";"pieceDeclaredAsEach";51;false;"Ludeme Each for a Piece requires at least one definition of PieceN, with N > 0";Static;;;;;;
"Aqrad";"pieceDeclaredAsShared";20;false;"The game does not have any piece declared as Shared";Static;;;;;;
"Aqrad";"pieceDeclaredAsNeutral";20;true;;Static;;;;;;
"Aqrad";"AllPlayerDeclared";41;true;;Static;;;;;;
"Aqrad";"equalNumberOfPiecesOnTheBoard";30;true;;Static;;;;;;
"Aqrad";"sizeOfTrack";31;false;"Track concept is not present";Static;;;;;;
"Bolotudu";"lineLessOrEqualThanBoardSide";28;true;;Static;;;;;;
"Bolotudu";"eachPieceReferenceNotDuplicated";26;false;"The game does not have any piece declared as Each";Static;;;;;;
"Bolotudu";"pieceDeclaredAsEach";62;false;"Ludeme Each for a Piece requires at least one definition of PieceN, with N > 0";Static;;;;;;
"Bolotudu";"pieceDeclaredAsShared";16;false;"The game does not have any piece declared as Shared";Static;;;;;;
"Bolotudu";"pieceDeclaredAsNeutral";16;true;;Static;;;;;;
"Bolotudu";"AllPlayerDeclared";30;true;;Static;;;;;;
"Bolotudu";"equalNumberOfPiecesOnTheBoard";26;true;;Static;;;;;;
"Bolotudu";"sizeOfTrack";21;false;"Track concept is not present";Static;;;;;;
"Bravalath";"lineLessOrEqualThanBoardSide";1759;true;;Static;;;;;;
"Bravalath";"eachPieceReferenceNotDuplicated";1692;false;"The game does not have any piece declared as Each";Static;;;;;;
"Bravalath";"pieceDeclaredAsEach";1640;false;"The game does not have any piece declared as Each";Static;;;;;;
"Bravalath";"pieceDeclaredAsShared";1726;false;"The game does not have any piece declared as Shared";Static;;;;;;
"Bravalath";"pieceDeclaredAsNeutral";1580;true;;Static;;;;;;
"Bravalath";"AllPlayerDeclared";1583;true;;Static;;;;;;
"Bravalath";"equalNumberOfPiecesOnTheBoard";1622;true;;Static;;;;;;
"Bravalath";"sizeOfTrack";1645;false;"Track concept is not present";Static;;;;;;
"Broken Line";"lineLessOrEqualThanBoardSide";55;true;;Static;;;;;;
"Broken Line";"eachPieceReferenceNotDuplicated";53;false;"The game does not have any piece declared as Each";Static;;;;;;
"Broken Line";"pieceDeclaredAsEach";83;false;"Ludeme Each for a Piece requires at least one definition of PieceN, with N > 0";Static;;;;;;
"Broken Line";"pieceDeclaredAsShared";54;false;"The game does not have any piece declared as Shared";Static;;;;;;
"Broken Line";"pieceDeclaredAsNeutral";76;true;;Static;;;;;;
"Broken Line";"AllPlayerDeclared";53;true;;Static;;;;;;
"Broken Line";"equalNumberOfPiecesOnTheBoard";53;true;;Static;;;;;;
"Broken Line";"sizeOfTrack";53;false;"Track concept is not present";Static;;;;;;
"Callanish";"lineLessOrEqualThanBoardSide";66;false;"Line concept is not present";Static;;;;;;
"Callanish";"eachPieceReferenceNotDuplicated";78;false;"The game does not have any piece declared as Each";Static;;;;;;
"Callanish";"pieceDeclaredAsEach";93;false;"Ludeme Each for a Piece requires at least one definition of PieceN, with N > 0";Static;;;;;;
"Callanish";"pieceDeclaredAsShared";63;false;"The game does not have any piece declared as Shared";Static;;;;;;
"Callanish";"pieceDeclaredAsNeutral";63;true;;Static;;;;;;
"Callanish";"AllPlayerDeclared";71;true;;Static;;;;;;
"Callanish";"equalNumberOfPiecesOnTheBoard";66;true;;Static;;;;;;
"Callanish";"sizeOfTrack";66;false;"Track concept is not present";Static;;;;;;
"Centrifugal Force";"lineLessOrEqualThanBoardSide";69;true;;Static;;;;;;
"Centrifugal Force";"eachPieceReferenceNotDuplicated";71;false;"The game does not have any piece declared as Each";Static;;;;;;
"Centrifugal Force";"pieceDeclaredAsEach";106;false;"The game does not have any piece declared as Each";Static;;;;;;
"Centrifugal Force";"pieceDeclaredAsShared";65;false;"The game does not have any piece declared as Shared";Static;;;;;;
"Centrifugal Force";"pieceDeclaredAsNeutral";65;true;;Static;;;;;;
"Centrifugal Force";"AllPlayerDeclared";66;true;;Static;;;;;;
"Centrifugal Force";"equalNumberOfPiecesOnTheBoard";76;true;;Static;;;;;;
"Centrifugal Force";"sizeOfTrack";70;false;"Track concept is not present";Static;;;;;;
"Centripetal Force";"lineLessOrEqualThanBoardSide";111;true;;Static;;;;;;
"Centripetal Force";"eachPieceReferenceNotDuplicated";110;false;"The game does not have any piece declared as Each";Static;;;;;;
"Centripetal Force";"pieceDeclaredAsEach";138;false;"The game does not have any piece declared as Each";Static;;;;;;
"Centripetal Force";"pieceDeclaredAsShared";91;false;"The game does not have any piece declared as Shared";Static;;;;;;
"Centripetal Force";"pieceDeclaredAsNeutral";111;true;;Static;;;;;;
"Centripetal Force";"AllPlayerDeclared";89;true;;Static;;;;;;
"Centripetal Force";"equalNumberOfPiecesOnTheBoard";80;true;;Static;;;;;;
"Centripetal Force";"sizeOfTrack";80;false;"Track concept is not present";Static;;;;;;
"Connect Four";"lineLessOrEqualThanBoardSide";7;true;;Static;;;;;;
"Connect Four";"eachPieceReferenceNotDuplicated";9;false;"The game does not have any piece declared as Each";Static;;;;;;
"Connect Four";"pieceDeclaredAsEach";36;false;"Ludeme Each for a Piece requires at least one definition of PieceN, with N > 0";Static;;;;;;
"Connect Four";"pieceDeclaredAsShared";6;false;"The game does not have any piece declared as Shared";Static;;;;;;
"Connect Four";"pieceDeclaredAsNeutral";6;true;;Static;;;;;;
"Connect Four";"AllPlayerDeclared";6;true;;Static;;;;;;
"Connect Four";"equalNumberOfPiecesOnTheBoard";7;true;;Static;;;;;;
"Connect Four";"sizeOfTrack";6;false;"Track concept is not present";Static;;;;;;
"Connect6";"lineLessOrEqualThanBoardSide";123;true;;Static;;;;;;
"Connect6";"eachPieceReferenceNotDuplicated";144;false;"The game does not have any piece declared as Each";Static;;;;;;
"Connect6";"pieceDeclaredAsEach";168;false;"Ludeme Each for a Piece requires at least one definition of PieceN, with N > 0";Static;;;;;;
"Connect6";"pieceDeclaredAsShared";173;false;"The game does not have any piece declared as Shared";Static;;;;;;
"Connect6";"pieceDeclaredAsNeutral";134;true;;Static;;;;;;
"Connect6";"AllPlayerDeclared";124;true;;Static;;;;;;
"Connect6";"equalNumberOfPiecesOnTheBoard";155;true;;Static;;;;;;
"Connect6";"sizeOfTrack";172;false;"Track concept is not present";Static;;;;;;
"Dai Hasami Shogi";"lineLessOrEqualThanBoardSide";39;true;;Static;;;;;;
"Dai Hasami Shogi";"eachPieceReferenceNotDuplicated";44;false;"The game does not have any piece declared as Each";Static;;;;;;
"Dai Hasami Shogi";"pieceDeclaredAsEach";64;true;;Static;;;;;;
"Dai Hasami Shogi";"pieceDeclaredAsShared";52;false;"The game does not have any piece declared as Shared";Static;;;;;;
"Dai Hasami Shogi";"pieceDeclaredAsNeutral";36;true;;Static;;;;;;
"Dai Hasami Shogi";"AllPlayerDeclared";42;true;;Static;;;;;;
"Dai Hasami Shogi";"equalNumberOfPiecesOnTheBoard";43;true;;Static;;;;;;
"Dai Hasami Shogi";"sizeOfTrack";47;false;"Track concept is not present";Static;;;;;;
"Dala";"lineLessOrEqualThanBoardSide";37;true;;Static;;;;;;
"Dala";"eachPieceReferenceNotDuplicated";30;false;"The game does not have any piece declared as Each";Static;;;;;;
"Dala";"pieceDeclaredAsEach";64;false;"Ludeme Each for a Piece requires at least one definition of PieceN, with N > 0";Static;;;;;;
"Dala";"pieceDeclaredAsShared";29;false;"The game does not have any piece declared as Shared";Static;;;;;;
"Dala";"pieceDeclaredAsNeutral";43;true;;Static;;;;;;
"Dala";"AllPlayerDeclared";33;true;;Static;;;;;;
"Dala";"equalNumberOfPiecesOnTheBoard";31;true;;Static;;;;;;
"Dala";"sizeOfTrack";54;false;"Track concept is not present";Static;;;;;;
"Dara";"lineLessOrEqualThanBoardSide";19;true;;Static;;;;;;
"Dara";"eachPieceReferenceNotDuplicated";19;false;"The game does not have any piece declared as Each";Static;;;;;;
"Dara";"pieceDeclaredAsEach";58;false;"Ludeme Each for a Piece requires at least one definition of PieceN, with N > 0";Static;;;;;;
"Dara";"pieceDeclaredAsShared";16;false;"The game does not have any piece declared as Shared";Static;;;;;;
"Dara";"pieceDeclaredAsNeutral";32;true;;Static;;;;;;
"Dara";"AllPlayerDeclared";17;true;;Static;;;;;;
"Dara";"equalNumberOfPiecesOnTheBoard";18;true;;Static;;;;;;
"Dara";"sizeOfTrack";17;false;"Track concept is not present";Static;;;;;;
"Dig Dig";"lineLessOrEqualThanBoardSide";27;false;"Cannot read the array length because ""this.dim"" is null";Static;;;;;;
"Dig Dig";"eachPieceReferenceNotDuplicated";49;false;"The game does not have any piece declared as Each";Static;;;;;;
"Dig Dig";"pieceDeclaredAsEach";81;true;;Static;;;;;;
"Dig Dig";"pieceDeclaredAsShared";28;false;"The game does not have any piece declared as Shared";Static;;;;;;
"Dig Dig";"pieceDeclaredAsNeutral";25;true;;Static;;;;;;
"Dig Dig";"AllPlayerDeclared";35;true;;Static;;;;;;
"Dig Dig";"equalNumberOfPiecesOnTheBoard";28;true;;Static;;;;;;
"Dig Dig";"sizeOfTrack";27;false;"Track concept is not present";Static;;;;;;
"Djara-Badakh";"lineLessOrEqualThanBoardSide";19;true;;Static;;;;;;
"Djara-Badakh";"eachPieceReferenceNotDuplicated";9;false;"The game does not have any piece declared as Each";Static;;;;;;
"Djara-Badakh";"pieceDeclaredAsEach";49;false;"Ludeme Each for a Piece requires at least one definition of PieceN, with N > 0";Static;;;;;;
"Djara-Badakh";"pieceDeclaredAsShared";8;false;"The game does not have any piece declared as Shared";Static;;;;;;
"Djara-Badakh";"pieceDeclaredAsNeutral";8;true;;Static;;;;;;
"Djara-Badakh";"AllPlayerDeclared";6;true;;Static;;;;;;
"Djara-Badakh";"equalNumberOfPiecesOnTheBoard";12;true;;Static;;;;;;
"Djara-Badakh";"sizeOfTrack";10;false;"Track concept is not present";Static;;;;;;
"Dra";"lineLessOrEqualThanBoardSide";21;true;;Static;;;;;;
"Dra";"eachPieceReferenceNotDuplicated";26;false;"The game does not have any piece declared as Each";Static;;;;;;
"Dra";"pieceDeclaredAsEach";54;false;"Ludeme Each for a Piece requires at least one definition of PieceN, with N > 0";Static;;;;;;
"Dra";"pieceDeclaredAsShared";18;false;"The game does not have any piece declared as Shared";Static;;;;;;
"Dra";"pieceDeclaredAsNeutral";15;true;;Static;;;;;;
"Dra";"AllPlayerDeclared";28;true;;Static;;;;;;
"Dra";"equalNumberOfPiecesOnTheBoard";16;true;;Static;;;;;;
"Dra";"sizeOfTrack";16;false;"Track concept is not present";Static;;;;;;
"Driesticken";"lineLessOrEqualThanBoardSide";7;true;;Static;;;;;;
"Driesticken";"eachPieceReferenceNotDuplicated";7;false;"The game does not have any piece declared as Each";Static;;;;;;
"Driesticken";"pieceDeclaredAsEach";45;false;"Ludeme Each for a Piece requires at least one definition of PieceN, with N > 0";Static;;;;;;
"Driesticken";"pieceDeclaredAsShared";8;false;"The game does not have any piece declared as Shared";Static;;;;;;
"Driesticken";"pieceDeclaredAsNeutral";20;true;;Static;;;;;;
"Driesticken";"AllPlayerDeclared";10;true;;Static;;;;;;
"Driesticken";"equalNumberOfPiecesOnTheBoard";7;true;;Static;;;;;;
"Driesticken";"sizeOfTrack";7;false;"Track concept is not present";Static;;;;;;
"Dris at-Talata";"lineLessOrEqualThanBoardSide";9;true;;Static;;;;;;
"Dris at-Talata";"eachPieceReferenceNotDuplicated";10;false;"The game does not have any piece declared as Each";Static;;;;;;
"Dris at-Talata";"pieceDeclaredAsEach";46;false;"Ludeme Each for a Piece requires at least one definition of PieceN, with N > 0";Static;;;;;;
"Dris at-Talata";"pieceDeclaredAsShared";8;false;"The game does not have any piece declared as Shared";Static;;;;;;
"Dris at-Talata";"pieceDeclaredAsNeutral";20;true;;Static;;;;;;
"Dris at-Talata";"AllPlayerDeclared";9;true;;Static;;;;;;
"Dris at-Talata";"equalNumberOfPiecesOnTheBoard";7;true;;Static;;;;;;
"Dris at-Talata";"sizeOfTrack";9;false;"Track concept is not present";Static;;;;;;
"Engijn Zirge";"lineLessOrEqualThanBoardSide";8;true;;Static;;;;;;
"Engijn Zirge";"eachPieceReferenceNotDuplicated";12;false;"The game does not have any piece declared as Each";Static;;;;;;
"Engijn Zirge";"pieceDeclaredAsEach";71;false;"Ludeme Each for a Piece requires at least one definition of PieceN, with N > 0";Static;;;;;;
"Engijn Zirge";"pieceDeclaredAsShared";10;false;"The game does not have any piece declared as Shared";Static;;;;;;
"Engijn Zirge";"pieceDeclaredAsNeutral";8;true;;Static;;;;;;
"Engijn Zirge";"AllPlayerDeclared";20;true;;Static;;;;;;
"Engijn Zirge";"equalNumberOfPiecesOnTheBoard";11;true;;Static;;;;;;
"Engijn Zirge";"sizeOfTrack";9;false;"Track concept is not present";Static;;;;;;
"Epelle";"lineLessOrEqualThanBoardSide";16;true;;Static;;;;;;
"Epelle";"eachPieceReferenceNotDuplicated";11;false;"The game does not have any piece declared as Each";Static;;;;;;
"Epelle";"pieceDeclaredAsEach";47;true;;Static;;;;;;
"Epelle";"pieceDeclaredAsShared";15;false;"The game does not have any piece declared as Shared";Static;;;;;;
"Epelle";"pieceDeclaredAsNeutral";20;true;;Static;;;;;;
"Epelle";"AllPlayerDeclared";15;true;;Static;;;;;;
"Epelle";"equalNumberOfPiecesOnTheBoard";12;true;;Static;;;;;;
"Epelle";"sizeOfTrack";11;false;"Track concept is not present";Static;;;;;;
"Fanorona Telo";"lineLessOrEqualThanBoardSide";14;true;;Static;;;;;;
"Fanorona Telo";"eachPieceReferenceNotDuplicated";8;false;"The game does not have any piece declared as Each";Static;;;;;;
"Fanorona Telo";"pieceDeclaredAsEach";43;false;"Ludeme Each for a Piece requires at least one definition of PieceN, with N > 0";Static;;;;;;
"Fanorona Telo";"pieceDeclaredAsShared";21;false;"The game does not have any piece declared as Shared";Static;;;;;;
"Fanorona Telo";"pieceDeclaredAsNeutral";8;true;;Static;;;;;;
"Fanorona Telo";"AllPlayerDeclared";9;true;;Static;;;;;;
"Fanorona Telo";"equalNumberOfPiecesOnTheBoard";8;true;;Static;;;;;;
"Fanorona Telo";"sizeOfTrack";9;false;"Track concept is not present";Static;;;;;;
"Fart (5x5)";"lineLessOrEqualThanBoardSide";29;true;;Static;;;;;;
"Fart (5x5)";"eachPieceReferenceNotDuplicated";33;false;"The game does not have any piece declared as Each";Static;;;;;;
"Fart (5x5)";"pieceDeclaredAsEach";72;false;"Ludeme Each for a Piece requires at least one definition of PieceN, with N > 0";Static;;;;;;
"Fart (5x5)";"pieceDeclaredAsShared";30;false;"The game does not have any piece declared as Shared";Static;;;;;;
"Fart (5x5)";"pieceDeclaredAsNeutral";40;true;;Static;;;;;;
"Fart (5x5)";"AllPlayerDeclared";46;true;;Static;;;;;;
"Fart (5x5)";"equalNumberOfPiecesOnTheBoard";42;true;;Static;;;;;;
"Fart (5x5)";"sizeOfTrack";48;false;"Track concept is not present";Static;;;;;;
"Fart (7x7)";"lineLessOrEqualThanBoardSide";39;true;;Static;;;;;;
"Fart (7x7)";"eachPieceReferenceNotDuplicated";37;false;"The game does not have any piece declared as Each";Static;;;;;;
"Fart (7x7)";"pieceDeclaredAsEach";85;false;"Ludeme Each for a Piece requires at least one definition of PieceN, with N > 0";Static;;;;;;
"Fart (7x7)";"pieceDeclaredAsShared";33;false;"The game does not have any piece declared as Shared";Static;;;;;;
"Fart (7x7)";"pieceDeclaredAsNeutral";43;true;;Static;;;;;;
"Fart (7x7)";"AllPlayerDeclared";34;true;;Static;;;;;;
"Fart (7x7)";"equalNumberOfPiecesOnTheBoard";34;true;;Static;;;;;;
"Fart (7x7)";"sizeOfTrack";47;false;"Track concept is not present";Static;;;;;;
"Fettas";"lineLessOrEqualThanBoardSide";13;false;"Cannot read the array length because ""this.dim"" is null";Static;;;;;;
"Fettas";"eachPieceReferenceNotDuplicated";23;false;"The game does not have any piece declared as Each";Static;;;;;;
"Fettas";"pieceDeclaredAsEach";65;false;"Ludeme Each for a Piece requires at least one definition of PieceN, with N > 0";Static;;;;;;
"Fettas";"pieceDeclaredAsShared";14;false;"The game does not have any piece declared as Shared";Static;;;;;;
"Fettas";"pieceDeclaredAsNeutral";12;true;;Static;;;;;;
"Fettas";"AllPlayerDeclared";14;true;;Static;;;;;;
"Fettas";"equalNumberOfPiecesOnTheBoard";16;true;;Static;;;;;;
"Fettas";"sizeOfTrack";21;false;"Track concept is not present";Static;;;;;;
"Fivalath";"lineLessOrEqualThanBoardSide";25;true;;Static;;;;;;
"Fivalath";"eachPieceReferenceNotDuplicated";29;false;"The game does not have any piece declared as Each";Static;;;;;;
"Fivalath";"pieceDeclaredAsEach";71;false;"Ludeme Each for a Piece requires at least one definition of PieceN, with N > 0";Static;;;;;;
"Fivalath";"pieceDeclaredAsShared";26;false;"The game does not have any piece declared as Shared";Static;;;;;;
"Fivalath";"pieceDeclaredAsNeutral";25;true;;Static;;;;;;
"Fivalath";"AllPlayerDeclared";37;true;;Static;;;;;;
"Fivalath";"equalNumberOfPiecesOnTheBoard";25;true;;Static;;;;;;
"Fivalath";"sizeOfTrack";25;false;"Track concept is not present";Static;;;;;;
"Five Men's Morris";"lineLessOrEqualThanBoardSide";16;false;"Cannot read the array length because ""this.dim"" is null";Static;;;;;;
"Five Men's Morris";"eachPieceReferenceNotDuplicated";12;false;"The game does not have any piece declared as Each";Static;;;;;;
"Five Men's Morris";"pieceDeclaredAsEach";49;false;"Ludeme Each for a Piece requires at least one definition of PieceN, with N > 0";Static;;;;;;
"Five Men's Morris";"pieceDeclaredAsShared";12;false;"The game does not have any piece declared as Shared";Static;;;;;;
"Five Men's Morris";"pieceDeclaredAsNeutral";12;true;;Static;;;;;;
"Five Men's Morris";"AllPlayerDeclared";11;true;;Static;;;;;;
"Five Men's Morris";"equalNumberOfPiecesOnTheBoard";11;true;;Static;;;;;;
"Five Men's Morris";"sizeOfTrack";14;false;"Track concept is not present";Static;;;;;;
"Gobblet Gobblers";"lineLessOrEqualThanBoardSide";24;true;;Static;;;;;;
"Gobblet Gobblers";"eachPieceReferenceNotDuplicated";20;false;"The game does not have any piece declared as Each";Static;;;;;;
"Gobblet Gobblers";"pieceDeclaredAsEach";61;false;"The game does not have any piece declared as Each";Static;;;;;;
"Gobblet Gobblers";"pieceDeclaredAsShared";20;false;"The game does not have any piece declared as Shared";Static;;;;;;
"Gobblet Gobblers";"pieceDeclaredAsNeutral";20;true;;Static;;;;;;
"Gobblet Gobblers";"AllPlayerDeclared";17;true;;Static;;;;;;
"Gobblet Gobblers";"equalNumberOfPiecesOnTheBoard";19;true;;Static;;;;;;
"Gobblet Gobblers";"sizeOfTrack";20;false;"Track concept is not present";Static;;;;;;
"Gomoku";"lineLessOrEqualThanBoardSide";96;true;;Static;;;;;;
"Gomoku";"eachPieceReferenceNotDuplicated";67;false;"The game does not have any piece declared as Each";Static;;;;;;
"Gomoku";"pieceDeclaredAsEach";97;false;"Ludeme Each for a Piece requires at least one definition of PieceN, with N > 0";Static;;;;;;
"Gomoku";"pieceDeclaredAsShared";64;false;"The game does not have any piece declared as Shared";Static;;;;;;
"Gomoku";"pieceDeclaredAsNeutral";69;true;;Static;;;;;;
"Gomoku";"AllPlayerDeclared";68;true;;Static;;;;;;
"Gomoku";"equalNumberOfPiecesOnTheBoard";67;true;;Static;;;;;;
"Gomoku";"sizeOfTrack";105;false;"Track concept is not present";Static;;;;;;
"Gurgaldaj";"lineLessOrEqualThanBoardSide";22;false;"Cannot read the array length because ""this.dim"" is null";Static;;;;;;
"Gurgaldaj";"eachPieceReferenceNotDuplicated";21;false;"The game does not have any piece declared as Each";Static;;;;;;
"Gurgaldaj";"pieceDeclaredAsEach";55;false;"Ludeme Each for a Piece requires at least one definition of PieceN, with N > 0";Static;;;;;;
"Gurgaldaj";"pieceDeclaredAsShared";20;false;"The game does not have any piece declared as Shared";Static;;;;;;
"Gurgaldaj";"pieceDeclaredAsNeutral";14;true;;Static;;;;;;
"Gurgaldaj";"AllPlayerDeclared";18;true;;Static;;;;;;
"Gurgaldaj";"equalNumberOfPiecesOnTheBoard";18;true;;Static;;;;;;
"Gurgaldaj";"sizeOfTrack";24;false;"Track concept is not present";Static;;;;;;
"Jeson Zam";"lineLessOrEqualThanBoardSide";24;false;"Cannot read the array length because ""this.dim"" is null";Static;;;;;;
"Jeson Zam";"eachPieceReferenceNotDuplicated";29;false;"The game does not have any piece declared as Each";Static;;;;;;
"Jeson Zam";"pieceDeclaredAsEach";51;false;"Ludeme Each for a Piece requires at least one definition of PieceN, with N > 0";Static;;;;;;
"Jeson Zam";"pieceDeclaredAsShared";26;false;"The game does not have any piece declared as Shared";Static;;;;;;
"Jeson Zam";"pieceDeclaredAsNeutral";24;true;;Static;;;;;;
"Jeson Zam";"AllPlayerDeclared";23;true;;Static;;;;;;
"Jeson Zam";"equalNumberOfPiecesOnTheBoard";26;true;;Static;;;;;;
"Jeson Zam";"sizeOfTrack";20;false;"Track concept is not present";Static;;;;;;
"Kassle";"lineLessOrEqualThanBoardSide";56;true;;Static;;;;;;
"Kassle";"eachPieceReferenceNotDuplicated";74;false;"The game does not have any piece declared as Each";Static;;;;;;
"Kassle";"pieceDeclaredAsEach";85;false;"Ludeme Each for a Piece requires at least one definition of PieceN, with N > 0";Static;;;;;;
"Kassle";"pieceDeclaredAsShared";59;false;"The game does not have any piece declared as Shared";Static;;;;;;
"Kassle";"pieceDeclaredAsNeutral";61;true;;Static;;;;;;
"Kassle";"AllPlayerDeclared";54;true;;Static;;;;;;
"Kassle";"equalNumberOfPiecesOnTheBoard";60;true;;Static;;;;;;
"Kassle";"sizeOfTrack";56;false;"Track concept is not present";Static;;;;;;
"Katsela";"lineLessOrEqualThanBoardSide";9;true;;Static;;;;;;
"Katsela";"eachPieceReferenceNotDuplicated";8;false;"The game does not have any piece declared as Each";Static;;;;;;
"Katsela";"pieceDeclaredAsEach";40;false;"Ludeme Each for a Piece requires at least one definition of PieceN, with N > 0";Static;;;;;;
"Katsela";"pieceDeclaredAsShared";9;false;"The game does not have any piece declared as Shared";Static;;;;;;
"Katsela";"pieceDeclaredAsNeutral";8;true;;Static;;;;;;
"Katsela";"AllPlayerDeclared";7;true;;Static;;;;;;
"Katsela";"equalNumberOfPiecesOnTheBoard";7;true;;Static;;;;;;
"Katsela";"sizeOfTrack";7;false;"Track concept is not present";Static;;;;;;
"Keryo-Pente";"lineLessOrEqualThanBoardSide";912;true;;Static;;;;;;
"Keryo-Pente";"eachPieceReferenceNotDuplicated";374;false;"The game does not have any piece declared as Each";Static;;;;;;
"Keryo-Pente";"pieceDeclaredAsEach";393;false;"Ludeme Each for a Piece requires at least one definition of PieceN, with N > 0";Static;;;;;;
"Keryo-Pente";"pieceDeclaredAsShared";369;false;"The game does not have any piece declared as Shared";Static;;;;;;
"Keryo-Pente";"pieceDeclaredAsNeutral";384;true;;Static;;;;;;
"Keryo-Pente";"AllPlayerDeclared";335;true;;Static;;;;;;
"Keryo-Pente";"equalNumberOfPiecesOnTheBoard";362;true;;Static;;;;;;
"Keryo-Pente";"sizeOfTrack";340;false;"Track concept is not present";Static;;;;;;
"La Chascona";"lineLessOrEqualThanBoardSide";29;false;"Cannot read the array length because ""this.dim"" is null";Static;;;;;;
"La Chascona";"eachPieceReferenceNotDuplicated";27;false;"The game does not have any piece declared as Each";Static;;;;;;
"La Chascona";"pieceDeclaredAsEach";51;false;"Ludeme Each for a Piece requires at least one definition of PieceN, with N > 0";Static;;;;;;
"La Chascona";"pieceDeclaredAsShared";18;false;"The game does not have any piece declared as Shared";Static;;;;;;
"La Chascona";"pieceDeclaredAsNeutral";16;true;;Static;;;;;;
"La Chascona";"AllPlayerDeclared";16;true;;Static;;;;;;
"La Chascona";"equalNumberOfPiecesOnTheBoard";17;true;;Static;;;;;;
"La Chascona";"sizeOfTrack";16;false;"Track concept is not present";Static;;;;;;
"Les Pendus";"lineLessOrEqualThanBoardSide";8;true;;Static;;;;;;
"Les Pendus";"eachPieceReferenceNotDuplicated";8;false;"The game does not have any piece declared as Each";Static;;;;;;
"Les Pendus";"pieceDeclaredAsEach";44;false;"Ludeme Each for a Piece requires at least one definition of PieceN, with N > 0";Static;;;;;;
"Les Pendus";"pieceDeclaredAsShared";8;false;"The game does not have any piece declared as Shared";Static;;;;;;
"Les Pendus";"pieceDeclaredAsNeutral";7;true;;Static;;;;;;
"Les Pendus";"AllPlayerDeclared";8;true;;Static;;;;;;
"Les Pendus";"equalNumberOfPiecesOnTheBoard";7;true;;Static;;;;;;
"Les Pendus";"sizeOfTrack";8;false;"Track concept is not present";Static;;;;;;
"Liu Tsi";"lineLessOrEqualThanBoardSide";8;true;;Static;;;;;;
"Liu Tsi";"eachPieceReferenceNotDuplicated";8;false;"The game does not have any piece declared as Each";Static;;;;;;
"Liu Tsi";"pieceDeclaredAsEach";44;false;"Ludeme Each for a Piece requires at least one definition of PieceN, with N > 0";Static;;;;;;
"Liu Tsi";"pieceDeclaredAsShared";8;false;"The game does not have any piece declared as Shared";Static;;;;;;
"Liu Tsi";"pieceDeclaredAsNeutral";7;true;;Static;;;;;;
"Liu Tsi";"AllPlayerDeclared";7;true;;Static;;;;;;
"Liu Tsi";"equalNumberOfPiecesOnTheBoard";10;true;;Static;;;;;;
"Liu Tsi";"sizeOfTrack";8;false;"Track concept is not present";Static;;;;;;
"Marelle Quadruple";"lineLessOrEqualThanBoardSide";17;true;;Static;;;;;;
"Marelle Quadruple";"eachPieceReferenceNotDuplicated";14;false;"The game does not have any piece declared as Each";Static;;;;;;
"Marelle Quadruple";"pieceDeclaredAsEach";44;false;"Ludeme Each for a Piece requires at least one definition of PieceN, with N > 0";Static;;;;;;
"Marelle Quadruple";"pieceDeclaredAsShared";14;false;"The game does not have any piece declared as Shared";Static;;;;;;
"Marelle Quadruple";"pieceDeclaredAsNeutral";14;true;;Static;;;;;;
"Marelle Quadruple";"AllPlayerDeclared";13;true;;Static;;;;;;
"Marelle Quadruple";"equalNumberOfPiecesOnTheBoard";15;true;;Static;;;;;;
"Marelle Quadruple";"sizeOfTrack";16;false;"Track concept is not present";Static;;;;;;
"Marelle Triple";"lineLessOrEqualThanBoardSide";28;false;"Cannot read the array length because ""this.dim"" is null";Static;;;;;;
"Marelle Triple";"eachPieceReferenceNotDuplicated";20;false;"The game does not have any piece declared as Each";Static;;;;;;
"Marelle Triple";"pieceDeclaredAsEach";56;false;"Ludeme Each for a Piece requires at least one definition of PieceN, with N > 0";Static;;;;;;
"Marelle Triple";"pieceDeclaredAsShared";19;false;"The game does not have any piece declared as Shared";Static;;;;;;
"Marelle Triple";"pieceDeclaredAsNeutral";18;true;;Static;;;;;;
"Marelle Triple";"AllPlayerDeclared";18;true;;Static;;;;;;
"Marelle Triple";"equalNumberOfPiecesOnTheBoard";19;true;;Static;;;;;;
"Marelle Triple";"sizeOfTrack";20;false;"Track concept is not present";Static;;;;;;
"Mbenga Alignment Game";"lineLessOrEqualThanBoardSide";8;true;;Static;;;;;;
"Mbenga Alignment Game";"eachPieceReferenceNotDuplicated";6;false;"The game does not have any piece declared as Each";Static;;;;;;
"Mbenga Alignment Game";"pieceDeclaredAsEach";41;false;"Ludeme Each for a Piece requires at least one definition of PieceN, with N > 0";Static;;;;;;
"Mbenga Alignment Game";"pieceDeclaredAsShared";6;false;"The game does not have any piece declared as Shared";Static;;;;;;
"Mbenga Alignment Game";"pieceDeclaredAsNeutral";5;true;;Static;;;;;;
"Mbenga Alignment Game";"AllPlayerDeclared";5;true;;Static;;;;;;
"Mbenga Alignment Game";"equalNumberOfPiecesOnTheBoard";6;true;;Static;;;;;;
"Mbenga Alignment Game";"sizeOfTrack";5;false;"Track concept is not present";Static;;;;;;
"Millieu";"lineLessOrEqualThanBoardSide";183;false;"Line concept is not present";Static;;;;;;
"Millieu";"eachPieceReferenceNotDuplicated";171;false;"The game does not have any piece declared as Each";Static;;;;;;
"Millieu";"pieceDeclaredAsEach";206;false;"The game does not have any piece declared as Each";Static;;;;;;
"Millieu";"pieceDeclaredAsShared";168;true;;Static;;;;;;
"Millieu";"pieceDeclaredAsNeutral";194;true;;Static;;;;;;
"Millieu";"AllPlayerDeclared";169;true;;Static;;;;;;
"Millieu";"equalNumberOfPiecesOnTheBoard";193;true;;Static;;;;;;
"Millieu";"sizeOfTrack";164;false;"Track concept is not present";Static;;;;;;
"Minefield";"lineLessOrEqualThanBoardSide";50;false;"Line concept is not present";Static;;;;;;
"Minefield";"eachPieceReferenceNotDuplicated";47;false;"The game does not have any piece declared as Each";Static;;;;;;
"Minefield";"pieceDeclaredAsEach";71;false;"The game does not have any piece declared as Each";Static;;;;;;
"Minefield";"pieceDeclaredAsShared";33;false;"The game does not have any piece declared as Shared";Static;;;;;;
"Minefield";"pieceDeclaredAsNeutral";33;true;;Static;;;;;;
"Minefield";"AllPlayerDeclared";37;true;;Static;;;;;;
"Minefield";"equalNumberOfPiecesOnTheBoard";36;true;;Static;;;;;;
"Minefield";"sizeOfTrack";35;false;"Track concept is not present";Static;;;;;;
"Mlabalaba";"lineLessOrEqualThanBoardSide";15;false;"Cannot read the array length because ""this.dim"" is null";Static;;;;;;
"Mlabalaba";"eachPieceReferenceNotDuplicated";15;false;"The game does not have any piece declared as Each";Static;;;;;;
"Mlabalaba";"pieceDeclaredAsEach";64;false;"Ludeme Each for a Piece requires at least one definition of PieceN, with N > 0";Static;;;;;;
"Mlabalaba";"pieceDeclaredAsShared";21;false;"The game does not have any piece declared as Shared";Static;;;;;;
"Mlabalaba";"pieceDeclaredAsNeutral";22;true;;Static;;;;;;
"Mlabalaba";"AllPlayerDeclared";20;true;;Static;;;;;;
"Mlabalaba";"equalNumberOfPiecesOnTheBoard";14;true;;Static;;;;;;
"Mlabalaba";"sizeOfTrack";14;false;"Track concept is not present";Static;;;;;;
"Morabaraba";"lineLessOrEqualThanBoardSide";20;false;"Cannot read the array length because ""this.dim"" is null";Static;;;;;;
"Morabaraba";"eachPieceReferenceNotDuplicated";33;false;"The game does not have any piece declared as Each";Static;;;;;;
"Morabaraba";"pieceDeclaredAsEach";69;false;"Ludeme Each for a Piece requires at least one definition of PieceN, with N > 0";Static;;;;;;
"Morabaraba";"pieceDeclaredAsShared";16;false;"The game does not have any piece declared as Shared";Static;;;;;;
"Morabaraba";"pieceDeclaredAsNeutral";14;true;;Static;;;;;;
"Morabaraba";"AllPlayerDeclared";14;true;;Static;;;;;;
"Morabaraba";"equalNumberOfPiecesOnTheBoard";15;true;;Static;;;;;;
"Morabaraba";"sizeOfTrack";15;false;"Track concept is not present";Static;;;;;;
"Moxie";"lineLessOrEqualThanBoardSide";27;true;;Static;;;;;;
"Moxie";"eachPieceReferenceNotDuplicated";37;false;"The game does not have any piece declared as Each";Static;;;;;;
"Moxie";"pieceDeclaredAsEach";65;false;"Ludeme Each for a Piece requires at least one definition of PieceN, with N > 0";Static;;;;;;
"Moxie";"pieceDeclaredAsShared";21;false;"The game does not have any piece declared as Shared";Static;;;;;;
"Moxie";"pieceDeclaredAsNeutral";21;true;;Static;;;;;;
"Moxie";"AllPlayerDeclared";31;true;;Static;;;;;;
"Moxie";"equalNumberOfPiecesOnTheBoard";20;true;;Static;;;;;;
"Moxie";"sizeOfTrack";20;false;"Track concept is not present";Static;;;;;;
"Mulabalaba";"lineLessOrEqualThanBoardSide";12;false;"Cannot read the array length because ""this.dim"" is null";Static;;;;;;
"Mulabalaba";"eachPieceReferenceNotDuplicated";14;false;"The game does not have any piece declared as Each";Static;;;;;;
"Mulabalaba";"pieceDeclaredAsEach";44;false;"Ludeme Each for a Piece requires at least one definition of PieceN, with N > 0";Static;;;;;;
"Mulabalaba";"pieceDeclaredAsShared";15;false;"The game does not have any piece declared as Shared";Static;;;;;;
"Mulabalaba";"pieceDeclaredAsNeutral";12;true;;Static;;;;;;
"Mulabalaba";"AllPlayerDeclared";11;true;;Static;;;;;;
"Mulabalaba";"equalNumberOfPiecesOnTheBoard";12;true;;Static;;;;;;
"Mulabalaba";"sizeOfTrack";12;false;"Track concept is not present";Static;;;;;;
"Mylna";"lineLessOrEqualThanBoardSide";13;false;"Cannot read the array length because ""this.dim"" is null";Static;;;;;;
"Mylna";"eachPieceReferenceNotDuplicated";14;false;"The game does not have any piece declared as Each";Static;;;;;;
"Mylna";"pieceDeclaredAsEach";47;false;"Ludeme Each for a Piece requires at least one definition of PieceN, with N > 0";Static;;;;;;
"Mylna";"pieceDeclaredAsShared";14;false;"The game does not have any piece declared as Shared";Static;;;;;;
"Mylna";"pieceDeclaredAsNeutral";15;true;;Static;;;;;;
"Mylna";"AllPlayerDeclared";12;true;;Static;;;;;;
"Mylna";"equalNumberOfPiecesOnTheBoard";13;true;;Static;;;;;;
"Mylna";"sizeOfTrack";13;false;"Track concept is not present";Static;;;;;;
"Nao Guti";"lineLessOrEqualThanBoardSide";13;false;"Cannot read the array length because ""this.dim"" is null";Static;;;;;;
"Nao Guti";"eachPieceReferenceNotDuplicated";12;false;"The game does not have any piece declared as Each";Static;;;;;;
"Nao Guti";"pieceDeclaredAsEach";42;false;"Ludeme Each for a Piece requires at least one definition of PieceN, with N > 0";Static;;;;;;
"Nao Guti";"pieceDeclaredAsShared";12;false;"The game does not have any piece declared as Shared";Static;;;;;;
"Nao Guti";"pieceDeclaredAsNeutral";11;true;;Static;;;;;;
"Nao Guti";"AllPlayerDeclared";11;true;;Static;;;;;;
"Nao Guti";"equalNumberOfPiecesOnTheBoard";11;true;;Static;;;;;;
"Nao Guti";"sizeOfTrack";13;false;"Track concept is not present";Static;;;;;;
"Nerenchi Keliya";"lineLessOrEqualThanBoardSide";13;false;"Cannot read the array length because ""this.dim"" is null";Static;;;;;;
"Nerenchi Keliya";"eachPieceReferenceNotDuplicated";12;false;"The game does not have any piece declared as Each";Static;;;;;;
"Nerenchi Keliya";"pieceDeclaredAsEach";44;false;"Ludeme Each for a Piece requires at least one definition of PieceN, with N > 0";Static;;;;;;
"Nerenchi Keliya";"pieceDeclaredAsShared";18;false;"The game does not have any piece declared as Shared";Static;;;;;;
"Nerenchi Keliya";"pieceDeclaredAsNeutral";13;true;;Static;;;;;;
"Nerenchi Keliya";"AllPlayerDeclared";13;true;;Static;;;;;;
"Nerenchi Keliya";"equalNumberOfPiecesOnTheBoard";12;true;;Static;;;;;;
"Nerenchi Keliya";"sizeOfTrack";17;false;"Track concept is not present";Static;;;;;;
"Ngre E E";"lineLessOrEqualThanBoardSide";6;true;;Static;;;;;;
"Ngre E E";"eachPieceReferenceNotDuplicated";6;false;"The game does not have any piece declared as Each";Static;;;;;;
"Ngre E E";"pieceDeclaredAsEach";42;false;"Ludeme Each for a Piece requires at least one definition of PieceN, with N > 0";Static;;;;;;
"Ngre E E";"pieceDeclaredAsShared";7;false;"The game does not have any piece declared as Shared";Static;;;;;;
"Ngre E E";"pieceDeclaredAsNeutral";9;true;;Static;;;;;;
"Ngre E E";"AllPlayerDeclared";6;true;;Static;;;;;;
"Ngre E E";"equalNumberOfPiecesOnTheBoard";6;true;;Static;;;;;;
"Ngre E E";"sizeOfTrack";7;false;"Track concept is not present";Static;;;;;;
"Ngrin";"lineLessOrEqualThanBoardSide";6;true;;Static;;;;;;
"Ngrin";"eachPieceReferenceNotDuplicated";6;false;"The game does not have any piece declared as Each";Static;;;;;;
"Ngrin";"pieceDeclaredAsEach";57;false;"Ludeme Each for a Piece requires at least one definition of PieceN, with N > 0";Static;;;;;;
"Ngrin";"pieceDeclaredAsShared";6;false;"The game does not have any piece declared as Shared";Static;;;;;;
"Ngrin";"pieceDeclaredAsNeutral";5;true;;Static;;;;;;
"Ngrin";"AllPlayerDeclared";6;true;;Static;;;;;;
"Ngrin";"equalNumberOfPiecesOnTheBoard";6;true;;Static;;;;;;
"Ngrin";"sizeOfTrack";6;false;"Track concept is not present";Static;;;;;;
"Nine Holes";"lineLessOrEqualThanBoardSide";7;true;;Static;;;;;;
"Nine Holes";"eachPieceReferenceNotDuplicated";7;false;"The game does not have any piece declared as Each";Static;;;;;;
"Nine Holes";"pieceDeclaredAsEach";56;false;"Ludeme Each for a Piece requires at least one definition of PieceN, with N > 0";Static;;;;;;
"Nine Holes";"pieceDeclaredAsShared";7;false;"The game does not have any piece declared as Shared";Static;;;;;;
"Nine Holes";"pieceDeclaredAsNeutral";7;true;;Static;;;;;;
"Nine Holes";"AllPlayerDeclared";6;true;;Static;;;;;;
"Nine Holes";"equalNumberOfPiecesOnTheBoard";6;true;;Static;;;;;;
"Nine Holes";"sizeOfTrack";7;false;"Track concept is not present";Static;;;;;;
"Nine Men's Morris";"lineLessOrEqualThanBoardSide";18;false;"Cannot read the array length because ""this.dim"" is null";Static;;;;;;
"Nine Men's Morris";"eachPieceReferenceNotDuplicated";17;false;"The game does not have any piece declared as Each";Static;;;;;;
"Nine Men's Morris";"pieceDeclaredAsEach";49;false;"Ludeme Each for a Piece requires at least one definition of PieceN, with N > 0";Static;;;;;;
"Nine Men's Morris";"pieceDeclaredAsShared";18;false;"The game does not have any piece declared as Shared";Static;;;;;;
"Nine Men's Morris";"pieceDeclaredAsNeutral";19;true;;Static;;;;;;
"Nine Men's Morris";"AllPlayerDeclared";17;true;;Static;;;;;;
"Nine Men's Morris";"equalNumberOfPiecesOnTheBoard";18;true;;Static;;;;;;
"Nine Men's Morris";"sizeOfTrack";21;false;"Track concept is not present";Static;;;;;;
"Niranchy";"lineLessOrEqualThanBoardSide";14;false;"Cannot read the array length because ""this.dim"" is null";Static;;;;;;
"Niranchy";"eachPieceReferenceNotDuplicated";13;false;"The game does not have any piece declared as Each";Static;;;;;;
"Niranchy";"pieceDeclaredAsEach";63;false;"Ludeme Each for a Piece requires at least one definition of PieceN, with N > 0";Static;;;;;;
"Niranchy";"pieceDeclaredAsShared";11;false;"The game does not have any piece declared as Shared";Static;;;;;;
"Niranchy";"pieceDeclaredAsNeutral";8;true;;Static;;;;;;
"Niranchy";"AllPlayerDeclared";8;true;;Static;;;;;;
"Niranchy";"equalNumberOfPiecesOnTheBoard";9;true;;Static;;;;;;
"Niranchy";"sizeOfTrack";9;false;"Track concept is not present";Static;;;;;;
"Notakto";"lineLessOrEqualThanBoardSide";45;false;"Cannot read the array length because ""this.dim"" is null";Static;;;;;;
"Notakto";"eachPieceReferenceNotDuplicated";41;false;"The game does not have any piece declared as Each";Static;;;;;;
"Notakto";"pieceDeclaredAsEach";72;false;"Ludeme Each for a Piece requires at least one definition of PieceN, with N > 0";Static;;;;;;
"Notakto";"pieceDeclaredAsShared";41;false;"The game does not have any piece declared as Shared";Static;;;;;;
"Notakto";"pieceDeclaredAsNeutral";46;true;;Static;;;;;;
"Notakto";"AllPlayerDeclared";38;true;;Static;;;;;;
"Notakto";"equalNumberOfPiecesOnTheBoard";43;true;;Static;;;;;;
"Notakto";"sizeOfTrack";45;false;"Track concept is not present";Static;;;;;;
"Nzengue (Small)";"lineLessOrEqualThanBoardSide";15;false;"Cannot read the array length because ""this.dim"" is null";Static;;;;;;
"Nzengue (Small)";"eachPieceReferenceNotDuplicated";20;false;"The game does not have any piece declared as Each";Static;;;;;;
"Nzengue (Small)";"pieceDeclaredAsEach";71;false;"Ludeme Each for a Piece requires at least one definition of PieceN, with N > 0";Static;;;;;;
"Nzengue (Small)";"pieceDeclaredAsShared";21;false;"The game does not have any piece declared as Shared";Static;;;;;;
"Nzengue (Small)";"pieceDeclaredAsNeutral";21;true;;Static;;;;;;
"Nzengue (Small)";"AllPlayerDeclared";18;true;;Static;;;;;;
"Nzengue (Small)";"equalNumberOfPiecesOnTheBoard";21;true;;Static;;;;;;
"Nzengue (Small)";"sizeOfTrack";19;false;"Track concept is not present";Static;;;;;;
"Order and Chaos";"lineLessOrEqualThanBoardSide";18;true;;Static;;;;;;
"Order and Chaos";"eachPieceReferenceNotDuplicated";22;false;"The game does not have any piece declared as Each";Static;;;;;;
"Order and Chaos";"pieceDeclaredAsEach";51;false;"The game does not have any piece declared as Each";Static;;;;;;
"Order and Chaos";"pieceDeclaredAsShared";13;true;;Static;;;;;;
"Order and Chaos";"pieceDeclaredAsNeutral";13;true;;Static;;;;;;
"Order and Chaos";"AllPlayerDeclared";14;true;;Static;;;;;;
"Order and Chaos";"equalNumberOfPiecesOnTheBoard";15;true;;Static;;;;;;
"Order and Chaos";"sizeOfTrack";14;false;"Track concept is not present";Static;;;;;;
"Pentago";"lineLessOrEqualThanBoardSide";104;true;;Static;;;;;;
"Pentago";"eachPieceReferenceNotDuplicated";116;false;"The game does not have any piece declared as Each";Static;;;;;;
"Pentago";"pieceDeclaredAsEach";135;false;"Ludeme Each for a Piece requires at least one definition of PieceN, with N > 0";Static;;;;;;
"Pentago";"pieceDeclaredAsShared";115;false;"The game does not have any piece declared as Shared";Static;;;;;;
"Pentago";"pieceDeclaredAsNeutral";99;true;;Static;;;;;;
"Pentago";"AllPlayerDeclared";156;true;;Static;;;;;;
"Pentago";"equalNumberOfPiecesOnTheBoard";134;true;;Static;;;;;;
"Pentago";"sizeOfTrack";102;false;"Track concept is not present";Static;;;;;;
"Pentalath";"lineLessOrEqualThanBoardSide";70;false;"Cannot read the array length because ""this.dim"" is null";Static;;;;;;
"Pentalath";"eachPieceReferenceNotDuplicated";69;false;"The game does not have any piece declared as Each";Static;;;;;;
"Pentalath";"pieceDeclaredAsEach";110;false;"Ludeme Each for a Piece requires at least one definition of PieceN, with N > 0";Static;;;;;;
"Pentalath";"pieceDeclaredAsShared";60;false;"The game does not have any piece declared as Shared";Static;;;;;;
"Pentalath";"pieceDeclaredAsNeutral";59;true;;Static;;;;;;
"Pentalath";"AllPlayerDeclared";61;true;;Static;;;;;;
"Pentalath";"equalNumberOfPiecesOnTheBoard";58;true;;Static;;;;;;
"Pentalath";"sizeOfTrack";56;false;"Track concept is not present";Static;;;;;;
"Pente";"lineLessOrEqualThanBoardSide";439;true;;Static;;;;;;
"Pente";"eachPieceReferenceNotDuplicated";341;false;"The game does not have any piece declared as Each";Static;;;;;;
"Pente";"pieceDeclaredAsEach";402;false;"Ludeme Each for a Piece requires at least one definition of PieceN, with N > 0";Static;;;;;;
"Pente";"pieceDeclaredAsShared";336;false;"The game does not have any piece declared as Shared";Static;;;;;;
"Pente";"pieceDeclaredAsNeutral";354;true;;Static;;;;;;
"Pente";"AllPlayerDeclared";335;true;;Static;;;;;;
"Pente";"equalNumberOfPiecesOnTheBoard";365;true;;Static;;;;;;
"Pente";"sizeOfTrack";333;false;"Track concept is not present";Static;;;;;;
"Picaria";"lineLessOrEqualThanBoardSide";8;true;;Static;;;;;;
"Picaria";"eachPieceReferenceNotDuplicated";6;false;"The game does not have any piece declared as Each";Static;;;;;;
"Picaria";"pieceDeclaredAsEach";37;false;"Ludeme Each for a Piece requires at least one definition of PieceN, with N > 0";Static;;;;;;
"Picaria";"pieceDeclaredAsShared";7;false;"The game does not have any piece declared as Shared";Static;;;;;;
"Picaria";"pieceDeclaredAsNeutral";7;true;;Static;;;;;;
"Picaria";"AllPlayerDeclared";7;true;;Static;;;;;;
"Picaria";"equalNumberOfPiecesOnTheBoard";9;true;;Static;;;;;;
"Picaria";"sizeOfTrack";7;false;"Track concept is not present";Static;;;;;;
"Plotto";"lineLessOrEqualThanBoardSide";1648;true;;Static;;;;;;
"Plotto";"eachPieceReferenceNotDuplicated";1606;false;"The game does not have any piece declared as Each";Static;;;;;;
"Plotto";"pieceDeclaredAsEach";1752;false;"The game does not have any piece declared as Each";Static;;;;;;
"Plotto";"pieceDeclaredAsShared";1590;false;"The game does not have any piece declared as Shared";Static;;;;;;
"Plotto";"pieceDeclaredAsNeutral";1715;true;;Static;;;;;;
"Plotto";"AllPlayerDeclared";1653;true;;Static;;;;;;
"Plotto";"equalNumberOfPiecesOnTheBoard";1602;true;;Static;;;;;;
"Plotto";"sizeOfTrack";1665;false;"Track concept is not present";Static;;;;;;
"Pushing Me XO";"lineLessOrEqualThanBoardSide";35;true;;Static;;;;;;
"Pushing Me XO";"eachPieceReferenceNotDuplicated";33;false;"The game does not have any piece declared as Each";Static;;;;;;
"Pushing Me XO";"pieceDeclaredAsEach";131;false;"The game does not have any piece declared as Each";Static;;;;;;
"Pushing Me XO";"pieceDeclaredAsShared";37;false;"The game does not have any piece declared as Shared";Static;;;;;;
"Pushing Me XO";"pieceDeclaredAsNeutral";35;true;;Static;;;;;;
"Pushing Me XO";"AllPlayerDeclared";42;true;;Static;;;;;;
"Pushing Me XO";"equalNumberOfPiecesOnTheBoard";38;true;;Static;;;;;;
"Pushing Me XO";"sizeOfTrack";35;false;"Track concept is not present";Static;;;;;;
"Quarto";"lineLessOrEqualThanBoardSide";48;true;;Static;;;;;;
"Quarto";"eachPieceReferenceNotDuplicated";57;false;"The game does not have any piece declared as Each";Static;;;;;;
"Quarto";"pieceDeclaredAsEach";96;true;;Static;;;;;;
"Quarto";"pieceDeclaredAsShared";35;false;"The game does not have any piece declared as Shared";Static;;;;;;
"Quarto";"pieceDeclaredAsNeutral";35;true;;Static;;;;;;
"Quarto";"AllPlayerDeclared";36;true;;Static;;;;;;
"Quarto";"equalNumberOfPiecesOnTheBoard";43;true;;Static;;;;;;
"Quarto";"sizeOfTrack";53;false;"Track concept is not present";Static;;;;;;
"Quixo";"lineLessOrEqualThanBoardSide";37;true;;Static;;;;;;
"Quixo";"eachPieceReferenceNotDuplicated";44;false;"The game does not have any piece declared as Each";Static;;;;;;
"Quixo";"pieceDeclaredAsEach";66;false;"The game does not have any piece declared as Each";Static;;;;;;
"Quixo";"pieceDeclaredAsShared";36;false;"The game does not have any piece declared as Shared";Static;;;;;;
"Quixo";"pieceDeclaredAsNeutral";37;true;;Static;;;;;;
"Quixo";"AllPlayerDeclared";41;true;;Static;;;;;;
"Quixo";"equalNumberOfPiecesOnTheBoard";36;true;;Static;;;;;;
"Quixo";"sizeOfTrack";36;false;"Track concept is not present";Static;;;;;;
"Ring";"lineLessOrEqualThanBoardSide";16;false;"Cannot read the array length because ""this.dim"" is null";Static;;;;;;
"Ring";"eachPieceReferenceNotDuplicated";13;false;"The game does not have any piece declared as Each";Static;;;;;;
"Ring";"pieceDeclaredAsEach";51;false;"Ludeme Each for a Piece requires at least one definition of PieceN, with N > 0";Static;;;;;;
"Ring";"pieceDeclaredAsShared";15;false;"The game does not have any piece declared as Shared";Static;;;;;;
"Ring";"pieceDeclaredAsNeutral";13;true;;Static;;;;;;
"Ring";"AllPlayerDeclared";12;true;;Static;;;;;;
"Ring";"equalNumberOfPiecesOnTheBoard";12;true;;Static;;;;;;
"Ring";"sizeOfTrack";12;false;"Track concept is not present";Static;;;;;;
"Ringo";"lineLessOrEqualThanBoardSide";1493;true;;Static;;;;;;
"Ringo";"eachPieceReferenceNotDuplicated";1592;false;"The game does not have any piece declared as Each";Static;;;;;;
"Ringo";"pieceDeclaredAsEach";1686;false;"Ludeme Each for a Piece requires at least one definition of PieceN, with N > 0";Static;;;;;;
"Ringo";"pieceDeclaredAsShared";1563;false;"The game does not have any piece declared as Shared";Static;;;;;;
"Ringo";"pieceDeclaredAsNeutral";1593;true;;Static;;;;;;
"Ringo";"AllPlayerDeclared";1606;true;;Static;;;;;;
"Ringo";"equalNumberOfPiecesOnTheBoard";1669;true;;Static;;;;;;
"Ringo";"sizeOfTrack";1566;false;"Track concept is not present";Static;;;;;;
"Roll-Ing to Four";"lineLessOrEqualThanBoardSide";34;true;;Static;;;;;;
"Roll-Ing to Four";"eachPieceReferenceNotDuplicated";38;false;"The game does not have any piece declared as Each";Static;;;;;;
"Roll-Ing to Four";"pieceDeclaredAsEach";86;true;;Static;;;;;;
"Roll-Ing to Four";"pieceDeclaredAsShared";19;false;"The game does not have any piece declared as Shared";Static;;;;;;
"Roll-Ing to Four";"pieceDeclaredAsNeutral";19;true;;Static;;;;;;
"Roll-Ing to Four";"AllPlayerDeclared";20;true;;Static;;;;;;
"Roll-Ing to Four";"equalNumberOfPiecesOnTheBoard";20;true;;Static;;;;;;
"Roll-Ing to Four";"sizeOfTrack";20;false;"Track concept is not present";Static;;;;;;
"Round Merels";"lineLessOrEqualThanBoardSide";12;false;"Cannot read the array length because ""this.dim"" is null";Static;;;;;;
"Round Merels";"eachPieceReferenceNotDuplicated";12;false;"The game does not have any piece declared as Each";Static;;;;;;
"Round Merels";"pieceDeclaredAsEach";63;false;"Ludeme Each for a Piece requires at least one definition of PieceN, with N > 0";Static;;;;;;
"Round Merels";"pieceDeclaredAsShared";12;false;"The game does not have any piece declared as Shared";Static;;;;;;
"Round Merels";"pieceDeclaredAsNeutral";13;true;;Static;;;;;;
"Round Merels";"AllPlayerDeclared";13;true;;Static;;;;;;
"Round Merels";"equalNumberOfPiecesOnTheBoard";13;true;;Static;;;;;;
"Round Merels";"sizeOfTrack";12;false;"Track concept is not present";Static;;;;;;
"Sam K'i";"lineLessOrEqualThanBoardSide";30;false;"Cannot read the array length because ""this.dim"" is null";Static;;;;;;
"Sam K'i";"eachPieceReferenceNotDuplicated";21;false;"The game does not have any piece declared as Each";Static;;;;;;
"Sam K'i";"pieceDeclaredAsEach";57;true;;Static;;;;;;
"Sam K'i";"pieceDeclaredAsShared";22;false;"The game does not have any piece declared as Shared";Static;;;;;;
"Sam K'i";"pieceDeclaredAsNeutral";21;true;;Static;;;;;;
"Sam K'i";"AllPlayerDeclared";20;true;;Static;;;;;;
"Sam K'i";"equalNumberOfPiecesOnTheBoard";20;true;;Static;;;;;;
"Sam K'i";"sizeOfTrack";22;false;"Track concept is not present";Static;;;;;;
"San-Noku-Narabe";"lineLessOrEqualThanBoardSide";8;true;;Static;;;;;;
"San-Noku-Narabe";"eachPieceReferenceNotDuplicated";9;false;"The game does not have any piece declared as Each";Static;;;;;;
"San-Noku-Narabe";"pieceDeclaredAsEach";37;false;"Ludeme Each for a Piece requires at least one definition of PieceN, with N > 0";Static;;;;;;
"San-Noku-Narabe";"pieceDeclaredAsShared";7;false;"The game does not have any piece declared as Shared";Static;;;;;;
"San-Noku-Narabe";"pieceDeclaredAsNeutral";7;true;;Static;;;;;;
"San-Noku-Narabe";"AllPlayerDeclared";6;true;;Static;;;;;;
"San-Noku-Narabe";"equalNumberOfPiecesOnTheBoard";7;true;;Static;;;;;;
"San-Noku-Narabe";"sizeOfTrack";7;false;"Track concept is not present";Static;;;;;;
"Score Four";"lineLessOrEqualThanBoardSide";10;false;"Cannot read the array length because ""this.dim"" is null";Static;;;;;;
"Score Four";"eachPieceReferenceNotDuplicated";9;false;"The game does not have any piece declared as Each";Static;;;;;;
"Score Four";"pieceDeclaredAsEach";49;false;"Ludeme Each for a Piece requires at least one definition of PieceN, with N > 0";Static;;;;;;
"Score Four";"pieceDeclaredAsShared";9;false;"The game does not have any piece declared as Shared";Static;;;;;;
"Score Four";"pieceDeclaredAsNeutral";8;true;;Static;;;;;;
"Score Four";"AllPlayerDeclared";9;true;;Static;;;;;;
"Score Four";"equalNumberOfPiecesOnTheBoard";9;true;;Static;;;;;;
"Score Four";"sizeOfTrack";9;false;"Track concept is not present";Static;;;;;;
"Selbia";"lineLessOrEqualThanBoardSide";6;true;;Static;;;;;;
"Selbia";"eachPieceReferenceNotDuplicated";6;false;"The game does not have any piece declared as Each";Static;;;;;;
"Selbia";"pieceDeclaredAsEach";52;false;"Ludeme Each for a Piece requires at least one definition of PieceN, with N > 0";Static;;;;;;
"Selbia";"pieceDeclaredAsShared";7;false;"The game does not have any piece declared as Shared";Static;;;;;;
"Selbia";"pieceDeclaredAsNeutral";5;true;;Static;;;;;;
"Selbia";"AllPlayerDeclared";6;true;;Static;;;;;;
"Selbia";"equalNumberOfPiecesOnTheBoard";5;true;;Static;;;;;;
"Selbia";"sizeOfTrack";6;false;"Track concept is not present";Static;;;;;;
"Shah";"lineLessOrEqualThanBoardSide";23;false;"Cannot read the array length because ""this.dim"" is null";Static;;;;;;
"Shah";"eachPieceReferenceNotDuplicated";21;false;"The game does not have any piece declared as Each";Static;;;;;;
"Shah";"pieceDeclaredAsEach";59;false;"Ludeme Each for a Piece requires at least one definition of PieceN, with N > 0";Static;;;;;;
"Shah";"pieceDeclaredAsShared";45;false;"The game does not have any piece declared as Shared";Static;;;;;;
"Shah";"pieceDeclaredAsNeutral";24;true;;Static;;;;;;
"Shah";"AllPlayerDeclared";23;true;;Static;;;;;;
"Shah";"equalNumberOfPiecesOnTheBoard";27;true;;Static;;;;;;
"Shah";"sizeOfTrack";28;false;"Track concept is not present";Static;;;;;;
"Shisima";"lineLessOrEqualThanBoardSide";8;false;"Cannot read the array length because ""this.dim"" is null";Static;;;;;;
"Shisima";"eachPieceReferenceNotDuplicated";20;false;"The game does not have any piece declared as Each";Static;;;;;;
"Shisima";"pieceDeclaredAsEach";63;true;;Static;;;;;;
"Shisima";"pieceDeclaredAsShared";9;false;"The game does not have any piece declared as Shared";Static;;;;;;
"Shisima";"pieceDeclaredAsNeutral";12;true;;Static;;;;;;
"Shisima";"AllPlayerDeclared";7;true;;Static;;;;;;
"Shisima";"equalNumberOfPiecesOnTheBoard";8;true;;Static;;;;;;
"Shisima";"sizeOfTrack";14;false;"Track concept is not present";Static;;;;;;
"Shiva";"lineLessOrEqualThanBoardSide";27;true;;Static;;;;;;
"Shiva";"eachPieceReferenceNotDuplicated";27;false;"The game does not have any piece declared as Each";Static;;;;;;
"Shiva";"pieceDeclaredAsEach";54;false;"Ludeme Each for a Piece requires at least one definition of PieceN, with N > 0";Static;;;;;;
"Shiva";"pieceDeclaredAsShared";15;false;"The game does not have any piece declared as Shared";Static;;;;;;
"Shiva";"pieceDeclaredAsNeutral";22;true;;Static;;;;;;
"Shiva";"AllPlayerDeclared";25;true;;Static;;;;;;
"Shiva";"equalNumberOfPiecesOnTheBoard";24;true;;Static;;;;;;
"Shiva";"sizeOfTrack";16;false;"Track concept is not present";Static;;;;;;
"Six Insect Game";"lineLessOrEqualThanBoardSide";27;true;;Static;;;;;;
"Six Insect Game";"eachPieceReferenceNotDuplicated";24;false;"The game does not have any piece declared as Each";Static;;;;;;
"Six Insect Game";"pieceDeclaredAsEach";66;true;;Static;;;;;;
"Six Insect Game";"pieceDeclaredAsShared";27;false;"The game does not have any piece declared as Shared";Static;;;;;;
"Six Insect Game";"pieceDeclaredAsNeutral";21;true;;Static;;;;;;
"Six Insect Game";"AllPlayerDeclared";24;true;;Static;;;;;;
"Six Insect Game";"equalNumberOfPiecesOnTheBoard";32;true;;Static;;;;;;
"Six Insect Game";"sizeOfTrack";35;false;"Track concept is not present";Static;;;;;;
"Six Men's Morris";"lineLessOrEqualThanBoardSide";15;false;"Cannot read the array length because ""this.dim"" is null";Static;;;;;;
"Six Men's Morris";"eachPieceReferenceNotDuplicated";12;false;"The game does not have any piece declared as Each";Static;;;;;;
"Six Men's Morris";"pieceDeclaredAsEach";49;false;"Ludeme Each for a Piece requires at least one definition of PieceN, with N > 0";Static;;;;;;
"Six Men's Morris";"pieceDeclaredAsShared";13;false;"The game does not have any piece declared as Shared";Static;;;;;;
"Six Men's Morris";"pieceDeclaredAsNeutral";22;true;;Static;;;;;;
"Six Men's Morris";"AllPlayerDeclared";14;true;;Static;;;;;;
"Six Men's Morris";"equalNumberOfPiecesOnTheBoard";12;true;;Static;;;;;;
"Six Men's Morris";"sizeOfTrack";13;false;"Track concept is not present";Static;;;;;;
"Six-Penny Madell";"lineLessOrEqualThanBoardSide";18;false;"Cannot read the array length because ""this.dim"" is null";Static;;;;;;
"Six-Penny Madell";"eachPieceReferenceNotDuplicated";17;false;"The game does not have any piece declared as Each";Static;;;;;;
"Six-Penny Madell";"pieceDeclaredAsEach";60;false;"Ludeme Each for a Piece requires at least one definition of PieceN, with N > 0";Static;;;;;;
"Six-Penny Madell";"pieceDeclaredAsShared";25;false;"The game does not have any piece declared as Shared";Static;;;;;;
"Six-Penny Madell";"pieceDeclaredAsNeutral";14;true;;Static;;;;;;
"Six-Penny Madell";"AllPlayerDeclared";13;true;;Static;;;;;;
"Six-Penny Madell";"equalNumberOfPiecesOnTheBoard";20;true;;Static;;;;;;
"Six-Penny Madell";"sizeOfTrack";21;false;"Track concept is not present";Static;;;;;;
"Spava";"lineLessOrEqualThanBoardSide";43;true;;Static;;;;;;
"Spava";"eachPieceReferenceNotDuplicated";37;false;"The game does not have any piece declared as Each";Static;;;;;;
"Spava";"pieceDeclaredAsEach";108;false;"Ludeme Each for a Piece requires at least one definition of PieceN, with N > 0";Static;;;;;;
"Spava";"pieceDeclaredAsShared";29;false;"The game does not have any piece declared as Shared";Static;;;;;;
"Spava";"pieceDeclaredAsNeutral";36;true;;Static;;;;;;
"Spava";"AllPlayerDeclared";35;true;;Static;;;;;;
"Spava";"equalNumberOfPiecesOnTheBoard";34;true;;Static;;;;;;
"Spava";"sizeOfTrack";34;false;"Track concept is not present";Static;;;;;;
"Spline";"lineLessOrEqualThanBoardSide";30;true;;Static;;;;;;
"Spline";"eachPieceReferenceNotDuplicated";31;false;"The game does not have any piece declared as Each";Static;;;;;;
"Spline";"pieceDeclaredAsEach";63;false;"Ludeme Each for a Piece requires at least one definition of PieceN, with N > 0";Static;;;;;;
"Spline";"pieceDeclaredAsShared";46;false;"The game does not have any piece declared as Shared";Static;;;;;;
"Spline";"pieceDeclaredAsNeutral";22;true;;Static;;;;;;
"Spline";"AllPlayerDeclared";26;true;;Static;;;;;;
"Spline";"equalNumberOfPiecesOnTheBoard";20;true;;Static;;;;;;
"Spline";"sizeOfTrack";32;false;"Track concept is not present";Static;;;;;;
"Squava";"lineLessOrEqualThanBoardSide";17;true;;Static;;;;;;
"Squava";"eachPieceReferenceNotDuplicated";17;false;"The game does not have any piece declared as Each";Static;;;;;;
"Squava";"pieceDeclaredAsEach";57;false;"Ludeme Each for a Piece requires at least one definition of PieceN, with N > 0";Static;;;;;;
"Squava";"pieceDeclaredAsShared";12;false;"The game does not have any piece declared as Shared";Static;;;;;;
"Squava";"pieceDeclaredAsNeutral";13;true;;Static;;;;;;
"Squava";"AllPlayerDeclared";11;true;;Static;;;;;;
"Squava";"equalNumberOfPiecesOnTheBoard";10;true;;Static;;;;;;
"Squava";"sizeOfTrack";11;false;"Track concept is not present";Static;;;;;;
"Sujjua";"lineLessOrEqualThanBoardSide";11;false;"Cannot read the array length because ""this.dim"" is null";Static;;;;;;
"Sujjua";"eachPieceReferenceNotDuplicated";8;false;"The game does not have any piece declared as Each";Static;;;;;;
"Sujjua";"pieceDeclaredAsEach";61;false;"Ludeme Each for a Piece requires at least one definition of PieceN, with N > 0";Static;;;;;;
"Sujjua";"pieceDeclaredAsShared";9;false;"The game does not have any piece declared as Shared";Static;;;;;;
"Sujjua";"pieceDeclaredAsNeutral";10;true;;Static;;;;;;
"Sujjua";"AllPlayerDeclared";12;true;;Static;;;;;;
"Sujjua";"equalNumberOfPiecesOnTheBoard";8;true;;Static;;;;;;
"Sujjua";"sizeOfTrack";10;false;"Track concept is not present";Static;;;;;;
"Symbol S.2";"lineLessOrEqualThanBoardSide";24;false;"Cannot read the array length because ""this.dim"" is null";Static;;;;;;
"Symbol S.2";"eachPieceReferenceNotDuplicated";14;false;"The game does not have any piece declared as Each";Static;;;;;;
"Symbol S.2";"pieceDeclaredAsEach";58;false;"Ludeme Each for a Piece requires at least one definition of PieceN, with N > 0";Static;;;;;;
"Symbol S.2";"pieceDeclaredAsShared";11;false;"The game does not have any piece declared as Shared";Static;;;;;;
"Symbol S.2";"pieceDeclaredAsNeutral";11;true;;Static;;;;;;
"Symbol S.2";"AllPlayerDeclared";11;true;;Static;;;;;;
"Symbol S.2";"equalNumberOfPiecesOnTheBoard";12;true;;Static;;;;;;
"Symbol S.2";"sizeOfTrack";23;false;"Track concept is not present";Static;;;;;;
"T'mbl";"lineLessOrEqualThanBoardSide";11;true;;Static;;;;;;
"T'mbl";"eachPieceReferenceNotDuplicated";10;false;"The game does not have any piece declared as Each";Static;;;;;;
"T'mbl";"pieceDeclaredAsEach";55;true;;Static;;;;;;
"T'mbl";"pieceDeclaredAsShared";9;false;"The game does not have any piece declared as Shared";Static;;;;;;
"T'mbl";"pieceDeclaredAsNeutral";8;true;;Static;;;;;;
"T'mbl";"AllPlayerDeclared";16;true;;Static;;;;;;
"T'mbl";"equalNumberOfPiecesOnTheBoard";18;true;;Static;;;;;;
"T'mbl";"sizeOfTrack";9;false;"Track concept is not present";Static;;;;;;
"Tant Fant";"lineLessOrEqualThanBoardSide";14;true;;Static;;;;;;
"Tant Fant";"eachPieceReferenceNotDuplicated";18;false;"The game does not have any piece declared as Each";Static;;;;;;
"Tant Fant";"pieceDeclaredAsEach";67;true;;Static;;;;;;
"Tant Fant";"pieceDeclaredAsShared";16;false;"The game does not have any piece declared as Shared";Static;;;;;;
"Tant Fant";"pieceDeclaredAsNeutral";16;true;;Static;;;;;;
"Tant Fant";"AllPlayerDeclared";18;true;;Static;;;;;;
"Tant Fant";"equalNumberOfPiecesOnTheBoard";17;true;;Static;;;;;;
"Tant Fant";"sizeOfTrack";16;false;"Track concept is not present";Static;;;;;;
"Tapatan";"lineLessOrEqualThanBoardSide";10;true;;Static;;;;;;
"Tapatan";"eachPieceReferenceNotDuplicated";12;false;"The game does not have any piece declared as Each";Static;;;;;;
"Tapatan";"pieceDeclaredAsEach";53;false;"Ludeme Each for a Piece requires at least one definition of PieceN, with N > 0";Static;;;;;;
"Tapatan";"pieceDeclaredAsShared";8;false;"The game does not have any piece declared as Shared";Static;;;;;;
"Tapatan";"pieceDeclaredAsNeutral";12;true;;Static;;;;;;
"Tapatan";"AllPlayerDeclared";10;true;;Static;;;;;;
"Tapatan";"equalNumberOfPiecesOnTheBoard";8;true;;Static;;;;;;
"Tapatan";"sizeOfTrack";11;false;"Track concept is not present";Static;;;;;;
"Tauru";"lineLessOrEqualThanBoardSide";32;true;;Static;;;;;;
"Tauru";"eachPieceReferenceNotDuplicated";20;false;"The game does not have any piece declared as Each";Static;;;;;;
"Tauru";"pieceDeclaredAsEach";60;false;"Ludeme Each for a Piece requires at least one definition of PieceN, with N > 0";Static;;;;;;
"Tauru";"pieceDeclaredAsShared";18;false;"The game does not have any piece declared as Shared";Static;;;;;;
"Tauru";"pieceDeclaredAsNeutral";17;true;;Static;;;;;;
"Tauru";"AllPlayerDeclared";30;true;;Static;;;;;;
"Tauru";"equalNumberOfPiecesOnTheBoard";17;true;;Static;;;;;;
"Tauru";"sizeOfTrack";19;false;"Track concept is not present";Static;;;;;;
"Tavan Tal";"lineLessOrEqualThanBoardSide";21;false;"Cannot read the array length because ""this.dim"" is null";Static;;;;;;
"Tavan Tal";"eachPieceReferenceNotDuplicated";28;false;"The game does not have any piece declared as Each";Static;;;;;;
"Tavan Tal";"pieceDeclaredAsEach";75;false;"Ludeme Each for a Piece requires at least one definition of PieceN, with N > 0";Static;;;;;;
"Tavan Tal";"pieceDeclaredAsShared";23;false;"The game does not have any piece declared as Shared";Static;;;;;;
"Tavan Tal";"pieceDeclaredAsNeutral";29;true;;Static;;;;;;
"Tavan Tal";"AllPlayerDeclared";21;true;;Static;;;;;;
"Tavan Tal";"equalNumberOfPiecesOnTheBoard";29;true;;Static;;;;;;
"Tavan Tal";"sizeOfTrack";35;false;"Track concept is not present";Static;;;;;;
"Teeko";"lineLessOrEqualThanBoardSide";25;true;;Static;;;;;;
"Teeko";"eachPieceReferenceNotDuplicated";19;false;"The game does not have any piece declared as Each";Static;;;;;;
"Teeko";"pieceDeclaredAsEach";63;false;"Ludeme Each for a Piece requires at least one definition of PieceN, with N > 0";Static;;;;;;
"Teeko";"pieceDeclaredAsShared";15;false;"The game does not have any piece declared as Shared";Static;;;;;;
"Teeko";"pieceDeclaredAsNeutral";17;true;;Static;;;;;;
"Teeko";"AllPlayerDeclared";21;true;;Static;;;;;;
"Teeko";"equalNumberOfPiecesOnTheBoard";12;true;;Static;;;;;;
"Teeko";"sizeOfTrack";15;false;"Track concept is not present";Static;;;;;;
"Three Men's Morris";"lineLessOrEqualThanBoardSide";12;true;;Static;;;;;;
"Three Men's Morris";"eachPieceReferenceNotDuplicated";12;false;"The game does not have any piece declared as Each";Static;;;;;;
"Three Men's Morris";"pieceDeclaredAsEach";45;false;"Ludeme Each for a Piece requires at least one definition of PieceN, with N > 0";Static;;;;;;
"Three Men's Morris";"pieceDeclaredAsShared";8;false;"The game does not have any piece declared as Shared";Static;;;;;;
"Three Men's Morris";"pieceDeclaredAsNeutral";9;true;;Static;;;;;;
"Three Men's Morris";"AllPlayerDeclared";8;true;;Static;;;;;;
"Three Men's Morris";"equalNumberOfPiecesOnTheBoard";9;true;;Static;;;;;;
"Three Men's Morris";"sizeOfTrack";8;false;"Track concept is not present";Static;;;;;;
"Tic-Tac-Chess";"lineLessOrEqualThanBoardSide";33;true;;Static;;;;;;
"Tic-Tac-Chess";"eachPieceReferenceNotDuplicated";14;false;"The game does not have any piece declared as Each";Static;;;;;;
"Tic-Tac-Chess";"pieceDeclaredAsEach";72;false;"Ludeme Each for a Piece requires at least one definition of PieceN, with N > 0";Static;;;;;;
"Tic-Tac-Chess";"pieceDeclaredAsShared";21;false;"The game does not have any piece declared as Shared";Static;;;;;;
"Tic-Tac-Chess";"pieceDeclaredAsNeutral";19;true;;Static;;;;;;
"Tic-Tac-Chess";"AllPlayerDeclared";18;true;;Static;;;;;;
"Tic-Tac-Chess";"equalNumberOfPiecesOnTheBoard";21;true;;Static;;;;;;
"Tic-Tac-Chess";"sizeOfTrack";13;false;"Track concept is not present";Static;;;;;;
"Tic-Tac-Die";"lineLessOrEqualThanBoardSide";14;true;;Static;;;;;;
"Tic-Tac-Die";"eachPieceReferenceNotDuplicated";11;false;"The game does not have any piece declared as Each";Static;;;;;;
"Tic-Tac-Die";"pieceDeclaredAsEach";68;false;"The game does not have any piece declared as Each";Static;;;;;;
"Tic-Tac-Die";"pieceDeclaredAsShared";13;false;"The game does not have any piece declared as Shared";Static;;;;;;
"Tic-Tac-Die";"pieceDeclaredAsNeutral";12;true;;Static;;;;;;
"Tic-Tac-Die";"AllPlayerDeclared";23;true;;Static;;;;;;
"Tic-Tac-Die";"equalNumberOfPiecesOnTheBoard";23;true;;Static;;;;;;
"Tic-Tac-Die";"sizeOfTrack";12;false;"Track concept is not present";Static;;;;;;
"Tic-Tac-Four";"lineLessOrEqualThanBoardSide";19;true;;Static;;;;;;
"Tic-Tac-Four";"eachPieceReferenceNotDuplicated";11;false;"The game does not have any piece declared as Each";Static;;;;;;
"Tic-Tac-Four";"pieceDeclaredAsEach";64;false;"The game does not have any piece declared as Each";Static;;;;;;
"Tic-Tac-Four";"pieceDeclaredAsShared";34;false;"The game does not have any piece declared as Shared";Static;;;;;;
"Tic-Tac-Four";"pieceDeclaredAsNeutral";17;true;;Static;;;;;;
"Tic-Tac-Four";"AllPlayerDeclared";12;true;;Static;;;;;;
"Tic-Tac-Four";"equalNumberOfPiecesOnTheBoard";11;true;;Static;;;;;;
"Tic-Tac-Four";"sizeOfTrack";14;false;"Track concept is not present";Static;;;;;;
"Tic-Tac-Mo";"lineLessOrEqualThanBoardSide";11;true;;Static;;;;;;
"Tic-Tac-Mo";"eachPieceReferenceNotDuplicated";9;false;"The game does not have any piece declared as Each";Static;;;;;;
"Tic-Tac-Mo";"pieceDeclaredAsEach";62;false;"The game does not have any piece declared as Each";Static;;;;;;
"Tic-Tac-Mo";"pieceDeclaredAsShared";9;false;"The game does not have any piece declared as Shared";Static;;;;;;
"Tic-Tac-Mo";"pieceDeclaredAsNeutral";22;true;;Static;;;;;;
"Tic-Tac-Mo";"AllPlayerDeclared";14;true;;Static;;;;;;
"Tic-Tac-Mo";"equalNumberOfPiecesOnTheBoard";13;true;;Static;;;;;;
"Tic-Tac-Mo";"sizeOfTrack";13;false;"Track concept is not present";Static;;;;;;
"Tic-Tac-Toe Misere";"lineLessOrEqualThanBoardSide";13;true;;Static;;;;;;
"Tic-Tac-Toe Misere";"eachPieceReferenceNotDuplicated";8;false;"The game does not have any piece declared as Each";Static;;;;;;
"Tic-Tac-Toe Misere";"pieceDeclaredAsEach";66;false;"The game does not have any piece declared as Each";Static;;;;;;
"Tic-Tac-Toe Misere";"pieceDeclaredAsShared";7;false;"The game does not have any piece declared as Shared";Static;;;;;;
"Tic-Tac-Toe Misere";"pieceDeclaredAsNeutral";11;true;;Static;;;;;;
"Tic-Tac-Toe Misere";"AllPlayerDeclared";18;true;;Static;;;;;;
"Tic-Tac-Toe Misere";"equalNumberOfPiecesOnTheBoard";10;true;;Static;;;;;;
"Tic-Tac-Toe Misere";"sizeOfTrack";11;false;"Track concept is not present";Static;;;;;;
"Tic-Tac-Toe";"lineLessOrEqualThanBoardSide";7;true;;Static;;;;;;
"Tic-Tac-Toe";"eachPieceReferenceNotDuplicated";9;false;"The game does not have any piece declared as Each";Static;;;;;;
"Tic-Tac-Toe";"pieceDeclaredAsEach";62;false;"The game does not have any piece declared as Each";Static;;;;;;
"Tic-Tac-Toe";"pieceDeclaredAsShared";8;false;"The game does not have any piece declared as Shared";Static;;;;;;
"Tic-Tac-Toe";"pieceDeclaredAsNeutral";10;true;;Static;;;;;;
"Tic-Tac-Toe";"AllPlayerDeclared";11;true;;Static;;;;;;
"Tic-Tac-Toe";"equalNumberOfPiecesOnTheBoard";8;true;;Static;;;;;;
"Tic-Tac-Toe";"sizeOfTrack";8;false;"Track concept is not present";Static;;;;;;
"Traffic Lights";"lineLessOrEqualThanBoardSide";24;true;;Static;;;;;;
"Traffic Lights";"eachPieceReferenceNotDuplicated";28;false;"The game does not have any piece declared as Each";Static;;;;;;
"Traffic Lights";"pieceDeclaredAsEach";58;false;"The game does not have any piece declared as Each";Static;;;;;;
"Traffic Lights";"pieceDeclaredAsShared";15;true;;Static;;;;;;
"Traffic Lights";"pieceDeclaredAsNeutral";21;true;;Static;;;;;;
"Traffic Lights";"AllPlayerDeclared";19;true;;Static;;;;;;
"Traffic Lights";"equalNumberOfPiecesOnTheBoard";25;true;;Static;;;;;;
"Traffic Lights";"sizeOfTrack";27;false;"Track concept is not present";Static;;;;;;
"Trianon";"lineLessOrEqualThanBoardSide";32;false;"Line concept is not present";Static;;;;;;
"Trianon";"eachPieceReferenceNotDuplicated";30;false;"The game does not have any piece declared as Each";Static;;;;;;
"Trianon";"pieceDeclaredAsEach";60;false;"Ludeme Each for a Piece requires at least one definition of PieceN, with N > 0";Static;;;;;;
"Trianon";"pieceDeclaredAsShared";36;false;"The game does not have any piece declared as Shared";Static;;;;;;
"Trianon";"pieceDeclaredAsNeutral";25;true;;Static;;;;;;
"Trianon";"AllPlayerDeclared";26;true;;Static;;;;;;
"Trianon";"equalNumberOfPiecesOnTheBoard";38;true;;Static;;;;;;
"Trianon";"sizeOfTrack";32;false;"Track concept is not present";Static;;;;;;
"Triodi (Chios)";"lineLessOrEqualThanBoardSide";10;true;;Static;;;;;;
"Triodi (Chios)";"eachPieceReferenceNotDuplicated";11;false;"The game does not have any piece declared as Each";Static;;;;;;
"Triodi (Chios)";"pieceDeclaredAsEach";45;false;"Ludeme Each for a Piece requires at least one definition of PieceN, with N > 0";Static;;;;;;
"Triodi (Chios)";"pieceDeclaredAsShared";8;false;"The game does not have any piece declared as Shared";Static;;;;;;
"Triodi (Chios)";"pieceDeclaredAsNeutral";8;true;;Static;;;;;;
"Triodi (Chios)";"AllPlayerDeclared";8;true;;Static;;;;;;
"Triodi (Chios)";"equalNumberOfPiecesOnTheBoard";8;true;;Static;;;;;;
"Triodi (Chios)";"sizeOfTrack";9;false;"Track concept is not present";Static;;;;;;
"Triodi (Diagonal)";"lineLessOrEqualThanBoardSide";15;false;"Cannot read the array length because ""this.dim"" is null";Static;;;;;;
"Triodi (Diagonal)";"eachPieceReferenceNotDuplicated";26;false;"The game does not have any piece declared as Each";Static;;;;;;
"Triodi (Diagonal)";"pieceDeclaredAsEach";73;false;"Ludeme Each for a Piece requires at least one definition of PieceN, with N > 0";Static;;;;;;
"Triodi (Diagonal)";"pieceDeclaredAsShared";18;false;"The game does not have any piece declared as Shared";Static;;;;;;
"Triodi (Diagonal)";"pieceDeclaredAsNeutral";19;true;;Static;;;;;;
"Triodi (Diagonal)";"AllPlayerDeclared";28;true;;Static;;;;;;
"Triodi (Diagonal)";"equalNumberOfPiecesOnTheBoard";24;true;;Static;;;;;;
"Triodi (Diagonal)";"sizeOfTrack";19;false;"Track concept is not present";Static;;;;;;
"Triodi";"lineLessOrEqualThanBoardSide";20;false;"Cannot read the array length because ""this.dim"" is null";Static;;;;;;
"Triodi";"eachPieceReferenceNotDuplicated";20;false;"The game does not have any piece declared as Each";Static;;;;;;
"Triodi";"pieceDeclaredAsEach";73;false;"Ludeme Each for a Piece requires at least one definition of PieceN, with N > 0";Static;;;;;;
"Triodi";"pieceDeclaredAsShared";34;false;"The game does not have any piece declared as Shared";Static;;;;;;
"Triodi";"pieceDeclaredAsNeutral";20;true;;Static;;;;;;
"Triodi";"AllPlayerDeclared";15;true;;Static;;;;;;
"Triodi";"equalNumberOfPiecesOnTheBoard";18;true;;Static;;;;;;
"Triodi";"sizeOfTrack";11;false;"Track concept is not present";Static;;;;;;
"Tsoro Yemutatu (Triangle)";"lineLessOrEqualThanBoardSide";6;false;"Cannot read the array length because ""this.dim"" is null";Static;;;;;;
"Tsoro Yemutatu (Triangle)";"eachPieceReferenceNotDuplicated";9;false;"The game does not have any piece declared as Each";Static;;;;;;
"Tsoro Yemutatu (Triangle)";"pieceDeclaredAsEach";59;false;"Ludeme Each for a Piece requires at least one definition of PieceN, with N > 0";Static;;;;;;
"Tsoro Yemutatu (Triangle)";"pieceDeclaredAsShared";12;false;"The game does not have any piece declared as Shared";Static;;;;;;
"Tsoro Yemutatu (Triangle)";"pieceDeclaredAsNeutral";8;true;;Static;;;;;;
"Tsoro Yemutatu (Triangle)";"AllPlayerDeclared";5;true;;Static;;;;;;
"Tsoro Yemutatu (Triangle)";"equalNumberOfPiecesOnTheBoard";9;true;;Static;;;;;;
"Tsoro Yemutatu (Triangle)";"sizeOfTrack";6;false;"Track concept is not present";Static;;;;;;
"Tsoro Yemutatu";"lineLessOrEqualThanBoardSide";9;true;;Static;;;;;;
"Tsoro Yemutatu";"eachPieceReferenceNotDuplicated";7;false;"The game does not have any piece declared as Each";Static;;;;;;
"Tsoro Yemutatu";"pieceDeclaredAsEach";41;false;"Ludeme Each for a Piece requires at least one definition of PieceN, with N > 0";Static;;;;;;
"Tsoro Yemutatu";"pieceDeclaredAsShared";8;false;"The game does not have any piece declared as Shared";Static;;;;;;
"Tsoro Yemutatu";"pieceDeclaredAsNeutral";7;true;;Static;;;;;;
"Tsoro Yemutatu";"AllPlayerDeclared";13;true;;Static;;;;;;
"Tsoro Yemutatu";"equalNumberOfPiecesOnTheBoard";17;true;;Static;;;;;;
"Tsoro Yemutatu";"sizeOfTrack";13;false;"Track concept is not present";Static;;;;;;
"Tsoro Yemutwelve";"lineLessOrEqualThanBoardSide";29;false;"Cannot read the array length because ""this.dim"" is null";Static;;;;;;
"Tsoro Yemutwelve";"eachPieceReferenceNotDuplicated";22;false;"The game does not have any piece declared as Each";Static;;;;;;
"Tsoro Yemutwelve";"pieceDeclaredAsEach";66;false;"Ludeme Each for a Piece requires at least one definition of PieceN, with N > 0";Static;;;;;;
"Tsoro Yemutwelve";"pieceDeclaredAsShared";22;false;"The game does not have any piece declared as Shared";Static;;;;;;
"Tsoro Yemutwelve";"pieceDeclaredAsNeutral";22;true;;Static;;;;;;
"Tsoro Yemutwelve";"AllPlayerDeclared";21;true;;Static;;;;;;
"Tsoro Yemutwelve";"equalNumberOfPiecesOnTheBoard";42;true;;Static;;;;;;
"Tsoro Yemutwelve";"sizeOfTrack";20;false;"Track concept is not present";Static;;;;;;
"Tuk Tak";"lineLessOrEqualThanBoardSide";10;true;;Static;;;;;;
"Tuk Tak";"eachPieceReferenceNotDuplicated";10;false;"The game does not have any piece declared as Each";Static;;;;;;
"Tuk Tak";"pieceDeclaredAsEach";67;false;"Ludeme Each for a Piece requires at least one definition of PieceN, with N > 0";Static;;;;;;
"Tuk Tak";"pieceDeclaredAsShared";23;false;"The game does not have any piece declared as Shared";Static;;;;;;
"Tuk Tak";"pieceDeclaredAsNeutral";15;true;;Static;;;;;;
"Tuk Tak";"AllPlayerDeclared";12;true;;Static;;;;;;
"Tuk Tak";"equalNumberOfPiecesOnTheBoard";15;true;;Static;;;;;;
"Tuk Tak";"sizeOfTrack";10;false;"Track concept is not present";Static;;;;;;
"Tule Paid";"lineLessOrEqualThanBoardSide";13;false;"Cannot read the array length because ""this.dim"" is null";Static;;;;;;
"Tule Paid";"eachPieceReferenceNotDuplicated";19;false;"The game does not have any piece declared as Each";Static;;;;;;
"Tule Paid";"pieceDeclaredAsEach";61;false;"Ludeme Each for a Piece requires at least one definition of PieceN, with N > 0";Static;;;;;;
"Tule Paid";"pieceDeclaredAsShared";24;false;"The game does not have any piece declared as Shared";Static;;;;;;
"Tule Paid";"pieceDeclaredAsNeutral";12;true;;Static;;;;;;
"Tule Paid";"AllPlayerDeclared";13;true;;Static;;;;;;
"Tule Paid";"equalNumberOfPiecesOnTheBoard";12;true;;Static;;;;;;
"Tule Paid";"sizeOfTrack";12;false;"Track concept is not present";Static;;;;;;
"Twelve Men's Morris";"lineLessOrEqualThanBoardSide";24;false;"Cannot read the array length because ""this.dim"" is null";Static;;;;;;
"Twelve Men's Morris";"eachPieceReferenceNotDuplicated";23;false;"The game does not have any piece declared as Each";Static;;;;;;
"Twelve Men's Morris";"pieceDeclaredAsEach";67;false;"Ludeme Each for a Piece requires at least one definition of PieceN, with N > 0";Static;;;;;;
"Twelve Men's Morris";"pieceDeclaredAsShared";26;false;"The game does not have any piece declared as Shared";Static;;;;;;
"Twelve Men's Morris";"pieceDeclaredAsNeutral";24;true;;Static;;;;;;
"Twelve Men's Morris";"AllPlayerDeclared";26;true;;Static;;;;;;
"Twelve Men's Morris";"equalNumberOfPiecesOnTheBoard";20;true;;Static;;;;;;
"Twelve Men's Morris";"sizeOfTrack";19;false;"Track concept is not present";Static;;;;;;
"Ultimate Tic-Tac-Toe";"lineLessOrEqualThanBoardSide";99;false;"Cannot read the array length because ""this.dim"" is null";Static;;;;;;
"Ultimate Tic-Tac-Toe";"eachPieceReferenceNotDuplicated";85;false;"The game does not have any piece declared as Each";Static;;;;;;
"Ultimate Tic-Tac-Toe";"pieceDeclaredAsEach";124;false;"The game does not have any piece declared as Each";Static;;;;;;
"Ultimate Tic-Tac-Toe";"pieceDeclaredAsShared";82;false;"The game does not have any piece declared as Shared";Static;;;;;;
"Ultimate Tic-Tac-Toe";"pieceDeclaredAsNeutral";86;true;;Static;;;;;;
"Ultimate Tic-Tac-Toe";"AllPlayerDeclared";99;true;;Static;;;;;;
"Ultimate Tic-Tac-Toe";"equalNumberOfPiecesOnTheBoard";86;true;;Static;;;;;;
"Ultimate Tic-Tac-Toe";"sizeOfTrack";76;false;"Track concept is not present";Static;;;;;;
"Unfair";"lineLessOrEqualThanBoardSide";52;true;;Static;;;;;;
"Unfair";"eachPieceReferenceNotDuplicated";50;false;"The game does not have any piece declared as Each";Static;;;;;;
"Unfair";"pieceDeclaredAsEach";75;false;"Ludeme Each for a Piece requires at least one definition of PieceN, with N > 0";Static;;;;;;
"Unfair";"pieceDeclaredAsShared";43;false;"The game does not have any piece declared as Shared";Static;;;;;;
"Unfair";"pieceDeclaredAsNeutral";37;true;;Static;;;;;;
"Unfair";"AllPlayerDeclared";37;true;;Static;;;;;;
"Unfair";"equalNumberOfPiecesOnTheBoard";39;true;;Static;;;;;;
"Unfair";"sizeOfTrack";45;false;"Track concept is not present";Static;;;;;;
"Wali";"lineLessOrEqualThanBoardSide";17;true;;Static;;;;;;
"Wali";"eachPieceReferenceNotDuplicated";16;false;"The game does not have any piece declared as Each";Static;;;;;;
"Wali";"pieceDeclaredAsEach";46;true;;Static;;;;;;
"Wali";"pieceDeclaredAsShared";18;false;"The game does not have any piece declared as Shared";Static;;;;;;
"Wali";"pieceDeclaredAsNeutral";16;true;;Static;;;;;;
"Wali";"AllPlayerDeclared";16;true;;Static;;;;;;
"Wali";"equalNumberOfPiecesOnTheBoard";17;true;;Static;;;;;;
"Wali";"sizeOfTrack";16;false;"Track concept is not present";Static;;;;;;
"Wari (Alignment)";"lineLessOrEqualThanBoardSide";23;true;;Static;;;;;;
"Wari (Alignment)";"eachPieceReferenceNotDuplicated";16;false;"The game does not have any piece declared as Each";Static;;;;;;
"Wari (Alignment)";"pieceDeclaredAsEach";50;false;"Ludeme Each for a Piece requires at least one definition of PieceN, with N > 0";Static;;;;;;
"Wari (Alignment)";"pieceDeclaredAsShared";21;false;"The game does not have any piece declared as Shared";Static;;;;;;
"Wari (Alignment)";"pieceDeclaredAsNeutral";24;true;;Static;;;;;;
"Wari (Alignment)";"AllPlayerDeclared";19;true;;Static;;;;;;
"Wari (Alignment)";"equalNumberOfPiecesOnTheBoard";23;true;;Static;;;;;;
"Wari (Alignment)";"sizeOfTrack";16;false;"Track concept is not present";Static;;;;;;
"Wure Dune";"lineLessOrEqualThanBoardSide";10;true;;Static;;;;;;
"Wure Dune";"eachPieceReferenceNotDuplicated";9;false;"The game does not have any piece declared as Each";Static;;;;;;
"Wure Dune";"pieceDeclaredAsEach";61;false;"Ludeme Each for a Piece requires at least one definition of PieceN, with N > 0";Static;;;;;;
"Wure Dune";"pieceDeclaredAsShared";12;false;"The game does not have any piece declared as Shared";Static;;;;;;
"Wure Dune";"pieceDeclaredAsNeutral";8;true;;Static;;;;;;
"Wure Dune";"AllPlayerDeclared";11;true;;Static;;;;;;
"Wure Dune";"equalNumberOfPiecesOnTheBoard";12;true;;Static;;;;;;
"Wure Dune";"sizeOfTrack";12;false;"Track concept is not present";Static;;;;;;
"Xanan Zirge";"lineLessOrEqualThanBoardSide";35;true;;Static;;;;;;
"Xanan Zirge";"eachPieceReferenceNotDuplicated";31;false;"The game does not have any piece declared as Each";Static;;;;;;
"Xanan Zirge";"pieceDeclaredAsEach";85;false;"Ludeme Each for a Piece requires at least one definition of PieceN, with N > 0";Static;;;;;;
"Xanan Zirge";"pieceDeclaredAsShared";27;false;"The game does not have any piece declared as Shared";Static;;;;;;
"Xanan Zirge";"pieceDeclaredAsNeutral";28;true;;Static;;;;;;
"Xanan Zirge";"AllPlayerDeclared";27;true;;Static;;;;;;
"Xanan Zirge";"equalNumberOfPiecesOnTheBoard";27;true;;Static;;;;;;
"Xanan Zirge";"sizeOfTrack";28;false;"Track concept is not present";Static;;;;;;
"Xonin Shatar (Complex)";"lineLessOrEqualThanBoardSide";46;false;"Cannot read the array length because ""this.dim"" is null";Static;;;;;;
"Xonin Shatar (Complex)";"eachPieceReferenceNotDuplicated";44;false;"The game does not have any piece declared as Each";Static;;;;;;
"Xonin Shatar (Complex)";"pieceDeclaredAsEach";114;false;"Ludeme Each for a Piece requires at least one definition of PieceN, with N > 0";Static;;;;;;
"Xonin Shatar (Complex)";"pieceDeclaredAsShared";47;false;"The game does not have any piece declared as Shared";Static;;;;;;
"Xonin Shatar (Complex)";"pieceDeclaredAsNeutral";52;true;;Static;;;;;;
"Xonin Shatar (Complex)";"AllPlayerDeclared";50;true;;Static;;;;;;
"Xonin Shatar (Complex)";"equalNumberOfPiecesOnTheBoard";42;true;;Static;;;;;;
"Xonin Shatar (Complex)";"sizeOfTrack";42;false;"Track concept is not present";Static;;;;;;
"Xonin Shatar (Simple)";"lineLessOrEqualThanBoardSide";21;false;"Cannot read the array length because ""this.dim"" is null";Static;;;;;;
"Xonin Shatar (Simple)";"eachPieceReferenceNotDuplicated";19;false;"The game does not have any piece declared as Each";Static;;;;;;
"Xonin Shatar (Simple)";"pieceDeclaredAsEach";53;false;"Ludeme Each for a Piece requires at least one definition of PieceN, with N > 0";Static;;;;;;
"Xonin Shatar (Simple)";"pieceDeclaredAsShared";16;false;"The game does not have any piece declared as Shared";Static;;;;;;
"Xonin Shatar (Simple)";"pieceDeclaredAsNeutral";19;true;;Static;;;;;;
"Xonin Shatar (Simple)";"AllPlayerDeclared";14;true;;Static;;;;;;
"Xonin Shatar (Simple)";"equalNumberOfPiecesOnTheBoard";13;true;;Static;;;;;;
"Xonin Shatar (Simple)";"sizeOfTrack";13;false;"Track concept is not present";Static;;;;;;
"Yavalade";"lineLessOrEqualThanBoardSide";38;false;"Cannot read the array length because ""this.dim"" is null";Static;;;;;;
"Yavalade";"eachPieceReferenceNotDuplicated";44;false;"The game does not have any piece declared as Each";Static;;;;;;
"Yavalade";"pieceDeclaredAsEach";94;false;"Ludeme Each for a Piece requires at least one definition of PieceN, with N > 0";Static;;;;;;
"Yavalade";"pieceDeclaredAsShared";43;false;"The game does not have any piece declared as Shared";Static;;;;;;
"Yavalade";"pieceDeclaredAsNeutral";46;true;;Static;;;;;;
"Yavalade";"AllPlayerDeclared";45;true;;Static;;;;;;
"Yavalade";"equalNumberOfPiecesOnTheBoard";34;true;;Static;;;;;;
"Yavalade";"sizeOfTrack";26;false;"Track concept is not present";Static;;;;;;
"Yavalanchor";"lineLessOrEqualThanBoardSide";31;false;"Cannot read the array length because ""this.dim"" is null";Static;;;;;;
"Yavalanchor";"eachPieceReferenceNotDuplicated";34;false;"The game does not have any piece declared as Each";Static;;;;;;
"Yavalanchor";"pieceDeclaredAsEach";59;false;"Ludeme Each for a Piece requires at least one definition of PieceN, with N > 0";Static;;;;;;
"Yavalanchor";"pieceDeclaredAsShared";30;true;;Static;;;;;;
"Yavalanchor";"pieceDeclaredAsNeutral";29;true;;Static;;;;;;
"Yavalanchor";"AllPlayerDeclared";33;true;;Static;;;;;;
"Yavalanchor";"equalNumberOfPiecesOnTheBoard";31;true;;Static;;;;;;
"Yavalanchor";"sizeOfTrack";29;false;"Track concept is not present";Static;;;;;;
"Yavalath";"lineLessOrEqualThanBoardSide";25;false;"Cannot read the array length because ""this.dim"" is null";Static;;;;;;
"Yavalath";"eachPieceReferenceNotDuplicated";24;false;"The game does not have any piece declared as Each";Static;;;;;;
"Yavalath";"pieceDeclaredAsEach";56;false;"Ludeme Each for a Piece requires at least one definition of PieceN, with N > 0";Static;;;;;;
"Yavalath";"pieceDeclaredAsShared";24;false;"The game does not have any piece declared as Shared";Static;;;;;;
"Yavalath";"pieceDeclaredAsNeutral";24;true;;Static;;;;;;
"Yavalath";"AllPlayerDeclared";29;true;;Static;;;;;;
"Yavalath";"equalNumberOfPiecesOnTheBoard";32;true;;Static;;;;;;
"Yavalath";"sizeOfTrack";30;false;"Track concept is not present";Static;;;;;;
"Yavalax";"lineLessOrEqualThanBoardSide";66;true;;Static;;;;;;
"Yavalax";"eachPieceReferenceNotDuplicated";70;false;"The game does not have any piece declared as Each";Static;;;;;;
"Yavalax";"pieceDeclaredAsEach";101;false;"Ludeme Each for a Piece requires at least one definition of PieceN, with N > 0";Static;;;;;;
"Yavalax";"pieceDeclaredAsShared";59;false;"The game does not have any piece declared as Shared";Static;;;;;;
"Yavalax";"pieceDeclaredAsNeutral";64;true;;Static;;;;;;
"Yavalax";"AllPlayerDeclared";64;true;;Static;;;;;;
"Yavalax";"equalNumberOfPiecesOnTheBoard";62;true;;Static;;;;;;
"Yavalax";"sizeOfTrack";69;false;"Track concept is not present";Static;;;;;;
"Zurgaan Tal";"lineLessOrEqualThanBoardSide";16;false;"Cannot read the array length because ""this.dim"" is null";Static;;;;;;
"Zurgaan Tal";"eachPieceReferenceNotDuplicated";14;false;"The game does not have any piece declared as Each";Static;;;;;;
"Zurgaan Tal";"pieceDeclaredAsEach";47;false;"Ludeme Each for a Piece requires at least one definition of PieceN, with N > 0";Static;;;;;;
"Zurgaan Tal";"pieceDeclaredAsShared";19;false;"The game does not have any piece declared as Shared";Static;;;;;;
"Zurgaan Tal";"pieceDeclaredAsNeutral";15;true;;Static;;;;;;
"Zurgaan Tal";"AllPlayerDeclared";15;true;;Static;;;;;;
"Zurgaan Tal";"equalNumberOfPiecesOnTheBoard";16;true;;Static;;;;;;
"Zurgaan Tal";"sizeOfTrack";16;false;"Track concept is not present";Static;;;;;;
"Azteka";"lineLessOrEqualThanBoardSide";180;false;"Line concept is not present";Static;;;;;;
"Azteka";"eachPieceReferenceNotDuplicated";211;false;"The game does not have any piece declared as Each";Static;;;;;;
"Azteka";"pieceDeclaredAsEach";234;false;"Ludeme Each for a Piece requires at least one definition of PieceN, with N > 0";Static;;;;;;
"Azteka";"pieceDeclaredAsShared";174;false;"The game does not have any piece declared as Shared";Static;;;;;;
"Azteka";"pieceDeclaredAsNeutral";174;true;;Static;;;;;;
"Azteka";"AllPlayerDeclared";179;true;;Static;;;;;;
"Azteka";"equalNumberOfPiecesOnTheBoard";241;true;;Static;;;;;;
"Azteka";"sizeOfTrack";175;false;"Track concept is not present";Static;;;;;;
"Diamond";"lineLessOrEqualThanBoardSide";39;false;"Line concept is not present";Static;;;;;;
"Diamond";"eachPieceReferenceNotDuplicated";36;false;"The game does not have any piece declared as Each";Static;;;;;;
"Diamond";"pieceDeclaredAsEach";66;false;"Ludeme Each for a Piece requires at least one definition of PieceN, with N > 0";Static;;;;;;
"Diamond";"pieceDeclaredAsShared";35;false;"The game does not have any piece declared as Shared";Static;;;;;;
"Diamond";"pieceDeclaredAsNeutral";34;false;"A piece declared Neutral must be called as piece0";Static;;;;;;
"Diamond";"AllPlayerDeclared";34;true;;Static;;;;;;
"Diamond";"equalNumberOfPiecesOnTheBoard";35;true;;Static;;;;;;
"Diamond";"sizeOfTrack";39;false;"Track concept is not present";Static;;;;;;
"Hexade";"lineLessOrEqualThanBoardSide";206;true;;Static;;;;;;
"Hexade";"eachPieceReferenceNotDuplicated";205;false;"The game does not have any piece declared as Each";Static;;;;;;
"Hexade";"pieceDeclaredAsEach";246;false;"Ludeme Each for a Piece requires at least one definition of PieceN, with N > 0";Static;;;;;;
"Hexade";"pieceDeclaredAsShared";218;false;"The game does not have any piece declared as Shared";Static;;;;;;
"Hexade";"pieceDeclaredAsNeutral";213;true;;Static;;;;;;
"Hexade";"AllPlayerDeclared";211;true;;Static;;;;;;
"Hexade";"equalNumberOfPiecesOnTheBoard";215;true;;Static;;;;;;
"Hexade";"sizeOfTrack";207;false;"Track concept is not present";Static;;;;;;
"Kensington";"lineLessOrEqualThanBoardSide";40;false;"Line concept is not present";Static;;;;;;
"Kensington";"eachPieceReferenceNotDuplicated";39;false;"The game does not have any piece declared as Each";Static;;;;;;
"Kensington";"pieceDeclaredAsEach";67;false;"Ludeme Each for a Piece requires at least one definition of PieceN, with N > 0";Static;;;;;;
"Kensington";"pieceDeclaredAsShared";36;false;"The game does not have any piece declared as Shared";Static;;;;;;
"Kensington";"pieceDeclaredAsNeutral";36;true;;Static;;;;;;
"Kensington";"AllPlayerDeclared";40;true;;Static;;;;;;
"Kensington";"equalNumberOfPiecesOnTheBoard";36;true;;Static;;;;;;
"Kensington";"sizeOfTrack";37;false;"Track concept is not present";Static;;;;;;
"Quantik";"lineLessOrEqualThanBoardSide";45;false;"Line concept is not present";Static;;;;;;
"Quantik";"eachPieceReferenceNotDuplicated";50;false;"The game does not have any piece declared as Each";Static;;;;;;
"Quantik";"pieceDeclaredAsEach";80;true;;Static;;;;;;
"Quantik";"pieceDeclaredAsShared";43;false;"The game does not have any piece declared as Shared";Static;;;;;;
"Quantik";"pieceDeclaredAsNeutral";43;true;;Static;;;;;;
"Quantik";"AllPlayerDeclared";43;true;;Static;;;;;;
"Quantik";"equalNumberOfPiecesOnTheBoard";43;true;;Static;;;;;;
"Quantik";"sizeOfTrack";52;false;"Track concept is not present";Static;;;;;;
"Upper Hand";"lineLessOrEqualThanBoardSide";128;false;"Line concept is not present";Static;;;;;;
"Upper Hand";"eachPieceReferenceNotDuplicated";138;false;"The game does not have any piece declared as Each";Static;;;;;;
"Upper Hand";"pieceDeclaredAsEach";160;false;"Ludeme Each for a Piece requires at least one definition of PieceN, with N > 0";Static;;;;;;
"Upper Hand";"pieceDeclaredAsShared";129;false;"The game does not have any piece declared as Shared";Static;;;;;;
"Upper Hand";"pieceDeclaredAsNeutral";122;true;;Static;;;;;;
"Upper Hand";"AllPlayerDeclared";128;true;;Static;;;;;;
"Upper Hand";"equalNumberOfPiecesOnTheBoard";123;true;;Static;;;;;;
"Upper Hand";"sizeOfTrack";122;false;"Track concept is not present";Static;;;;;;
"Atari Go";"lineLessOrEqualThanBoardSide";141;false;"Line concept is not present";Static;;;;;;
"Atari Go";"eachPieceReferenceNotDuplicated";120;false;"The game does not have any piece declared as Each";Static;;;;;;
"Atari Go";"pieceDeclaredAsEach";166;false;"Ludeme Each for a Piece requires at least one definition of PieceN, with N > 0";Static;;;;;;
"Atari Go";"pieceDeclaredAsShared";121;false;"The game does not have any piece declared as Shared";Static;;;;;;
"Atari Go";"pieceDeclaredAsNeutral";132;true;;Static;;;;;;
"Atari Go";"AllPlayerDeclared";124;true;;Static;;;;;;
"Atari Go";"equalNumberOfPiecesOnTheBoard";131;true;;Static;;;;;;
"Atari Go";"sizeOfTrack";121;false;"Track concept is not present";Static;;;;;;
"Ataxx";"lineLessOrEqualThanBoardSide";25;false;"Line concept is not present";Static;;;;;;
"Ataxx";"eachPieceReferenceNotDuplicated";24;false;"The game does not have any piece declared as Each";Static;;;;;;
"Ataxx";"pieceDeclaredAsEach";57;true;;Static;;;;;;
"Ataxx";"pieceDeclaredAsShared";25;false;"The game does not have any piece declared as Shared";Static;;;;;;
"Ataxx";"pieceDeclaredAsNeutral";24;true;;Static;;;;;;
"Ataxx";"AllPlayerDeclared";23;true;;Static;;;;;;
"Ataxx";"equalNumberOfPiecesOnTheBoard";24;true;;Static;;;;;;
"Ataxx";"sizeOfTrack";21;false;"Track concept is not present";Static;;;;;;
"BlooGo";"lineLessOrEqualThanBoardSide";23;false;"Line concept is not present";Static;;;;;;
"BlooGo";"eachPieceReferenceNotDuplicated";20;false;"The game does not have any piece declared as Each";Static;;;;;;
"BlooGo";"pieceDeclaredAsEach";48;false;"Ludeme Each for a Piece requires at least one definition of PieceN, with N > 0";Static;;;;;;
"BlooGo";"pieceDeclaredAsShared";23;false;"The game does not have any piece declared as Shared";Static;;;;;;
"BlooGo";"pieceDeclaredAsNeutral";21;true;;Static;;;;;;
"BlooGo";"AllPlayerDeclared";22;true;;Static;;;;;;
"BlooGo";"equalNumberOfPiecesOnTheBoard";19;true;;Static;;;;;;
"BlooGo";"sizeOfTrack";20;false;"Track concept is not present";Static;;;;;;
"Bug";"lineLessOrEqualThanBoardSide";302;false;"Line concept is not present";Static;;;;;;
"Bug";"eachPieceReferenceNotDuplicated";278;false;"The game does not have any piece declared as Each";Static;;;;;;
"Bug";"pieceDeclaredAsEach";392;false;"Ludeme Each for a Piece requires at least one definition of PieceN, with N > 0";Static;;;;;;
"Bug";"pieceDeclaredAsShared";275;false;"The game does not have any piece declared as Shared";Static;;;;;;
"Bug";"pieceDeclaredAsNeutral";279;true;;Static;;;;;;
"Bug";"AllPlayerDeclared";283;true;;Static;;;;;;
"Bug";"equalNumberOfPiecesOnTheBoard";280;true;;Static;;;;;;
"Bug";"sizeOfTrack";283;false;"Track concept is not present";Static;;;;;;
"Cavity";"lineLessOrEqualThanBoardSide";42;false;"Line concept is not present";Static;;;;;;
"Cavity";"eachPieceReferenceNotDuplicated";43;false;"The game does not have any piece declared as Each";Static;;;;;;
"Cavity";"pieceDeclaredAsEach";69;false;"Ludeme Each for a Piece requires at least one definition of PieceN, with N > 0";Static;;;;;;
"Cavity";"pieceDeclaredAsShared";58;false;"The game does not have any piece declared as Shared";Static;;;;;;
"Cavity";"pieceDeclaredAsNeutral";45;true;;Static;;;;;;
"Cavity";"AllPlayerDeclared";38;true;;Static;;;;;;
"Cavity";"equalNumberOfPiecesOnTheBoard";50;true;;Static;;;;;;
"Cavity";"sizeOfTrack";56;false;"Track concept is not present";Static;;;;;;
"Compart";"lineLessOrEqualThanBoardSide";66;false;"Line concept is not present";Static;;;;;;
"Compart";"eachPieceReferenceNotDuplicated";57;false;"The game does not have any piece declared as Each";Static;;;;;;
"Compart";"pieceDeclaredAsEach";101;false;"Ludeme Each for a Piece requires at least one definition of PieceN, with N > 0";Static;;;;;;
"Compart";"pieceDeclaredAsShared";69;false;"The game does not have any piece declared as Shared";Static;;;;;;
"Compart";"pieceDeclaredAsNeutral";62;true;;Static;;;;;;
"Compart";"AllPlayerDeclared";58;true;;Static;;;;;;
"Compart";"equalNumberOfPiecesOnTheBoard";62;true;;Static;;;;;;
"Compart";"sizeOfTrack";75;false;"Track concept is not present";Static;;;;;;
"Dorvolz";"lineLessOrEqualThanBoardSide";144;false;"Line concept is not present";Static;;;;;;
"Dorvolz";"eachPieceReferenceNotDuplicated";127;false;"The game does not have any piece declared as Each";Static;;;;;;
"Dorvolz";"pieceDeclaredAsEach";190;true;;Static;;;;;;
"Dorvolz";"pieceDeclaredAsShared";147;false;"The game does not have any piece declared as Shared";Static;;;;;;
"Dorvolz";"pieceDeclaredAsNeutral";125;true;;Static;;;;;;
"Dorvolz";"AllPlayerDeclared";120;true;;Static;;;;;;
"Dorvolz";"equalNumberOfPiecesOnTheBoard";126;true;;Static;;;;;;
"Dorvolz";"sizeOfTrack";129;false;"Track concept is not present";Static;;;;;;
"Flower Shop";"lineLessOrEqualThanBoardSide";100;false;"Line concept is not present";Static;;;;;;
"Flower Shop";"eachPieceReferenceNotDuplicated";92;false;"The game does not have any piece declared as Each";Static;;;;;;
"Flower Shop";"pieceDeclaredAsEach";114;false;"The game does not have any piece declared as Each";Static;;;;;;
"Flower Shop";"pieceDeclaredAsShared";82;false;"The game does not have any piece declared as Shared";Static;;;;;;
"Flower Shop";"pieceDeclaredAsNeutral";77;true;;Static;;;;;;
"Flower Shop";"AllPlayerDeclared";80;true;;Static;;;;;;
"Flower Shop";"equalNumberOfPiecesOnTheBoard";83;true;;Static;;;;;;
"Flower Shop";"sizeOfTrack";79;false;"Track concept is not present";Static;;;;;;
"Flume";"lineLessOrEqualThanBoardSide";25;false;"Line concept is not present";Static;;;;;;
"Flume";"eachPieceReferenceNotDuplicated";25;false;"The game does not have any piece declared as Each";Static;;;;;;
"Flume";"pieceDeclaredAsEach";53;false;"Ludeme Each for a Piece requires at least one definition of PieceN, with N > 0";Static;;;;;;
"Flume";"pieceDeclaredAsShared";25;false;"The game does not have any piece declared as Shared";Static;;;;;;
"Flume";"pieceDeclaredAsNeutral";25;true;;Static;;;;;;
"Flume";"AllPlayerDeclared";28;true;;Static;;;;;;
"Flume";"equalNumberOfPiecesOnTheBoard";26;true;;Static;;;;;;
"Flume";"sizeOfTrack";25;false;"Track concept is not present";Static;;;;;;
"Go";"lineLessOrEqualThanBoardSide";143;false;"Line concept is not present";Static;;;;;;
"Go";"eachPieceReferenceNotDuplicated";132;false;"The game does not have any piece declared as Each";Static;;;;;;
"Go";"pieceDeclaredAsEach";179;false;"Ludeme Each for a Piece requires at least one definition of PieceN, with N > 0";Static;;;;;;
"Go";"pieceDeclaredAsShared";121;false;"The game does not have any piece declared as Shared";Static;;;;;;
"Go";"pieceDeclaredAsNeutral";145;true;;Static;;;;;;
"Go";"AllPlayerDeclared";121;true;;Static;;;;;;
"Go";"equalNumberOfPiecesOnTheBoard";120;true;;Static;;;;;;
"Go";"sizeOfTrack";166;false;"Track concept is not present";Static;;;;;;
"Goats Wintering";"lineLessOrEqualThanBoardSide";68;false;"Line concept is not present";Static;;;;;;
"Goats Wintering";"eachPieceReferenceNotDuplicated";77;false;"The game does not have any piece declared as Each";Static;;;;;;
"Goats Wintering";"pieceDeclaredAsEach";117;false;"The game does not have any piece declared as Each";Static;;;;;;
"Goats Wintering";"pieceDeclaredAsShared";87;false;"The game does not have any piece declared as Shared";Static;;;;;;
"Goats Wintering";"pieceDeclaredAsNeutral";83;true;;Static;;;;;;
"Goats Wintering";"AllPlayerDeclared";103;true;;Static;;;;;;
"Goats Wintering";"equalNumberOfPiecesOnTheBoard";79;true;;Static;;;;;;
"Goats Wintering";"sizeOfTrack";83;false;"Track concept is not present";Static;;;;;;
"HexGo";"lineLessOrEqualThanBoardSide";67;false;"Line concept is not present";Static;;;;;;
"HexGo";"eachPieceReferenceNotDuplicated";70;false;"The game does not have any piece declared as Each";Static;;;;;;
"HexGo";"pieceDeclaredAsEach";161;false;"The game does not have any piece declared as Each";Static;;;;;;
"HexGo";"pieceDeclaredAsShared";97;false;"The game does not have any piece declared as Shared";Static;;;;;;
"HexGo";"pieceDeclaredAsNeutral";91;true;;Static;;;;;;
"HexGo";"AllPlayerDeclared";103;true;;Static;;;;;;
"HexGo";"equalNumberOfPiecesOnTheBoard";122;true;;Static;;;;;;
"HexGo";"sizeOfTrack";120;false;"Track concept is not present";Static;;;;;;
"HexTrike";"lineLessOrEqualThanBoardSide";154;false;"Line concept is not present";Static;;;;;;
"HexTrike";"eachPieceReferenceNotDuplicated";109;false;"The game does not have any piece declared as Each";Static;;;;;;
"HexTrike";"pieceDeclaredAsEach";132;false;"Ludeme Each for a Piece requires at least one definition of PieceN, with N > 0";Static;;;;;;
"HexTrike";"pieceDeclaredAsShared";74;false;"The game does not have any piece declared as Shared";Static;;;;;;
"HexTrike";"pieceDeclaredAsNeutral";74;true;;Static;;;;;;
"HexTrike";"AllPlayerDeclared";77;true;;Static;;;;;;
"HexTrike";"equalNumberOfPiecesOnTheBoard";71;true;;Static;;;;;;
"HexTrike";"sizeOfTrack";70;false;"Track concept is not present";Static;;;;;;
"Infuse";"lineLessOrEqualThanBoardSide";101;false;"Line concept is not present";Static;;;;;;
"Infuse";"eachPieceReferenceNotDuplicated";102;false;"The game does not have any piece declared as Each";Static;;;;;;
"Infuse";"pieceDeclaredAsEach";131;false;"Ludeme Each for a Piece requires at least one definition of PieceN, with N > 0";Static;;;;;;
"Infuse";"pieceDeclaredAsShared";97;false;"The game does not have any piece declared as Shared";Static;;;;;;
"Infuse";"pieceDeclaredAsNeutral";98;true;;Static;;;;;;
"Infuse";"AllPlayerDeclared";95;true;;Static;;;;;;
"Infuse";"equalNumberOfPiecesOnTheBoard";96;true;;Static;;;;;;
"Infuse";"sizeOfTrack";95;false;"Track concept is not present";Static;;;;;;
"Inkblots";"lineLessOrEqualThanBoardSide";125;false;"Line concept is not present";Static;;;;;;
"Inkblots";"eachPieceReferenceNotDuplicated";155;false;"The game does not have any piece declared as Each";Static;;;;;;
"Inkblots";"pieceDeclaredAsEach";162;false;"The game does not have any piece declared as Each";Static;;;;;;
"Inkblots";"pieceDeclaredAsShared";129;false;"The game does not have any piece declared as Shared";Static;;;;;;
"Inkblots";"pieceDeclaredAsNeutral";116;true;;Static;;;;;;
"Inkblots";"AllPlayerDeclared";123;true;;Static;;;;;;
"Inkblots";"equalNumberOfPiecesOnTheBoard";141;true;;Static;;;;;;
"Inkblots";"sizeOfTrack";123;false;"Track concept is not present";Static;;;;;;
"Lava";"lineLessOrEqualThanBoardSide";49;false;"Line concept is not present";Static;;;;;;
"Lava";"eachPieceReferenceNotDuplicated";32;false;"The game does not have any piece declared as Each";Static;;;;;;
"Lava";"pieceDeclaredAsEach";72;true;;Static;;;;;;
"Lava";"pieceDeclaredAsShared";34;false;"The game does not have any piece declared as Shared";Static;;;;;;
"Lava";"pieceDeclaredAsNeutral";32;true;;Static;;;;;;
"Lava";"AllPlayerDeclared";32;true;;Static;;;;;;
"Lava";"equalNumberOfPiecesOnTheBoard";33;true;;Static;;;;;;
"Lava";"sizeOfTrack";34;false;"Track concept is not present";Static;;;;;;
"Lifeline";"lineLessOrEqualThanBoardSide";105;false;"Line concept is not present";Static;;;;;;
"Lifeline";"eachPieceReferenceNotDuplicated";103;false;"The game does not have any piece declared as Each";Static;;;;;;
"Lifeline";"pieceDeclaredAsEach";118;false;"Ludeme Each for a Piece requires at least one definition of PieceN, with N > 0";Static;;;;;;
"Lifeline";"pieceDeclaredAsShared";84;false;"The game does not have any piece declared as Shared";Static;;;;;;
"Lifeline";"pieceDeclaredAsNeutral";86;true;;Static;;;;;;
"Lifeline";"AllPlayerDeclared";110;true;;Static;;;;;;
"Lifeline";"equalNumberOfPiecesOnTheBoard";85;true;;Static;;;;;;
"Lifeline";"sizeOfTrack";86;false;"Track concept is not present";Static;;;;;;
"Lotus";"lineLessOrEqualThanBoardSide";31;false;"Line concept is not present";Static;;;;;;
"Lotus";"eachPieceReferenceNotDuplicated";27;false;"The game does not have any piece declared as Each";Static;;;;;;
"Lotus";"pieceDeclaredAsEach";50;false;"Ludeme Each for a Piece requires at least one definition of PieceN, with N > 0";Static;;;;;;
"Lotus";"pieceDeclaredAsShared";24;false;"The game does not have any piece declared as Shared";Static;;;;;;
"Lotus";"pieceDeclaredAsNeutral";22;true;;Static;;;;;;
"Lotus";"AllPlayerDeclared";22;true;;Static;;;;;;
"Lotus";"equalNumberOfPiecesOnTheBoard";26;true;;Static;;;;;;
"Lotus";"sizeOfTrack";24;false;"Track concept is not present";Static;;;;;;
"MacBeth";"lineLessOrEqualThanBoardSide";38;false;"Line concept is not present";Static;;;;;;
"MacBeth";"eachPieceReferenceNotDuplicated";35;false;"The game does not have any piece declared as Each";Static;;;;;;
"MacBeth";"pieceDeclaredAsEach";78;false;"The game does not have any piece declared as Each";Static;;;;;;
"MacBeth";"pieceDeclaredAsShared";36;false;"The game does not have any piece declared as Shared";Static;;;;;;
"MacBeth";"pieceDeclaredAsNeutral";48;true;;Static;;;;;;
"MacBeth";"AllPlayerDeclared";35;true;;Static;;;;;;
"MacBeth";"equalNumberOfPiecesOnTheBoard";35;true;;Static;;;;;;
"MacBeth";"sizeOfTrack";48;false;"Track concept is not present";Static;;;;;;
"Mig Mang";"lineLessOrEqualThanBoardSide";118;false;"Line concept is not present";Static;;;;;;
"Mig Mang";"eachPieceReferenceNotDuplicated";97;false;"The game does not have any piece declared as Each";Static;;;;;;
"Mig Mang";"pieceDeclaredAsEach";130;true;;Static;;;;;;
"Mig Mang";"pieceDeclaredAsShared";112;false;"The game does not have any piece declared as Shared";Static;;;;;;
"Mig Mang";"pieceDeclaredAsNeutral";102;true;;Static;;;;;;
"Mig Mang";"AllPlayerDeclared";102;true;;Static;;;;;;
"Mig Mang";"equalNumberOfPiecesOnTheBoard";129;true;;Static;;;;;;
"Mig Mang";"sizeOfTrack";123;false;"Track concept is not present";Static;;;;;;
"Mity";"lineLessOrEqualThanBoardSide";136;false;"Line concept is not present";Static;;;;;;
"Mity";"eachPieceReferenceNotDuplicated";144;false;"The game does not have any piece declared as Each";Static;;;;;;
"Mity";"pieceDeclaredAsEach";132;false;"Ludeme Each for a Piece requires at least one definition of PieceN, with N > 0";Static;;;;;;
"Mity";"pieceDeclaredAsShared";85;false;"The game does not have any piece declared as Shared";Static;;;;;;
"Mity";"pieceDeclaredAsNeutral";106;true;;Static;;;;;;
"Mity";"AllPlayerDeclared";88;true;;Static;;;;;;
"Mity";"equalNumberOfPiecesOnTheBoard";87;true;;Static;;;;;;
"Mity";"sizeOfTrack";88;false;"Track concept is not present";Static;;;;;;
"One-Eyed Go";"lineLessOrEqualThanBoardSide";140;false;"Line concept is not present";Static;;;;;;
"One-Eyed Go";"eachPieceReferenceNotDuplicated";125;false;"The game does not have any piece declared as Each";Static;;;;;;
"One-Eyed Go";"pieceDeclaredAsEach";149;false;"Ludeme Each for a Piece requires at least one definition of PieceN, with N > 0";Static;;;;;;
"One-Eyed Go";"pieceDeclaredAsShared";125;false;"The game does not have any piece declared as Shared";Static;;;;;;
"One-Eyed Go";"pieceDeclaredAsNeutral";128;true;;Static;;;;;;
"One-Eyed Go";"AllPlayerDeclared";121;true;;Static;;;;;;
"One-Eyed Go";"equalNumberOfPiecesOnTheBoard";124;true;;Static;;;;;;
"One-Eyed Go";"sizeOfTrack";147;false;"Track concept is not present";Static;;;;;;
"Paintbucket";"lineLessOrEqualThanBoardSide";25;false;"Line concept is not present";Static;;;;;;
"Paintbucket";"eachPieceReferenceNotDuplicated";22;false;"The game does not have any piece declared as Each";Static;;;;;;
"Paintbucket";"pieceDeclaredAsEach";51;false;"The game does not have any piece declared as Each";Static;;;;;;
"Paintbucket";"pieceDeclaredAsShared";25;false;"The game does not have any piece declared as Shared";Static;;;;;;
"Paintbucket";"pieceDeclaredAsNeutral";30;true;;Static;;;;;;
"Paintbucket";"AllPlayerDeclared";30;true;;Static;;;;;;
"Paintbucket";"equalNumberOfPiecesOnTheBoard";24;true;;Static;;;;;;
"Paintbucket";"sizeOfTrack";24;false;"Track concept is not present";Static;;;;;;
"Paintscape";"lineLessOrEqualThanBoardSide";57;false;"Line concept is not present";Static;;;;;;
"Paintscape";"eachPieceReferenceNotDuplicated";60;false;"The game does not have any piece declared as Each";Static;;;;;;
"Paintscape";"pieceDeclaredAsEach";88;true;;Static;;;;;;
"Paintscape";"pieceDeclaredAsShared";61;true;;Static;;;;;;
"Paintscape";"pieceDeclaredAsNeutral";68;true;;Static;;;;;;
"Paintscape";"AllPlayerDeclared";61;true;;Static;;;;;;
"Paintscape";"equalNumberOfPiecesOnTheBoard";63;true;;Static;;;;;;
"Paintscape";"sizeOfTrack";58;false;"Track concept is not present";Static;;;;;;
"Patok";"lineLessOrEqualThanBoardSide";168;false;"Line concept is not present";Static;;;;;;
"Patok";"eachPieceReferenceNotDuplicated";173;false;"The game does not have any piece declared as Each";Static;;;;;;
"Patok";"pieceDeclaredAsEach";202;false;"Ludeme Each for a Piece requires at least one definition of PieceN, with N > 0";Static;;;;;;
"Patok";"pieceDeclaredAsShared";154;false;"The game does not have any piece declared as Shared";Static;;;;;;
"Patok";"pieceDeclaredAsNeutral";184;true;;Static;;;;;;
"Patok";"AllPlayerDeclared";155;true;;Static;;;;;;
"Patok";"equalNumberOfPiecesOnTheBoard";153;true;;Static;;;;;;
"Patok";"sizeOfTrack";168;false;"Track concept is not present";Static;;;;;;
"Phantom Go";"lineLessOrEqualThanBoardSide";45;false;"Line concept is not present";Static;;;;;;
"Phantom Go";"eachPieceReferenceNotDuplicated";37;false;"The game does not have any piece declared as Each";Static;;;;;;
"Phantom Go";"pieceDeclaredAsEach";75;false;"Ludeme Each for a Piece requires at least one definition of PieceN, with N > 0";Static;;;;;;
"Phantom Go";"pieceDeclaredAsShared";41;false;"The game does not have any piece declared as Shared";Static;;;;;;
"Phantom Go";"pieceDeclaredAsNeutral";44;true;;Static;;;;;;
"Phantom Go";"AllPlayerDeclared";34;true;;Static;;;;;;
"Phantom Go";"equalNumberOfPiecesOnTheBoard";46;true;;Static;;;;;;
"Phantom Go";"sizeOfTrack";38;false;"Track concept is not present";Static;;;;;;
"Pyrga";"lineLessOrEqualThanBoardSide";270;false;"Line concept is not present";Static;;;;;;
"Pyrga";"eachPieceReferenceNotDuplicated";209;false;"The game does not have any piece declared as Each";Static;;;;;;
"Pyrga";"pieceDeclaredAsEach";4181;false;"Ludeme Each for a Piece requires at least one definition of PieceN, with N > 0";Static;;;;;;
"Pyrga";"pieceDeclaredAsShared";459;false;"The game does not have any piece declared as Shared";Static;;;;;;
"Pyrga";"pieceDeclaredAsNeutral";292;true;;Static;;;;;;
"Pyrga";"AllPlayerDeclared";269;true;;Static;;;;;;
"Pyrga";"equalNumberOfPiecesOnTheBoard";300;true;;Static;;;;;;
"Pyrga";"sizeOfTrack";318;false;"Track concept is not present";Static;;;;;;
"Redstone";"lineLessOrEqualThanBoardSide";115;false;"Line concept is not present";Static;;;;;;
"Redstone";"eachPieceReferenceNotDuplicated";97;false;"The game does not have any piece declared as Each";Static;;;;;;
"Redstone";"pieceDeclaredAsEach";108;false;"Ludeme Each for a Piece requires at least one definition of PieceN, with N > 0";Static;;;;;;
"Redstone";"pieceDeclaredAsShared";69;false;"The game does not have any piece declared as Shared";Static;;;;;;
"Redstone";"pieceDeclaredAsNeutral";70;true;;Static;;;;;;
"Redstone";"AllPlayerDeclared";70;true;;Static;;;;;;
"Redstone";"equalNumberOfPiecesOnTheBoard";96;true;;Static;;;;;;
"Redstone";"sizeOfTrack";72;false;"Track concept is not present";Static;;;;;;
"Refugia";"lineLessOrEqualThanBoardSide";117;false;"Line concept is not present";Static;;;;;;
"Refugia";"eachPieceReferenceNotDuplicated";97;false;"The game does not have any piece declared as Each";Static;;;;;;
"Refugia";"pieceDeclaredAsEach";135;false;"The game does not have any piece declared as Each";Static;;;;;;
"Refugia";"pieceDeclaredAsShared";100;false;"The game does not have any piece declared as Shared";Static;;;;;;
"Refugia";"pieceDeclaredAsNeutral";103;false;"A piece declared Neutral must be called as piece0";Static;;;;;;
"Refugia";"AllPlayerDeclared";96;true;;Static;;;;;;
"Refugia";"equalNumberOfPiecesOnTheBoard";98;true;;Static;;;;;;
"Refugia";"sizeOfTrack";91;false;"Track concept is not present";Static;;;;;;
"Residuel";"lineLessOrEqualThanBoardSide";96;false;"Line concept is not present";Static;;;;;;
"Residuel";"eachPieceReferenceNotDuplicated";97;false;"The game does not have any piece declared as Each";Static;;;;;;
"Residuel";"pieceDeclaredAsEach";133;false;"The game does not have any piece declared as Each";Static;;;;;;
"Residuel";"pieceDeclaredAsShared";111;false;"The game does not have any piece declared as Shared";Static;;;;;;
"Residuel";"pieceDeclaredAsNeutral";101;true;;Static;;;;;;
"Residuel";"AllPlayerDeclared";98;true;;Static;;;;;;
"Residuel";"equalNumberOfPiecesOnTheBoard";112;true;;Static;;;;;;
"Residuel";"sizeOfTrack";100;false;"Track concept is not present";Static;;;;;;
"Reversi";"lineLessOrEqualThanBoardSide";28;false;"Line concept is not present";Static;;;;;;
"Reversi";"eachPieceReferenceNotDuplicated";29;false;"The game does not have any piece declared as Each";Static;;;;;;
"Reversi";"pieceDeclaredAsEach";57;false;"The game does not have any piece declared as Each";Static;;;;;;
"Reversi";"pieceDeclaredAsShared";30;false;"The game does not have any piece declared as Shared";Static;;;;;;
"Reversi";"pieceDeclaredAsNeutral";34;true;;Static;;;;;;
"Reversi";"AllPlayerDeclared";30;true;;Static;;;;;;
"Reversi";"equalNumberOfPiecesOnTheBoard";29;true;;Static;;;;;;
"Reversi";"sizeOfTrack";30;false;"Track concept is not present";Static;;;;;;
"Rolit";"lineLessOrEqualThanBoardSide";26;false;"Line concept is not present";Static;;;;;;
"Rolit";"eachPieceReferenceNotDuplicated";27;false;"The game does not have any piece declared as Each";Static;;;;;;
"Rolit";"pieceDeclaredAsEach";57;false;"The game does not have any piece declared as Each";Static;;;;;;
"Rolit";"pieceDeclaredAsShared";27;false;"The game does not have any piece declared as Shared";Static;;;;;;
"Rolit";"pieceDeclaredAsNeutral";27;true;;Static;;;;;;
"Rolit";"AllPlayerDeclared";26;true;;Static;;;;;;
"Rolit";"equalNumberOfPiecesOnTheBoard";27;true;;Static;;;;;;
"Rolit";"sizeOfTrack";29;false;"Track concept is not present";Static;;;;;;
"Stargazers";"lineLessOrEqualThanBoardSide";5076;false;"Line concept is not present";Static;;;;;;
"Stargazers";"eachPieceReferenceNotDuplicated";4838;false;"The game does not have any piece declared as Each";Static;;;;;;
"Stargazers";"pieceDeclaredAsEach";4765;false;"Ludeme Each for a Piece requires at least one definition of PieceN, with N > 0";Static;;;;;;
"Stargazers";"pieceDeclaredAsShared";5007;false;"The game does not have any piece declared as Shared";Static;;;;;;
"Stargazers";"pieceDeclaredAsNeutral";4877;true;;Static;;;;;;
"Stargazers";"AllPlayerDeclared";5069;true;;Static;;;;;;
"Stargazers";"equalNumberOfPiecesOnTheBoard";5233;true;;Static;;;;;;
"Stargazers";"sizeOfTrack";5178;false;"Track concept is not present";Static;;;;;;
"SupplyChains";"lineLessOrEqualThanBoardSide";171;false;"Line concept is not present";Static;;;;;;
"SupplyChains";"eachPieceReferenceNotDuplicated";179;false;"The game does not have any piece declared as Each";Static;;;;;;
"SupplyChains";"pieceDeclaredAsEach";191;false;"Ludeme Each for a Piece requires at least one definition of PieceN, with N > 0";Static;;;;;;
"SupplyChains";"pieceDeclaredAsShared";161;false;"The game does not have any piece declared as Shared";Static;;;;;;
"SupplyChains";"pieceDeclaredAsNeutral";169;true;;Static;;;;;;
"SupplyChains";"AllPlayerDeclared";171;true;;Static;;;;;;
"SupplyChains";"equalNumberOfPiecesOnTheBoard";169;true;;Static;;;;;;
"SupplyChains";"sizeOfTrack";155;false;"Track concept is not present";Static;;;;;;
"Trike";"lineLessOrEqualThanBoardSide";46;false;"Line concept is not present";Static;;;;;;
"Trike";"eachPieceReferenceNotDuplicated";49;false;"The game does not have any piece declared as Each";Static;;;;;;
"Trike";"pieceDeclaredAsEach";81;false;"Ludeme Each for a Piece requires at least one definition of PieceN, with N > 0";Static;;;;;;
"Trike";"pieceDeclaredAsShared";52;false;"The game does not have any piece declared as Shared";Static;;;;;;
"Trike";"pieceDeclaredAsNeutral";46;true;;Static;;;;;;
"Trike";"AllPlayerDeclared";46;true;;Static;;;;;;
"Trike";"equalNumberOfPiecesOnTheBoard";44;true;;Static;;;;;;
"Trike";"sizeOfTrack";43;false;"Track concept is not present";Static;;;;;;
"Tumbleweed";"lineLessOrEqualThanBoardSide";105;false;"Line concept is not present";Static;;;;;;
"Tumbleweed";"eachPieceReferenceNotDuplicated";120;false;"The game does not have any piece declared as Each";Static;;;;;;
"Tumbleweed";"pieceDeclaredAsEach";139;true;;Static;;;;;;
"Tumbleweed";"pieceDeclaredAsShared";104;false;"The game does not have any piece declared as Shared";Static;;;;;;
"Tumbleweed";"pieceDeclaredAsNeutral";132;true;;Static;;;;;;
"Tumbleweed";"AllPlayerDeclared";102;true;;Static;;;;;;
"Tumbleweed";"equalNumberOfPiecesOnTheBoard";106;true;;Static;;;;;;
"Tumbleweed";"sizeOfTrack";101;false;"Track concept is not present";Static;;;;;;
"Verge";"lineLessOrEqualThanBoardSide";44;false;"Line concept is not present";Static;;;;;;
"Verge";"eachPieceReferenceNotDuplicated";45;false;"The game does not have any piece declared as Each";Static;;;;;;
"Verge";"pieceDeclaredAsEach";84;false;"Ludeme Each for a Piece requires at least one definition of PieceN, with N > 0";Static;;;;;;
"Verge";"pieceDeclaredAsShared";47;false;"The game does not have any piece declared as Shared";Static;;;;;;
"Verge";"pieceDeclaredAsNeutral";42;true;;Static;;;;;;
"Verge";"AllPlayerDeclared";41;true;;Static;;;;;;
"Verge";"equalNumberOfPiecesOnTheBoard";41;true;;Static;;;;;;
"Verge";"sizeOfTrack";41;false;"Track concept is not present";Static;;;;;;
"Weiqi";"lineLessOrEqualThanBoardSide";134;false;"Line concept is not present";Static;;;;;;
"Weiqi";"eachPieceReferenceNotDuplicated";120;false;"The game does not have any piece declared as Each";Static;;;;;;
"Weiqi";"pieceDeclaredAsEach";151;false;"Ludeme Each for a Piece requires at least one definition of PieceN, with N > 0";Static;;;;;;
"Weiqi";"pieceDeclaredAsShared";123;false;"The game does not have any piece declared as Shared";Static;;;;;;
"Weiqi";"pieceDeclaredAsNeutral";130;true;;Static;;;;;;
"Weiqi";"AllPlayerDeclared";129;true;;Static;;;;;;
"Weiqi";"equalNumberOfPiecesOnTheBoard";122;true;;Static;;;;;;
"Weiqi";"sizeOfTrack";124;false;"Track concept is not present";Static;;;;;;
