Game;Test Name;Duration (ms);Passed;Failure Message;Type;;;;Total Tests;Success Rate;Mean Execution Time
;;;;;;;;;2648;45,13%;168
"Alea Evangelii";"lineLessOrEqualThanBoardSide";2445;false;"Line concept is not present";Static;;;;;;
"Alea Evangelii";"eachPieceReferenceNotDuplicated";498;false;"The game does not have any piece declared as Each";Static;;;;;;
"Alea Evangelii";"pieceDeclaredAsEach";392;false;"The game does not have any piece declared as Each";Static;;;;;;
"Alea Evangelii";"pieceDeclaredAsNeutral";320;true;;Static;;;;;;
"Alea Evangelii";"pieceDeclaredAsShared";316;false;"The game does not have any piece declared as Shared";Static;;;;;;
"Alea Evangelii";"equalNumberOfPiecesOnTheBoard";219;false;"Players do not have the same number of pieces";Static;;;;;;
"Alea Evangelii";"AllPlayerDeclared";221;true;;Static;;;;;;
"Alea Evangelii";"sizeOfTrack";202;false;"Track concept is not present";Static;;;;;;
"ArdRi";"lineLessOrEqualThanBoardSide";48;false;"Line concept is not present";Static;;;;;;
"ArdRi";"eachPieceReferenceNotDuplicated";33;false;"The game does not have any piece declared as Each";Static;;;;;;
"ArdRi";"pieceDeclaredAsEach";79;false;"The game does not have any piece declared as Each";Static;;;;;;
"ArdRi";"pieceDeclaredAsNeutral";33;true;;Static;;;;;;
"ArdRi";"pieceDeclaredAsShared";35;false;"The game does not have any piece declared as Shared";Static;;;;;;
"ArdRi";"equalNumberOfPiecesOnTheBoard";36;false;"Players do not have the same number of pieces";Static;;;;;;
"ArdRi";"AllPlayerDeclared";33;true;;Static;;;;;;
"ArdRi";"sizeOfTrack";36;false;"Track concept is not present";Static;;;;;;
"Awithlaknakwe";"lineLessOrEqualThanBoardSide";731;false;"Line concept is not present";Static;;;;;;
"Awithlaknakwe";"eachPieceReferenceNotDuplicated";658;false;"The game does not have any piece declared as Each";Static;;;;;;
"Awithlaknakwe";"pieceDeclaredAsEach";688;false;"Ludeme Each for a Piece requires at least one definition of PieceN, with N > 0";Static;;;;;;
"Awithlaknakwe";"pieceDeclaredAsNeutral";581;true;;Static;;;;;;
"Awithlaknakwe";"pieceDeclaredAsShared";508;false;"The game does not have any piece declared as Shared";Static;;;;;;
"Awithlaknakwe";"equalNumberOfPiecesOnTheBoard";491;true;;Static;;;;;;
"Awithlaknakwe";"AllPlayerDeclared";450;true;;Static;;;;;;
"Awithlaknakwe";"sizeOfTrack";460;false;"Track concept is not present";Static;;;;;;
"Bizingo";"lineLessOrEqualThanBoardSide";142;false;"Line concept is not present";Static;;;;;;
"Bizingo";"eachPieceReferenceNotDuplicated";133;false;"The game does not have any piece declared as Each";Static;;;;;;
"Bizingo";"pieceDeclaredAsEach";160;true;;Static;;;;;;
"Bizingo";"pieceDeclaredAsNeutral";125;true;;Static;;;;;;
"Bizingo";"pieceDeclaredAsShared";115;false;"The game does not have any piece declared as Shared";Static;;;;;;
"Bizingo";"equalNumberOfPiecesOnTheBoard";125;true;;Static;;;;;;
"Bizingo";"AllPlayerDeclared";111;true;;Static;;;;;;
"Bizingo";"sizeOfTrack";112;false;"Track concept is not present";Static;;;;;;
"Boseog Gonu";"lineLessOrEqualThanBoardSide";26;false;"Line concept is not present";Static;;;;;;
"Boseog Gonu";"eachPieceReferenceNotDuplicated";20;false;"The game does not have any piece declared as Each";Static;;;;;;
"Boseog Gonu";"pieceDeclaredAsEach";54;true;;Static;;;;;;
"Boseog Gonu";"pieceDeclaredAsNeutral";14;true;;Static;;;;;;
"Boseog Gonu";"pieceDeclaredAsShared";14;false;"The game does not have any piece declared as Shared";Static;;;;;;
"Boseog Gonu";"equalNumberOfPiecesOnTheBoard";15;true;;Static;;;;;;
"Boseog Gonu";"AllPlayerDeclared";17;true;;Static;;;;;;
"Boseog Gonu";"sizeOfTrack";13;false;"Track concept is not present";Static;;;;;;
"Brandub";"lineLessOrEqualThanBoardSide";41;false;"Line concept is not present";Static;;;;;;
"Brandub";"eachPieceReferenceNotDuplicated";43;false;"The game does not have any piece declared as Each";Static;;;;;;
"Brandub";"pieceDeclaredAsEach";83;false;"The game does not have any piece declared as Each";Static;;;;;;
"Brandub";"pieceDeclaredAsNeutral";45;true;;Static;;;;;;
"Brandub";"pieceDeclaredAsShared";50;false;"The game does not have any piece declared as Shared";Static;;;;;;
"Brandub";"equalNumberOfPiecesOnTheBoard";53;false;"Players do not have the same number of pieces";Static;;;;;;
"Brandub";"AllPlayerDeclared";53;true;;Static;;;;;;
"Brandub";"sizeOfTrack";42;false;"Track concept is not present";Static;;;;;;
"Breakthru";"lineLessOrEqualThanBoardSide";71;false;"Line concept is not present";Static;;;;;;
"Breakthru";"eachPieceReferenceNotDuplicated";56;false;"The game does not have any piece declared as Each";Static;;;;;;
"Breakthru";"pieceDeclaredAsEach";89;true;;Static;;;;;;
"Breakthru";"pieceDeclaredAsNeutral";57;true;;Static;;;;;;
"Breakthru";"pieceDeclaredAsShared";68;false;"The game does not have any piece declared as Shared";Static;;;;;;
"Breakthru";"equalNumberOfPiecesOnTheBoard";66;false;"Players do not have the same number of pieces";Static;;;;;;
"Breakthru";"AllPlayerDeclared";78;true;;Static;;;;;;
"Breakthru";"sizeOfTrack";61;false;"Track concept is not present";Static;;;;;;
"Castello";"lineLessOrEqualThanBoardSide";163;false;"Line concept is not present";Static;;;;;;
"Castello";"eachPieceReferenceNotDuplicated";146;false;"The game does not have any piece declared as Each";Static;;;;;;
"Castello";"pieceDeclaredAsEach";195;true;;Static;;;;;;
"Castello";"pieceDeclaredAsNeutral";144;true;;Static;;;;;;
"Castello";"pieceDeclaredAsShared";152;false;"The game does not have any piece declared as Shared";Static;;;;;;
"Castello";"equalNumberOfPiecesOnTheBoard";168;true;;Static;;;;;;
"Castello";"AllPlayerDeclared";147;true;;Static;;;;;;
"Castello";"sizeOfTrack";146;false;"Track concept is not present";Static;;;;;;
"El-Mthaltha";"lineLessOrEqualThanBoardSide";10;false;"Line concept is not present";Static;;;;;;
"El-Mthaltha";"eachPieceReferenceNotDuplicated";9;false;"The game does not have any piece declared as Each";Static;;;;;;
"El-Mthaltha";"pieceDeclaredAsEach";46;true;;Static;;;;;;
"El-Mthaltha";"pieceDeclaredAsNeutral";9;true;;Static;;;;;;
"El-Mthaltha";"pieceDeclaredAsShared";9;false;"The game does not have any piece declared as Shared";Static;;;;;;
"El-Mthaltha";"equalNumberOfPiecesOnTheBoard";13;true;;Static;;;;;;
"El-Mthaltha";"AllPlayerDeclared";13;true;;Static;;;;;;
"El-Mthaltha";"sizeOfTrack";9;false;"Track concept is not present";Static;;;;;;
"Gundru";"lineLessOrEqualThanBoardSide";29;false;"Line concept is not present";Static;;;;;;
"Gundru";"eachPieceReferenceNotDuplicated";33;false;"The game does not have any piece declared as Each";Static;;;;;;
"Gundru";"pieceDeclaredAsEach";69;true;;Static;;;;;;
"Gundru";"pieceDeclaredAsNeutral";32;true;;Static;;;;;;
"Gundru";"pieceDeclaredAsShared";30;false;"The game does not have any piece declared as Shared";Static;;;;;;
"Gundru";"equalNumberOfPiecesOnTheBoard";29;true;;Static;;;;;;
"Gundru";"AllPlayerDeclared";30;true;;Static;;;;;;
"Gundru";"sizeOfTrack";33;false;"Track concept is not present";Static;;;;;;
"HeXentafl";"lineLessOrEqualThanBoardSide";62;false;"Line concept is not present";Static;;;;;;
"HeXentafl";"eachPieceReferenceNotDuplicated";49;false;"The game does not have any piece declared as Each";Static;;;;;;
"HeXentafl";"pieceDeclaredAsEach";85;false;"The game does not have any piece declared as Each";Static;;;;;;
"HeXentafl";"pieceDeclaredAsNeutral";46;true;;Static;;;;;;
"HeXentafl";"pieceDeclaredAsShared";45;false;"The game does not have any piece declared as Shared";Static;;;;;;
"HeXentafl";"equalNumberOfPiecesOnTheBoard";50;false;"Players do not have the same number of pieces";Static;;;;;;
"HeXentafl";"AllPlayerDeclared";44;true;;Static;;;;;;
"HeXentafl";"sizeOfTrack";50;false;"Track concept is not present";Static;;;;;;
"Hnefatafl";"lineLessOrEqualThanBoardSide";57;false;"Line concept is not present";Static;;;;;;
"Hnefatafl";"eachPieceReferenceNotDuplicated";56;false;"The game does not have any piece declared as Each";Static;;;;;;
"Hnefatafl";"pieceDeclaredAsEach";109;false;"The game does not have any piece declared as Each";Static;;;;;;
"Hnefatafl";"pieceDeclaredAsNeutral";60;true;;Static;;;;;;
"Hnefatafl";"pieceDeclaredAsShared";55;false;"The game does not have any piece declared as Shared";Static;;;;;;
"Hnefatafl";"equalNumberOfPiecesOnTheBoard";62;false;"Players do not have the same number of pieces";Static;;;;;;
"Hnefatafl";"AllPlayerDeclared";58;true;;Static;;;;;;
"Hnefatafl";"sizeOfTrack";59;false;"Track concept is not present";Static;;;;;;
"Khamousiyya";"lineLessOrEqualThanBoardSide";75;false;"Line concept is not present";Static;;;;;;
"Khamousiyya";"eachPieceReferenceNotDuplicated";78;false;"The game does not have any piece declared as Each";Static;;;;;;
"Khamousiyya";"pieceDeclaredAsEach";113;false;"Ludeme Each for a Piece requires at least one definition of PieceN, with N > 0";Static;;;;;;
"Khamousiyya";"pieceDeclaredAsNeutral";80;true;;Static;;;;;;
"Khamousiyya";"pieceDeclaredAsShared";75;false;"The game does not have any piece declared as Shared";Static;;;;;;
"Khamousiyya";"equalNumberOfPiecesOnTheBoard";75;true;;Static;;;;;;
"Khamousiyya";"AllPlayerDeclared";86;true;;Static;;;;;;
"Khamousiyya";"sizeOfTrack";73;false;"Track concept is not present";Static;;;;;;
"Kharebga (5x5)";"lineLessOrEqualThanBoardSide";33;false;"Line concept is not present";Static;;;;;;
"Kharebga (5x5)";"eachPieceReferenceNotDuplicated";29;false;"The game does not have any piece declared as Each";Static;;;;;;
"Kharebga (5x5)";"pieceDeclaredAsEach";64;false;"Ludeme Each for a Piece requires at least one definition of PieceN, with N > 0";Static;;;;;;
"Kharebga (5x5)";"pieceDeclaredAsNeutral";26;true;;Static;;;;;;
"Kharebga (5x5)";"pieceDeclaredAsShared";29;false;"The game does not have any piece declared as Shared";Static;;;;;;
"Kharebga (5x5)";"equalNumberOfPiecesOnTheBoard";29;true;;Static;;;;;;
"Kharebga (5x5)";"AllPlayerDeclared";31;true;;Static;;;;;;
"Kharebga (5x5)";"sizeOfTrack";28;false;"Track concept is not present";Static;;;;;;
"Kharebga (7x7)";"lineLessOrEqualThanBoardSide";35;false;"Line concept is not present";Static;;;;;;
"Kharebga (7x7)";"eachPieceReferenceNotDuplicated";44;false;"The game does not have any piece declared as Each";Static;;;;;;
"Kharebga (7x7)";"pieceDeclaredAsEach";68;false;"Ludeme Each for a Piece requires at least one definition of PieceN, with N > 0";Static;;;;;;
"Kharebga (7x7)";"pieceDeclaredAsNeutral";33;true;;Static;;;;;;
"Kharebga (7x7)";"pieceDeclaredAsShared";33;false;"The game does not have any piece declared as Shared";Static;;;;;;
"Kharebga (7x7)";"equalNumberOfPiecesOnTheBoard";50;true;;Static;;;;;;
"Kharebga (7x7)";"AllPlayerDeclared";45;true;;Static;;;;;;
"Kharebga (7x7)";"sizeOfTrack";38;false;"Track concept is not present";Static;;;;;;
"Ludus Latrunculorum";"lineLessOrEqualThanBoardSide";72;false;"Line concept is not present";Static;;;;;;
"Ludus Latrunculorum";"eachPieceReferenceNotDuplicated";54;false;"The game does not have any piece declared as Each";Static;;;;;;
"Ludus Latrunculorum";"pieceDeclaredAsEach";81;false;"Ludeme Each for a Piece requires at least one definition of PieceN, with N > 0";Static;;;;;;
"Ludus Latrunculorum";"pieceDeclaredAsNeutral";50;true;;Static;;;;;;
"Ludus Latrunculorum";"pieceDeclaredAsShared";53;false;"The game does not have any piece declared as Shared";Static;;;;;;
"Ludus Latrunculorum";"equalNumberOfPiecesOnTheBoard";47;true;;Static;;;;;;
"Ludus Latrunculorum";"AllPlayerDeclared";51;true;;Static;;;;;;
"Ludus Latrunculorum";"sizeOfTrack";52;false;"Track concept is not present";Static;;;;;;
"Maak Yek";"lineLessOrEqualThanBoardSide";26;false;"Line concept is not present";Static;;;;;;
"Maak Yek";"eachPieceReferenceNotDuplicated";24;false;"The game does not have any piece declared as Each";Static;;;;;;
"Maak Yek";"pieceDeclaredAsEach";58;true;;Static;;;;;;
"Maak Yek";"pieceDeclaredAsNeutral";23;true;;Static;;;;;;
"Maak Yek";"pieceDeclaredAsShared";28;false;"The game does not have any piece declared as Shared";Static;;;;;;
"Maak Yek";"equalNumberOfPiecesOnTheBoard";27;true;;Static;;;;;;
"Maak Yek";"AllPlayerDeclared";23;true;;Static;;;;;;
"Maak Yek";"sizeOfTrack";26;false;"Track concept is not present";Static;;;;;;
"Poprad Game";"lineLessOrEqualThanBoardSide";124;false;"Line concept is not present";Static;;;;;;
"Poprad Game";"eachPieceReferenceNotDuplicated";122;false;"The game does not have any piece declared as Each";Static;;;;;;
"Poprad Game";"pieceDeclaredAsEach";198;false;"Ludeme Each for a Piece requires at least one definition of PieceN, with N > 0";Static;;;;;;
"Poprad Game";"pieceDeclaredAsNeutral";118;true;;Static;;;;;;
"Poprad Game";"pieceDeclaredAsShared";119;false;"The game does not have any piece declared as Shared";Static;;;;;;
"Poprad Game";"equalNumberOfPiecesOnTheBoard";141;true;;Static;;;;;;
"Poprad Game";"AllPlayerDeclared";121;true;;Static;;;;;;
"Poprad Game";"sizeOfTrack";117;false;"Track concept is not present";Static;;;;;;
"Sabou'iyya";"lineLessOrEqualThanBoardSide";69;false;"Line concept is not present";Static;;;;;;
"Sabou'iyya";"eachPieceReferenceNotDuplicated";71;false;"The game does not have any piece declared as Each";Static;;;;;;
"Sabou'iyya";"pieceDeclaredAsEach";102;false;"Ludeme Each for a Piece requires at least one definition of PieceN, with N > 0";Static;;;;;;
"Sabou'iyya";"pieceDeclaredAsNeutral";66;true;;Static;;;;;;
"Sabou'iyya";"pieceDeclaredAsShared";68;false;"The game does not have any piece declared as Shared";Static;;;;;;
"Sabou'iyya";"equalNumberOfPiecesOnTheBoard";69;true;;Static;;;;;;
"Sabou'iyya";"AllPlayerDeclared";66;true;;Static;;;;;;
"Sabou'iyya";"sizeOfTrack";73;false;"Track concept is not present";Static;;;;;;
"Seega";"lineLessOrEqualThanBoardSide";19;false;"Line concept is not present";Static;;;;;;
"Seega";"eachPieceReferenceNotDuplicated";17;false;"The game does not have any piece declared as Each";Static;;;;;;
"Seega";"pieceDeclaredAsEach";49;false;"Ludeme Each for a Piece requires at least one definition of PieceN, with N > 0";Static;;;;;;
"Seega";"pieceDeclaredAsNeutral";17;true;;Static;;;;;;
"Seega";"pieceDeclaredAsShared";18;false;"The game does not have any piece declared as Shared";Static;;;;;;
"Seega";"equalNumberOfPiecesOnTheBoard";18;true;;Static;;;;;;
"Seega";"AllPlayerDeclared";22;true;;Static;;;;;;
"Seega";"sizeOfTrack";23;false;"Track concept is not present";Static;;;;;;
"Shantarad";"lineLessOrEqualThanBoardSide";43;false;"Line concept is not present";Static;;;;;;
"Shantarad";"eachPieceReferenceNotDuplicated";42;false;"The game does not have any piece declared as Each";Static;;;;;;
"Shantarad";"pieceDeclaredAsEach";70;false;"Ludeme Each for a Piece requires at least one definition of PieceN, with N > 0";Static;;;;;;
"Shantarad";"pieceDeclaredAsNeutral";34;true;;Static;;;;;;
"Shantarad";"pieceDeclaredAsShared";35;false;"The game does not have any piece declared as Shared";Static;;;;;;
"Shantarad";"equalNumberOfPiecesOnTheBoard";31;true;;Static;;;;;;
"Shantarad";"AllPlayerDeclared";34;true;;Static;;;;;;
"Shantarad";"sizeOfTrack";33;false;"Track concept is not present";Static;;;;;;
"Tablut";"lineLessOrEqualThanBoardSide";40;false;"Line concept is not present";Static;;;;;;
"Tablut";"eachPieceReferenceNotDuplicated";44;false;"The game does not have any piece declared as Each";Static;;;;;;
"Tablut";"pieceDeclaredAsEach";69;false;"The game does not have any piece declared as Each";Static;;;;;;
"Tablut";"pieceDeclaredAsNeutral";36;true;;Static;;;;;;
"Tablut";"pieceDeclaredAsShared";41;false;"The game does not have any piece declared as Shared";Static;;;;;;
"Tablut";"equalNumberOfPiecesOnTheBoard";54;false;"Players do not have the same number of pieces";Static;;;;;;
"Tablut";"AllPlayerDeclared";40;true;;Static;;;;;;
"Tablut";"sizeOfTrack";39;false;"Track concept is not present";Static;;;;;;
"Tawlbwrdd";"lineLessOrEqualThanBoardSide";60;false;"Line concept is not present";Static;;;;;;
"Tawlbwrdd";"eachPieceReferenceNotDuplicated";66;false;"The game does not have any piece declared as Each";Static;;;;;;
"Tawlbwrdd";"pieceDeclaredAsEach";94;false;"The game does not have any piece declared as Each";Static;;;;;;
"Tawlbwrdd";"pieceDeclaredAsNeutral";51;true;;Static;;;;;;
"Tawlbwrdd";"pieceDeclaredAsShared";66;false;"The game does not have any piece declared as Shared";Static;;;;;;
"Tawlbwrdd";"equalNumberOfPiecesOnTheBoard";70;false;"Players do not have the same number of pieces";Static;;;;;;
"Tawlbwrdd";"AllPlayerDeclared";62;true;;Static;;;;;;
"Tawlbwrdd";"sizeOfTrack";55;false;"Track concept is not present";Static;;;;;;
"Fanorona";"lineLessOrEqualThanBoardSide";207;false;"Line concept is not present";Static;;;;;;
"Fanorona";"eachPieceReferenceNotDuplicated";217;false;"The game does not have any piece declared as Each";Static;;;;;;
"Fanorona";"pieceDeclaredAsEach";237;true;;Static;;;;;;
"Fanorona";"pieceDeclaredAsNeutral";205;true;;Static;;;;;;
"Fanorona";"pieceDeclaredAsShared";212;false;"The game does not have any piece declared as Shared";Static;;;;;;
"Fanorona";"equalNumberOfPiecesOnTheBoard";211;true;;Static;;;;;;
"Fanorona";"AllPlayerDeclared";198;true;;Static;;;;;;
"Fanorona";"sizeOfTrack";201;false;"Track concept is not present";Static;;;;;;
"Vela";"lineLessOrEqualThanBoardSide";140;false;"Line concept is not present";Static;;;;;;
"Vela";"eachPieceReferenceNotDuplicated";155;false;"The game does not have any piece declared as Each";Static;;;;;;
"Vela";"pieceDeclaredAsEach";169;true;;Static;;;;;;
"Vela";"pieceDeclaredAsNeutral";141;true;;Static;;;;;;
"Vela";"pieceDeclaredAsShared";138;false;"The game does not have any piece declared as Shared";Static;;;;;;
"Vela";"equalNumberOfPiecesOnTheBoard";136;true;;Static;;;;;;
"Vela";"AllPlayerDeclared";143;true;;Static;;;;;;
"Vela";"sizeOfTrack";157;false;"Track concept is not present";Static;;;;;;
"Shobu";"lineLessOrEqualThanBoardSide";111;false;"Line concept is not present";Static;;;;;;
"Shobu";"eachPieceReferenceNotDuplicated";86;false;"The game does not have any piece declared as Each";Static;;;;;;
"Shobu";"pieceDeclaredAsEach";125;true;;Static;;;;;;
"Shobu";"pieceDeclaredAsNeutral";84;true;;Static;;;;;;
"Shobu";"pieceDeclaredAsShared";86;false;"The game does not have any piece declared as Shared";Static;;;;;;
"Shobu";"equalNumberOfPiecesOnTheBoard";79;true;;Static;;;;;;
"Shobu";"AllPlayerDeclared";73;true;;Static;;;;;;
"Shobu";"sizeOfTrack";71;false;"Track concept is not present";Static;;;;;;
"American Pool Checkers";"lineLessOrEqualThanBoardSide";77;false;"Line concept is not present";Static;;;;;;
"American Pool Checkers";"eachPieceReferenceNotDuplicated";80;false;"The game does not have any piece declared as Each";Static;;;;;;
"American Pool Checkers";"pieceDeclaredAsEach";110;false;"Ludeme Each for a Piece requires at least one definition of PieceN, with N > 0";Static;;;;;;
"American Pool Checkers";"pieceDeclaredAsNeutral";76;true;;Static;;;;;;
"American Pool Checkers";"pieceDeclaredAsShared";79;false;"The game does not have any piece declared as Shared";Static;;;;;;
"American Pool Checkers";"equalNumberOfPiecesOnTheBoard";79;true;;Static;;;;;;
"American Pool Checkers";"AllPlayerDeclared";75;true;;Static;;;;;;
"American Pool Checkers";"sizeOfTrack";76;false;"Track concept is not present";Static;;;;;;
"Bashni";"lineLessOrEqualThanBoardSide";129;false;"Line concept is not present";Static;;;;;;
"Bashni";"eachPieceReferenceNotDuplicated";145;false;"The game does not have any piece declared as Each";Static;;;;;;
"Bashni";"pieceDeclaredAsEach";168;false;"Ludeme Each for a Piece requires at least one definition of PieceN, with N > 0";Static;;;;;;
"Bashni";"pieceDeclaredAsNeutral";122;true;;Static;;;;;;
"Bashni";"pieceDeclaredAsShared";134;false;"The game does not have any piece declared as Shared";Static;;;;;;
"Bashni";"equalNumberOfPiecesOnTheBoard";125;true;;Static;;;;;;
"Bashni";"AllPlayerDeclared";122;true;;Static;;;;;;
"Bashni";"sizeOfTrack";136;false;"Track concept is not present";Static;;;;;;
"Brazilian Draughts";"lineLessOrEqualThanBoardSide";78;false;"Line concept is not present";Static;;;;;;
"Brazilian Draughts";"eachPieceReferenceNotDuplicated";83;false;"The game does not have any piece declared as Each";Static;;;;;;
"Brazilian Draughts";"pieceDeclaredAsEach";116;false;"Ludeme Each for a Piece requires at least one definition of PieceN, with N > 0";Static;;;;;;
"Brazilian Draughts";"pieceDeclaredAsNeutral";76;true;;Static;;;;;;
"Brazilian Draughts";"pieceDeclaredAsShared";76;false;"The game does not have any piece declared as Shared";Static;;;;;;
"Brazilian Draughts";"equalNumberOfPiecesOnTheBoard";94;true;;Static;;;;;;
"Brazilian Draughts";"AllPlayerDeclared";78;true;;Static;;;;;;
"Brazilian Draughts";"sizeOfTrack";79;false;"Track concept is not present";Static;;;;;;
"Canadian Draughts";"lineLessOrEqualThanBoardSide";108;false;"Line concept is not present";Static;;;;;;
"Canadian Draughts";"eachPieceReferenceNotDuplicated";109;false;"The game does not have any piece declared as Each";Static;;;;;;
"Canadian Draughts";"pieceDeclaredAsEach";138;false;"Ludeme Each for a Piece requires at least one definition of PieceN, with N > 0";Static;;;;;;
"Canadian Draughts";"pieceDeclaredAsNeutral";110;true;;Static;;;;;;
"Canadian Draughts";"pieceDeclaredAsShared";101;false;"The game does not have any piece declared as Shared";Static;;;;;;
"Canadian Draughts";"equalNumberOfPiecesOnTheBoard";100;true;;Static;;;;;;
"Canadian Draughts";"AllPlayerDeclared";109;true;;Static;;;;;;
"Canadian Draughts";"sizeOfTrack";115;false;"Track concept is not present";Static;;;;;;
"Coc-Inbert";"lineLessOrEqualThanBoardSide";53;false;"Line concept is not present";Static;;;;;;
"Coc-Inbert";"eachPieceReferenceNotDuplicated";52;false;"The game does not have any piece declared as Each";Static;;;;;;
"Coc-Inbert";"pieceDeclaredAsEach";80;false;"Ludeme Each for a Piece requires at least one definition of PieceN, with N > 0";Static;;;;;;
"Coc-Inbert";"pieceDeclaredAsNeutral";50;true;;Static;;;;;;
"Coc-Inbert";"pieceDeclaredAsShared";55;false;"The game does not have any piece declared as Shared";Static;;;;;;
"Coc-Inbert";"equalNumberOfPiecesOnTheBoard";55;true;;Static;;;;;;
"Coc-Inbert";"AllPlayerDeclared";54;true;;Static;;;;;;
"Coc-Inbert";"sizeOfTrack";54;false;"Track concept is not present";Static;;;;;;
"Dam";"lineLessOrEqualThanBoardSide";95;false;"Line concept is not present";Static;;;;;;
"Dam";"eachPieceReferenceNotDuplicated";91;false;"The game does not have any piece declared as Each";Static;;;;;;
"Dam";"pieceDeclaredAsEach";124;false;"Ludeme Each for a Piece requires at least one definition of PieceN, with N > 0";Static;;;;;;
"Dam";"pieceDeclaredAsNeutral";90;true;;Static;;;;;;
"Dam";"pieceDeclaredAsShared";100;false;"The game does not have any piece declared as Shared";Static;;;;;;
"Dam";"equalNumberOfPiecesOnTheBoard";90;true;;Static;;;;;;
"Dam";"AllPlayerDeclared";93;true;;Static;;;;;;
"Dam";"sizeOfTrack";96;false;"Track concept is not present";Static;;;;;;
"Dama (Italy)";"lineLessOrEqualThanBoardSide";54;false;"Line concept is not present";Static;;;;;;
"Dama (Italy)";"eachPieceReferenceNotDuplicated";52;false;"The game does not have any piece declared as Each";Static;;;;;;
"Dama (Italy)";"pieceDeclaredAsEach";82;false;"Ludeme Each for a Piece requires at least one definition of PieceN, with N > 0";Static;;;;;;
"Dama (Italy)";"pieceDeclaredAsNeutral";50;true;;Static;;;;;;
"Dama (Italy)";"pieceDeclaredAsShared";54;false;"The game does not have any piece declared as Shared";Static;;;;;;
"Dama (Italy)";"equalNumberOfPiecesOnTheBoard";56;true;;Static;;;;;;
"Dama (Italy)";"AllPlayerDeclared";57;true;;Static;;;;;;
"Dama (Italy)";"sizeOfTrack";58;false;"Track concept is not present";Static;;;;;;
"Dama (Philippines)";"lineLessOrEqualThanBoardSide";52;false;"Line concept is not present";Static;;;;;;
"Dama (Philippines)";"eachPieceReferenceNotDuplicated";51;false;"The game does not have any piece declared as Each";Static;;;;;;
"Dama (Philippines)";"pieceDeclaredAsEach";81;false;"Ludeme Each for a Piece requires at least one definition of PieceN, with N > 0";Static;;;;;;
"Dama (Philippines)";"pieceDeclaredAsNeutral";52;true;;Static;;;;;;
"Dama (Philippines)";"pieceDeclaredAsShared";55;false;"The game does not have any piece declared as Shared";Static;;;;;;
"Dama (Philippines)";"equalNumberOfPiecesOnTheBoard";53;true;;Static;;;;;;
"Dama (Philippines)";"AllPlayerDeclared";50;true;;Static;;;;;;
"Dama (Philippines)";"sizeOfTrack";62;false;"Track concept is not present";Static;;;;;;
"Damas";"lineLessOrEqualThanBoardSide";135;false;"Line concept is not present";Static;;;;;;
"Damas";"eachPieceReferenceNotDuplicated";122;false;"The game does not have any piece declared as Each";Static;;;;;;
"Damas";"pieceDeclaredAsEach";172;false;"Ludeme Each for a Piece requires at least one definition of PieceN, with N > 0";Static;;;;;;
"Damas";"pieceDeclaredAsNeutral";132;true;;Static;;;;;;
"Damas";"pieceDeclaredAsShared";128;false;"The game does not have any piece declared as Shared";Static;;;;;;
"Damas";"equalNumberOfPiecesOnTheBoard";124;true;;Static;;;;;;
"Damas";"AllPlayerDeclared";130;true;;Static;;;;;;
"Damas";"sizeOfTrack";122;false;"Track concept is not present";Static;;;;;;
"Damenspiel";"lineLessOrEqualThanBoardSide";59;false;"Line concept is not present";Static;;;;;;
"Damenspiel";"eachPieceReferenceNotDuplicated";57;false;"The game does not have any piece declared as Each";Static;;;;;;
"Damenspiel";"pieceDeclaredAsEach";98;false;"Ludeme Each for a Piece requires at least one definition of PieceN, with N > 0";Static;;;;;;
"Damenspiel";"pieceDeclaredAsNeutral";55;true;;Static;;;;;;
"Damenspiel";"pieceDeclaredAsShared";56;false;"The game does not have any piece declared as Shared";Static;;;;;;
"Damenspiel";"equalNumberOfPiecesOnTheBoard";51;true;;Static;;;;;;
"Damenspiel";"AllPlayerDeclared";52;true;;Static;;;;;;
"Damenspiel";"sizeOfTrack";53;false;"Track concept is not present";Static;;;;;;
"Damspel";"lineLessOrEqualThanBoardSide";55;false;"Line concept is not present";Static;;;;;;
"Damspel";"eachPieceReferenceNotDuplicated";53;false;"The game does not have any piece declared as Each";Static;;;;;;
"Damspel";"pieceDeclaredAsEach";92;false;"Ludeme Each for a Piece requires at least one definition of PieceN, with N > 0";Static;;;;;;
"Damspel";"pieceDeclaredAsNeutral";54;true;;Static;;;;;;
"Damspel";"pieceDeclaredAsShared";61;false;"The game does not have any piece declared as Shared";Static;;;;;;
"Damspel";"equalNumberOfPiecesOnTheBoard";56;true;;Static;;;;;;
"Damspel";"AllPlayerDeclared";55;true;;Static;;;;;;
"Damspel";"sizeOfTrack";59;false;"Track concept is not present";Static;;;;;;
"Diagonal Draughts";"lineLessOrEqualThanBoardSide";99;false;"Line concept is not present";Static;;;;;;
"Diagonal Draughts";"eachPieceReferenceNotDuplicated";109;false;"The game does not have any piece declared as Each";Static;;;;;;
"Diagonal Draughts";"pieceDeclaredAsEach";135;false;"Ludeme Each for a Piece requires at least one definition of PieceN, with N > 0";Static;;;;;;
"Diagonal Draughts";"pieceDeclaredAsNeutral";87;true;;Static;;;;;;
"Diagonal Draughts";"pieceDeclaredAsShared";98;false;"The game does not have any piece declared as Shared";Static;;;;;;
"Diagonal Draughts";"equalNumberOfPiecesOnTheBoard";88;true;;Static;;;;;;
"Diagonal Draughts";"AllPlayerDeclared";93;true;;Static;;;;;;
"Diagonal Draughts";"sizeOfTrack";88;false;"Track concept is not present";Static;;;;;;
"Doov";"lineLessOrEqualThanBoardSide";39;false;"Line concept is not present";Static;;;;;;
"Doov";"eachPieceReferenceNotDuplicated";39;false;"The game does not have any piece declared as Each";Static;;;;;;
"Doov";"pieceDeclaredAsEach";69;false;"Ludeme Each for a Piece requires at least one definition of PieceN, with N > 0";Static;;;;;;
"Doov";"pieceDeclaredAsNeutral";39;true;;Static;;;;;;
"Doov";"pieceDeclaredAsShared";43;false;"The game does not have any piece declared as Shared";Static;;;;;;
"Doov";"equalNumberOfPiecesOnTheBoard";37;true;;Static;;;;;;
"Doov";"AllPlayerDeclared";36;true;;Static;;;;;;
"Doov";"sizeOfTrack";40;false;"Track concept is not present";Static;;;;;;
"Dum Blas";"lineLessOrEqualThanBoardSide";86;false;"Line concept is not present";Static;;;;;;
"Dum Blas";"eachPieceReferenceNotDuplicated";85;false;"The game does not have any piece declared as Each";Static;;;;;;
"Dum Blas";"pieceDeclaredAsEach";117;false;"Ludeme Each for a Piece requires at least one definition of PieceN, with N > 0";Static;;;;;;
"Dum Blas";"pieceDeclaredAsNeutral";85;true;;Static;;;;;;
"Dum Blas";"pieceDeclaredAsShared";85;false;"The game does not have any piece declared as Shared";Static;;;;;;
"Dum Blas";"equalNumberOfPiecesOnTheBoard";86;true;;Static;;;;;;
"Dum Blas";"AllPlayerDeclared";94;true;;Static;;;;;;
"Dum Blas";"sizeOfTrack";91;false;"Track concept is not present";Static;;;;;;
"English Draughts";"lineLessOrEqualThanBoardSide";67;false;"Line concept is not present";Static;;;;;;
"English Draughts";"eachPieceReferenceNotDuplicated";58;false;"The game does not have any piece declared as Each";Static;;;;;;
"English Draughts";"pieceDeclaredAsEach";83;false;"Ludeme Each for a Piece requires at least one definition of PieceN, with N > 0";Static;;;;;;
"English Draughts";"pieceDeclaredAsNeutral";56;true;;Static;;;;;;
"English Draughts";"pieceDeclaredAsShared";56;false;"The game does not have any piece declared as Shared";Static;;;;;;
"English Draughts";"equalNumberOfPiecesOnTheBoard";58;true;;Static;;;;;;
"English Draughts";"AllPlayerDeclared";59;true;;Static;;;;;;
"English Draughts";"sizeOfTrack";63;false;"Track concept is not present";Static;;;;;;
"Frisian Draughts";"lineLessOrEqualThanBoardSide";301;false;"Line concept is not present";Static;;;;;;
"Frisian Draughts";"eachPieceReferenceNotDuplicated";302;false;"The game does not have any piece declared as Each";Static;;;;;;
"Frisian Draughts";"pieceDeclaredAsEach";326;false;"Ludeme Each for a Piece requires at least one definition of PieceN, with N > 0";Static;;;;;;
"Frisian Draughts";"pieceDeclaredAsNeutral";297;true;;Static;;;;;;
"Frisian Draughts";"pieceDeclaredAsShared";311;false;"The game does not have any piece declared as Shared";Static;;;;;;
"Frisian Draughts";"equalNumberOfPiecesOnTheBoard";293;true;;Static;;;;;;
"Frisian Draughts";"AllPlayerDeclared";295;true;;Static;;;;;;
"Frisian Draughts";"sizeOfTrack";291;false;"Track concept is not present";Static;;;;;;
"Guerrilla Checkers";"lineLessOrEqualThanBoardSide";72;false;"Line concept is not present";Static;;;;;;
"Guerrilla Checkers";"eachPieceReferenceNotDuplicated";71;false;"The game does not have any piece declared as Each";Static;;;;;;
"Guerrilla Checkers";"pieceDeclaredAsEach";104;false;"The game does not have any piece declared as Each";Static;;;;;;
"Guerrilla Checkers";"pieceDeclaredAsNeutral";78;true;;Static;;;;;;
"Guerrilla Checkers";"pieceDeclaredAsShared";75;false;"The game does not have any piece declared as Shared";Static;;;;;;
"Guerrilla Checkers";"equalNumberOfPiecesOnTheBoard";71;true;;Static;;;;;;
"Guerrilla Checkers";"AllPlayerDeclared";67;true;;Static;;;;;;
"Guerrilla Checkers";"sizeOfTrack";73;false;"Track concept is not present";Static;;;;;;
"International Draughts";"lineLessOrEqualThanBoardSide";84;false;"Line concept is not present";Static;;;;;;
"International Draughts";"eachPieceReferenceNotDuplicated";87;false;"The game does not have any piece declared as Each";Static;;;;;;
"International Draughts";"pieceDeclaredAsEach";114;false;"Ludeme Each for a Piece requires at least one definition of PieceN, with N > 0";Static;;;;;;
"International Draughts";"pieceDeclaredAsNeutral";84;true;;Static;;;;;;
"International Draughts";"pieceDeclaredAsShared";89;false;"The game does not have any piece declared as Shared";Static;;;;;;
"International Draughts";"equalNumberOfPiecesOnTheBoard";85;true;;Static;;;;;;
"International Draughts";"AllPlayerDeclared";89;true;;Static;;;;;;
"International Draughts";"sizeOfTrack";86;false;"Track concept is not present";Static;;;;;;
"Jekab";"lineLessOrEqualThanBoardSide";104;false;"Line concept is not present";Static;;;;;;
"Jekab";"eachPieceReferenceNotDuplicated";102;false;"The game does not have any piece declared as Each";Static;;;;;;
"Jekab";"pieceDeclaredAsEach";139;false;"Ludeme Each for a Piece requires at least one definition of PieceN, with N > 0";Static;;;;;;
"Jekab";"pieceDeclaredAsNeutral";108;true;;Static;;;;;;
"Jekab";"pieceDeclaredAsShared";102;false;"The game does not have any piece declared as Shared";Static;;;;;;
"Jekab";"equalNumberOfPiecesOnTheBoard";103;true;;Static;;;;;;
"Jekab";"AllPlayerDeclared";102;true;;Static;;;;;;
"Jekab";"sizeOfTrack";105;false;"Track concept is not present";Static;;;;;;
"Lasca";"lineLessOrEqualThanBoardSide";108;false;"Line concept is not present";Static;;;;;;
"Lasca";"eachPieceReferenceNotDuplicated";107;false;"The game does not have any piece declared as Each";Static;;;;;;
"Lasca";"pieceDeclaredAsEach";148;false;"Ludeme Each for a Piece requires at least one definition of PieceN, with N > 0";Static;;;;;;
"Lasca";"pieceDeclaredAsNeutral";105;true;;Static;;;;;;
"Lasca";"pieceDeclaredAsShared";104;false;"The game does not have any piece declared as Shared";Static;;;;;;
"Lasca";"equalNumberOfPiecesOnTheBoard";111;true;;Static;;;;;;
"Lasca";"AllPlayerDeclared";109;true;;Static;;;;;;
"Lasca";"sizeOfTrack";111;false;"Track concept is not present";Static;;;;;;
"Main Dam";"lineLessOrEqualThanBoardSide";62;false;"Line concept is not present";Static;;;;;;
"Main Dam";"eachPieceReferenceNotDuplicated";66;false;"The game does not have any piece declared as Each";Static;;;;;;
"Main Dam";"pieceDeclaredAsEach";107;false;"Ludeme Each for a Piece requires at least one definition of PieceN, with N > 0";Static;;;;;;
"Main Dam";"pieceDeclaredAsNeutral";75;true;;Static;;;;;;
"Main Dam";"pieceDeclaredAsShared";64;false;"The game does not have any piece declared as Shared";Static;;;;;;
"Main Dam";"equalNumberOfPiecesOnTheBoard";62;true;;Static;;;;;;
"Main Dam";"AllPlayerDeclared";62;true;;Static;;;;;;
"Main Dam";"sizeOfTrack";62;false;"Track concept is not present";Static;;;;;;
"Makvoer";"lineLessOrEqualThanBoardSide";32;false;"Line concept is not present";Static;;;;;;
"Makvoer";"eachPieceReferenceNotDuplicated";33;false;"The game does not have any piece declared as Each";Static;;;;;;
"Makvoer";"pieceDeclaredAsEach";61;false;"Ludeme Each for a Piece requires at least one definition of PieceN, with N > 0";Static;;;;;;
"Makvoer";"pieceDeclaredAsNeutral";29;true;;Static;;;;;;
"Makvoer";"pieceDeclaredAsShared";33;false;"The game does not have any piece declared as Shared";Static;;;;;;
"Makvoer";"equalNumberOfPiecesOnTheBoard";30;true;;Static;;;;;;
"Makvoer";"AllPlayerDeclared";29;true;;Static;;;;;;
"Makvoer";"sizeOfTrack";30;false;"Track concept is not present";Static;;;;;;
"Maleys";"lineLessOrEqualThanBoardSide";170;false;"Line concept is not present";Static;;;;;;
"Maleys";"eachPieceReferenceNotDuplicated";172;false;"The game does not have any piece declared as Each";Static;;;;;;
"Maleys";"pieceDeclaredAsEach";207;false;"Ludeme Each for a Piece requires at least one definition of PieceN, with N > 0";Static;;;;;;
"Maleys";"pieceDeclaredAsNeutral";167;true;;Static;;;;;;
"Maleys";"pieceDeclaredAsShared";170;false;"The game does not have any piece declared as Shared";Static;;;;;;
"Maleys";"equalNumberOfPiecesOnTheBoard";187;true;;Static;;;;;;
"Maleys";"AllPlayerDeclared";170;true;;Static;;;;;;
"Maleys";"sizeOfTrack";174;false;"Track concept is not present";Static;;;;;;
"Moo";"lineLessOrEqualThanBoardSide";77;false;"Line concept is not present";Static;;;;;;
"Moo";"eachPieceReferenceNotDuplicated";75;false;"The game does not have any piece declared as Each";Static;;;;;;
"Moo";"pieceDeclaredAsEach";111;false;"Ludeme Each for a Piece requires at least one definition of PieceN, with N > 0";Static;;;;;;
"Moo";"pieceDeclaredAsNeutral";77;true;;Static;;;;;;
"Moo";"pieceDeclaredAsShared";77;false;"The game does not have any piece declared as Shared";Static;;;;;;
"Moo";"equalNumberOfPiecesOnTheBoard";78;true;;Static;;;;;;
"Moo";"AllPlayerDeclared";81;true;;Static;;;;;;
"Moo";"sizeOfTrack";77;false;"Track concept is not present";Static;;;;;;
"Pleasant Draughts";"lineLessOrEqualThanBoardSide";56;false;"Line concept is not present";Static;;;;;;
"Pleasant Draughts";"eachPieceReferenceNotDuplicated";52;false;"The game does not have any piece declared as Each";Static;;;;;;
"Pleasant Draughts";"pieceDeclaredAsEach";85;false;"Ludeme Each for a Piece requires at least one definition of PieceN, with N > 0";Static;;;;;;
"Pleasant Draughts";"pieceDeclaredAsNeutral";54;true;;Static;;;;;;
"Pleasant Draughts";"pieceDeclaredAsShared";52;false;"The game does not have any piece declared as Shared";Static;;;;;;
"Pleasant Draughts";"equalNumberOfPiecesOnTheBoard";55;true;;Static;;;;;;
"Pleasant Draughts";"AllPlayerDeclared";61;true;;Static;;;;;;
"Pleasant Draughts";"sizeOfTrack";53;false;"Track concept is not present";Static;;;;;;
"Seesaw Draughts";"lineLessOrEqualThanBoardSide";337;false;"Line concept is not present";Static;;;;;;
"Seesaw Draughts";"eachPieceReferenceNotDuplicated";326;false;"The game does not have any piece declared as Each";Static;;;;;;
"Seesaw Draughts";"pieceDeclaredAsEach";347;false;"The game does not have any piece declared as Each";Static;;;;;;
"Seesaw Draughts";"pieceDeclaredAsNeutral";311;true;;Static;;;;;;
"Seesaw Draughts";"pieceDeclaredAsShared";317;false;"The game does not have any piece declared as Shared";Static;;;;;;
"Seesaw Draughts";"equalNumberOfPiecesOnTheBoard";317;true;;Static;;;;;;
"Seesaw Draughts";"AllPlayerDeclared";332;true;;Static;;;;;;
"Seesaw Draughts";"sizeOfTrack";310;false;"Track concept is not present";Static;;;;;;
"Shashki";"lineLessOrEqualThanBoardSide";104;false;"Line concept is not present";Static;;;;;;
"Shashki";"eachPieceReferenceNotDuplicated";100;false;"The game does not have any piece declared as Each";Static;;;;;;
"Shashki";"pieceDeclaredAsEach";158;false;"Ludeme Each for a Piece requires at least one definition of PieceN, with N > 0";Static;;;;;;
"Shashki";"pieceDeclaredAsNeutral";101;true;;Static;;;;;;
"Shashki";"pieceDeclaredAsShared";96;false;"The game does not have any piece declared as Shared";Static;;;;;;
"Shashki";"equalNumberOfPiecesOnTheBoard";95;true;;Static;;;;;;
"Shashki";"AllPlayerDeclared";100;true;;Static;;;;;;
"Shashki";"sizeOfTrack";98;false;"Track concept is not present";Static;;;;;;
"The Babylonian";"lineLessOrEqualThanBoardSide";82;false;"Line concept is not present";Static;;;;;;
"The Babylonian";"eachPieceReferenceNotDuplicated";84;false;"The game does not have any piece declared as Each";Static;;;;;;
"The Babylonian";"pieceDeclaredAsEach";118;true;;Static;;;;;;
"The Babylonian";"pieceDeclaredAsNeutral";86;true;;Static;;;;;;
"The Babylonian";"pieceDeclaredAsShared";84;false;"The game does not have any piece declared as Shared";Static;;;;;;
"The Babylonian";"equalNumberOfPiecesOnTheBoard";102;true;;Static;;;;;;
"The Babylonian";"AllPlayerDeclared";85;true;;Static;;;;;;
"The Babylonian";"sizeOfTrack";81;false;"Track concept is not present";Static;;;;;;
"Unnamed Dutch Draughts Game";"lineLessOrEqualThanBoardSide";119;false;"Line concept is not present";Static;;;;;;
"Unnamed Dutch Draughts Game";"eachPieceReferenceNotDuplicated";129;false;"The game does not have any piece declared as Each";Static;;;;;;
"Unnamed Dutch Draughts Game";"pieceDeclaredAsEach";144;false;"Ludeme Each for a Piece requires at least one definition of PieceN, with N > 0";Static;;;;;;
"Unnamed Dutch Draughts Game";"pieceDeclaredAsNeutral";120;true;;Static;;;;;;
"Unnamed Dutch Draughts Game";"pieceDeclaredAsShared";117;false;"The game does not have any piece declared as Shared";Static;;;;;;
"Unnamed Dutch Draughts Game";"equalNumberOfPiecesOnTheBoard";118;true;;Static;;;;;;
"Unnamed Dutch Draughts Game";"AllPlayerDeclared";119;true;;Static;;;;;;
"Unnamed Dutch Draughts Game";"sizeOfTrack";122;false;"Track concept is not present";Static;;;;;;
"Ahtarah Guti";"lineLessOrEqualThanBoardSide";49;false;"Line concept is not present";Static;;;;;;
"Ahtarah Guti";"eachPieceReferenceNotDuplicated";50;false;"The game does not have any piece declared as Each";Static;;;;;;
"Ahtarah Guti";"pieceDeclaredAsEach";72;true;;Static;;;;;;
"Ahtarah Guti";"pieceDeclaredAsNeutral";38;true;;Static;;;;;;
"Ahtarah Guti";"pieceDeclaredAsShared";34;false;"The game does not have any piece declared as Shared";Static;;;;;;
"Ahtarah Guti";"equalNumberOfPiecesOnTheBoard";34;true;;Static;;;;;;
"Ahtarah Guti";"AllPlayerDeclared";38;true;;Static;;;;;;
"Ahtarah Guti";"sizeOfTrack";35;false;"Track concept is not present";Static;;;;;;
"Alquerque";"lineLessOrEqualThanBoardSide";19;false;"Line concept is not present";Static;;;;;;
"Alquerque";"eachPieceReferenceNotDuplicated";18;false;"The game does not have any piece declared as Each";Static;;;;;;
"Alquerque";"pieceDeclaredAsEach";51;true;;Static;;;;;;
"Alquerque";"pieceDeclaredAsNeutral";19;true;;Static;;;;;;
"Alquerque";"pieceDeclaredAsShared";23;false;"The game does not have any piece declared as Shared";Static;;;;;;
"Alquerque";"equalNumberOfPiecesOnTheBoard";31;true;;Static;;;;;;
"Alquerque";"AllPlayerDeclared";21;true;;Static;;;;;;
"Alquerque";"sizeOfTrack";21;false;"Track concept is not present";Static;;;;;;
"Awithlaknan Mosona";"lineLessOrEqualThanBoardSide";21;false;"Line concept is not present";Static;;;;;;
"Awithlaknan Mosona";"eachPieceReferenceNotDuplicated";18;false;"The game does not have any piece declared as Each";Static;;;;;;
"Awithlaknan Mosona";"pieceDeclaredAsEach";48;true;;Static;;;;;;
"Awithlaknan Mosona";"pieceDeclaredAsNeutral";15;true;;Static;;;;;;
"Awithlaknan Mosona";"pieceDeclaredAsShared";17;false;"The game does not have any piece declared as Shared";Static;;;;;;
"Awithlaknan Mosona";"equalNumberOfPiecesOnTheBoard";18;true;;Static;;;;;;
"Awithlaknan Mosona";"AllPlayerDeclared";22;true;;Static;;;;;;
"Awithlaknan Mosona";"sizeOfTrack";17;false;"Track concept is not present";Static;;;;;;
"Bara Guti (Bihar)";"lineLessOrEqualThanBoardSide";26;false;"Line concept is not present";Static;;;;;;
"Bara Guti (Bihar)";"eachPieceReferenceNotDuplicated";23;false;"The game does not have any piece declared as Each";Static;;;;;;
"Bara Guti (Bihar)";"pieceDeclaredAsEach";66;true;;Static;;;;;;
"Bara Guti (Bihar)";"pieceDeclaredAsNeutral";16;true;;Static;;;;;;
"Bara Guti (Bihar)";"pieceDeclaredAsShared";14;false;"The game does not have any piece declared as Shared";Static;;;;;;
"Bara Guti (Bihar)";"equalNumberOfPiecesOnTheBoard";18;true;;Static;;;;;;
"Bara Guti (Bihar)";"AllPlayerDeclared";20;true;;Static;;;;;;
"Bara Guti (Bihar)";"sizeOfTrack";19;false;"Track concept is not present";Static;;;;;;
"Bara Guti";"lineLessOrEqualThanBoardSide";20;false;"Line concept is not present";Static;;;;;;
"Bara Guti";"eachPieceReferenceNotDuplicated";26;false;"The game does not have any piece declared as Each";Static;;;;;;
"Bara Guti";"pieceDeclaredAsEach";68;true;;Static;;;;;;
"Bara Guti";"pieceDeclaredAsNeutral";22;true;;Static;;;;;;
"Bara Guti";"pieceDeclaredAsShared";20;false;"The game does not have any piece declared as Shared";Static;;;;;;
"Bara Guti";"equalNumberOfPiecesOnTheBoard";18;true;;Static;;;;;;
"Bara Guti";"AllPlayerDeclared";19;true;;Static;;;;;;
"Bara Guti";"sizeOfTrack";21;false;"Track concept is not present";Static;;;;;;
"Bis Gutiya";"lineLessOrEqualThanBoardSide";38;false;"Line concept is not present";Static;;;;;;
"Bis Gutiya";"eachPieceReferenceNotDuplicated";33;false;"The game does not have any piece declared as Each";Static;;;;;;
"Bis Gutiya";"pieceDeclaredAsEach";57;true;;Static;;;;;;
"Bis Gutiya";"pieceDeclaredAsNeutral";32;true;;Static;;;;;;
"Bis Gutiya";"pieceDeclaredAsShared";35;false;"The game does not have any piece declared as Shared";Static;;;;;;
"Bis Gutiya";"equalNumberOfPiecesOnTheBoard";25;true;;Static;;;;;;
"Bis Gutiya";"AllPlayerDeclared";25;true;;Static;;;;;;
"Bis Gutiya";"sizeOfTrack";27;false;"Track concept is not present";Static;;;;;;
"Buudal";"lineLessOrEqualThanBoardSide";11;false;"Line concept is not present";Static;;;;;;
"Buudal";"eachPieceReferenceNotDuplicated";10;false;"The game does not have any piece declared as Each";Static;;;;;;
"Buudal";"pieceDeclaredAsEach";43;false;"Ludeme Each for a Piece requires at least one definition of PieceN, with N > 0";Static;;;;;;
"Buudal";"pieceDeclaredAsNeutral";13;true;;Static;;;;;;
"Buudal";"pieceDeclaredAsShared";12;false;"The game does not have any piece declared as Shared";Static;;;;;;
"Buudal";"equalNumberOfPiecesOnTheBoard";12;true;;Static;;;;;;
"Buudal";"AllPlayerDeclared";10;true;;Static;;;;;;
"Buudal";"sizeOfTrack";10;false;"Track concept is not present";Static;;;;;;
"Challis Ghutia (Titagarh)";"lineLessOrEqualThanBoardSide";53;false;"Line concept is not present";Static;;;;;;
"Challis Ghutia (Titagarh)";"eachPieceReferenceNotDuplicated";49;false;"The game does not have any piece declared as Each";Static;;;;;;
"Challis Ghutia (Titagarh)";"pieceDeclaredAsEach";84;true;;Static;;;;;;
"Challis Ghutia (Titagarh)";"pieceDeclaredAsNeutral";46;true;;Static;;;;;;
"Challis Ghutia (Titagarh)";"pieceDeclaredAsShared";47;false;"The game does not have any piece declared as Shared";Static;;;;;;
"Challis Ghutia (Titagarh)";"equalNumberOfPiecesOnTheBoard";45;true;;Static;;;;;;
"Challis Ghutia (Titagarh)";"AllPlayerDeclared";47;true;;Static;;;;;;
"Challis Ghutia (Titagarh)";"sizeOfTrack";56;false;"Track concept is not present";Static;;;;;;
"Claim Jumpers";"lineLessOrEqualThanBoardSide";61;false;"Line concept is not present";Static;;;;;;
"Claim Jumpers";"eachPieceReferenceNotDuplicated";61;false;"The game does not have any piece declared as Each";Static;;;;;;
"Claim Jumpers";"pieceDeclaredAsEach";99;false;"Ludeme Each for a Piece requires at least one definition of PieceN, with N > 0";Static;;;;;;
"Claim Jumpers";"pieceDeclaredAsNeutral";62;true;;Static;;;;;;
"Claim Jumpers";"pieceDeclaredAsShared";59;false;"The game does not have any piece declared as Shared";Static;;;;;;
"Claim Jumpers";"equalNumberOfPiecesOnTheBoard";58;true;;Static;;;;;;
"Claim Jumpers";"AllPlayerDeclared";58;true;;Static;;;;;;
"Claim Jumpers";"sizeOfTrack";62;false;"Track concept is not present";Static;;;;;;
"Crand";"lineLessOrEqualThanBoardSide";36;false;"Line concept is not present";Static;;;;;;
"Crand";"eachPieceReferenceNotDuplicated";33;false;"The game does not have any piece declared as Each";Static;;;;;;
"Crand";"pieceDeclaredAsEach";64;false;"Ludeme Each for a Piece requires at least one definition of PieceN, with N > 0";Static;;;;;;
"Crand";"pieceDeclaredAsNeutral";31;true;;Static;;;;;;
"Crand";"pieceDeclaredAsShared";33;false;"The game does not have any piece declared as Shared";Static;;;;;;
"Crand";"equalNumberOfPiecesOnTheBoard";33;true;;Static;;;;;;
"Crand";"AllPlayerDeclared";29;true;;Static;;;;;;
"Crand";"sizeOfTrack";30;false;"Track concept is not present";Static;;;;;;
"Dablot Prejjesne";"lineLessOrEqualThanBoardSide";94;false;"Line concept is not present";Static;;;;;;
"Dablot Prejjesne";"eachPieceReferenceNotDuplicated";101;false;"The game does not have any piece declared as Each";Static;;;;;;
"Dablot Prejjesne";"pieceDeclaredAsEach";132;true;;Static;;;;;;
"Dablot Prejjesne";"pieceDeclaredAsNeutral";97;true;;Static;;;;;;
"Dablot Prejjesne";"pieceDeclaredAsShared";90;false;"The game does not have any piece declared as Shared";Static;;;;;;
"Dablot Prejjesne";"equalNumberOfPiecesOnTheBoard";91;true;;Static;;;;;;
"Dablot Prejjesne";"AllPlayerDeclared";108;true;;Static;;;;;;
"Dablot Prejjesne";"sizeOfTrack";109;false;"Track concept is not present";Static;;;;;;
"Dam (Singapore)";"lineLessOrEqualThanBoardSide";26;false;"Line concept is not present";Static;;;;;;
"Dam (Singapore)";"eachPieceReferenceNotDuplicated";23;false;"The game does not have any piece declared as Each";Static;;;;;;
"Dam (Singapore)";"pieceDeclaredAsEach";52;true;;Static;;;;;;
"Dam (Singapore)";"pieceDeclaredAsNeutral";21;true;;Static;;;;;;
"Dam (Singapore)";"pieceDeclaredAsShared";20;false;"The game does not have any piece declared as Shared";Static;;;;;;
"Dam (Singapore)";"equalNumberOfPiecesOnTheBoard";23;true;;Static;;;;;;
"Dam (Singapore)";"AllPlayerDeclared";30;true;;Static;;;;;;
"Dam (Singapore)";"sizeOfTrack";24;false;"Track concept is not present";Static;;;;;;
"Dam Hariman";"lineLessOrEqualThanBoardSide";40;false;"Line concept is not present";Static;;;;;;
"Dam Hariman";"eachPieceReferenceNotDuplicated";34;false;"The game does not have any piece declared as Each";Static;;;;;;
"Dam Hariman";"pieceDeclaredAsEach";73;true;;Static;;;;;;
"Dam Hariman";"pieceDeclaredAsNeutral";33;true;;Static;;;;;;
"Dam Hariman";"pieceDeclaredAsShared";34;false;"The game does not have any piece declared as Shared";Static;;;;;;
"Dam Hariman";"equalNumberOfPiecesOnTheBoard";36;true;;Static;;;;;;
"Dam Hariman";"AllPlayerDeclared";34;true;;Static;;;;;;
"Dam Hariman";"sizeOfTrack";40;false;"Track concept is not present";Static;;;;;;
"Dama (Alquerque)";"lineLessOrEqualThanBoardSide";44;false;"Line concept is not present";Static;;;;;;
"Dama (Alquerque)";"eachPieceReferenceNotDuplicated";42;false;"The game does not have any piece declared as Each";Static;;;;;;
"Dama (Alquerque)";"pieceDeclaredAsEach";80;false;"Ludeme Each for a Piece requires at least one definition of PieceN, with N > 0";Static;;;;;;
"Dama (Alquerque)";"pieceDeclaredAsNeutral";43;true;;Static;;;;;;
"Dama (Alquerque)";"pieceDeclaredAsShared";49;false;"The game does not have any piece declared as Shared";Static;;;;;;
"Dama (Alquerque)";"equalNumberOfPiecesOnTheBoard";45;true;;Static;;;;;;
"Dama (Alquerque)";"AllPlayerDeclared";43;true;;Static;;;;;;
"Dama (Alquerque)";"sizeOfTrack";44;false;"Track concept is not present";Static;;;;;;
"Dash Guti";"lineLessOrEqualThanBoardSide";20;false;"Line concept is not present";Static;;;;;;
"Dash Guti";"eachPieceReferenceNotDuplicated";16;false;"The game does not have any piece declared as Each";Static;;;;;;
"Dash Guti";"pieceDeclaredAsEach";49;true;;Static;;;;;;
"Dash Guti";"pieceDeclaredAsNeutral";17;true;;Static;;;;;;
"Dash Guti";"pieceDeclaredAsShared";16;false;"The game does not have any piece declared as Shared";Static;;;;;;
"Dash Guti";"equalNumberOfPiecesOnTheBoard";18;true;;Static;;;;;;
"Dash Guti";"AllPlayerDeclared";15;true;;Static;;;;;;
"Dash Guti";"sizeOfTrack";14;false;"Track concept is not present";Static;;;;;;
"Egara Guti";"lineLessOrEqualThanBoardSide";14;false;"Line concept is not present";Static;;;;;;
"Egara Guti";"eachPieceReferenceNotDuplicated";13;false;"The game does not have any piece declared as Each";Static;;;;;;
"Egara Guti";"pieceDeclaredAsEach";52;true;;Static;;;;;;
"Egara Guti";"pieceDeclaredAsNeutral";14;true;;Static;;;;;;
"Egara Guti";"pieceDeclaredAsShared";14;false;"The game does not have any piece declared as Shared";Static;;;;;;
"Egara Guti";"equalNumberOfPiecesOnTheBoard";14;true;;Static;;;;;;
"Egara Guti";"AllPlayerDeclared";13;true;;Static;;;;;;
"Egara Guti";"sizeOfTrack";20;false;"Track concept is not present";Static;;;;;;
"Ethiopian Capture Game";"lineLessOrEqualThanBoardSide";28;false;"Line concept is not present";Static;;;;;;
"Ethiopian Capture Game";"eachPieceReferenceNotDuplicated";18;false;"The game does not have any piece declared as Each";Static;;;;;;
"Ethiopian Capture Game";"pieceDeclaredAsEach";48;true;;Static;;;;;;
"Ethiopian Capture Game";"pieceDeclaredAsNeutral";17;true;;Static;;;;;;
"Ethiopian Capture Game";"pieceDeclaredAsShared";17;false;"The game does not have any piece declared as Shared";Static;;;;;;
"Ethiopian Capture Game";"equalNumberOfPiecesOnTheBoard";20;true;;Static;;;;;;
"Ethiopian Capture Game";"AllPlayerDeclared";18;true;;Static;;;;;;
"Ethiopian Capture Game";"sizeOfTrack";17;false;"Track concept is not present";Static;;;;;;
"Felli";"lineLessOrEqualThanBoardSide";23;false;"Line concept is not present";Static;;;;;;
"Felli";"eachPieceReferenceNotDuplicated";26;false;"The game does not have any piece declared as Each";Static;;;;;;
"Felli";"pieceDeclaredAsEach";60;false;"Ludeme Each for a Piece requires at least one definition of PieceN, with N > 0";Static;;;;;;
"Felli";"pieceDeclaredAsNeutral";26;true;;Static;;;;;;
"Felli";"pieceDeclaredAsShared";24;false;"The game does not have any piece declared as Shared";Static;;;;;;
"Felli";"equalNumberOfPiecesOnTheBoard";25;true;;Static;;;;;;
"Felli";"AllPlayerDeclared";27;true;;Static;;;;;;
"Felli";"sizeOfTrack";26;false;"Track concept is not present";Static;;;;;;
"Fetach";"lineLessOrEqualThanBoardSide";26;false;"Line concept is not present";Static;;;;;;
"Fetach";"eachPieceReferenceNotDuplicated";27;false;"The game does not have any piece declared as Each";Static;;;;;;
"Fetach";"pieceDeclaredAsEach";56;false;"Ludeme Each for a Piece requires at least one definition of PieceN, with N > 0";Static;;;;;;
"Fetach";"pieceDeclaredAsNeutral";27;true;;Static;;;;;;
"Fetach";"pieceDeclaredAsShared";28;false;"The game does not have any piece declared as Shared";Static;;;;;;
"Fetach";"equalNumberOfPiecesOnTheBoard";26;true;;Static;;;;;;
"Fetach";"AllPlayerDeclared";27;true;;Static;;;;;;
"Fetach";"sizeOfTrack";27;false;"Track concept is not present";Static;;;;;;
"Game of Solomon";"lineLessOrEqualThanBoardSide";38;false;"Line concept is not present";Static;;;;;;
"Game of Solomon";"eachPieceReferenceNotDuplicated";43;false;"The game does not have any piece declared as Each";Static;;;;;;
"Game of Solomon";"pieceDeclaredAsEach";70;false;"Ludeme Each for a Piece requires at least one definition of PieceN, with N > 0";Static;;;;;;
"Game of Solomon";"pieceDeclaredAsNeutral";33;true;;Static;;;;;;
"Game of Solomon";"pieceDeclaredAsShared";31;false;"The game does not have any piece declared as Shared";Static;;;;;;
"Game of Solomon";"equalNumberOfPiecesOnTheBoard";40;true;;Static;;;;;;
"Game of Solomon";"AllPlayerDeclared";40;true;;Static;;;;;;
"Game of Solomon";"sizeOfTrack";36;false;"Track concept is not present";Static;;;;;;
"Gol Ekuish";"lineLessOrEqualThanBoardSide";19;false;"Line concept is not present";Static;;;;;;
"Gol Ekuish";"eachPieceReferenceNotDuplicated";15;false;"The game does not have any piece declared as Each";Static;;;;;;
"Gol Ekuish";"pieceDeclaredAsEach";48;true;;Static;;;;;;
"Gol Ekuish";"pieceDeclaredAsNeutral";14;true;;Static;;;;;;
"Gol Ekuish";"pieceDeclaredAsShared";14;false;"The game does not have any piece declared as Shared";Static;;;;;;
"Gol Ekuish";"equalNumberOfPiecesOnTheBoard";19;true;;Static;;;;;;
"Gol Ekuish";"AllPlayerDeclared";19;true;;Static;;;;;;
"Gol Ekuish";"sizeOfTrack";19;false;"Track concept is not present";Static;;;;;;
"Hewakam Keliya";"lineLessOrEqualThanBoardSide";46;false;"Line concept is not present";Static;;;;;;
"Hewakam Keliya";"eachPieceReferenceNotDuplicated";44;false;"The game does not have any piece declared as Each";Static;;;;;;
"Hewakam Keliya";"pieceDeclaredAsEach";72;true;;Static;;;;;;
"Hewakam Keliya";"pieceDeclaredAsNeutral";32;true;;Static;;;;;;
"Hewakam Keliya";"pieceDeclaredAsShared";39;false;"The game does not have any piece declared as Shared";Static;;;;;;
"Hewakam Keliya";"equalNumberOfPiecesOnTheBoard";34;true;;Static;;;;;;
"Hewakam Keliya";"AllPlayerDeclared";32;true;;Static;;;;;;
"Hewakam Keliya";"sizeOfTrack";33;false;"Track concept is not present";Static;;;;;;
"Kaua Dorki";"lineLessOrEqualThanBoardSide";11;false;"Line concept is not present";Static;;;;;;
"Kaua Dorki";"eachPieceReferenceNotDuplicated";11;false;"The game does not have any piece declared as Each";Static;;;;;;
"Kaua Dorki";"pieceDeclaredAsEach";41;true;;Static;;;;;;
"Kaua Dorki";"pieceDeclaredAsNeutral";10;true;;Static;;;;;;
"Kaua Dorki";"pieceDeclaredAsShared";10;false;"The game does not have any piece declared as Shared";Static;;;;;;
"Kaua Dorki";"equalNumberOfPiecesOnTheBoard";9;true;;Static;;;;;;
"Kaua Dorki";"AllPlayerDeclared";10;true;;Static;;;;;;
"Kaua Dorki";"sizeOfTrack";14;false;"Track concept is not present";Static;;;;;;
"Kharbaga";"lineLessOrEqualThanBoardSide";29;false;"Line concept is not present";Static;;;;;;
"Kharbaga";"eachPieceReferenceNotDuplicated";32;false;"The game does not have any piece declared as Each";Static;;;;;;
"Kharbaga";"pieceDeclaredAsEach";60;false;"Ludeme Each for a Piece requires at least one definition of PieceN, with N > 0";Static;;;;;;
"Kharbaga";"pieceDeclaredAsNeutral";30;true;;Static;;;;;;
"Kharbaga";"pieceDeclaredAsShared";31;false;"The game does not have any piece declared as Shared";Static;;;;;;
"Kharbaga";"equalNumberOfPiecesOnTheBoard";28;true;;Static;;;;;;
"Kharbaga";"AllPlayerDeclared";27;true;;Static;;;;;;
"Kharbaga";"sizeOfTrack";29;false;"Track concept is not present";Static;;;;;;
"Kharberg";"lineLessOrEqualThanBoardSide";47;false;"Line concept is not present";Static;;;;;;
"Kharberg";"eachPieceReferenceNotDuplicated";45;false;"The game does not have any piece declared as Each";Static;;;;;;
"Kharberg";"pieceDeclaredAsEach";82;false;"Ludeme Each for a Piece requires at least one definition of PieceN, with N > 0";Static;;;;;;
"Kharberg";"pieceDeclaredAsNeutral";51;true;;Static;;;;;;
"Kharberg";"pieceDeclaredAsShared";48;false;"The game does not have any piece declared as Shared";Static;;;;;;
"Kharberg";"equalNumberOfPiecesOnTheBoard";48;true;;Static;;;;;;
"Kharberg";"AllPlayerDeclared";46;true;;Static;;;;;;
"Kharberg";"sizeOfTrack";49;false;"Track concept is not present";Static;;;;;;
"Kolowis Awithlaknannai";"lineLessOrEqualThanBoardSide";29;false;"Line concept is not present";Static;;;;;;
"Kolowis Awithlaknannai";"eachPieceReferenceNotDuplicated";23;false;"The game does not have any piece declared as Each";Static;;;;;;
"Kolowis Awithlaknannai";"pieceDeclaredAsEach";54;true;;Static;;;;;;
"Kolowis Awithlaknannai";"pieceDeclaredAsNeutral";27;true;;Static;;;;;;
"Kolowis Awithlaknannai";"pieceDeclaredAsShared";24;false;"The game does not have any piece declared as Shared";Static;;;;;;
"Kolowis Awithlaknannai";"equalNumberOfPiecesOnTheBoard";24;true;;Static;;;;;;
"Kolowis Awithlaknannai";"AllPlayerDeclared";25;true;;Static;;;;;;
"Kolowis Awithlaknannai";"sizeOfTrack";27;false;"Track concept is not present";Static;;;;;;
"Kotu Ellima";"lineLessOrEqualThanBoardSide";25;false;"Line concept is not present";Static;;;;;;
"Kotu Ellima";"eachPieceReferenceNotDuplicated";31;false;"The game does not have any piece declared as Each";Static;;;;;;
"Kotu Ellima";"pieceDeclaredAsEach";64;true;;Static;;;;;;
"Kotu Ellima";"pieceDeclaredAsNeutral";24;true;;Static;;;;;;
"Kotu Ellima";"pieceDeclaredAsShared";24;false;"The game does not have any piece declared as Shared";Static;;;;;;
"Kotu Ellima";"equalNumberOfPiecesOnTheBoard";26;true;;Static;;;;;;
"Kotu Ellima";"AllPlayerDeclared";26;true;;Static;;;;;;
"Kotu Ellima";"sizeOfTrack";29;false;"Track concept is not present";Static;;;;;;
"La Dama";"lineLessOrEqualThanBoardSide";40;false;"Line concept is not present";Static;;;;;;
"La Dama";"eachPieceReferenceNotDuplicated";40;false;"The game does not have any piece declared as Each";Static;;;;;;
"La Dama";"pieceDeclaredAsEach";77;false;"Ludeme Each for a Piece requires at least one definition of PieceN, with N > 0";Static;;;;;;
"La Dama";"pieceDeclaredAsNeutral";38;true;;Static;;;;;;
"La Dama";"pieceDeclaredAsShared";38;false;"The game does not have any piece declared as Shared";Static;;;;;;
"La Dama";"equalNumberOfPiecesOnTheBoard";40;true;;Static;;;;;;
"La Dama";"AllPlayerDeclared";37;true;;Static;;;;;;
"La Dama";"sizeOfTrack";39;false;"Track concept is not present";Static;;;;;;
"Lam Pusri";"lineLessOrEqualThanBoardSide";43;false;"Line concept is not present";Static;;;;;;
"Lam Pusri";"eachPieceReferenceNotDuplicated";41;false;"The game does not have any piece declared as Each";Static;;;;;;
"Lam Pusri";"pieceDeclaredAsEach";83;true;;Static;;;;;;
"Lam Pusri";"pieceDeclaredAsNeutral";36;true;;Static;;;;;;
"Lam Pusri";"pieceDeclaredAsShared";35;false;"The game does not have any piece declared as Shared";Static;;;;;;
"Lam Pusri";"equalNumberOfPiecesOnTheBoard";36;true;;Static;;;;;;
"Lam Pusri";"AllPlayerDeclared";38;true;;Static;;;;;;
"Lam Pusri";"sizeOfTrack";35;false;"Track concept is not present";Static;;;;;;
"Lau Kata Kati";"lineLessOrEqualThanBoardSide";10;false;"Line concept is not present";Static;;;;;;
"Lau Kata Kati";"eachPieceReferenceNotDuplicated";11;false;"The game does not have any piece declared as Each";Static;;;;;;
"Lau Kata Kati";"pieceDeclaredAsEach";42;true;;Static;;;;;;
"Lau Kata Kati";"pieceDeclaredAsNeutral";11;true;;Static;;;;;;
"Lau Kata Kati";"pieceDeclaredAsShared";13;false;"The game does not have any piece declared as Shared";Static;;;;;;
"Lau Kata Kati";"equalNumberOfPiecesOnTheBoard";12;true;;Static;;;;;;
"Lau Kata Kati";"AllPlayerDeclared";11;true;;Static;;;;;;
"Lau Kata Kati";"sizeOfTrack";13;false;"Track concept is not present";Static;;;;;;
"Meurimueng-rimueng Peuet Ploh";"lineLessOrEqualThanBoardSide";59;false;"Line concept is not present";Static;;;;;;
"Meurimueng-rimueng Peuet Ploh";"eachPieceReferenceNotDuplicated";65;false;"The game does not have any piece declared as Each";Static;;;;;;
"Meurimueng-rimueng Peuet Ploh";"pieceDeclaredAsEach";100;true;;Static;;;;;;
"Meurimueng-rimueng Peuet Ploh";"pieceDeclaredAsNeutral";57;true;;Static;;;;;;
"Meurimueng-rimueng Peuet Ploh";"pieceDeclaredAsShared";58;false;"The game does not have any piece declared as Shared";Static;;;;;;
"Meurimueng-rimueng Peuet Ploh";"equalNumberOfPiecesOnTheBoard";56;true;;Static;;;;;;
"Meurimueng-rimueng Peuet Ploh";"AllPlayerDeclared";60;true;;Static;;;;;;
"Meurimueng-rimueng Peuet Ploh";"sizeOfTrack";64;false;"Track concept is not present";Static;;;;;;
"Mogul Putt'han";"lineLessOrEqualThanBoardSide";35;false;"Line concept is not present";Static;;;;;;
"Mogul Putt'han";"eachPieceReferenceNotDuplicated";34;false;"The game does not have any piece declared as Each";Static;;;;;;
"Mogul Putt'han";"pieceDeclaredAsEach";67;true;;Static;;;;;;
"Mogul Putt'han";"pieceDeclaredAsNeutral";37;true;;Static;;;;;;
"Mogul Putt'han";"pieceDeclaredAsShared";35;false;"The game does not have any piece declared as Shared";Static;;;;;;
"Mogul Putt'han";"equalNumberOfPiecesOnTheBoard";34;true;;Static;;;;;;
"Mogul Putt'han";"AllPlayerDeclared";39;true;;Static;;;;;;
"Mogul Putt'han";"sizeOfTrack";41;false;"Track concept is not present";Static;;;;;;
"Mughal Pathan";"lineLessOrEqualThanBoardSide";37;false;"Line concept is not present";Static;;;;;;
"Mughal Pathan";"eachPieceReferenceNotDuplicated";37;false;"The game does not have any piece declared as Each";Static;;;;;;
"Mughal Pathan";"pieceDeclaredAsEach";70;true;;Static;;;;;;
"Mughal Pathan";"pieceDeclaredAsNeutral";35;true;;Static;;;;;;
"Mughal Pathan";"pieceDeclaredAsShared";37;false;"The game does not have any piece declared as Shared";Static;;;;;;
"Mughal Pathan";"equalNumberOfPiecesOnTheBoard";35;true;;Static;;;;;;
"Mughal Pathan";"AllPlayerDeclared";37;true;;Static;;;;;;
"Mughal Pathan";"sizeOfTrack";50;false;"Track concept is not present";Static;;;;;;
"Nei-Pat-Kono";"lineLessOrEqualThanBoardSide";13;false;"Line concept is not present";Static;;;;;;
"Nei-Pat-Kono";"eachPieceReferenceNotDuplicated";17;false;"The game does not have any piece declared as Each";Static;;;;;;
"Nei-Pat-Kono";"pieceDeclaredAsEach";45;true;;Static;;;;;;
"Nei-Pat-Kono";"pieceDeclaredAsNeutral";11;true;;Static;;;;;;
"Nei-Pat-Kono";"pieceDeclaredAsShared";12;false;"The game does not have any piece declared as Shared";Static;;;;;;
"Nei-Pat-Kono";"equalNumberOfPiecesOnTheBoard";12;true;;Static;;;;;;
"Nei-Pat-Kono";"AllPlayerDeclared";12;true;;Static;;;;;;
"Nei-Pat-Kono";"sizeOfTrack";12;false;"Track concept is not present";Static;;;;;;
"Padaivettu";"lineLessOrEqualThanBoardSide";30;false;"Line concept is not present";Static;;;;;;
"Padaivettu";"eachPieceReferenceNotDuplicated";32;false;"The game does not have any piece declared as Each";Static;;;;;;
"Padaivettu";"pieceDeclaredAsEach";57;true;;Static;;;;;;
"Padaivettu";"pieceDeclaredAsNeutral";22;true;;Static;;;;;;
"Padaivettu";"pieceDeclaredAsShared";25;false;"The game does not have any piece declared as Shared";Static;;;;;;
"Padaivettu";"equalNumberOfPiecesOnTheBoard";24;true;;Static;;;;;;
"Padaivettu";"AllPlayerDeclared";25;true;;Static;;;;;;
"Padaivettu";"sizeOfTrack";23;false;"Track concept is not present";Static;;;;;;
"Pam Pait";"lineLessOrEqualThanBoardSide";23;false;"Line concept is not present";Static;;;;;;
"Pam Pait";"eachPieceReferenceNotDuplicated";20;false;"The game does not have any piece declared as Each";Static;;;;;;
"Pam Pait";"pieceDeclaredAsEach";52;true;;Static;;;;;;
"Pam Pait";"pieceDeclaredAsNeutral";24;true;;Static;;;;;;
"Pam Pait";"pieceDeclaredAsShared";21;false;"The game does not have any piece declared as Shared";Static;;;;;;
"Pam Pait";"equalNumberOfPiecesOnTheBoard";19;true;;Static;;;;;;
"Pam Pait";"AllPlayerDeclared";19;true;;Static;;;;;;
"Pam Pait";"sizeOfTrack";21;false;"Track concept is not present";Static;;;;;;
"Pasang";"lineLessOrEqualThanBoardSide";67;false;"Line concept is not present";Static;;;;;;
"Pasang";"eachPieceReferenceNotDuplicated";62;false;"The game does not have any piece declared as Each";Static;;;;;;
"Pasang";"pieceDeclaredAsEach";92;false;"The game does not have any piece declared as Each";Static;;;;;;
"Pasang";"pieceDeclaredAsNeutral";59;true;;Static;;;;;;
"Pasang";"pieceDeclaredAsShared";60;true;;Static;;;;;;
"Pasang";"equalNumberOfPiecesOnTheBoard";65;true;;Static;;;;;;
"Pasang";"AllPlayerDeclared";61;true;;Static;;;;;;
"Pasang";"sizeOfTrack";73;false;"Track concept is not present";Static;;;;;;
"Peralikatuma";"lineLessOrEqualThanBoardSide";41;false;"Line concept is not present";Static;;;;;;
"Peralikatuma";"eachPieceReferenceNotDuplicated";39;false;"The game does not have any piece declared as Each";Static;;;;;;
"Peralikatuma";"pieceDeclaredAsEach";70;true;;Static;;;;;;
"Peralikatuma";"pieceDeclaredAsNeutral";38;true;;Static;;;;;;
"Peralikatuma";"pieceDeclaredAsShared";38;false;"The game does not have any piece declared as Shared";Static;;;;;;
"Peralikatuma";"equalNumberOfPiecesOnTheBoard";40;true;;Static;;;;;;
"Peralikatuma";"AllPlayerDeclared";40;true;;Static;;;;;;
"Peralikatuma";"sizeOfTrack";42;false;"Track concept is not present";Static;;;;;;
"Permainan-Tabal";"lineLessOrEqualThanBoardSide";73;false;"Line concept is not present";Static;;;;;;
"Permainan-Tabal";"eachPieceReferenceNotDuplicated";76;false;"The game does not have any piece declared as Each";Static;;;;;;
"Permainan-Tabal";"pieceDeclaredAsEach";99;false;"Ludeme Each for a Piece requires at least one definition of PieceN, with N > 0";Static;;;;;;
"Permainan-Tabal";"pieceDeclaredAsNeutral";72;true;;Static;;;;;;
"Permainan-Tabal";"pieceDeclaredAsShared";69;false;"The game does not have any piece declared as Shared";Static;;;;;;
"Permainan-Tabal";"equalNumberOfPiecesOnTheBoard";70;true;;Static;;;;;;
"Permainan-Tabal";"AllPlayerDeclared";77;true;;Static;;;;;;
"Permainan-Tabal";"sizeOfTrack";73;false;"Track concept is not present";Static;;;;;;
"Pretwa";"lineLessOrEqualThanBoardSide";30;false;"Line concept is not present";Static;;;;;;
"Pretwa";"eachPieceReferenceNotDuplicated";22;false;"The game does not have any piece declared as Each";Static;;;;;;
"Pretwa";"pieceDeclaredAsEach";52;true;;Static;;;;;;
"Pretwa";"pieceDeclaredAsNeutral";21;true;;Static;;;;;;
"Pretwa";"pieceDeclaredAsShared";21;false;"The game does not have any piece declared as Shared";Static;;;;;;
"Pretwa";"equalNumberOfPiecesOnTheBoard";24;true;;Static;;;;;;
"Pretwa";"AllPlayerDeclared";21;true;;Static;;;;;;
"Pretwa";"sizeOfTrack";23;false;"Track concept is not present";Static;;;;;;
"Ram Tir";"lineLessOrEqualThanBoardSide";33;false;"Line concept is not present";Static;;;;;;
"Ram Tir";"eachPieceReferenceNotDuplicated";32;false;"The game does not have any piece declared as Each";Static;;;;;;
"Ram Tir";"pieceDeclaredAsEach";66;true;;Static;;;;;;
"Ram Tir";"pieceDeclaredAsNeutral";37;true;;Static;;;;;;
"Ram Tir";"pieceDeclaredAsShared";37;false;"The game does not have any piece declared as Shared";Static;;;;;;
"Ram Tir";"equalNumberOfPiecesOnTheBoard";31;true;;Static;;;;;;
"Ram Tir";"AllPlayerDeclared";29;true;;Static;;;;;;
"Ram Tir";"sizeOfTrack";33;false;"Track concept is not present";Static;;;;;;
"Ratti-Chitti-Bakri";"lineLessOrEqualThanBoardSide";49;false;"Line concept is not present";Static;;;;;;
"Ratti-Chitti-Bakri";"eachPieceReferenceNotDuplicated";44;false;"The game does not have any piece declared as Each";Static;;;;;;
"Ratti-Chitti-Bakri";"pieceDeclaredAsEach";74;true;;Static;;;;;;
"Ratti-Chitti-Bakri";"pieceDeclaredAsNeutral";44;true;;Static;;;;;;
"Ratti-Chitti-Bakri";"pieceDeclaredAsShared";46;false;"The game does not have any piece declared as Shared";Static;;;;;;
"Ratti-Chitti-Bakri";"equalNumberOfPiecesOnTheBoard";54;true;;Static;;;;;;
"Ratti-Chitti-Bakri";"AllPlayerDeclared";46;true;;Static;;;;;;
"Ratti-Chitti-Bakri";"sizeOfTrack";51;false;"Track concept is not present";Static;;;;;;
"Satoel";"lineLessOrEqualThanBoardSide";68;false;"Line concept is not present";Static;;;;;;
"Satoel";"eachPieceReferenceNotDuplicated";73;false;"The game does not have any piece declared as Each";Static;;;;;;
"Satoel";"pieceDeclaredAsEach";111;true;;Static;;;;;;
"Satoel";"pieceDeclaredAsNeutral";62;true;;Static;;;;;;
"Satoel";"pieceDeclaredAsShared";70;false;"The game does not have any piece declared as Shared";Static;;;;;;
"Satoel";"equalNumberOfPiecesOnTheBoard";69;true;;Static;;;;;;
"Satoel";"AllPlayerDeclared";73;true;;Static;;;;;;
"Satoel";"sizeOfTrack";63;false;"Track concept is not present";Static;;;;;;
"Sumi Naga Game (War)";"lineLessOrEqualThanBoardSide";18;false;"Line concept is not present";Static;;;;;;
"Sumi Naga Game (War)";"eachPieceReferenceNotDuplicated";18;false;"The game does not have any piece declared as Each";Static;;;;;;
"Sumi Naga Game (War)";"pieceDeclaredAsEach";50;true;;Static;;;;;;
"Sumi Naga Game (War)";"pieceDeclaredAsNeutral";18;true;;Static;;;;;;
"Sumi Naga Game (War)";"pieceDeclaredAsShared";18;false;"The game does not have any piece declared as Shared";Static;;;;;;
"Sumi Naga Game (War)";"equalNumberOfPiecesOnTheBoard";18;true;;Static;;;;;;
"Sumi Naga Game (War)";"AllPlayerDeclared";17;true;;Static;;;;;;
"Sumi Naga Game (War)";"sizeOfTrack";20;false;"Track concept is not present";Static;;;;;;
"Tavelspel";"lineLessOrEqualThanBoardSide";61;false;"Line concept is not present";Static;;;;;;
"Tavelspel";"eachPieceReferenceNotDuplicated";59;false;"The game does not have any piece declared as Each";Static;;;;;;
"Tavelspel";"pieceDeclaredAsEach";86;true;;Static;;;;;;
"Tavelspel";"pieceDeclaredAsNeutral";66;true;;Static;;;;;;
"Tavelspel";"pieceDeclaredAsShared";60;false;"The game does not have any piece declared as Shared";Static;;;;;;
"Tavelspel";"equalNumberOfPiecesOnTheBoard";70;true;;Static;;;;;;
"Tavelspel";"AllPlayerDeclared";61;true;;Static;;;;;;
"Tavelspel";"sizeOfTrack";60;false;"Track concept is not present";Static;;;;;;
"Terhuchu (Small)";"lineLessOrEqualThanBoardSide";15;false;"Line concept is not present";Static;;;;;;
"Terhuchu (Small)";"eachPieceReferenceNotDuplicated";17;false;"The game does not have any piece declared as Each";Static;;;;;;
"Terhuchu (Small)";"pieceDeclaredAsEach";45;true;;Static;;;;;;
"Terhuchu (Small)";"pieceDeclaredAsNeutral";16;true;;Static;;;;;;
"Terhuchu (Small)";"pieceDeclaredAsShared";15;false;"The game does not have any piece declared as Shared";Static;;;;;;
"Terhuchu (Small)";"equalNumberOfPiecesOnTheBoard";16;true;;Static;;;;;;
"Terhuchu (Small)";"AllPlayerDeclared";16;true;;Static;;;;;;
"Terhuchu (Small)";"sizeOfTrack";16;false;"Track concept is not present";Static;;;;;;
"Terhuchu";"lineLessOrEqualThanBoardSide";31;false;"Line concept is not present";Static;;;;;;
"Terhuchu";"eachPieceReferenceNotDuplicated";39;false;"The game does not have any piece declared as Each";Static;;;;;;
"Terhuchu";"pieceDeclaredAsEach";65;true;;Static;;;;;;
"Terhuchu";"pieceDeclaredAsNeutral";29;true;;Static;;;;;;
"Terhuchu";"pieceDeclaredAsShared";31;false;"The game does not have any piece declared as Shared";Static;;;;;;
"Terhuchu";"equalNumberOfPiecesOnTheBoard";30;true;;Static;;;;;;
"Terhuchu";"AllPlayerDeclared";27;true;;Static;;;;;;
"Terhuchu";"sizeOfTrack";28;false;"Track concept is not present";Static;;;;;;
"Throngs";"lineLessOrEqualThanBoardSide";3015;false;"Line concept is not present";Static;;;;;;
"Throngs";"eachPieceReferenceNotDuplicated";2929;false;"The game does not have any piece declared as Each";Static;;;;;;
"Throngs";"pieceDeclaredAsEach";3033;false;"The game does not have any piece declared as Each";Static;;;;;;
"Throngs";"pieceDeclaredAsNeutral";2957;true;;Static;;;;;;
"Throngs";"pieceDeclaredAsShared";2923;false;"The game does not have any piece declared as Shared";Static;;;;;;
"Throngs";"equalNumberOfPiecesOnTheBoard";3028;true;;Static;;;;;;
"Throngs";"AllPlayerDeclared";2965;true;;Static;;;;;;
"Throngs";"sizeOfTrack";2989;false;"Track concept is not present";Static;;;;;;
"Tsukkalavde";"lineLessOrEqualThanBoardSide";33;false;"Line concept is not present";Static;;;;;;
"Tsukkalavde";"eachPieceReferenceNotDuplicated";35;false;"The game does not have any piece declared as Each";Static;;;;;;
"Tsukkalavde";"pieceDeclaredAsEach";69;true;;Static;;;;;;
"Tsukkalavde";"pieceDeclaredAsNeutral";27;true;;Static;;;;;;
"Tsukkalavde";"pieceDeclaredAsShared";28;false;"The game does not have any piece declared as Shared";Static;;;;;;
"Tsukkalavde";"equalNumberOfPiecesOnTheBoard";29;true;;Static;;;;;;
"Tsukkalavde";"AllPlayerDeclared";28;true;;Static;;;;;;
"Tsukkalavde";"sizeOfTrack";29;false;"Track concept is not present";Static;;;;;;
"Tuknanavuhpi";"lineLessOrEqualThanBoardSide";27;false;"Line concept is not present";Static;;;;;;
"Tuknanavuhpi";"eachPieceReferenceNotDuplicated";26;false;"The game does not have any piece declared as Each";Static;;;;;;
"Tuknanavuhpi";"pieceDeclaredAsEach";56;true;;Static;;;;;;
"Tuknanavuhpi";"pieceDeclaredAsNeutral";25;true;;Static;;;;;;
"Tuknanavuhpi";"pieceDeclaredAsShared";26;false;"The game does not have any piece declared as Shared";Static;;;;;;
"Tuknanavuhpi";"equalNumberOfPiecesOnTheBoard";31;true;;Static;;;;;;
"Tuknanavuhpi";"AllPlayerDeclared";27;true;;Static;;;;;;
"Tuknanavuhpi";"sizeOfTrack";27;false;"Track concept is not present";Static;;;;;;
"Zamma";"lineLessOrEqualThanBoardSide";100;false;"Line concept is not present";Static;;;;;;
"Zamma";"eachPieceReferenceNotDuplicated";89;false;"The game does not have any piece declared as Each";Static;;;;;;
"Zamma";"pieceDeclaredAsEach";112;false;"Ludeme Each for a Piece requires at least one definition of PieceN, with N > 0";Static;;;;;;
"Zamma";"pieceDeclaredAsNeutral";72;true;;Static;;;;;;
"Zamma";"pieceDeclaredAsShared";70;false;"The game does not have any piece declared as Shared";Static;;;;;;
"Zamma";"equalNumberOfPiecesOnTheBoard";69;true;;Static;;;;;;
"Zamma";"AllPlayerDeclared";79;true;;Static;;;;;;
"Zamma";"sizeOfTrack";80;false;"Track concept is not present";Static;;;;;;
"Cage";"lineLessOrEqualThanBoardSide";90;false;"Line concept is not present";Static;;;;;;
"Cage";"eachPieceReferenceNotDuplicated";86;false;"The game does not have any piece declared as Each";Static;;;;;;
"Cage";"pieceDeclaredAsEach";114;true;;Static;;;;;;
"Cage";"pieceDeclaredAsNeutral";92;true;;Static;;;;;;
"Cage";"pieceDeclaredAsShared";84;false;"The game does not have any piece declared as Shared";Static;;;;;;
"Cage";"equalNumberOfPiecesOnTheBoard";89;true;;Static;;;;;;
"Cage";"AllPlayerDeclared";81;true;;Static;;;;;;
"Cage";"sizeOfTrack";82;false;"Track concept is not present";Static;;;;;;
"Caturvimsatikosthakatmiki Krida";"lineLessOrEqualThanBoardSide";16;false;"Line concept is not present";Static;;;;;;
"Caturvimsatikosthakatmiki Krida";"eachPieceReferenceNotDuplicated";16;false;"The game does not have any piece declared as Each";Static;;;;;;
"Caturvimsatikosthakatmiki Krida";"pieceDeclaredAsEach";55;true;;Static;;;;;;
"Caturvimsatikosthakatmiki Krida";"pieceDeclaredAsNeutral";19;true;;Static;;;;;;
"Caturvimsatikosthakatmiki Krida";"pieceDeclaredAsShared";17;false;"The game does not have any piece declared as Shared";Static;;;;;;
"Caturvimsatikosthakatmiki Krida";"equalNumberOfPiecesOnTheBoard";20;true;;Static;;;;;;
"Caturvimsatikosthakatmiki Krida";"AllPlayerDeclared";21;true;;Static;;;;;;
"Caturvimsatikosthakatmiki Krida";"sizeOfTrack";17;false;"Track concept is not present";Static;;;;;;
"Challis Ghutia";"lineLessOrEqualThanBoardSide";36;false;"Line concept is not present";Static;;;;;;
"Challis Ghutia";"eachPieceReferenceNotDuplicated";34;false;"The game does not have any piece declared as Each";Static;;;;;;
"Challis Ghutia";"pieceDeclaredAsEach";64;true;;Static;;;;;;
"Challis Ghutia";"pieceDeclaredAsNeutral";33;true;;Static;;;;;;
"Challis Ghutia";"pieceDeclaredAsShared";34;false;"The game does not have any piece declared as Shared";Static;;;;;;
"Challis Ghutia";"equalNumberOfPiecesOnTheBoard";34;true;;Static;;;;;;
"Challis Ghutia";"AllPlayerDeclared";34;true;;Static;;;;;;
"Challis Ghutia";"sizeOfTrack";34;false;"Track concept is not present";Static;;;;;;
"Choko";"lineLessOrEqualThanBoardSide";18;false;"Line concept is not present";Static;;;;;;
"Choko";"eachPieceReferenceNotDuplicated";18;false;"The game does not have any piece declared as Each";Static;;;;;;
"Choko";"pieceDeclaredAsEach";52;false;"Ludeme Each for a Piece requires at least one definition of PieceN, with N > 0";Static;;;;;;
"Choko";"pieceDeclaredAsNeutral";19;true;;Static;;;;;;
"Choko";"pieceDeclaredAsShared";19;false;"The game does not have any piece declared as Shared";Static;;;;;;
"Choko";"equalNumberOfPiecesOnTheBoard";18;true;;Static;;;;;;
"Choko";"AllPlayerDeclared";19;true;;Static;;;;;;
"Choko";"sizeOfTrack";21;false;"Track concept is not present";Static;;;;;;
"Dama (Comoros)";"lineLessOrEqualThanBoardSide";60;false;"Line concept is not present";Static;;;;;;
"Dama (Comoros)";"eachPieceReferenceNotDuplicated";66;false;"The game does not have any piece declared as Each";Static;;;;;;
"Dama (Comoros)";"pieceDeclaredAsEach";92;false;"Ludeme Each for a Piece requires at least one definition of PieceN, with N > 0";Static;;;;;;
"Dama (Comoros)";"pieceDeclaredAsNeutral";61;true;;Static;;;;;;
"Dama (Comoros)";"pieceDeclaredAsShared";67;false;"The game does not have any piece declared as Shared";Static;;;;;;
"Dama (Comoros)";"equalNumberOfPiecesOnTheBoard";62;true;;Static;;;;;;
"Dama (Comoros)";"AllPlayerDeclared";72;true;;Static;;;;;;
"Dama (Comoros)";"sizeOfTrack";61;false;"Track concept is not present";Static;;;;;;
"Dama (Kenya)";"lineLessOrEqualThanBoardSide";63;false;"Line concept is not present";Static;;;;;;
"Dama (Kenya)";"eachPieceReferenceNotDuplicated";63;false;"The game does not have any piece declared as Each";Static;;;;;;
"Dama (Kenya)";"pieceDeclaredAsEach";88;false;"Ludeme Each for a Piece requires at least one definition of PieceN, with N > 0";Static;;;;;;
"Dama (Kenya)";"pieceDeclaredAsNeutral";65;true;;Static;;;;;;
"Dama (Kenya)";"pieceDeclaredAsShared";61;false;"The game does not have any piece declared as Shared";Static;;;;;;
"Dama (Kenya)";"equalNumberOfPiecesOnTheBoard";63;true;;Static;;;;;;
"Dama (Kenya)";"AllPlayerDeclared";67;true;;Static;;;;;;
"Dama (Kenya)";"sizeOfTrack";61;false;"Track concept is not present";Static;;;;;;
"Dama";"lineLessOrEqualThanBoardSide";66;false;"Line concept is not present";Static;;;;;;
"Dama";"eachPieceReferenceNotDuplicated";73;false;"The game does not have any piece declared as Each";Static;;;;;;
"Dama";"pieceDeclaredAsEach";103;false;"Ludeme Each for a Piece requires at least one definition of PieceN, with N > 0";Static;;;;;;
"Dama";"pieceDeclaredAsNeutral";59;true;;Static;;;;;;
"Dama";"pieceDeclaredAsShared";61;false;"The game does not have any piece declared as Shared";Static;;;;;;
"Dama";"equalNumberOfPiecesOnTheBoard";65;true;;Static;;;;;;
"Dama";"AllPlayerDeclared";61;true;;Static;;;;;;
"Dama";"sizeOfTrack";67;false;"Track concept is not present";Static;;;;;;
"Fenix";"lineLessOrEqualThanBoardSide";87;false;"Line concept is not present";Static;;;;;;
"Fenix";"eachPieceReferenceNotDuplicated";78;false;"The game does not have any piece declared as Each";Static;;;;;;
"Fenix";"pieceDeclaredAsEach";107;true;;Static;;;;;;
"Fenix";"pieceDeclaredAsNeutral";82;true;;Static;;;;;;
"Fenix";"pieceDeclaredAsShared";91;false;"The game does not have any piece declared as Shared";Static;;;;;;
"Fenix";"equalNumberOfPiecesOnTheBoard";85;true;;Static;;;;;;
"Fenix";"AllPlayerDeclared";80;true;;Static;;;;;;
"Fenix";"sizeOfTrack";82;false;"Track concept is not present";Static;;;;;;
"HexDame";"lineLessOrEqualThanBoardSide";76;false;"Line concept is not present";Static;;;;;;
"HexDame";"eachPieceReferenceNotDuplicated";75;false;"The game does not have any piece declared as Each";Static;;;;;;
"HexDame";"pieceDeclaredAsEach";103;false;"Ludeme Each for a Piece requires at least one definition of PieceN, with N > 0";Static;;;;;;
"HexDame";"pieceDeclaredAsNeutral";78;true;;Static;;;;;;
"HexDame";"pieceDeclaredAsShared";74;false;"The game does not have any piece declared as Shared";Static;;;;;;
"HexDame";"equalNumberOfPiecesOnTheBoard";71;true;;Static;;;;;;
"HexDame";"AllPlayerDeclared";72;true;;Static;;;;;;
"HexDame";"sizeOfTrack";77;false;"Track concept is not present";Static;;;;;;
"Jumping Beans";"lineLessOrEqualThanBoardSide";30;false;"Line concept is not present";Static;;;;;;
"Jumping Beans";"eachPieceReferenceNotDuplicated";32;false;"The game does not have any piece declared as Each";Static;;;;;;
"Jumping Beans";"pieceDeclaredAsEach";60;true;;Static;;;;;;
"Jumping Beans";"pieceDeclaredAsNeutral";29;true;;Static;;;;;;
"Jumping Beans";"pieceDeclaredAsShared";29;false;"The game does not have any piece declared as Shared";Static;;;;;;
"Jumping Beans";"equalNumberOfPiecesOnTheBoard";32;true;;Static;;;;;;
"Jumping Beans";"AllPlayerDeclared";28;true;;Static;;;;;;
"Jumping Beans";"sizeOfTrack";28;false;"Track concept is not present";Static;;;;;;
"Kanguruh";"lineLessOrEqualThanBoardSide";30;false;"Line concept is not present";Static;;;;;;
"Kanguruh";"eachPieceReferenceNotDuplicated";29;false;"The game does not have any piece declared as Each";Static;;;;;;
"Kanguruh";"pieceDeclaredAsEach";59;true;;Static;;;;;;
"Kanguruh";"pieceDeclaredAsNeutral";32;true;;Static;;;;;;
"Kanguruh";"pieceDeclaredAsShared";30;false;"The game does not have any piece declared as Shared";Static;;;;;;
"Kanguruh";"equalNumberOfPiecesOnTheBoard";28;true;;Static;;;;;;
"Kanguruh";"AllPlayerDeclared";29;true;;Static;;;;;;
"Kanguruh";"sizeOfTrack";31;false;"Track concept is not present";Static;;;;;;
"Konane";"lineLessOrEqualThanBoardSide";38;false;"Line concept is not present";Static;;;;;;
"Konane";"eachPieceReferenceNotDuplicated";35;false;"The game does not have any piece declared as Each";Static;;;;;;
"Konane";"pieceDeclaredAsEach";65;true;;Static;;;;;;
"Konane";"pieceDeclaredAsNeutral";35;true;;Static;;;;;;
"Konane";"pieceDeclaredAsShared";36;false;"The game does not have any piece declared as Shared";Static;;;;;;
"Konane";"equalNumberOfPiecesOnTheBoard";35;true;;Static;;;;;;
"Konane";"AllPlayerDeclared";37;true;;Static;;;;;;
"Konane";"sizeOfTrack";37;false;"Track concept is not present";Static;;;;;;
"Koruboddo";"lineLessOrEqualThanBoardSide";26;false;"Line concept is not present";Static;;;;;;
"Koruboddo";"eachPieceReferenceNotDuplicated";39;false;"The game does not have any piece declared as Each";Static;;;;;;
"Koruboddo";"pieceDeclaredAsEach";74;true;;Static;;;;;;
"Koruboddo";"pieceDeclaredAsNeutral";27;true;;Static;;;;;;
"Koruboddo";"pieceDeclaredAsShared";26;false;"The game does not have any piece declared as Shared";Static;;;;;;
"Koruboddo";"equalNumberOfPiecesOnTheBoard";32;true;;Static;;;;;;
"Koruboddo";"AllPlayerDeclared";26;true;;Static;;;;;;
"Koruboddo";"sizeOfTrack";26;false;"Track concept is not present";Static;;;;;;
"Laram Wali";"lineLessOrEqualThanBoardSide";24;false;"Line concept is not present";Static;;;;;;
"Laram Wali";"eachPieceReferenceNotDuplicated";20;false;"The game does not have any piece declared as Each";Static;;;;;;
"Laram Wali";"pieceDeclaredAsEach";52;false;"Ludeme Each for a Piece requires at least one definition of PieceN, with N > 0";Static;;;;;;
"Laram Wali";"pieceDeclaredAsNeutral";19;true;;Static;;;;;;
"Laram Wali";"pieceDeclaredAsShared";18;false;"The game does not have any piece declared as Shared";Static;;;;;;
"Laram Wali";"equalNumberOfPiecesOnTheBoard";19;true;;Static;;;;;;
"Laram Wali";"AllPlayerDeclared";20;true;;Static;;;;;;
"Laram Wali";"sizeOfTrack";26;false;"Track concept is not present";Static;;;;;;
"Leap Frog";"lineLessOrEqualThanBoardSide";23;false;"Line concept is not present";Static;;;;;;
"Leap Frog";"eachPieceReferenceNotDuplicated";19;false;"The game does not have any piece declared as Each";Static;;;;;;
"Leap Frog";"pieceDeclaredAsEach";52;true;;Static;;;;;;
"Leap Frog";"pieceDeclaredAsNeutral";26;true;;Static;;;;;;
"Leap Frog";"pieceDeclaredAsShared";19;false;"The game does not have any piece declared as Shared";Static;;;;;;
"Leap Frog";"equalNumberOfPiecesOnTheBoard";21;true;;Static;;;;;;
"Leap Frog";"AllPlayerDeclared";20;true;;Static;;;;;;
"Leap Frog";"sizeOfTrack";20;false;"Track concept is not present";Static;;;;;;
"Louis XVI";"lineLessOrEqualThanBoardSide";68;false;"Line concept is not present";Static;;;;;;
"Louis XVI";"eachPieceReferenceNotDuplicated";61;false;"The game does not have any piece declared as Each";Static;;;;;;
"Louis XVI";"pieceDeclaredAsEach";99;true;;Static;;;;;;
"Louis XVI";"pieceDeclaredAsNeutral";58;true;;Static;;;;;;
"Louis XVI";"pieceDeclaredAsShared";63;false;"The game does not have any piece declared as Shared";Static;;;;;;
"Louis XVI";"equalNumberOfPiecesOnTheBoard";80;false;"Players do not have the same number of pieces";Static;;;;;;
"Louis XVI";"AllPlayerDeclared";66;true;;Static;;;;;;
"Louis XVI";"sizeOfTrack";70;false;"Track concept is not present";Static;;;;;;
"Mraha wa Bwe";"lineLessOrEqualThanBoardSide";21;false;"Line concept is not present";Static;;;;;;
"Mraha wa Bwe";"eachPieceReferenceNotDuplicated";19;false;"The game does not have any piece declared as Each";Static;;;;;;
"Mraha wa Bwe";"pieceDeclaredAsEach";68;false;"Ludeme Each for a Piece requires at least one definition of PieceN, with N > 0";Static;;;;;;
"Mraha wa Bwe";"pieceDeclaredAsNeutral";19;true;;Static;;;;;;
"Mraha wa Bwe";"pieceDeclaredAsShared";20;false;"The game does not have any piece declared as Shared";Static;;;;;;
"Mraha wa Bwe";"equalNumberOfPiecesOnTheBoard";23;true;;Static;;;;;;
"Mraha wa Bwe";"AllPlayerDeclared";20;true;;Static;;;;;;
"Mraha wa Bwe";"sizeOfTrack";22;false;"Track concept is not present";Static;;;;;;
"Natt Klab ash-Shawk";"lineLessOrEqualThanBoardSide";13;false;"Line concept is not present";Static;;;;;;
"Natt Klab ash-Shawk";"eachPieceReferenceNotDuplicated";13;false;"The game does not have any piece declared as Each";Static;;;;;;
"Natt Klab ash-Shawk";"pieceDeclaredAsEach";45;true;;Static;;;;;;
"Natt Klab ash-Shawk";"pieceDeclaredAsNeutral";15;true;;Static;;;;;;
"Natt Klab ash-Shawk";"pieceDeclaredAsShared";13;false;"The game does not have any piece declared as Shared";Static;;;;;;
"Natt Klab ash-Shawk";"equalNumberOfPiecesOnTheBoard";14;true;;Static;;;;;;
"Natt Klab ash-Shawk";"AllPlayerDeclared";12;true;;Static;;;;;;
"Natt Klab ash-Shawk";"sizeOfTrack";14;false;"Track concept is not present";Static;;;;;;
"Omnidirectional Draughts";"lineLessOrEqualThanBoardSide";76;false;"Line concept is not present";Static;;;;;;
"Omnidirectional Draughts";"eachPieceReferenceNotDuplicated";82;false;"The game does not have any piece declared as Each";Static;;;;;;
"Omnidirectional Draughts";"pieceDeclaredAsEach";106;false;"Ludeme Each for a Piece requires at least one definition of PieceN, with N > 0";Static;;;;;;
"Omnidirectional Draughts";"pieceDeclaredAsNeutral";74;true;;Static;;;;;;
"Omnidirectional Draughts";"pieceDeclaredAsShared";73;false;"The game does not have any piece declared as Shared";Static;;;;;;
"Omnidirectional Draughts";"equalNumberOfPiecesOnTheBoard";72;true;;Static;;;;;;
"Omnidirectional Draughts";"AllPlayerDeclared";72;true;;Static;;;;;;
"Omnidirectional Draughts";"sizeOfTrack";75;false;"Track concept is not present";Static;;;;;;
"Queah Game";"lineLessOrEqualThanBoardSide";15;false;"Line concept is not present";Static;;;;;;
"Queah Game";"eachPieceReferenceNotDuplicated";14;false;"The game does not have any piece declared as Each";Static;;;;;;
"Queah Game";"pieceDeclaredAsEach";47;true;;Static;;;;;;
"Queah Game";"pieceDeclaredAsNeutral";15;true;;Static;;;;;;
"Queah Game";"pieceDeclaredAsShared";22;false;"The game does not have any piece declared as Shared";Static;;;;;;
"Queah Game";"equalNumberOfPiecesOnTheBoard";14;true;;Static;;;;;;
"Queah Game";"AllPlayerDeclared";14;true;;Static;;;;;;
"Queah Game";"sizeOfTrack";16;false;"Track concept is not present";Static;;;;;;
"Seesaw";"lineLessOrEqualThanBoardSide";453;false;"Line concept is not present";Static;;;;;;
"Seesaw";"eachPieceReferenceNotDuplicated";491;false;"The game does not have any piece declared as Each";Static;;;;;;
"Seesaw";"pieceDeclaredAsEach";477;true;;Static;;;;;;
"Seesaw";"pieceDeclaredAsNeutral";448;true;;Static;;;;;;
"Seesaw";"pieceDeclaredAsShared";484;false;"The game does not have any piece declared as Shared";Static;;;;;;
"Seesaw";"equalNumberOfPiecesOnTheBoard";451;true;;Static;;;;;;
"Seesaw";"AllPlayerDeclared";444;true;;Static;;;;;;
"Seesaw";"sizeOfTrack";446;false;"Track concept is not present";Static;;;;;;
"T'oki";"lineLessOrEqualThanBoardSide";15;false;"Line concept is not present";Static;;;;;;
"T'oki";"eachPieceReferenceNotDuplicated";14;false;"The game does not have any piece declared as Each";Static;;;;;;
"T'oki";"pieceDeclaredAsEach";51;false;"Ludeme Each for a Piece requires at least one definition of PieceN, with N > 0";Static;;;;;;
"T'oki";"pieceDeclaredAsNeutral";14;true;;Static;;;;;;
"T'oki";"pieceDeclaredAsShared";14;false;"The game does not have any piece declared as Shared";Static;;;;;;
"T'oki";"equalNumberOfPiecesOnTheBoard";15;true;;Static;;;;;;
"T'oki";"AllPlayerDeclared";15;true;;Static;;;;;;
"T'oki";"sizeOfTrack";15;false;"Track concept is not present";Static;;;;;;
"Tablo";"lineLessOrEqualThanBoardSide";24;false;"Line concept is not present";Static;;;;;;
"Tablo";"eachPieceReferenceNotDuplicated";24;false;"The game does not have any piece declared as Each";Static;;;;;;
"Tablo";"pieceDeclaredAsEach";55;true;;Static;;;;;;
"Tablo";"pieceDeclaredAsNeutral";24;true;;Static;;;;;;
"Tablo";"pieceDeclaredAsShared";22;false;"The game does not have any piece declared as Shared";Static;;;;;;
"Tablo";"equalNumberOfPiecesOnTheBoard";22;true;;Static;;;;;;
"Tablo";"AllPlayerDeclared";26;true;;Static;;;;;;
"Tablo";"sizeOfTrack";23;false;"Track concept is not present";Static;;;;;;
"Tama";"lineLessOrEqualThanBoardSide";54;false;"Line concept is not present";Static;;;;;;
"Tama";"eachPieceReferenceNotDuplicated";55;false;"The game does not have any piece declared as Each";Static;;;;;;
"Tama";"pieceDeclaredAsEach";84;false;"Ludeme Each for a Piece requires at least one definition of PieceN, with N > 0";Static;;;;;;
"Tama";"pieceDeclaredAsNeutral";49;true;;Static;;;;;;
"Tama";"pieceDeclaredAsShared";51;false;"The game does not have any piece declared as Shared";Static;;;;;;
"Tama";"equalNumberOfPiecesOnTheBoard";51;true;;Static;;;;;;
"Tama";"AllPlayerDeclared";54;true;;Static;;;;;;
"Tama";"sizeOfTrack";50;false;"Track concept is not present";Static;;;;;;
"Tides";"lineLessOrEqualThanBoardSide";29;false;"Line concept is not present";Static;;;;;;
"Tides";"eachPieceReferenceNotDuplicated";21;false;"The game does not have any piece declared as Each";Static;;;;;;
"Tides";"pieceDeclaredAsEach";52;false;"Ludeme Each for a Piece requires at least one definition of PieceN, with N > 0";Static;;;;;;
"Tides";"pieceDeclaredAsNeutral";21;true;;Static;;;;;;
"Tides";"pieceDeclaredAsShared";21;false;"The game does not have any piece declared as Shared";Static;;;;;;
"Tides";"equalNumberOfPiecesOnTheBoard";22;true;;Static;;;;;;
"Tides";"AllPlayerDeclared";21;true;;Static;;;;;;
"Tides";"sizeOfTrack";26;false;"Track concept is not present";Static;;;;;;
"Tre Guti";"lineLessOrEqualThanBoardSide";8;false;"Line concept is not present";Static;;;;;;
"Tre Guti";"eachPieceReferenceNotDuplicated";8;false;"The game does not have any piece declared as Each";Static;;;;;;
"Tre Guti";"pieceDeclaredAsEach";37;false;"Ludeme Each for a Piece requires at least one definition of PieceN, with N > 0";Static;;;;;;
"Tre Guti";"pieceDeclaredAsNeutral";8;true;;Static;;;;;;
"Tre Guti";"pieceDeclaredAsShared";8;false;"The game does not have any piece declared as Shared";Static;;;;;;
"Tre Guti";"equalNumberOfPiecesOnTheBoard";7;true;;Static;;;;;;
"Tre Guti";"AllPlayerDeclared";7;true;;Static;;;;;;
"Tre Guti";"sizeOfTrack";8;false;"Track concept is not present";Static;;;;;;
"Xarajlt";"lineLessOrEqualThanBoardSide";12;false;"Line concept is not present";Static;;;;;;
"Xarajlt";"eachPieceReferenceNotDuplicated";9;false;"The game does not have any piece declared as Each";Static;;;;;;
"Xarajlt";"pieceDeclaredAsEach";40;true;;Static;;;;;;
"Xarajlt";"pieceDeclaredAsNeutral";8;true;;Static;;;;;;
"Xarajlt";"pieceDeclaredAsShared";7;false;"The game does not have any piece declared as Shared";Static;;;;;;
"Xarajlt";"equalNumberOfPiecesOnTheBoard";8;true;;Static;;;;;;
"Xarajlt";"AllPlayerDeclared";7;true;;Static;;;;;;
"Xarajlt";"sizeOfTrack";8;false;"Track concept is not present";Static;;;;;;
"Yote";"lineLessOrEqualThanBoardSide";16;false;"Line concept is not present";Static;;;;;;
"Yote";"eachPieceReferenceNotDuplicated";14;false;"The game does not have any piece declared as Each";Static;;;;;;
"Yote";"pieceDeclaredAsEach";51;false;"Ludeme Each for a Piece requires at least one definition of PieceN, with N > 0";Static;;;;;;
"Yote";"pieceDeclaredAsNeutral";16;true;;Static;;;;;;
"Yote";"pieceDeclaredAsShared";15;false;"The game does not have any piece declared as Shared";Static;;;;;;
"Yote";"equalNumberOfPiecesOnTheBoard";15;true;;Static;;;;;;
"Yote";"AllPlayerDeclared";14;true;;Static;;;;;;
"Yote";"sizeOfTrack";15;false;"Track concept is not present";Static;;;;;;
"Zuz Mel (5x5)";"lineLessOrEqualThanBoardSide";26;false;"Line concept is not present";Static;;;;;;
"Zuz Mel (5x5)";"eachPieceReferenceNotDuplicated";25;false;"The game does not have any piece declared as Each";Static;;;;;;
"Zuz Mel (5x5)";"pieceDeclaredAsEach";56;true;;Static;;;;;;
"Zuz Mel (5x5)";"pieceDeclaredAsNeutral";24;true;;Static;;;;;;
"Zuz Mel (5x5)";"pieceDeclaredAsShared";27;false;"The game does not have any piece declared as Shared";Static;;;;;;
"Zuz Mel (5x5)";"equalNumberOfPiecesOnTheBoard";25;true;;Static;;;;;;
"Zuz Mel (5x5)";"AllPlayerDeclared";25;true;;Static;;;;;;
"Zuz Mel (5x5)";"sizeOfTrack";24;false;"Track concept is not present";Static;;;;;;
"Zuz Mel (7x7)";"lineLessOrEqualThanBoardSide";33;false;"Line concept is not present";Static;;;;;;
"Zuz Mel (7x7)";"eachPieceReferenceNotDuplicated";32;false;"The game does not have any piece declared as Each";Static;;;;;;
"Zuz Mel (7x7)";"pieceDeclaredAsEach";62;true;;Static;;;;;;
"Zuz Mel (7x7)";"pieceDeclaredAsNeutral";35;true;;Static;;;;;;
"Zuz Mel (7x7)";"pieceDeclaredAsShared";34;false;"The game does not have any piece declared as Shared";Static;;;;;;
"Zuz Mel (7x7)";"equalNumberOfPiecesOnTheBoard";33;true;;Static;;;;;;
"Zuz Mel (7x7)";"AllPlayerDeclared";32;true;;Static;;;;;;
"Zuz Mel (7x7)";"sizeOfTrack";29;false;"Track concept is not present";Static;;;;;;
"Chandaraki";"lineLessOrEqualThanBoardSide";33;false;"Line concept is not present";Static;;;;;;
"Chandaraki";"eachPieceReferenceNotDuplicated";33;false;"The game does not have any piece declared as Each";Static;;;;;;
"Chandaraki";"pieceDeclaredAsEach";69;true;;Static;;;;;;
"Chandaraki";"pieceDeclaredAsNeutral";34;true;;Static;;;;;;
"Chandaraki";"pieceDeclaredAsShared";36;false;"The game does not have any piece declared as Shared";Static;;;;;;
"Chandaraki";"equalNumberOfPiecesOnTheBoard";32;true;;Static;;;;;;
"Chandaraki";"AllPlayerDeclared";37;true;;Static;;;;;;
"Chandaraki";"sizeOfTrack";33;false;"Track concept is not present";Static;;;;;;
"Chatrang";"lineLessOrEqualThanBoardSide";54;false;"Line concept is not present";Static;;;;;;
"Chatrang";"eachPieceReferenceNotDuplicated";51;false;"The game does not have any piece declared as Each";Static;;;;;;
"Chatrang";"pieceDeclaredAsEach";84;true;;Static;;;;;;
"Chatrang";"pieceDeclaredAsNeutral";57;true;;Static;;;;;;
"Chatrang";"pieceDeclaredAsShared";51;false;"The game does not have any piece declared as Shared";Static;;;;;;
"Chatrang";"equalNumberOfPiecesOnTheBoard";58;true;;Static;;;;;;
"Chatrang";"AllPlayerDeclared";53;true;;Static;;;;;;
"Chatrang";"sizeOfTrack";56;false;"Track concept is not present";Static;;;;;;
"Chatur";"lineLessOrEqualThanBoardSide";40;false;"Line concept is not present";Static;;;;;;
"Chatur";"eachPieceReferenceNotDuplicated";45;false;"The game does not have any piece declared as Each";Static;;;;;;
"Chatur";"pieceDeclaredAsEach";68;true;;Static;;;;;;
"Chatur";"pieceDeclaredAsNeutral";39;true;;Static;;;;;;
"Chatur";"pieceDeclaredAsShared";39;false;"The game does not have any piece declared as Shared";Static;;;;;;
"Chatur";"equalNumberOfPiecesOnTheBoard";39;true;;Static;;;;;;
"Chatur";"AllPlayerDeclared";37;true;;Static;;;;;;
"Chatur";"sizeOfTrack";43;false;"Track concept is not present";Static;;;;;;
"Chaturanga (12x12)";"lineLessOrEqualThanBoardSide";60;false;"Line concept is not present";Static;;;;;;
"Chaturanga (12x12)";"eachPieceReferenceNotDuplicated";66;false;"The game does not have any piece declared as Each";Static;;;;;;
"Chaturanga (12x12)";"pieceDeclaredAsEach";112;true;;Static;;;;;;
"Chaturanga (12x12)";"pieceDeclaredAsNeutral";71;true;;Static;;;;;;
"Chaturanga (12x12)";"pieceDeclaredAsShared";74;false;"The game does not have any piece declared as Shared";Static;;;;;;
"Chaturanga (12x12)";"equalNumberOfPiecesOnTheBoard";63;true;;Static;;;;;;
"Chaturanga (12x12)";"AllPlayerDeclared";62;true;;Static;;;;;;
"Chaturanga (12x12)";"sizeOfTrack";60;false;"Track concept is not present";Static;;;;;;
"Chaturanga (14x14)";"lineLessOrEqualThanBoardSide";94;false;"Line concept is not present";Static;;;;;;
"Chaturanga (14x14)";"eachPieceReferenceNotDuplicated";91;false;"The game does not have any piece declared as Each";Static;;;;;;
"Chaturanga (14x14)";"pieceDeclaredAsEach";122;true;;Static;;;;;;
"Chaturanga (14x14)";"pieceDeclaredAsNeutral";95;true;;Static;;;;;;
"Chaturanga (14x14)";"pieceDeclaredAsShared";94;false;"The game does not have any piece declared as Shared";Static;;;;;;
"Chaturanga (14x14)";"equalNumberOfPiecesOnTheBoard";93;true;;Static;;;;;;
"Chaturanga (14x14)";"AllPlayerDeclared";86;true;;Static;;;;;;
"Chaturanga (14x14)";"sizeOfTrack";94;false;"Track concept is not present";Static;;;;;;
"Chaturanga (al-Adli)";"lineLessOrEqualThanBoardSide";31;false;"Line concept is not present";Static;;;;;;
"Chaturanga (al-Adli)";"eachPieceReferenceNotDuplicated";29;false;"The game does not have any piece declared as Each";Static;;;;;;
"Chaturanga (al-Adli)";"pieceDeclaredAsEach";59;true;;Static;;;;;;
"Chaturanga (al-Adli)";"pieceDeclaredAsNeutral";29;true;;Static;;;;;;
"Chaturanga (al-Adli)";"pieceDeclaredAsShared";33;false;"The game does not have any piece declared as Shared";Static;;;;;;
"Chaturanga (al-Adli)";"equalNumberOfPiecesOnTheBoard";31;true;;Static;;;;;;
"Chaturanga (al-Adli)";"AllPlayerDeclared";30;true;;Static;;;;;;
"Chaturanga (al-Adli)";"sizeOfTrack";31;false;"Track concept is not present";Static;;;;;;
"Chaturanga (Kridakausalya 14x14)";"lineLessOrEqualThanBoardSide";82;false;"Line concept is not present";Static;;;;;;
"Chaturanga (Kridakausalya 14x14)";"eachPieceReferenceNotDuplicated";93;false;"The game does not have any piece declared as Each";Static;;;;;;
"Chaturanga (Kridakausalya 14x14)";"pieceDeclaredAsEach";110;true;;Static;;;;;;
"Chaturanga (Kridakausalya 14x14)";"pieceDeclaredAsNeutral";80;true;;Static;;;;;;
"Chaturanga (Kridakausalya 14x14)";"pieceDeclaredAsShared";89;false;"The game does not have any piece declared as Shared";Static;;;;;;
"Chaturanga (Kridakausalya 14x14)";"equalNumberOfPiecesOnTheBoard";81;true;;Static;;;;;;
"Chaturanga (Kridakausalya 14x14)";"AllPlayerDeclared";81;true;;Static;;;;;;
"Chaturanga (Kridakausalya 14x14)";"sizeOfTrack";92;false;"Track concept is not present";Static;;;;;;
"Chaturanga (Kridakausalya)";"lineLessOrEqualThanBoardSide";34;false;"Line concept is not present";Static;;;;;;
"Chaturanga (Kridakausalya)";"eachPieceReferenceNotDuplicated";33;false;"The game does not have any piece declared as Each";Static;;;;;;
"Chaturanga (Kridakausalya)";"pieceDeclaredAsEach";67;true;;Static;;;;;;
"Chaturanga (Kridakausalya)";"pieceDeclaredAsNeutral";34;true;;Static;;;;;;
"Chaturanga (Kridakausalya)";"pieceDeclaredAsShared";35;false;"The game does not have any piece declared as Shared";Static;;;;;;
"Chaturanga (Kridakausalya)";"equalNumberOfPiecesOnTheBoard";33;true;;Static;;;;;;
"Chaturanga (Kridakausalya)";"AllPlayerDeclared";35;true;;Static;;;;;;
"Chaturanga (Kridakausalya)";"sizeOfTrack";38;false;"Track concept is not present";Static;;;;;;
"Chaturanga";"lineLessOrEqualThanBoardSide";35;false;"Line concept is not present";Static;;;;;;
"Chaturanga";"eachPieceReferenceNotDuplicated";33;false;"The game does not have any piece declared as Each";Static;;;;;;
"Chaturanga";"pieceDeclaredAsEach";62;true;;Static;;;;;;
"Chaturanga";"pieceDeclaredAsNeutral";36;true;;Static;;;;;;
"Chaturanga";"pieceDeclaredAsShared";32;false;"The game does not have any piece declared as Shared";Static;;;;;;
"Chaturanga";"equalNumberOfPiecesOnTheBoard";35;true;;Static;;;;;;
"Chaturanga";"AllPlayerDeclared";33;true;;Static;;;;;;
"Chaturanga";"sizeOfTrack";34;false;"Track concept is not present";Static;;;;;;
"Cittabhramanrpasya Khelanam";"lineLessOrEqualThanBoardSide";32;false;"Line concept is not present";Static;;;;;;
"Cittabhramanrpasya Khelanam";"eachPieceReferenceNotDuplicated";31;false;"The game does not have any piece declared as Each";Static;;;;;;
"Cittabhramanrpasya Khelanam";"pieceDeclaredAsEach";65;false;"The game does not have any piece declared as Each";Static;;;;;;
"Cittabhramanrpasya Khelanam";"pieceDeclaredAsNeutral";31;true;;Static;;;;;;
"Cittabhramanrpasya Khelanam";"pieceDeclaredAsShared";30;false;"The game does not have any piece declared as Shared";Static;;;;;;
"Cittabhramanrpasya Khelanam";"equalNumberOfPiecesOnTheBoard";32;false;"Players do not have the same number of pieces";Static;;;;;;
"Cittabhramanrpasya Khelanam";"AllPlayerDeclared";29;true;;Static;;;;;;
"Cittabhramanrpasya Khelanam";"sizeOfTrack";30;false;"Track concept is not present";Static;;;;;;
"Hindustani Chess";"lineLessOrEqualThanBoardSide";48;false;"Line concept is not present";Static;;;;;;
"Hindustani Chess";"eachPieceReferenceNotDuplicated";50;false;"The game does not have any piece declared as Each";Static;;;;;;
"Hindustani Chess";"pieceDeclaredAsEach";74;true;;Static;;;;;;
"Hindustani Chess";"pieceDeclaredAsNeutral";40;true;;Static;;;;;;
"Hindustani Chess";"pieceDeclaredAsShared";42;false;"The game does not have any piece declared as Shared";Static;;;;;;
"Hindustani Chess";"equalNumberOfPiecesOnTheBoard";45;true;;Static;;;;;;
"Hindustani Chess";"AllPlayerDeclared";49;true;;Static;;;;;;
"Hindustani Chess";"sizeOfTrack";45;false;"Track concept is not present";Static;;;;;;
"Krida Buddhibalasrita";"lineLessOrEqualThanBoardSide";38;false;"Line concept is not present";Static;;;;;;
"Krida Buddhibalasrita";"eachPieceReferenceNotDuplicated";40;false;"The game does not have any piece declared as Each";Static;;;;;;
"Krida Buddhibalasrita";"pieceDeclaredAsEach";71;true;;Static;;;;;;
"Krida Buddhibalasrita";"pieceDeclaredAsNeutral";39;true;;Static;;;;;;
"Krida Buddhibalasrita";"pieceDeclaredAsShared";39;false;"The game does not have any piece declared as Shared";Static;;;;;;
"Krida Buddhibalasrita";"equalNumberOfPiecesOnTheBoard";37;true;;Static;;;;;;
"Krida Buddhibalasrita";"AllPlayerDeclared";37;true;;Static;;;;;;
"Krida Buddhibalasrita";"sizeOfTrack";40;false;"Track concept is not present";Static;;;;;;
"Main Chator (Batak)";"lineLessOrEqualThanBoardSide";43;false;"Line concept is not present";Static;;;;;;
"Main Chator (Batak)";"eachPieceReferenceNotDuplicated";43;false;"The game does not have any piece declared as Each";Static;;;;;;
"Main Chator (Batak)";"pieceDeclaredAsEach";71;true;;Static;;;;;;
"Main Chator (Batak)";"pieceDeclaredAsNeutral";37;true;;Static;;;;;;
"Main Chator (Batak)";"pieceDeclaredAsShared";42;false;"The game does not have any piece declared as Shared";Static;;;;;;
"Main Chator (Batak)";"equalNumberOfPiecesOnTheBoard";40;true;;Static;;;;;;
"Main Chator (Batak)";"AllPlayerDeclared";40;true;;Static;;;;;;
"Main Chator (Batak)";"sizeOfTrack";43;false;"Track concept is not present";Static;;;;;;
"Main Chator (Selangor)";"lineLessOrEqualThanBoardSide";46;false;"Line concept is not present";Static;;;;;;
"Main Chator (Selangor)";"eachPieceReferenceNotDuplicated";45;false;"The game does not have any piece declared as Each";Static;;;;;;
"Main Chator (Selangor)";"pieceDeclaredAsEach";81;true;;Static;;;;;;
"Main Chator (Selangor)";"pieceDeclaredAsNeutral";45;true;;Static;;;;;;
"Main Chator (Selangor)";"pieceDeclaredAsShared";50;false;"The game does not have any piece declared as Shared";Static;;;;;;
"Main Chator (Selangor)";"equalNumberOfPiecesOnTheBoard";45;true;;Static;;;;;;
"Main Chator (Selangor)";"AllPlayerDeclared";51;true;;Static;;;;;;
"Main Chator (Selangor)";"sizeOfTrack";47;false;"Track concept is not present";Static;;;;;;
"Main Chator";"lineLessOrEqualThanBoardSide";40;false;"Line concept is not present";Static;;;;;;
"Main Chator";"eachPieceReferenceNotDuplicated";39;false;"The game does not have any piece declared as Each";Static;;;;;;
"Main Chator";"pieceDeclaredAsEach";70;true;;Static;;;;;;
"Main Chator";"pieceDeclaredAsNeutral";39;true;;Static;;;;;;
"Main Chator";"pieceDeclaredAsShared";40;false;"The game does not have any piece declared as Shared";Static;;;;;;
"Main Chator";"equalNumberOfPiecesOnTheBoard";43;true;;Static;;;;;;
"Main Chator";"AllPlayerDeclared";41;true;;Static;;;;;;
"Main Chator";"sizeOfTrack";44;false;"Track concept is not present";Static;;;;;;
"Mak Ruk";"lineLessOrEqualThanBoardSide";35;false;"Line concept is not present";Static;;;;;;
"Mak Ruk";"eachPieceReferenceNotDuplicated";39;false;"The game does not have any piece declared as Each";Static;;;;;;
"Mak Ruk";"pieceDeclaredAsEach";66;true;;Static;;;;;;
"Mak Ruk";"pieceDeclaredAsNeutral";33;true;;Static;;;;;;
"Mak Ruk";"pieceDeclaredAsShared";32;false;"The game does not have any piece declared as Shared";Static;;;;;;
"Mak Ruk";"equalNumberOfPiecesOnTheBoard";33;true;;Static;;;;;;
"Mak Ruk";"AllPlayerDeclared";32;true;;Static;;;;;;
"Mak Ruk";"sizeOfTrack";33;false;"Track concept is not present";Static;;;;;;
"Ouk Chatrang";"lineLessOrEqualThanBoardSide";35;false;"Line concept is not present";Static;;;;;;
"Ouk Chatrang";"eachPieceReferenceNotDuplicated";33;false;"The game does not have any piece declared as Each";Static;;;;;;
"Ouk Chatrang";"pieceDeclaredAsEach";66;true;;Static;;;;;;
"Ouk Chatrang";"pieceDeclaredAsNeutral";38;true;;Static;;;;;;
"Ouk Chatrang";"pieceDeclaredAsShared";40;false;"The game does not have any piece declared as Shared";Static;;;;;;
"Ouk Chatrang";"equalNumberOfPiecesOnTheBoard";41;true;;Static;;;;;;
"Ouk Chatrang";"AllPlayerDeclared";34;true;;Static;;;;;;
"Ouk Chatrang";"sizeOfTrack";36;false;"Track concept is not present";Static;;;;;;
"Parsi Chess";"lineLessOrEqualThanBoardSide";56;false;"Line concept is not present";Static;;;;;;
"Parsi Chess";"eachPieceReferenceNotDuplicated";62;false;"The game does not have any piece declared as Each";Static;;;;;;
"Parsi Chess";"pieceDeclaredAsEach";80;true;;Static;;;;;;
"Parsi Chess";"pieceDeclaredAsNeutral";49;true;;Static;;;;;;
"Parsi Chess";"pieceDeclaredAsShared";50;false;"The game does not have any piece declared as Shared";Static;;;;;;
"Parsi Chess";"equalNumberOfPiecesOnTheBoard";64;true;;Static;;;;;;
"Parsi Chess";"AllPlayerDeclared";56;true;;Static;;;;;;
"Parsi Chess";"sizeOfTrack";55;false;"Track concept is not present";Static;;;;;;
"Persian Chess with a Queen";"lineLessOrEqualThanBoardSide";38;false;"Line concept is not present";Static;;;;;;
"Persian Chess with a Queen";"eachPieceReferenceNotDuplicated";42;false;"The game does not have any piece declared as Each";Static;;;;;;
"Persian Chess with a Queen";"pieceDeclaredAsEach";69;true;;Static;;;;;;
"Persian Chess with a Queen";"pieceDeclaredAsNeutral";37;true;;Static;;;;;;
"Persian Chess with a Queen";"pieceDeclaredAsShared";36;false;"The game does not have any piece declared as Shared";Static;;;;;;
"Persian Chess with a Queen";"equalNumberOfPiecesOnTheBoard";37;true;;Static;;;;;;
"Persian Chess with a Queen";"AllPlayerDeclared";37;true;;Static;;;;;;
"Persian Chess with a Queen";"sizeOfTrack";42;false;"Track concept is not present";Static;;;;;;
"Qatranj";"lineLessOrEqualThanBoardSide";69;false;"Line concept is not present";Static;;;;;;
"Qatranj";"eachPieceReferenceNotDuplicated";65;false;"The game does not have any piece declared as Each";Static;;;;;;
"Qatranj";"pieceDeclaredAsEach";96;true;;Static;;;;;;
"Qatranj";"pieceDeclaredAsNeutral";65;true;;Static;;;;;;
"Qatranj";"pieceDeclaredAsShared";66;false;"The game does not have any piece declared as Shared";Static;;;;;;
"Qatranj";"equalNumberOfPiecesOnTheBoard";64;true;;Static;;;;;;
"Qatranj";"AllPlayerDeclared";65;true;;Static;;;;;;
"Qatranj";"sizeOfTrack";76;false;"Track concept is not present";Static;;;;;;
"Rumi Shatranj";"lineLessOrEqualThanBoardSide";36;false;"Line concept is not present";Static;;;;;;
"Rumi Shatranj";"eachPieceReferenceNotDuplicated";37;false;"The game does not have any piece declared as Each";Static;;;;;;
"Rumi Shatranj";"pieceDeclaredAsEach";68;true;;Static;;;;;;
"Rumi Shatranj";"pieceDeclaredAsNeutral";34;true;;Static;;;;;;
"Rumi Shatranj";"pieceDeclaredAsShared";34;false;"The game does not have any piece declared as Shared";Static;;;;;;
"Rumi Shatranj";"equalNumberOfPiecesOnTheBoard";37;true;;Static;;;;;;
"Rumi Shatranj";"AllPlayerDeclared";36;true;;Static;;;;;;
"Rumi Shatranj";"sizeOfTrack";34;false;"Track concept is not present";Static;;;;;;
"Santaraj";"lineLessOrEqualThanBoardSide";32;false;"Line concept is not present";Static;;;;;;
"Santaraj";"eachPieceReferenceNotDuplicated";33;false;"The game does not have any piece declared as Each";Static;;;;;;
"Santaraj";"pieceDeclaredAsEach";64;true;;Static;;;;;;
"Santaraj";"pieceDeclaredAsNeutral";44;true;;Static;;;;;;
"Santaraj";"pieceDeclaredAsShared";40;false;"The game does not have any piece declared as Shared";Static;;;;;;
"Santaraj";"equalNumberOfPiecesOnTheBoard";37;true;;Static;;;;;;
"Santaraj";"AllPlayerDeclared";34;true;;Static;;;;;;
"Santaraj";"sizeOfTrack";40;false;"Track concept is not present";Static;;;;;;
"Sarvatobhadra";"lineLessOrEqualThanBoardSide";42;false;"Line concept is not present";Static;;;;;;
"Sarvatobhadra";"eachPieceReferenceNotDuplicated";40;false;"The game does not have any piece declared as Each";Static;;;;;;
"Sarvatobhadra";"pieceDeclaredAsEach";71;false;"The game does not have any piece declared as Each";Static;;;;;;
"Sarvatobhadra";"pieceDeclaredAsNeutral";39;true;;Static;;;;;;
"Sarvatobhadra";"pieceDeclaredAsShared";47;false;"The game does not have any piece declared as Shared";Static;;;;;;
"Sarvatobhadra";"equalNumberOfPiecesOnTheBoard";71;false;"Players do not have the same number of pieces";Static;;;;;;
"Sarvatobhadra";"AllPlayerDeclared";57;true;;Static;;;;;;
"Sarvatobhadra";"sizeOfTrack";41;false;"Track concept is not present";Static;;;;;;
"Saxun";"lineLessOrEqualThanBoardSide";30;false;"Line concept is not present";Static;;;;;;
"Saxun";"eachPieceReferenceNotDuplicated";38;false;"The game does not have any piece declared as Each";Static;;;;;;
"Saxun";"pieceDeclaredAsEach";70;true;;Static;;;;;;
"Saxun";"pieceDeclaredAsNeutral";27;true;;Static;;;;;;
"Saxun";"pieceDeclaredAsShared";28;false;"The game does not have any piece declared as Shared";Static;;;;;;
"Saxun";"equalNumberOfPiecesOnTheBoard";28;true;;Static;;;;;;
"Saxun";"AllPlayerDeclared";27;true;;Static;;;;;;
"Saxun";"sizeOfTrack";28;false;"Track concept is not present";Static;;;;;;
"Shataranja";"lineLessOrEqualThanBoardSide";48;false;"Line concept is not present";Static;;;;;;
"Shataranja";"eachPieceReferenceNotDuplicated";51;false;"The game does not have any piece declared as Each";Static;;;;;;
"Shataranja";"pieceDeclaredAsEach";90;true;;Static;;;;;;
"Shataranja";"pieceDeclaredAsNeutral";47;true;;Static;;;;;;
"Shataranja";"pieceDeclaredAsShared";50;false;"The game does not have any piece declared as Shared";Static;;;;;;
"Shataranja";"equalNumberOfPiecesOnTheBoard";50;true;;Static;;;;;;
"Shataranja";"AllPlayerDeclared";48;true;;Static;;;;;;
"Shataranja";"sizeOfTrack";49;false;"Track concept is not present";Static;;;;;;
"Shatr ikh Padan";"lineLessOrEqualThanBoardSide";25;false;"Line concept is not present";Static;;;;;;
"Shatr ikh Padan";"eachPieceReferenceNotDuplicated";29;false;"The game does not have any piece declared as Each";Static;;;;;;
"Shatr ikh Padan";"pieceDeclaredAsEach";57;true;;Static;;;;;;
"Shatr ikh Padan";"pieceDeclaredAsNeutral";27;true;;Static;;;;;;
"Shatr ikh Padan";"pieceDeclaredAsShared";23;false;"The game does not have any piece declared as Shared";Static;;;;;;
"Shatr ikh Padan";"equalNumberOfPiecesOnTheBoard";24;true;;Static;;;;;;
"Shatr ikh Padan";"AllPlayerDeclared";26;true;;Static;;;;;;
"Shatr ikh Padan";"sizeOfTrack";31;false;"Track concept is not present";Static;;;;;;
"Shatranj (12x12)";"lineLessOrEqualThanBoardSide";54;false;"Line concept is not present";Static;;;;;;
"Shatranj (12x12)";"eachPieceReferenceNotDuplicated";57;false;"The game does not have any piece declared as Each";Static;;;;;;
"Shatranj (12x12)";"pieceDeclaredAsEach";84;true;;Static;;;;;;
"Shatranj (12x12)";"pieceDeclaredAsNeutral";53;true;;Static;;;;;;
"Shatranj (12x12)";"pieceDeclaredAsShared";53;false;"The game does not have any piece declared as Shared";Static;;;;;;
"Shatranj (12x12)";"equalNumberOfPiecesOnTheBoard";56;true;;Static;;;;;;
"Shatranj (12x12)";"AllPlayerDeclared";58;true;;Static;;;;;;
"Shatranj (12x12)";"sizeOfTrack";64;false;"Track concept is not present";Static;;;;;;
"Shatranj (14x14)";"lineLessOrEqualThanBoardSide";85;false;"Line concept is not present";Static;;;;;;
"Shatranj (14x14)";"eachPieceReferenceNotDuplicated";81;false;"The game does not have any piece declared as Each";Static;;;;;;
"Shatranj (14x14)";"pieceDeclaredAsEach";106;true;;Static;;;;;;
"Shatranj (14x14)";"pieceDeclaredAsNeutral";78;true;;Static;;;;;;
"Shatranj (14x14)";"pieceDeclaredAsShared";76;false;"The game does not have any piece declared as Shared";Static;;;;;;
"Shatranj (14x14)";"equalNumberOfPiecesOnTheBoard";82;true;;Static;;;;;;
"Shatranj (14x14)";"AllPlayerDeclared";90;true;;Static;;;;;;
"Shatranj (14x14)";"sizeOfTrack";82;false;"Track concept is not present";Static;;;;;;
"Shatranj (Algeria)";"lineLessOrEqualThanBoardSide";34;false;"Line concept is not present";Static;;;;;;
"Shatranj (Algeria)";"eachPieceReferenceNotDuplicated";32;false;"The game does not have any piece declared as Each";Static;;;;;;
"Shatranj (Algeria)";"pieceDeclaredAsEach";63;true;;Static;;;;;;
"Shatranj (Algeria)";"pieceDeclaredAsNeutral";31;true;;Static;;;;;;
"Shatranj (Algeria)";"pieceDeclaredAsShared";34;false;"The game does not have any piece declared as Shared";Static;;;;;;
"Shatranj (Algeria)";"equalNumberOfPiecesOnTheBoard";32;true;;Static;;;;;;
"Shatranj (Algeria)";"AllPlayerDeclared";34;true;;Static;;;;;;
"Shatranj (Algeria)";"sizeOfTrack";33;false;"Track concept is not present";Static;;;;;;
"Shatranj (Iraq)";"lineLessOrEqualThanBoardSide";35;false;"Line concept is not present";Static;;;;;;
"Shatranj (Iraq)";"eachPieceReferenceNotDuplicated";34;false;"The game does not have any piece declared as Each";Static;;;;;;
"Shatranj (Iraq)";"pieceDeclaredAsEach";76;true;;Static;;;;;;
"Shatranj (Iraq)";"pieceDeclaredAsNeutral";34;true;;Static;;;;;;
"Shatranj (Iraq)";"pieceDeclaredAsShared";32;false;"The game does not have any piece declared as Shared";Static;;;;;;
"Shatranj (Iraq)";"equalNumberOfPiecesOnTheBoard";32;true;;Static;;;;;;
"Shatranj (Iraq)";"AllPlayerDeclared";31;true;;Static;;;;;;
"Shatranj (Iraq)";"sizeOfTrack";32;false;"Track concept is not present";Static;;;;;;
"Shatranj (Turkey)";"lineLessOrEqualThanBoardSide";41;false;"Line concept is not present";Static;;;;;;
"Shatranj (Turkey)";"eachPieceReferenceNotDuplicated";34;false;"The game does not have any piece declared as Each";Static;;;;;;
"Shatranj (Turkey)";"pieceDeclaredAsEach";68;true;;Static;;;;;;
"Shatranj (Turkey)";"pieceDeclaredAsNeutral";32;true;;Static;;;;;;
"Shatranj (Turkey)";"pieceDeclaredAsShared";38;false;"The game does not have any piece declared as Shared";Static;;;;;;
"Shatranj (Turkey)";"equalNumberOfPiecesOnTheBoard";32;true;;Static;;;;;;
"Shatranj (Turkey)";"AllPlayerDeclared";31;true;;Static;;;;;;
"Shatranj (Turkey)";"sizeOfTrack";35;false;"Track concept is not present";Static;;;;;;
"Shatranj al-Husun";"lineLessOrEqualThanBoardSide";56;false;"Line concept is not present";Static;;;;;;
"Shatranj al-Husun";"eachPieceReferenceNotDuplicated";52;false;"The game does not have any piece declared as Each";Static;;;;;;
"Shatranj al-Husun";"pieceDeclaredAsEach";81;true;;Static;;;;;;
"Shatranj al-Husun";"pieceDeclaredAsNeutral";51;true;;Static;;;;;;
"Shatranj al-Husun";"pieceDeclaredAsShared";50;false;"The game does not have any piece declared as Shared";Static;;;;;;
"Shatranj al-Husun";"equalNumberOfPiecesOnTheBoard";55;true;;Static;;;;;;
"Shatranj al-Husun";"AllPlayerDeclared";55;true;;Static;;;;;;
"Shatranj al-Husun";"sizeOfTrack";55;false;"Track concept is not present";Static;;;;;;
"Shatranj al-Kabir";"lineLessOrEqualThanBoardSide";143;false;"Line concept is not present";Static;;;;;;
"Shatranj al-Kabir";"eachPieceReferenceNotDuplicated";140;false;"The game does not have any piece declared as Each";Static;;;;;;
"Shatranj al-Kabir";"pieceDeclaredAsEach";181;true;;Static;;;;;;
"Shatranj al-Kabir";"pieceDeclaredAsNeutral";131;true;;Static;;;;;;
"Shatranj al-Kabir";"pieceDeclaredAsShared";133;false;"The game does not have any piece declared as Shared";Static;;;;;;
"Shatranj al-Kabir";"equalNumberOfPiecesOnTheBoard";141;true;;Static;;;;;;
"Shatranj al-Kabir";"AllPlayerDeclared";132;true;;Static;;;;;;
"Shatranj al-Kabir";"sizeOfTrack";132;false;"Track concept is not present";Static;;;;;;
"Shatranj al-Mustatila";"lineLessOrEqualThanBoardSide";42;false;"Line concept is not present";Static;;;;;;
"Shatranj al-Mustatila";"eachPieceReferenceNotDuplicated";60;false;"The game does not have any piece declared as Each";Static;;;;;;
"Shatranj al-Mustatila";"pieceDeclaredAsEach";73;true;;Static;;;;;;
"Shatranj al-Mustatila";"pieceDeclaredAsNeutral";43;true;;Static;;;;;;
"Shatranj al-Mustatila";"pieceDeclaredAsShared";44;false;"The game does not have any piece declared as Shared";Static;;;;;;
"Shatranj al-Mustatila";"equalNumberOfPiecesOnTheBoard";43;true;;Static;;;;;;
"Shatranj al-Mustatila";"AllPlayerDeclared";43;true;;Static;;;;;;
"Shatranj al-Mustatila";"sizeOfTrack";51;false;"Track concept is not present";Static;;;;;;
"Shatranj ar-Rumiya";"lineLessOrEqualThanBoardSide";110;false;"Line concept is not present";Static;;;;;;
"Shatranj ar-Rumiya";"eachPieceReferenceNotDuplicated";75;false;"The game does not have any piece declared as Each";Static;;;;;;
"Shatranj ar-Rumiya";"pieceDeclaredAsEach";118;true;;Static;;;;;;
"Shatranj ar-Rumiya";"pieceDeclaredAsNeutral";73;true;;Static;;;;;;
"Shatranj ar-Rumiya";"pieceDeclaredAsShared";81;false;"The game does not have any piece declared as Shared";Static;;;;;;
"Shatranj ar-Rumiya";"equalNumberOfPiecesOnTheBoard";74;true;;Static;;;;;;
"Shatranj ar-Rumiya";"AllPlayerDeclared";68;true;;Static;;;;;;
"Shatranj ar-Rumiya";"sizeOfTrack";68;false;"Track concept is not present";Static;;;;;;
"Shatranj at-Tamma";"lineLessOrEqualThanBoardSide";50;false;"Line concept is not present";Static;;;;;;
"Shatranj at-Tamma";"eachPieceReferenceNotDuplicated";49;false;"The game does not have any piece declared as Each";Static;;;;;;
"Shatranj at-Tamma";"pieceDeclaredAsEach";92;true;;Static;;;;;;
"Shatranj at-Tamma";"pieceDeclaredAsNeutral";45;true;;Static;;;;;;
"Shatranj at-Tamma";"pieceDeclaredAsShared";50;false;"The game does not have any piece declared as Shared";Static;;;;;;
"Shatranj at-Tamma";"equalNumberOfPiecesOnTheBoard";46;true;;Static;;;;;;
"Shatranj at-Tamma";"AllPlayerDeclared";44;true;;Static;;;;;;
"Shatranj at-Tamma";"sizeOfTrack";45;false;"Track concept is not present";Static;;;;;;
"Shatranj Diwana Shah";"lineLessOrEqualThanBoardSide";37;false;"Line concept is not present";Static;;;;;;
"Shatranj Diwana Shah";"eachPieceReferenceNotDuplicated";45;false;"The game does not have any piece declared as Each";Static;;;;;;
"Shatranj Diwana Shah";"pieceDeclaredAsEach";69;true;;Static;;;;;;
"Shatranj Diwana Shah";"pieceDeclaredAsNeutral";38;true;;Static;;;;;;
"Shatranj Diwana Shah";"pieceDeclaredAsShared";45;false;"The game does not have any piece declared as Shared";Static;;;;;;
"Shatranj Diwana Shah";"equalNumberOfPiecesOnTheBoard";39;false;"Players do not have the same number of pieces";Static;;;;;;
"Shatranj Diwana Shah";"AllPlayerDeclared";38;true;;Static;;;;;;
"Shatranj Diwana Shah";"sizeOfTrack";37;false;"Track concept is not present";Static;;;;;;
"Shatranj";"lineLessOrEqualThanBoardSide";31;false;"Line concept is not present";Static;;;;;;
"Shatranj";"eachPieceReferenceNotDuplicated";31;false;"The game does not have any piece declared as Each";Static;;;;;;
"Shatranj";"pieceDeclaredAsEach";59;true;;Static;;;;;;
"Shatranj";"pieceDeclaredAsNeutral";31;true;;Static;;;;;;
"Shatranj";"pieceDeclaredAsShared";31;false;"The game does not have any piece declared as Shared";Static;;;;;;
"Shatranj";"equalNumberOfPiecesOnTheBoard";32;true;;Static;;;;;;
"Shatranj";"AllPlayerDeclared";36;true;;Static;;;;;;
"Shatranj";"sizeOfTrack";32;false;"Track concept is not present";Static;;;;;;
"Shatren";"lineLessOrEqualThanBoardSide";35;false;"Line concept is not present";Static;;;;;;
"Shatren";"eachPieceReferenceNotDuplicated";41;false;"The game does not have any piece declared as Each";Static;;;;;;
"Shatren";"pieceDeclaredAsEach";64;true;;Static;;;;;;
"Shatren";"pieceDeclaredAsNeutral";35;true;;Static;;;;;;
"Shatren";"pieceDeclaredAsShared";34;false;"The game does not have any piece declared as Shared";Static;;;;;;
"Shatren";"equalNumberOfPiecesOnTheBoard";36;true;;Static;;;;;;
"Shatren";"AllPlayerDeclared";34;true;;Static;;;;;;
"Shatren";"sizeOfTrack";40;false;"Track concept is not present";Static;;;;;;
"Shodra";"lineLessOrEqualThanBoardSide";33;false;"Line concept is not present";Static;;;;;;
"Shodra";"eachPieceReferenceNotDuplicated";37;false;"The game does not have any piece declared as Each";Static;;;;;;
"Shodra";"pieceDeclaredAsEach";69;true;;Static;;;;;;
"Shodra";"pieceDeclaredAsNeutral";31;true;;Static;;;;;;
"Shodra";"pieceDeclaredAsShared";30;false;"The game does not have any piece declared as Shared";Static;;;;;;
"Shodra";"equalNumberOfPiecesOnTheBoard";37;true;;Static;;;;;;
"Shodra";"AllPlayerDeclared";33;true;;Static;;;;;;
"Shodra";"sizeOfTrack";33;false;"Track concept is not present";Static;;;;;;
"Sittuyin";"lineLessOrEqualThanBoardSide";135;false;"Line concept is not present";Static;;;;;;
"Sittuyin";"eachPieceReferenceNotDuplicated";128;false;"The game does not have any piece declared as Each";Static;;;;;;
"Sittuyin";"pieceDeclaredAsEach";168;true;;Static;;;;;;
"Sittuyin";"pieceDeclaredAsNeutral";129;true;;Static;;;;;;
"Sittuyin";"pieceDeclaredAsShared";134;false;"The game does not have any piece declared as Shared";Static;;;;;;
"Sittuyin";"equalNumberOfPiecesOnTheBoard";141;true;;Static;;;;;;
"Sittuyin";"AllPlayerDeclared";129;true;;Static;;;;;;
"Sittuyin";"sizeOfTrack";132;false;"Track concept is not present";Static;;;;;;
"Tepong";"lineLessOrEqualThanBoardSide";54;false;"Line concept is not present";Static;;;;;;
"Tepong";"eachPieceReferenceNotDuplicated";42;false;"The game does not have any piece declared as Each";Static;;;;;;
"Tepong";"pieceDeclaredAsEach";70;true;;Static;;;;;;
"Tepong";"pieceDeclaredAsNeutral";39;true;;Static;;;;;;
"Tepong";"pieceDeclaredAsShared";40;false;"The game does not have any piece declared as Shared";Static;;;;;;
"Tepong";"equalNumberOfPiecesOnTheBoard";39;true;;Static;;;;;;
"Tepong";"AllPlayerDeclared";39;true;;Static;;;;;;
"Tepong";"sizeOfTrack";39;false;"Track concept is not present";Static;;;;;;
"Tsatsarandi";"lineLessOrEqualThanBoardSide";32;false;"Line concept is not present";Static;;;;;;
"Tsatsarandi";"eachPieceReferenceNotDuplicated";31;false;"The game does not have any piece declared as Each";Static;;;;;;
"Tsatsarandi";"pieceDeclaredAsEach";71;true;;Static;;;;;;
"Tsatsarandi";"pieceDeclaredAsNeutral";30;true;;Static;;;;;;
"Tsatsarandi";"pieceDeclaredAsShared";36;false;"The game does not have any piece declared as Shared";Static;;;;;;
"Tsatsarandi";"equalNumberOfPiecesOnTheBoard";32;true;;Static;;;;;;
"Tsatsarandi";"AllPlayerDeclared";29;true;;Static;;;;;;
"Tsatsarandi";"sizeOfTrack";33;false;"Track concept is not present";Static;;;;;;
"1D Chess";"lineLessOrEqualThanBoardSide";13;false;"Line concept is not present";Static;;;;;;
"1D Chess";"eachPieceReferenceNotDuplicated";12;false;"The game does not have any piece declared as Each";Static;;;;;;
"1D Chess";"pieceDeclaredAsEach";45;true;;Static;;;;;;
"1D Chess";"pieceDeclaredAsNeutral";12;true;;Static;;;;;;
"1D Chess";"pieceDeclaredAsShared";14;false;"The game does not have any piece declared as Shared";Static;;;;;;
"1D Chess";"equalNumberOfPiecesOnTheBoard";12;true;;Static;;;;;;
"1D Chess";"AllPlayerDeclared";14;true;;Static;;;;;;
"1D Chess";"sizeOfTrack";12;false;"Track concept is not present";Static;;;;;;
"Acedrex (Alfonso)";"lineLessOrEqualThanBoardSide";39;false;"Line concept is not present";Static;;;;;;
"Acedrex (Alfonso)";"eachPieceReferenceNotDuplicated";33;false;"The game does not have any piece declared as Each";Static;;;;;;
"Acedrex (Alfonso)";"pieceDeclaredAsEach";66;true;;Static;;;;;;
"Acedrex (Alfonso)";"pieceDeclaredAsNeutral";35;true;;Static;;;;;;
"Acedrex (Alfonso)";"pieceDeclaredAsShared";41;false;"The game does not have any piece declared as Shared";Static;;;;;;
"Acedrex (Alfonso)";"equalNumberOfPiecesOnTheBoard";35;true;;Static;;;;;;
"Acedrex (Alfonso)";"AllPlayerDeclared";41;true;;Static;;;;;;
"Acedrex (Alfonso)";"sizeOfTrack";36;false;"Track concept is not present";Static;;;;;;
"Acedrex de los Cuatros Tiempos";"lineLessOrEqualThanBoardSide";125;false;"Line concept is not present";Static;;;;;;
"Acedrex de los Cuatros Tiempos";"eachPieceReferenceNotDuplicated";125;false;"The game does not have any piece declared as Each";Static;;;;;;
"Acedrex de los Cuatros Tiempos";"pieceDeclaredAsEach";154;false;"Ludeme Each for a Piece requires at least one definition of PieceN, with N > 0";Static;;;;;;
"Acedrex de los Cuatros Tiempos";"pieceDeclaredAsNeutral";116;true;;Static;;;;;;
"Acedrex de los Cuatros Tiempos";"pieceDeclaredAsShared";113;false;"The game does not have any piece declared as Shared";Static;;;;;;
"Acedrex de los Cuatros Tiempos";"equalNumberOfPiecesOnTheBoard";119;true;;Static;;;;;;
"Acedrex de los Cuatros Tiempos";"AllPlayerDeclared";117;true;;Static;;;;;;
"Acedrex de los Cuatros Tiempos";"sizeOfTrack";113;false;"Track concept is not present";Static;;;;;;
"Alice Chess";"lineLessOrEqualThanBoardSide";83;false;"Line concept is not present";Static;;;;;;
"Alice Chess";"eachPieceReferenceNotDuplicated";76;false;"The game does not have any piece declared as Each";Static;;;;;;
"Alice Chess";"pieceDeclaredAsEach";112;true;;Static;;;;;;
"Alice Chess";"pieceDeclaredAsNeutral";77;true;;Static;;;;;;
"Alice Chess";"pieceDeclaredAsShared";78;false;"The game does not have any piece declared as Shared";Static;;;;;;
"Alice Chess";"equalNumberOfPiecesOnTheBoard";75;true;;Static;;;;;;
"Alice Chess";"AllPlayerDeclared";74;true;;Static;;;;;;
"Alice Chess";"sizeOfTrack";81;false;"Track concept is not present";Static;;;;;;
"Amazon Chess";"lineLessOrEqualThanBoardSide";59;false;"Line concept is not present";Static;;;;;;
"Amazon Chess";"eachPieceReferenceNotDuplicated";62;false;"The game does not have any piece declared as Each";Static;;;;;;
"Amazon Chess";"pieceDeclaredAsEach";88;true;;Static;;;;;;
"Amazon Chess";"pieceDeclaredAsNeutral";58;true;;Static;;;;;;
"Amazon Chess";"pieceDeclaredAsShared";61;false;"The game does not have any piece declared as Shared";Static;;;;;;
"Amazon Chess";"equalNumberOfPiecesOnTheBoard";60;true;;Static;;;;;;
"Amazon Chess";"AllPlayerDeclared";65;true;;Static;;;;;;
"Amazon Chess";"sizeOfTrack";62;false;"Track concept is not present";Static;;;;;;
"Atomic Chess";"lineLessOrEqualThanBoardSide";69;false;"Line concept is not present";Static;;;;;;
"Atomic Chess";"eachPieceReferenceNotDuplicated";67;false;"The game does not have any piece declared as Each";Static;;;;;;
"Atomic Chess";"pieceDeclaredAsEach";93;true;;Static;;;;;;
"Atomic Chess";"pieceDeclaredAsNeutral";66;true;;Static;;;;;;
"Atomic Chess";"pieceDeclaredAsShared";74;false;"The game does not have any piece declared as Shared";Static;;;;;;
"Atomic Chess";"equalNumberOfPiecesOnTheBoard";72;true;;Static;;;;;;
"Atomic Chess";"AllPlayerDeclared";77;true;;Static;;;;;;
"Atomic Chess";"sizeOfTrack";67;false;"Track concept is not present";Static;;;;;;
"Beirut Chess";"lineLessOrEqualThanBoardSide";60;false;"Line concept is not present";Static;;;;;;
"Beirut Chess";"eachPieceReferenceNotDuplicated";60;false;"The game does not have any piece declared as Each";Static;;;;;;
"Beirut Chess";"pieceDeclaredAsEach";87;true;;Static;;;;;;
"Beirut Chess";"pieceDeclaredAsNeutral";55;true;;Static;;;;;;
"Beirut Chess";"pieceDeclaredAsShared";60;false;"The game does not have any piece declared as Shared";Static;;;;;;
"Beirut Chess";"equalNumberOfPiecesOnTheBoard";54;true;;Static;;;;;;
"Beirut Chess";"AllPlayerDeclared";59;true;;Static;;;;;;
"Beirut Chess";"sizeOfTrack";58;false;"Track concept is not present";Static;;;;;;
"Brusky Chess";"lineLessOrEqualThanBoardSide";87;false;"Line concept is not present";Static;;;;;;
"Brusky Chess";"eachPieceReferenceNotDuplicated";86;false;"The game does not have any piece declared as Each";Static;;;;;;
"Brusky Chess";"pieceDeclaredAsEach";117;true;;Static;;;;;;
"Brusky Chess";"pieceDeclaredAsNeutral";83;true;;Static;;;;;;
"Brusky Chess";"pieceDeclaredAsShared";85;false;"The game does not have any piece declared as Shared";Static;;;;;;
"Brusky Chess";"equalNumberOfPiecesOnTheBoard";83;true;;Static;;;;;;
"Brusky Chess";"AllPlayerDeclared";87;true;;Static;;;;;;
"Brusky Chess";"sizeOfTrack";79;false;"Track concept is not present";Static;;;;;;
"Chess";"lineLessOrEqualThanBoardSide";62;false;"Line concept is not present";Static;;;;;;
"Chess";"eachPieceReferenceNotDuplicated";86;false;"The game does not have any piece declared as Each";Static;;;;;;
"Chess";"pieceDeclaredAsEach";103;true;;Static;;;;;;
"Chess";"pieceDeclaredAsNeutral";84;true;;Static;;;;;;
"Chess";"pieceDeclaredAsShared";73;false;"The game does not have any piece declared as Shared";Static;;;;;;
"Chess";"equalNumberOfPiecesOnTheBoard";78;true;;Static;;;;;;
"Chess";"AllPlayerDeclared";70;true;;Static;;;;;;
"Chess";"sizeOfTrack";68;false;"Track concept is not present";Static;;;;;;
"Chessence";"lineLessOrEqualThanBoardSide";38;false;"Line concept is not present";Static;;;;;;
"Chessence";"eachPieceReferenceNotDuplicated";38;false;"The game does not have any piece declared as Each";Static;;;;;;
"Chessence";"pieceDeclaredAsEach";100;true;;Static;;;;;;
"Chessence";"pieceDeclaredAsNeutral";43;true;;Static;;;;;;
"Chessence";"pieceDeclaredAsShared";39;false;"The game does not have any piece declared as Shared";Static;;;;;;
"Chessence";"equalNumberOfPiecesOnTheBoard";38;true;;Static;;;;;;
"Chessence";"AllPlayerDeclared";40;true;;Static;;;;;;
"Chessence";"sizeOfTrack";37;false;"Track concept is not present";Static;;;;;;
"Chex";"lineLessOrEqualThanBoardSide";1515;false;"Line concept is not present";Static;;;;;;
"Chex";"eachPieceReferenceNotDuplicated";1492;false;"The game does not have any piece declared as Each";Static;;;;;;
"Chex";"pieceDeclaredAsEach";1679;false;"The game does not have any piece declared as Each";Static;;;;;;
"Chex";"pieceDeclaredAsNeutral";1644;true;;Static;;;;;;
"Chex";"pieceDeclaredAsShared";1642;false;"The game does not have any piece declared as Shared";Static;;;;;;
"Chex";"equalNumberOfPiecesOnTheBoard";1564;true;;Static;;;;;;
"Chex";"AllPlayerDeclared";1564;true;;Static;;;;;;
"Chex";"sizeOfTrack";1638;false;"Track concept is not present";Static;;;;;;
"Currierspiel";"lineLessOrEqualThanBoardSide";92;false;"Line concept is not present";Static;;;;;;
"Currierspiel";"eachPieceReferenceNotDuplicated";99;false;"The game does not have any piece declared as Each";Static;;;;;;
"Currierspiel";"pieceDeclaredAsEach";101;true;;Static;;;;;;
"Currierspiel";"pieceDeclaredAsNeutral";56;true;;Static;;;;;;
"Currierspiel";"pieceDeclaredAsShared";55;false;"The game does not have any piece declared as Shared";Static;;;;;;
"Currierspiel";"equalNumberOfPiecesOnTheBoard";76;true;;Static;;;;;;
"Currierspiel";"AllPlayerDeclared";64;true;;Static;;;;;;
"Currierspiel";"sizeOfTrack";51;false;"Track concept is not present";Static;;;;;;
"De Vasa Chess";"lineLessOrEqualThanBoardSide";125;false;"Line concept is not present";Static;;;;;;
"De Vasa Chess";"eachPieceReferenceNotDuplicated";114;false;"The game does not have any piece declared as Each";Static;;;;;;
"De Vasa Chess";"pieceDeclaredAsEach";162;true;;Static;;;;;;
"De Vasa Chess";"pieceDeclaredAsNeutral";112;true;;Static;;;;;;
"De Vasa Chess";"pieceDeclaredAsShared";130;false;"The game does not have any piece declared as Shared";Static;;;;;;
"De Vasa Chess";"equalNumberOfPiecesOnTheBoard";107;true;;Static;;;;;;
"De Vasa Chess";"AllPlayerDeclared";96;true;;Static;;;;;;
"De Vasa Chess";"sizeOfTrack";96;false;"Track concept is not present";Static;;;;;;
"Dice Chess";"lineLessOrEqualThanBoardSide";77;false;"Line concept is not present";Static;;;;;;
"Dice Chess";"eachPieceReferenceNotDuplicated";56;false;"The game does not have any piece declared as Each";Static;;;;;;
"Dice Chess";"pieceDeclaredAsEach";93;true;;Static;;;;;;
"Dice Chess";"pieceDeclaredAsNeutral";64;true;;Static;;;;;;
"Dice Chess";"pieceDeclaredAsShared";53;false;"The game does not have any piece declared as Shared";Static;;;;;;
"Dice Chess";"equalNumberOfPiecesOnTheBoard";57;true;;Static;;;;;;
"Dice Chess";"AllPlayerDeclared";60;true;;Static;;;;;;
"Dice Chess";"sizeOfTrack";51;false;"Track concept is not present";Static;;;;;;
"Double Chess";"lineLessOrEqualThanBoardSide";160;false;"Line concept is not present";Static;;;;;;
"Double Chess";"eachPieceReferenceNotDuplicated";180;false;"The game does not have any piece declared as Each";Static;;;;;;
"Double Chess";"pieceDeclaredAsEach";210;true;;Static;;;;;;
"Double Chess";"pieceDeclaredAsNeutral";135;true;;Static;;;;;;
"Double Chess";"pieceDeclaredAsShared";138;false;"The game does not have any piece declared as Shared";Static;;;;;;
"Double Chess";"equalNumberOfPiecesOnTheBoard";158;true;;Static;;;;;;
"Double Chess";"AllPlayerDeclared";158;true;;Static;;;;;;
"Double Chess";"sizeOfTrack";138;false;"Track concept is not present";Static;;;;;;
"Dragonchess";"lineLessOrEqualThanBoardSide";117;false;"Line concept is not present";Static;;;;;;
"Dragonchess";"eachPieceReferenceNotDuplicated";100;false;"The game does not have any piece declared as Each";Static;;;;;;
"Dragonchess";"pieceDeclaredAsEach";125;true;;Static;;;;;;
"Dragonchess";"pieceDeclaredAsNeutral";104;true;;Static;;;;;;
"Dragonchess";"pieceDeclaredAsShared";106;false;"The game does not have any piece declared as Shared";Static;;;;;;
"Dragonchess";"equalNumberOfPiecesOnTheBoard";104;true;;Static;;;;;;
"Dragonchess";"AllPlayerDeclared";106;true;;Static;;;;;;
"Dragonchess";"sizeOfTrack";92;false;"Track concept is not present";Static;;;;;;
"Fischer Random Chess";"lineLessOrEqualThanBoardSide";276;false;"Line concept is not present";Static;;;;;;
"Fischer Random Chess";"eachPieceReferenceNotDuplicated";225;false;"The game does not have any piece declared as Each";Static;;;;;;
"Fischer Random Chess";"pieceDeclaredAsEach";268;true;;Static;;;;;;
"Fischer Random Chess";"pieceDeclaredAsNeutral";196;true;;Static;;;;;;
"Fischer Random Chess";"pieceDeclaredAsShared";191;false;"The game does not have any piece declared as Shared";Static;;;;;;
"Fischer Random Chess";"equalNumberOfPiecesOnTheBoard";226;true;;Static;;;;;;
"Fischer Random Chess";"AllPlayerDeclared";201;true;;Static;;;;;;
"Fischer Random Chess";"sizeOfTrack";189;false;"Track concept is not present";Static;;;;;;
"Forcado";"lineLessOrEqualThanBoardSide";211;false;"Line concept is not present";Static;;;;;;
"Forcado";"eachPieceReferenceNotDuplicated";219;false;"The game does not have any piece declared as Each";Static;;;;;;
"Forcado";"pieceDeclaredAsEach";248;true;;Static;;;;;;
"Forcado";"pieceDeclaredAsNeutral";207;true;;Static;;;;;;
"Forcado";"pieceDeclaredAsShared";205;false;"The game does not have any piece declared as Shared";Static;;;;;;
"Forcado";"equalNumberOfPiecesOnTheBoard";205;true;;Static;;;;;;
"Forcado";"AllPlayerDeclared";188;true;;Static;;;;;;
"Forcado";"sizeOfTrack";191;false;"Track concept is not present";Static;;;;;;
"Four-Player Chess";"lineLessOrEqualThanBoardSide";136;false;"Line concept is not present";Static;;;;;;
"Four-Player Chess";"eachPieceReferenceNotDuplicated";137;false;"The game does not have any piece declared as Each";Static;;;;;;
"Four-Player Chess";"pieceDeclaredAsEach";166;true;;Static;;;;;;
"Four-Player Chess";"pieceDeclaredAsNeutral";135;true;;Static;;;;;;
"Four-Player Chess";"pieceDeclaredAsShared";128;false;"The game does not have any piece declared as Shared";Static;;;;;;
"Four-Player Chess";"equalNumberOfPiecesOnTheBoard";131;true;;Static;;;;;;
"Four-Player Chess";"AllPlayerDeclared";149;true;;Static;;;;;;
"Four-Player Chess";"sizeOfTrack";136;false;"Track concept is not present";Static;;;;;;
"Glinski Chess";"lineLessOrEqualThanBoardSide";78;false;"Line concept is not present";Static;;;;;;
"Glinski Chess";"eachPieceReferenceNotDuplicated";61;false;"The game does not have any piece declared as Each";Static;;;;;;
"Glinski Chess";"pieceDeclaredAsEach";92;true;;Static;;;;;;
"Glinski Chess";"pieceDeclaredAsNeutral";58;true;;Static;;;;;;
"Glinski Chess";"pieceDeclaredAsShared";74;false;"The game does not have any piece declared as Shared";Static;;;;;;
"Glinski Chess";"equalNumberOfPiecesOnTheBoard";61;true;;Static;;;;;;
"Glinski Chess";"AllPlayerDeclared";73;true;;Static;;;;;;
"Glinski Chess";"sizeOfTrack";70;false;"Track concept is not present";Static;;;;;;
"Grande Acedrex";"lineLessOrEqualThanBoardSide";103;false;"Line concept is not present";Static;;;;;;
"Grande Acedrex";"eachPieceReferenceNotDuplicated";100;false;"The game does not have any piece declared as Each";Static;;;;;;
"Grande Acedrex";"pieceDeclaredAsEach";143;true;;Static;;;;;;
"Grande Acedrex";"pieceDeclaredAsNeutral";104;true;;Static;;;;;;
"Grande Acedrex";"pieceDeclaredAsShared";108;false;"The game does not have any piece declared as Shared";Static;;;;;;
"Grande Acedrex";"equalNumberOfPiecesOnTheBoard";99;true;;Static;;;;;;
"Grande Acedrex";"AllPlayerDeclared";109;true;;Static;;;;;;
"Grande Acedrex";"sizeOfTrack";103;false;"Track concept is not present";Static;;;;;;
"Half Chess";"lineLessOrEqualThanBoardSide";21;false;"Line concept is not present";Static;;;;;;
"Half Chess";"eachPieceReferenceNotDuplicated";20;false;"The game does not have any piece declared as Each";Static;;;;;;
"Half Chess";"pieceDeclaredAsEach";55;true;;Static;;;;;;
"Half Chess";"pieceDeclaredAsNeutral";20;true;;Static;;;;;;
"Half Chess";"pieceDeclaredAsShared";21;false;"The game does not have any piece declared as Shared";Static;;;;;;
"Half Chess";"equalNumberOfPiecesOnTheBoard";20;true;;Static;;;;;;
"Half Chess";"AllPlayerDeclared";20;true;;Static;;;;;;
"Half Chess";"sizeOfTrack";19;false;"Track concept is not present";Static;;;;;;
"Horde Chess";"lineLessOrEqualThanBoardSide";67;false;"Line concept is not present";Static;;;;;;
"Horde Chess";"eachPieceReferenceNotDuplicated";68;false;"The game does not have any piece declared as Each";Static;;;;;;
"Horde Chess";"pieceDeclaredAsEach";94;true;;Static;;;;;;
"Horde Chess";"pieceDeclaredAsNeutral";66;true;;Static;;;;;;
"Horde Chess";"pieceDeclaredAsShared";69;false;"The game does not have any piece declared as Shared";Static;;;;;;
"Horde Chess";"equalNumberOfPiecesOnTheBoard";76;false;"Players do not have the same number of pieces";Static;;;;;;
"Horde Chess";"AllPlayerDeclared";76;true;;Static;;;;;;
"Horde Chess";"sizeOfTrack";69;false;"Track concept is not present";Static;;;;;;
"Korkserschach";"lineLessOrEqualThanBoardSide";76;false;"Line concept is not present";Static;;;;;;
"Korkserschach";"eachPieceReferenceNotDuplicated";74;false;"The game does not have any piece declared as Each";Static;;;;;;
"Korkserschach";"pieceDeclaredAsEach";114;true;;Static;;;;;;
"Korkserschach";"pieceDeclaredAsNeutral";81;true;;Static;;;;;;
"Korkserschach";"pieceDeclaredAsShared";82;false;"The game does not have any piece declared as Shared";Static;;;;;;
"Korkserschach";"equalNumberOfPiecesOnTheBoard";75;true;;Static;;;;;;
"Korkserschach";"AllPlayerDeclared";76;true;;Static;;;;;;
"Korkserschach";"sizeOfTrack";101;false;"Track concept is not present";Static;;;;;;
"Kriegspiel (Chess)";"lineLessOrEqualThanBoardSide";5703;false;"Line concept is not present";Static;;;;;;
"Kriegspiel (Chess)";"eachPieceReferenceNotDuplicated";5746;false;"The game does not have any piece declared as Each";Static;;;;;;
"Kriegspiel (Chess)";"pieceDeclaredAsEach";5476;true;;Static;;;;;;
"Kriegspiel (Chess)";"pieceDeclaredAsNeutral";5457;true;;Static;;;;;;
"Kriegspiel (Chess)";"pieceDeclaredAsShared";5558;false;"The game does not have any piece declared as Shared";Static;;;;;;
"Kriegspiel (Chess)";"equalNumberOfPiecesOnTheBoard";5431;true;;Static;;;;;;
"Kriegspiel (Chess)";"AllPlayerDeclared";5500;true;;Static;;;;;;
"Kriegspiel (Chess)";"sizeOfTrack";5407;false;"Track concept is not present";Static;;;;;;
"Level Chess";"lineLessOrEqualThanBoardSide";215;false;"Line concept is not present";Static;;;;;;
"Level Chess";"eachPieceReferenceNotDuplicated";220;false;"The game does not have any piece declared as Each";Static;;;;;;
"Level Chess";"pieceDeclaredAsEach";245;true;;Static;;;;;;
"Level Chess";"pieceDeclaredAsNeutral";214;true;;Static;;;;;;
"Level Chess";"pieceDeclaredAsShared";222;false;"The game does not have any piece declared as Shared";Static;;;;;;
"Level Chess";"equalNumberOfPiecesOnTheBoard";241;true;;Static;;;;;;
"Level Chess";"AllPlayerDeclared";222;true;;Static;;;;;;
"Level Chess";"sizeOfTrack";212;false;"Track concept is not present";Static;;;;;;
"Lombard Chess";"lineLessOrEqualThanBoardSide";38;false;"Line concept is not present";Static;;;;;;
"Lombard Chess";"eachPieceReferenceNotDuplicated";37;false;"The game does not have any piece declared as Each";Static;;;;;;
"Lombard Chess";"pieceDeclaredAsEach";78;true;;Static;;;;;;
"Lombard Chess";"pieceDeclaredAsNeutral";37;true;;Static;;;;;;
"Lombard Chess";"pieceDeclaredAsShared";35;false;"The game does not have any piece declared as Shared";Static;;;;;;
"Lombard Chess";"equalNumberOfPiecesOnTheBoard";34;true;;Static;;;;;;
"Lombard Chess";"AllPlayerDeclared";36;true;;Static;;;;;;
"Lombard Chess";"sizeOfTrack";36;false;"Track concept is not present";Static;;;;;;
"Long Assize";"lineLessOrEqualThanBoardSide";56;false;"Line concept is not present";Static;;;;;;
"Long Assize";"eachPieceReferenceNotDuplicated";38;false;"The game does not have any piece declared as Each";Static;;;;;;
"Long Assize";"pieceDeclaredAsEach";70;true;;Static;;;;;;
"Long Assize";"pieceDeclaredAsNeutral";36;true;;Static;;;;;;
"Long Assize";"pieceDeclaredAsShared";36;false;"The game does not have any piece declared as Shared";Static;;;;;;
"Long Assize";"equalNumberOfPiecesOnTheBoard";37;true;;Static;;;;;;
"Long Assize";"AllPlayerDeclared";38;true;;Static;;;;;;
"Long Assize";"sizeOfTrack";38;false;"Track concept is not present";Static;;;;;;
"Loop Chess";"lineLessOrEqualThanBoardSide";84;false;"Line concept is not present";Static;;;;;;
"Loop Chess";"eachPieceReferenceNotDuplicated";80;false;"The game does not have any piece declared as Each";Static;;;;;;
"Loop Chess";"pieceDeclaredAsEach";112;true;;Static;;;;;;
"Loop Chess";"pieceDeclaredAsNeutral";83;true;;Static;;;;;;
"Loop Chess";"pieceDeclaredAsShared";88;false;"The game does not have any piece declared as Shared";Static;;;;;;
"Loop Chess";"equalNumberOfPiecesOnTheBoard";83;true;;Static;;;;;;
"Loop Chess";"AllPlayerDeclared";88;true;;Static;;;;;;
"Loop Chess";"sizeOfTrack";82;false;"Track concept is not present";Static;;;;;;
"Los Alamos Chess";"lineLessOrEqualThanBoardSide";27;false;"Line concept is not present";Static;;;;;;
"Los Alamos Chess";"eachPieceReferenceNotDuplicated";24;false;"The game does not have any piece declared as Each";Static;;;;;;
"Los Alamos Chess";"pieceDeclaredAsEach";57;true;;Static;;;;;;
"Los Alamos Chess";"pieceDeclaredAsNeutral";25;true;;Static;;;;;;
"Los Alamos Chess";"pieceDeclaredAsShared";25;false;"The game does not have any piece declared as Shared";Static;;;;;;
"Los Alamos Chess";"equalNumberOfPiecesOnTheBoard";26;true;;Static;;;;;;
"Los Alamos Chess";"AllPlayerDeclared";26;true;;Static;;;;;;
"Los Alamos Chess";"sizeOfTrack";25;false;"Track concept is not present";Static;;;;;;
"Maharajah Chess";"lineLessOrEqualThanBoardSide";61;false;"Line concept is not present";Static;;;;;;
"Maharajah Chess";"eachPieceReferenceNotDuplicated";63;false;"The game does not have any piece declared as Each";Static;;;;;;
"Maharajah Chess";"pieceDeclaredAsEach";90;false;"The game does not have any piece declared as Each";Static;;;;;;
"Maharajah Chess";"pieceDeclaredAsNeutral";60;true;;Static;;;;;;
"Maharajah Chess";"pieceDeclaredAsShared";61;false;"The game does not have any piece declared as Shared";Static;;;;;;
"Maharajah Chess";"equalNumberOfPiecesOnTheBoard";67;false;"Players do not have the same number of pieces";Static;;;;;;
"Maharajah Chess";"AllPlayerDeclared";73;true;;Static;;;;;;
"Maharajah Chess";"sizeOfTrack";63;false;"Track concept is not present";Static;;;;;;
"McCooey Chess";"lineLessOrEqualThanBoardSide";64;false;"Line concept is not present";Static;;;;;;
"McCooey Chess";"eachPieceReferenceNotDuplicated";59;false;"The game does not have any piece declared as Each";Static;;;;;;
"McCooey Chess";"pieceDeclaredAsEach";96;true;;Static;;;;;;
"McCooey Chess";"pieceDeclaredAsNeutral";59;true;;Static;;;;;;
"McCooey Chess";"pieceDeclaredAsShared";57;false;"The game does not have any piece declared as Shared";Static;;;;;;
"McCooey Chess";"equalNumberOfPiecesOnTheBoard";61;true;;Static;;;;;;
"McCooey Chess";"AllPlayerDeclared";63;true;;Static;;;;;;
"McCooey Chess";"sizeOfTrack";59;false;"Track concept is not present";Static;;;;;;
"Medieval Chess";"lineLessOrEqualThanBoardSide";41;false;"Line concept is not present";Static;;;;;;
"Medieval Chess";"eachPieceReferenceNotDuplicated";34;false;"The game does not have any piece declared as Each";Static;;;;;;
"Medieval Chess";"pieceDeclaredAsEach";66;true;;Static;;;;;;
"Medieval Chess";"pieceDeclaredAsNeutral";32;true;;Static;;;;;;
"Medieval Chess";"pieceDeclaredAsShared";32;false;"The game does not have any piece declared as Shared";Static;;;;;;
"Medieval Chess";"equalNumberOfPiecesOnTheBoard";33;true;;Static;;;;;;
"Medieval Chess";"AllPlayerDeclared";34;true;;Static;;;;;;
"Medieval Chess";"sizeOfTrack";33;false;"Track concept is not present";Static;;;;;;
"Mini Hexchess";"lineLessOrEqualThanBoardSide";30;false;"Line concept is not present";Static;;;;;;
"Mini Hexchess";"eachPieceReferenceNotDuplicated";32;false;"The game does not have any piece declared as Each";Static;;;;;;
"Mini Hexchess";"pieceDeclaredAsEach";63;false;"Ludeme Each for a Piece requires at least one definition of PieceN, with N > 0";Static;;;;;;
"Mini Hexchess";"pieceDeclaredAsNeutral";31;true;;Static;;;;;;
"Mini Hexchess";"pieceDeclaredAsShared";28;false;"The game does not have any piece declared as Shared";Static;;;;;;
"Mini Hexchess";"equalNumberOfPiecesOnTheBoard";31;true;;Static;;;;;;
"Mini Hexchess";"AllPlayerDeclared";29;true;;Static;;;;;;
"Mini Hexchess";"sizeOfTrack";31;false;"Track concept is not present";Static;;;;;;
"Nodal Chess";"lineLessOrEqualThanBoardSide";149;false;"Line concept is not present";Static;;;;;;
"Nodal Chess";"eachPieceReferenceNotDuplicated";144;false;"The game does not have any piece declared as Each";Static;;;;;;
"Nodal Chess";"pieceDeclaredAsEach";167;true;;Static;;;;;;
"Nodal Chess";"pieceDeclaredAsNeutral";134;true;;Static;;;;;;
"Nodal Chess";"pieceDeclaredAsShared";130;false;"The game does not have any piece declared as Shared";Static;;;;;;
"Nodal Chess";"equalNumberOfPiecesOnTheBoard";130;true;;Static;;;;;;
"Nodal Chess";"AllPlayerDeclared";132;true;;Static;;;;;;
"Nodal Chess";"sizeOfTrack";131;false;"Track concept is not present";Static;;;;;;
"Official Football Chess";"lineLessOrEqualThanBoardSide";61;false;"Line concept is not present";Static;;;;;;
"Official Football Chess";"eachPieceReferenceNotDuplicated";61;false;"The game does not have any piece declared as Each";Static;;;;;;
"Official Football Chess";"pieceDeclaredAsEach";95;true;;Static;;;;;;
"Official Football Chess";"pieceDeclaredAsNeutral";62;true;;Static;;;;;;
"Official Football Chess";"pieceDeclaredAsShared";61;false;"The game does not have any piece declared as Shared";Static;;;;;;
"Official Football Chess";"equalNumberOfPiecesOnTheBoard";60;true;;Static;;;;;;
"Official Football Chess";"AllPlayerDeclared";60;true;;Static;;;;;;
"Official Football Chess";"sizeOfTrack";60;false;"Track concept is not present";Static;;;;;;
"Phase Chess";"lineLessOrEqualThanBoardSide";124;false;"Line concept is not present";Static;;;;;;
"Phase Chess";"eachPieceReferenceNotDuplicated";127;false;"The game does not have any piece declared as Each";Static;;;;;;
"Phase Chess";"pieceDeclaredAsEach";158;true;;Static;;;;;;
"Phase Chess";"pieceDeclaredAsNeutral";130;true;;Static;;;;;;
"Phase Chess";"pieceDeclaredAsShared";133;false;"The game does not have any piece declared as Shared";Static;;;;;;
"Phase Chess";"equalNumberOfPiecesOnTheBoard";125;true;;Static;;;;;;
"Phase Chess";"AllPlayerDeclared";125;true;;Static;;;;;;
"Phase Chess";"sizeOfTrack";127;false;"Track concept is not present";Static;;;;;;
"Quick Chess";"lineLessOrEqualThanBoardSide";36;false;"Line concept is not present";Static;;;;;;
"Quick Chess";"eachPieceReferenceNotDuplicated";35;false;"The game does not have any piece declared as Each";Static;;;;;;
"Quick Chess";"pieceDeclaredAsEach";77;true;;Static;;;;;;
"Quick Chess";"pieceDeclaredAsNeutral";35;true;;Static;;;;;;
"Quick Chess";"pieceDeclaredAsShared";33;false;"The game does not have any piece declared as Shared";Static;;;;;;
"Quick Chess";"equalNumberOfPiecesOnTheBoard";34;true;;Static;;;;;;
"Quick Chess";"AllPlayerDeclared";36;true;;Static;;;;;;
"Quick Chess";"sizeOfTrack";34;false;"Track concept is not present";Static;;;;;;
"Russian Fortress Chess";"lineLessOrEqualThanBoardSide";331;false;"Line concept is not present";Static;;;;;;
"Russian Fortress Chess";"eachPieceReferenceNotDuplicated";372;false;"The game does not have any piece declared as Each";Static;;;;;;
"Russian Fortress Chess";"pieceDeclaredAsEach";380;true;;Static;;;;;;
"Russian Fortress Chess";"pieceDeclaredAsNeutral";327;true;;Static;;;;;;
"Russian Fortress Chess";"pieceDeclaredAsShared";346;true;;Static;;;;;;
"Russian Fortress Chess";"equalNumberOfPiecesOnTheBoard";319;true;;Static;;;;;;
"Russian Fortress Chess";"AllPlayerDeclared";313;true;;Static;;;;;;
"Russian Fortress Chess";"sizeOfTrack";318;false;"Track concept is not present";Static;;;;;;
"Scachs";"lineLessOrEqualThanBoardSide";62;false;"Line concept is not present";Static;;;;;;
"Scachs";"eachPieceReferenceNotDuplicated";59;false;"The game does not have any piece declared as Each";Static;;;;;;
"Scachs";"pieceDeclaredAsEach";90;true;;Static;;;;;;
"Scachs";"pieceDeclaredAsNeutral";61;true;;Static;;;;;;
"Scachs";"pieceDeclaredAsShared";76;false;"The game does not have any piece declared as Shared";Static;;;;;;
"Scachs";"equalNumberOfPiecesOnTheBoard";61;true;;Static;;;;;;
"Scachs";"AllPlayerDeclared";60;true;;Static;;;;;;
"Scachs";"sizeOfTrack";60;false;"Track concept is not present";Static;;;;;;
"Schachzabel";"lineLessOrEqualThanBoardSide";39;false;"Line concept is not present";Static;;;;;;
"Schachzabel";"eachPieceReferenceNotDuplicated";39;false;"The game does not have any piece declared as Each";Static;;;;;;
"Schachzabel";"pieceDeclaredAsEach";68;true;;Static;;;;;;
"Schachzabel";"pieceDeclaredAsNeutral";38;true;;Static;;;;;;
"Schachzabel";"pieceDeclaredAsShared";38;false;"The game does not have any piece declared as Shared";Static;;;;;;
"Schachzabel";"equalNumberOfPiecesOnTheBoard";38;true;;Static;;;;;;
"Schachzabel";"AllPlayerDeclared";41;true;;Static;;;;;;
"Schachzabel";"sizeOfTrack";43;false;"Track concept is not present";Static;;;;;;
"Shafran Chess";"lineLessOrEqualThanBoardSide";94;false;"Line concept is not present";Static;;;;;;
"Shafran Chess";"eachPieceReferenceNotDuplicated";99;false;"The game does not have any piece declared as Each";Static;;;;;;
"Shafran Chess";"pieceDeclaredAsEach";133;true;;Static;;;;;;
"Shafran Chess";"pieceDeclaredAsNeutral";96;true;;Static;;;;;;
"Shafran Chess";"pieceDeclaredAsShared";95;false;"The game does not have any piece declared as Shared";Static;;;;;;
"Shafran Chess";"equalNumberOfPiecesOnTheBoard";94;true;;Static;;;;;;
"Shafran Chess";"AllPlayerDeclared";96;true;;Static;;;;;;
"Shafran Chess";"sizeOfTrack";99;false;"Track concept is not present";Static;;;;;;
"Shakhmaty";"lineLessOrEqualThanBoardSide";54;false;"Line concept is not present";Static;;;;;;
"Shakhmaty";"eachPieceReferenceNotDuplicated";51;false;"The game does not have any piece declared as Each";Static;;;;;;
"Shakhmaty";"pieceDeclaredAsEach";78;true;;Static;;;;;;
"Shakhmaty";"pieceDeclaredAsNeutral";56;true;;Static;;;;;;
"Shakhmaty";"pieceDeclaredAsShared";51;false;"The game does not have any piece declared as Shared";Static;;;;;;
"Shakhmaty";"equalNumberOfPiecesOnTheBoard";53;true;;Static;;;;;;
"Shakhmaty";"AllPlayerDeclared";55;true;;Static;;;;;;
"Shakhmaty";"sizeOfTrack";52;false;"Track concept is not present";Static;;;;;;
"Shatera";"lineLessOrEqualThanBoardSide";33;false;"Line concept is not present";Static;;;;;;
"Shatera";"eachPieceReferenceNotDuplicated";34;false;"The game does not have any piece declared as Each";Static;;;;;;
"Shatera";"pieceDeclaredAsEach";60;true;;Static;;;;;;
"Shatera";"pieceDeclaredAsNeutral";32;true;;Static;;;;;;
"Shatera";"pieceDeclaredAsShared";33;false;"The game does not have any piece declared as Shared";Static;;;;;;
"Shatera";"equalNumberOfPiecesOnTheBoard";32;true;;Static;;;;;;
"Shatera";"AllPlayerDeclared";33;true;;Static;;;;;;
"Shatera";"sizeOfTrack";32;false;"Track concept is not present";Static;;;;;;
"Short Assize";"lineLessOrEqualThanBoardSide";53;false;"Line concept is not present";Static;;;;;;
"Short Assize";"eachPieceReferenceNotDuplicated";43;false;"The game does not have any piece declared as Each";Static;;;;;;
"Short Assize";"pieceDeclaredAsEach";75;true;;Static;;;;;;
"Short Assize";"pieceDeclaredAsNeutral";40;true;;Static;;;;;;
"Short Assize";"pieceDeclaredAsShared";42;false;"The game does not have any piece declared as Shared";Static;;;;;;
"Short Assize";"equalNumberOfPiecesOnTheBoard";44;true;;Static;;;;;;
"Short Assize";"AllPlayerDeclared";44;true;;Static;;;;;;
"Short Assize";"sizeOfTrack";42;false;"Track concept is not present";Static;;;;;;
"Social Distance Chess";"lineLessOrEqualThanBoardSide";90;false;"Line concept is not present";Static;;;;;;
"Social Distance Chess";"eachPieceReferenceNotDuplicated";87;false;"The game does not have any piece declared as Each";Static;;;;;;
"Social Distance Chess";"pieceDeclaredAsEach";122;true;;Static;;;;;;
"Social Distance Chess";"pieceDeclaredAsNeutral";79;true;;Static;;;;;;
"Social Distance Chess";"pieceDeclaredAsShared";86;false;"The game does not have any piece declared as Shared";Static;;;;;;
"Social Distance Chess";"equalNumberOfPiecesOnTheBoard";78;true;;Static;;;;;;
"Social Distance Chess";"AllPlayerDeclared";81;true;;Static;;;;;;
"Social Distance Chess";"sizeOfTrack";78;false;"Track concept is not present";Static;;;;;;
"Spartan Chess";"lineLessOrEqualThanBoardSide";87;false;"Line concept is not present";Static;;;;;;
"Spartan Chess";"eachPieceReferenceNotDuplicated";81;false;"The game does not have any piece declared as Each";Static;;;;;;
"Spartan Chess";"pieceDeclaredAsEach";130;true;;Static;;;;;;
"Spartan Chess";"pieceDeclaredAsNeutral";81;true;;Static;;;;;;
"Spartan Chess";"pieceDeclaredAsShared";78;false;"The game does not have any piece declared as Shared";Static;;;;;;
"Spartan Chess";"equalNumberOfPiecesOnTheBoard";77;true;;Static;;;;;;
"Spartan Chess";"AllPlayerDeclared";79;true;;Static;;;;;;
"Spartan Chess";"sizeOfTrack";81;false;"Track concept is not present";Static;;;;;;
"Starchess";"lineLessOrEqualThanBoardSide";40;false;"Line concept is not present";Static;;;;;;
"Starchess";"eachPieceReferenceNotDuplicated";37;false;"The game does not have any piece declared as Each";Static;;;;;;
"Starchess";"pieceDeclaredAsEach";75;false;"Ludeme Each for a Piece requires at least one definition of PieceN, with N > 0";Static;;;;;;
"Starchess";"pieceDeclaredAsNeutral";39;true;;Static;;;;;;
"Starchess";"pieceDeclaredAsShared";38;false;"The game does not have any piece declared as Shared";Static;;;;;;
"Starchess";"equalNumberOfPiecesOnTheBoard";39;true;;Static;;;;;;
"Starchess";"AllPlayerDeclared";38;true;;Static;;;;;;
"Starchess";"sizeOfTrack";38;false;"Track concept is not present";Static;;;;;;
"Stratomic";"lineLessOrEqualThanBoardSide";181;false;"Line concept is not present";Static;;;;;;
"Stratomic";"eachPieceReferenceNotDuplicated";178;false;"The game does not have any piece declared as Each";Static;;;;;;
"Stratomic";"pieceDeclaredAsEach";209;true;;Static;;;;;;
"Stratomic";"pieceDeclaredAsNeutral";178;true;;Static;;;;;;
"Stratomic";"pieceDeclaredAsShared";177;false;"The game does not have any piece declared as Shared";Static;;;;;;
"Stratomic";"equalNumberOfPiecesOnTheBoard";171;true;;Static;;;;;;
"Stratomic";"AllPlayerDeclared";170;true;;Static;;;;;;
"Stratomic";"sizeOfTrack";171;false;"Track concept is not present";Static;;;;;;
"Symmetric Chess";"lineLessOrEqualThanBoardSide";90;false;"Line concept is not present";Static;;;;;;
"Symmetric Chess";"eachPieceReferenceNotDuplicated";71;false;"The game does not have any piece declared as Each";Static;;;;;;
"Symmetric Chess";"pieceDeclaredAsEach";94;true;;Static;;;;;;
"Symmetric Chess";"pieceDeclaredAsNeutral";64;true;;Static;;;;;;
"Symmetric Chess";"pieceDeclaredAsShared";82;false;"The game does not have any piece declared as Shared";Static;;;;;;
"Symmetric Chess";"equalNumberOfPiecesOnTheBoard";67;true;;Static;;;;;;
"Symmetric Chess";"AllPlayerDeclared";69;true;;Static;;;;;;
"Symmetric Chess";"sizeOfTrack";79;false;"Track concept is not present";Static;;;;;;
"Ultimate Chess";"lineLessOrEqualThanBoardSide";145;false;"Line concept is not present";Static;;;;;;
"Ultimate Chess";"eachPieceReferenceNotDuplicated";138;false;"The game does not have any piece declared as Each";Static;;;;;;
"Ultimate Chess";"pieceDeclaredAsEach";173;true;;Static;;;;;;
"Ultimate Chess";"pieceDeclaredAsNeutral";142;true;;Static;;;;;;
"Ultimate Chess";"pieceDeclaredAsShared";137;false;"The game does not have any piece declared as Shared";Static;;;;;;
"Ultimate Chess";"equalNumberOfPiecesOnTheBoard";142;true;;Static;;;;;;
"Ultimate Chess";"AllPlayerDeclared";141;true;;Static;;;;;;
"Ultimate Chess";"sizeOfTrack";139;false;"Track concept is not present";Static;;;;;;
"Unachess";"lineLessOrEqualThanBoardSide";46;false;"Line concept is not present";Static;;;;;;
"Unachess";"eachPieceReferenceNotDuplicated";45;false;"The game does not have any piece declared as Each";Static;;;;;;
"Unachess";"pieceDeclaredAsEach";76;true;;Static;;;;;;
"Unachess";"pieceDeclaredAsNeutral";46;true;;Static;;;;;;
"Unachess";"pieceDeclaredAsShared";45;false;"The game does not have any piece declared as Shared";Static;;;;;;
"Unachess";"equalNumberOfPiecesOnTheBoard";47;true;;Static;;;;;;
"Unachess";"AllPlayerDeclared";52;true;;Static;;;;;;
"Unachess";"sizeOfTrack";47;false;"Track concept is not present";Static;;;;;;
"Viking Chess";"lineLessOrEqualThanBoardSide";36;false;"Line concept is not present";Static;;;;;;
"Viking Chess";"eachPieceReferenceNotDuplicated";35;false;"The game does not have any piece declared as Each";Static;;;;;;
"Viking Chess";"pieceDeclaredAsEach";65;true;;Static;;;;;;
"Viking Chess";"pieceDeclaredAsNeutral";35;true;;Static;;;;;;
"Viking Chess";"pieceDeclaredAsShared";34;false;"The game does not have any piece declared as Shared";Static;;;;;;
"Viking Chess";"equalNumberOfPiecesOnTheBoard";34;true;;Static;;;;;;
"Viking Chess";"AllPlayerDeclared";35;true;;Static;;;;;;
"Viking Chess";"sizeOfTrack";35;false;"Track concept is not present";Static;;;;;;
"Wellisch Chess";"lineLessOrEqualThanBoardSide";77;false;"Line concept is not present";Static;;;;;;
"Wellisch Chess";"eachPieceReferenceNotDuplicated";78;false;"The game does not have any piece declared as Each";Static;;;;;;
"Wellisch Chess";"pieceDeclaredAsEach";107;true;;Static;;;;;;
"Wellisch Chess";"pieceDeclaredAsNeutral";83;true;;Static;;;;;;
"Wellisch Chess";"pieceDeclaredAsShared";80;false;"The game does not have any piece declared as Shared";Static;;;;;;
"Wellisch Chess";"equalNumberOfPiecesOnTheBoard";88;true;;Static;;;;;;
"Wellisch Chess";"AllPlayerDeclared";76;true;;Static;;;;;;
"Wellisch Chess";"sizeOfTrack";82;false;"Track concept is not present";Static;;;;;;
"Welschschach";"lineLessOrEqualThanBoardSide";57;false;"Line concept is not present";Static;;;;;;
"Welschschach";"eachPieceReferenceNotDuplicated";54;false;"The game does not have any piece declared as Each";Static;;;;;;
"Welschschach";"pieceDeclaredAsEach";84;false;"The game does not have any piece declared as Each";Static;;;;;;
"Welschschach";"pieceDeclaredAsNeutral";51;true;;Static;;;;;;
"Welschschach";"pieceDeclaredAsShared";54;false;"The game does not have any piece declared as Shared";Static;;;;;;
"Welschschach";"equalNumberOfPiecesOnTheBoard";50;true;;Static;;;;;;
"Welschschach";"AllPlayerDeclared";50;true;;Static;;;;;;
"Welschschach";"sizeOfTrack";50;false;"Track concept is not present";Static;;;;;;
"Chu Seireigi";"lineLessOrEqualThanBoardSide";407;false;"Line concept is not present";Static;;;;;;
"Chu Seireigi";"eachPieceReferenceNotDuplicated";389;false;"The game does not have any piece declared as Each";Static;;;;;;
"Chu Seireigi";"pieceDeclaredAsEach";425;false;"Ludeme Each for a Piece requires at least one definition of PieceN, with N > 0";Static;;;;;;
"Chu Seireigi";"pieceDeclaredAsNeutral";363;true;;Static;;;;;;
"Chu Seireigi";"pieceDeclaredAsShared";371;false;"The game does not have any piece declared as Shared";Static;;;;;;
"Chu Seireigi";"equalNumberOfPiecesOnTheBoard";378;true;;Static;;;;;;
"Chu Seireigi";"AllPlayerDeclared";359;true;;Static;;;;;;
"Chu Seireigi";"sizeOfTrack";383;false;"Track concept is not present";Static;;;;;;
"Dai Seireigi";"lineLessOrEqualThanBoardSide";498;false;"Line concept is not present";Static;;;;;;
"Dai Seireigi";"eachPieceReferenceNotDuplicated";487;false;"The game does not have any piece declared as Each";Static;;;;;;
"Dai Seireigi";"pieceDeclaredAsEach";486;false;"Ludeme Each for a Piece requires at least one definition of PieceN, with N > 0";Static;;;;;;
"Dai Seireigi";"pieceDeclaredAsNeutral";437;true;;Static;;;;;;
"Dai Seireigi";"pieceDeclaredAsShared";442;false;"The game does not have any piece declared as Shared";Static;;;;;;
"Dai Seireigi";"equalNumberOfPiecesOnTheBoard";471;true;;Static;;;;;;
"Dai Seireigi";"AllPlayerDeclared";444;true;;Static;;;;;;
"Dai Seireigi";"sizeOfTrack";466;false;"Track concept is not present";Static;;;;;;
"Dice Shogi";"lineLessOrEqualThanBoardSide";167;false;"Line concept is not present";Static;;;;;;
"Dice Shogi";"eachPieceReferenceNotDuplicated";158;false;"The game does not have any piece declared as Each";Static;;;;;;
"Dice Shogi";"pieceDeclaredAsEach";205;false;"Ludeme Each for a Piece requires at least one definition of PieceN, with N > 0";Static;;;;;;
"Dice Shogi";"pieceDeclaredAsNeutral";155;true;;Static;;;;;;
"Dice Shogi";"pieceDeclaredAsShared";172;false;"The game does not have any piece declared as Shared";Static;;;;;;
"Dice Shogi";"equalNumberOfPiecesOnTheBoard";165;true;;Static;;;;;;
"Dice Shogi";"AllPlayerDeclared";165;true;;Static;;;;;;
"Dice Shogi";"sizeOfTrack";158;false;"Track concept is not present";Static;;;;;;
"Hasami Shogi";"lineLessOrEqualThanBoardSide";32;false;"Line concept is not present";Static;;;;;;
"Hasami Shogi";"eachPieceReferenceNotDuplicated";30;false;"The game does not have any piece declared as Each";Static;;;;;;
"Hasami Shogi";"pieceDeclaredAsEach";64;false;"The game does not have any piece declared as Each";Static;;;;;;
"Hasami Shogi";"pieceDeclaredAsNeutral";41;true;;Static;;;;;;
"Hasami Shogi";"pieceDeclaredAsShared";37;false;"The game does not have any piece declared as Shared";Static;;;;;;
"Hasami Shogi";"equalNumberOfPiecesOnTheBoard";41;true;;Static;;;;;;
"Hasami Shogi";"AllPlayerDeclared";31;true;;Static;;;;;;
"Hasami Shogi";"sizeOfTrack";40;false;"Track concept is not present";Static;;;;;;
"Hexshogi";"lineLessOrEqualThanBoardSide";232;false;"Line concept is not present";Static;;;;;;
"Hexshogi";"eachPieceReferenceNotDuplicated";236;false;"The game does not have any piece declared as Each";Static;;;;;;
"Hexshogi";"pieceDeclaredAsEach";267;false;"Ludeme Each for a Piece requires at least one definition of PieceN, with N > 0";Static;;;;;;
"Hexshogi";"pieceDeclaredAsNeutral";223;true;;Static;;;;;;
"Hexshogi";"pieceDeclaredAsShared";221;false;"The game does not have any piece declared as Shared";Static;;;;;;
"Hexshogi";"equalNumberOfPiecesOnTheBoard";227;true;;Static;;;;;;
"Hexshogi";"AllPlayerDeclared";226;true;;Static;;;;;;
"Hexshogi";"sizeOfTrack";245;false;"Track concept is not present";Static;;;;;;
"Kyoto Shogi";"lineLessOrEqualThanBoardSide";63;false;"Line concept is not present";Static;;;;;;
"Kyoto Shogi";"eachPieceReferenceNotDuplicated";57;false;"The game does not have any piece declared as Each";Static;;;;;;
"Kyoto Shogi";"pieceDeclaredAsEach";92;false;"Ludeme Each for a Piece requires at least one definition of PieceN, with N > 0";Static;;;;;;
"Kyoto Shogi";"pieceDeclaredAsNeutral";59;true;;Static;;;;;;
"Kyoto Shogi";"pieceDeclaredAsShared";61;false;"The game does not have any piece declared as Shared";Static;;;;;;
"Kyoto Shogi";"equalNumberOfPiecesOnTheBoard";62;true;;Static;;;;;;
"Kyoto Shogi";"AllPlayerDeclared";55;true;;Static;;;;;;
"Kyoto Shogi";"sizeOfTrack";61;false;"Track concept is not present";Static;;;;;;
"Minishogi";"lineLessOrEqualThanBoardSide";148;false;"Line concept is not present";Static;;;;;;
"Minishogi";"eachPieceReferenceNotDuplicated";151;false;"The game does not have any piece declared as Each";Static;;;;;;
"Minishogi";"pieceDeclaredAsEach";204;false;"Ludeme Each for a Piece requires at least one definition of PieceN, with N > 0";Static;;;;;;
"Minishogi";"pieceDeclaredAsNeutral";164;true;;Static;;;;;;
"Minishogi";"pieceDeclaredAsShared";151;false;"The game does not have any piece declared as Shared";Static;;;;;;
"Minishogi";"equalNumberOfPiecesOnTheBoard";150;true;;Static;;;;;;
"Minishogi";"AllPlayerDeclared";150;true;;Static;;;;;;
"Minishogi";"sizeOfTrack";157;false;"Track concept is not present";Static;;;;;;
"Seireigi";"lineLessOrEqualThanBoardSide";231;false;"Line concept is not present";Static;;;;;;
"Seireigi";"eachPieceReferenceNotDuplicated";218;false;"The game does not have any piece declared as Each";Static;;;;;;
"Seireigi";"pieceDeclaredAsEach";253;false;"Ludeme Each for a Piece requires at least one definition of PieceN, with N > 0";Static;;;;;;
"Seireigi";"pieceDeclaredAsNeutral";212;true;;Static;;;;;;
"Seireigi";"pieceDeclaredAsShared";220;false;"The game does not have any piece declared as Shared";Static;;;;;;
"Seireigi";"equalNumberOfPiecesOnTheBoard";243;true;;Static;;;;;;
"Seireigi";"AllPlayerDeclared";214;true;;Static;;;;;;
"Seireigi";"sizeOfTrack";236;false;"Track concept is not present";Static;;;;;;
"Shogi";"lineLessOrEqualThanBoardSide";208;false;"Line concept is not present";Static;;;;;;
"Shogi";"eachPieceReferenceNotDuplicated";205;false;"The game does not have any piece declared as Each";Static;;;;;;
"Shogi";"pieceDeclaredAsEach";232;false;"Ludeme Each for a Piece requires at least one definition of PieceN, with N > 0";Static;;;;;;
"Shogi";"pieceDeclaredAsNeutral";208;true;;Static;;;;;;
"Shogi";"pieceDeclaredAsShared";201;false;"The game does not have any piece declared as Shared";Static;;;;;;
"Shogi";"equalNumberOfPiecesOnTheBoard";214;true;;Static;;;;;;
"Shogi";"AllPlayerDeclared";208;true;;Static;;;;;;
"Shogi";"sizeOfTrack";208;false;"Track concept is not present";Static;;;;;;
"Tai Shogi";"lineLessOrEqualThanBoardSide";1411;false;"Line concept is not present";Static;;;;;;
"Tai Shogi";"eachPieceReferenceNotDuplicated";1458;false;"The game does not have any piece declared as Each";Static;;;;;;
"Tai Shogi";"pieceDeclaredAsEach";1359;false;"Ludeme Each for a Piece requires at least one definition of PieceN, with N > 0";Static;;;;;;
"Tai Shogi";"pieceDeclaredAsNeutral";1229;true;;Static;;;;;;
"Tai Shogi";"pieceDeclaredAsShared";1233;false;"The game does not have any piece declared as Shared";Static;;;;;;
"Tai Shogi";"equalNumberOfPiecesOnTheBoard";1368;false;"Players do not have the same number of pieces";Static;;;;;;
"Tai Shogi";"AllPlayerDeclared";1247;true;;Static;;;;;;
"Tai Shogi";"sizeOfTrack";1366;false;"Track concept is not present";Static;;;;;;
"Taikyoku Shogi";"lineLessOrEqualThanBoardSide";2489;false;"Line concept is not present";Static;;;;;;
"Taikyoku Shogi";"eachPieceReferenceNotDuplicated";2386;false;"The game does not have any piece declared as Each";Static;;;;;;
"Taikyoku Shogi";"pieceDeclaredAsEach";2280;false;"Ludeme Each for a Piece requires at least one definition of PieceN, with N > 0";Static;;;;;;
"Taikyoku Shogi";"pieceDeclaredAsNeutral";2066;true;;Static;;;;;;
"Taikyoku Shogi";"pieceDeclaredAsShared";2036;false;"The game does not have any piece declared as Shared";Static;;;;;;
"Taikyoku Shogi";"equalNumberOfPiecesOnTheBoard";2362;false;"Players do not have the same number of pieces";Static;;;;;;
"Taikyoku Shogi";"AllPlayerDeclared";2139;true;;Static;;;;;;
"Taikyoku Shogi";"sizeOfTrack";2465;false;"Track concept is not present";Static;;;;;;
"Tenjiku Shogi";"lineLessOrEqualThanBoardSide";431;false;"Line concept is not present";Static;;;;;;
"Tenjiku Shogi";"eachPieceReferenceNotDuplicated";387;false;"The game does not have any piece declared as Each";Static;;;;;;
"Tenjiku Shogi";"pieceDeclaredAsEach";422;false;"The game does not have any piece declared as Each";Static;;;;;;
"Tenjiku Shogi";"pieceDeclaredAsNeutral";354;true;;Static;;;;;;
"Tenjiku Shogi";"pieceDeclaredAsShared";351;false;"The game does not have any piece declared as Shared";Static;;;;;;
"Tenjiku Shogi";"equalNumberOfPiecesOnTheBoard";396;true;;Static;;;;;;
"Tenjiku Shogi";"AllPlayerDeclared";356;true;;Static;;;;;;
"Tenjiku Shogi";"sizeOfTrack";405;false;"Track concept is not present";Static;;;;;;
"Tobi Shogi";"lineLessOrEqualThanBoardSide";39;false;"Line concept is not present";Static;;;;;;
"Tobi Shogi";"eachPieceReferenceNotDuplicated";37;false;"The game does not have any piece declared as Each";Static;;;;;;
"Tobi Shogi";"pieceDeclaredAsEach";66;true;;Static;;;;;;
"Tobi Shogi";"pieceDeclaredAsNeutral";36;true;;Static;;;;;;
"Tobi Shogi";"pieceDeclaredAsShared";36;false;"The game does not have any piece declared as Shared";Static;;;;;;
"Tobi Shogi";"equalNumberOfPiecesOnTheBoard";37;true;;Static;;;;;;
"Tobi Shogi";"AllPlayerDeclared";41;true;;Static;;;;;;
"Tobi Shogi";"sizeOfTrack";39;false;"Track concept is not present";Static;;;;;;
"Unashogi";"lineLessOrEqualThanBoardSide";233;false;"Line concept is not present";Static;;;;;;
"Unashogi";"eachPieceReferenceNotDuplicated";224;false;"The game does not have any piece declared as Each";Static;;;;;;
"Unashogi";"pieceDeclaredAsEach";248;false;"Ludeme Each for a Piece requires at least one definition of PieceN, with N > 0";Static;;;;;;
"Unashogi";"pieceDeclaredAsNeutral";234;true;;Static;;;;;;
"Unashogi";"pieceDeclaredAsShared";215;false;"The game does not have any piece declared as Shared";Static;;;;;;
"Unashogi";"equalNumberOfPiecesOnTheBoard";223;true;;Static;;;;;;
"Unashogi";"AllPlayerDeclared";221;true;;Static;;;;;;
"Unashogi";"sizeOfTrack";227;false;"Track concept is not present";Static;;;;;;
"Yonin Seireigi";"lineLessOrEqualThanBoardSide";4349;false;"Line concept is not present";Static;;;;;;
"Yonin Seireigi";"eachPieceReferenceNotDuplicated";4381;false;"The game does not have any piece declared as Each";Static;;;;;;
"Yonin Seireigi";"pieceDeclaredAsEach";3960;false;"Ludeme Each for a Piece requires at least one definition of PieceN, with N > 0";Static;;;;;;
"Yonin Seireigi";"pieceDeclaredAsNeutral";3655;true;;Static;;;;;;
"Yonin Seireigi";"pieceDeclaredAsShared";3685;false;"The game does not have any piece declared as Shared";Static;;;;;;
"Yonin Seireigi";"equalNumberOfPiecesOnTheBoard";4328;true;;Static;;;;;;
"Yonin Seireigi";"AllPlayerDeclared";3701;true;;Static;;;;;;
"Yonin Seireigi";"sizeOfTrack";4337;false;"Track concept is not present";Static;;;;;;
"Yonin Shogi";"lineLessOrEqualThanBoardSide";2947;false;"Line concept is not present";Static;;;;;;
"Yonin Shogi";"eachPieceReferenceNotDuplicated";2889;false;"The game does not have any piece declared as Each";Static;;;;;;
"Yonin Shogi";"pieceDeclaredAsEach";2669;false;"Ludeme Each for a Piece requires at least one definition of PieceN, with N > 0";Static;;;;;;
"Yonin Shogi";"pieceDeclaredAsNeutral";2447;true;;Static;;;;;;
"Yonin Shogi";"pieceDeclaredAsShared";2467;false;"The game does not have any piece declared as Shared";Static;;;;;;
"Yonin Shogi";"equalNumberOfPiecesOnTheBoard";2885;true;;Static;;;;;;
"Yonin Shogi";"AllPlayerDeclared";2461;true;;Static;;;;;;
"Yonin Shogi";"sizeOfTrack";2872;false;"Track concept is not present";Static;;;;;;
"Janggi";"lineLessOrEqualThanBoardSide";74;false;"Line concept is not present";Static;;;;;;
"Janggi";"eachPieceReferenceNotDuplicated";68;false;"The game does not have any piece declared as Each";Static;;;;;;
"Janggi";"pieceDeclaredAsEach";114;true;;Static;;;;;;
"Janggi";"pieceDeclaredAsNeutral";68;true;;Static;;;;;;
"Janggi";"pieceDeclaredAsShared";65;false;"The game does not have any piece declared as Shared";Static;;;;;;
"Janggi";"equalNumberOfPiecesOnTheBoard";67;true;;Static;;;;;;
"Janggi";"AllPlayerDeclared";66;true;;Static;;;;;;
"Janggi";"sizeOfTrack";77;false;"Track concept is not present";Static;;;;;;
"Loop Xiangqi";"lineLessOrEqualThanBoardSide";67;false;"Line concept is not present";Static;;;;;;
"Loop Xiangqi";"eachPieceReferenceNotDuplicated";64;false;"The game does not have any piece declared as Each";Static;;;;;;
"Loop Xiangqi";"pieceDeclaredAsEach";94;true;;Static;;;;;;
"Loop Xiangqi";"pieceDeclaredAsNeutral";65;true;;Static;;;;;;
"Loop Xiangqi";"pieceDeclaredAsShared";73;false;"The game does not have any piece declared as Shared";Static;;;;;;
"Loop Xiangqi";"equalNumberOfPiecesOnTheBoard";68;true;;Static;;;;;;
"Loop Xiangqi";"AllPlayerDeclared";72;true;;Static;;;;;;
"Loop Xiangqi";"sizeOfTrack";67;false;"Track concept is not present";Static;;;;;;
"Manzhouqi";"lineLessOrEqualThanBoardSide";49;false;"Line concept is not present";Static;;;;;;
"Manzhouqi";"eachPieceReferenceNotDuplicated";43;false;"The game does not have any piece declared as Each";Static;;;;;;
"Manzhouqi";"pieceDeclaredAsEach";74;true;;Static;;;;;;
"Manzhouqi";"pieceDeclaredAsNeutral";42;true;;Static;;;;;;
"Manzhouqi";"pieceDeclaredAsShared";44;false;"The game does not have any piece declared as Shared";Static;;;;;;
"Manzhouqi";"equalNumberOfPiecesOnTheBoard";47;true;;Static;;;;;;
"Manzhouqi";"AllPlayerDeclared";44;true;;Static;;;;;;
"Manzhouqi";"sizeOfTrack";57;false;"Track concept is not present";Static;;;;;;
"MiniXiangqi";"lineLessOrEqualThanBoardSide";40;false;"Line concept is not present";Static;;;;;;
"MiniXiangqi";"eachPieceReferenceNotDuplicated";28;false;"The game does not have any piece declared as Each";Static;;;;;;
"MiniXiangqi";"pieceDeclaredAsEach";59;true;;Static;;;;;;
"MiniXiangqi";"pieceDeclaredAsNeutral";26;true;;Static;;;;;;
"MiniXiangqi";"pieceDeclaredAsShared";28;false;"The game does not have any piece declared as Shared";Static;;;;;;
"MiniXiangqi";"equalNumberOfPiecesOnTheBoard";31;true;;Static;;;;;;
"MiniXiangqi";"AllPlayerDeclared";30;true;;Static;;;;;;
"MiniXiangqi";"sizeOfTrack";31;false;"Track concept is not present";Static;;;;;;
"Qi Guo Xiangxi";"lineLessOrEqualThanBoardSide";277;false;"Line concept is not present";Static;;;;;;
"Qi Guo Xiangxi";"eachPieceReferenceNotDuplicated";244;false;"The game does not have any piece declared as Each";Static;;;;;;
"Qi Guo Xiangxi";"pieceDeclaredAsEach";282;true;;Static;;;;;;
"Qi Guo Xiangxi";"pieceDeclaredAsNeutral";242;true;;Static;;;;;;
"Qi Guo Xiangxi";"pieceDeclaredAsShared";222;true;;Static;;;;;;
"Qi Guo Xiangxi";"equalNumberOfPiecesOnTheBoard";238;true;;Static;;;;;;
"Qi Guo Xiangxi";"AllPlayerDeclared";233;true;;Static;;;;;;
"Qi Guo Xiangxi";"sizeOfTrack";244;false;"Track concept is not present";Static;;;;;;
"Xiang Hex";"lineLessOrEqualThanBoardSide";63;false;"Line concept is not present";Static;;;;;;
"Xiang Hex";"eachPieceReferenceNotDuplicated";52;false;"The game does not have any piece declared as Each";Static;;;;;;
"Xiang Hex";"pieceDeclaredAsEach";88;true;;Static;;;;;;
"Xiang Hex";"pieceDeclaredAsNeutral";52;true;;Static;;;;;;
"Xiang Hex";"pieceDeclaredAsShared";53;false;"The game does not have any piece declared as Shared";Static;;;;;;
"Xiang Hex";"equalNumberOfPiecesOnTheBoard";58;true;;Static;;;;;;
"Xiang Hex";"AllPlayerDeclared";58;true;;Static;;;;;;
"Xiang Hex";"sizeOfTrack";70;false;"Track concept is not present";Static;;;;;;
"Xiangqi";"lineLessOrEqualThanBoardSide";46;false;"Line concept is not present";Static;;;;;;
"Xiangqi";"eachPieceReferenceNotDuplicated";41;false;"The game does not have any piece declared as Each";Static;;;;;;
"Xiangqi";"pieceDeclaredAsEach";76;true;;Static;;;;;;
"Xiangqi";"pieceDeclaredAsNeutral";40;true;;Static;;;;;;
"Xiangqi";"pieceDeclaredAsShared";40;false;"The game does not have any piece declared as Shared";Static;;;;;;
"Xiangqi";"equalNumberOfPiecesOnTheBoard";43;true;;Static;;;;;;
"Xiangqi";"AllPlayerDeclared";41;true;;Static;;;;;;
"Xiangqi";"sizeOfTrack";44;false;"Track concept is not present";Static;;;;;;
"A K'aak'il";"lineLessOrEqualThanBoardSide";59;false;"Line concept is not present";Static;;;;;;
"A K'aak'il";"eachPieceReferenceNotDuplicated";45;false;"The game does not have any piece declared as Each";Static;;;;;;
"A K'aak'il";"pieceDeclaredAsEach";77;true;;Static;;;;;;
"A K'aak'il";"pieceDeclaredAsNeutral";46;true;;Static;;;;;;
"A K'aak'il";"pieceDeclaredAsShared";42;false;"The game does not have any piece declared as Shared";Static;;;;;;
"A K'aak'il";"equalNumberOfPiecesOnTheBoard";57;true;;Static;;;;;;
"A K'aak'il";"AllPlayerDeclared";49;true;;Static;;;;;;
"A K'aak'il";"sizeOfTrack";46;false;"The owner 0 does not have a track";Static;;;;;;
"Ad elta stelpur";"lineLessOrEqualThanBoardSide";55;false;"Line concept is not present";Static;;;;;;
"Ad elta stelpur";"eachPieceReferenceNotDuplicated";63;false;"The game does not have any piece declared as Each";Static;;;;;;
"Ad elta stelpur";"pieceDeclaredAsEach";84;true;;Static;;;;;;
"Ad elta stelpur";"pieceDeclaredAsNeutral";51;true;;Static;;;;;;
"Ad elta stelpur";"pieceDeclaredAsShared";52;false;"The game does not have any piece declared as Shared";Static;;;;;;
"Ad elta stelpur";"equalNumberOfPiecesOnTheBoard";53;true;;Static;;;;;;
"Ad elta stelpur";"AllPlayerDeclared";52;true;;Static;;;;;;
"Ad elta stelpur";"sizeOfTrack";48;false;"The length of the track is 24";Static;;;;;;
"Addi Kul";"lineLessOrEqualThanBoardSide";18;false;"Line concept is not present";Static;;;;;;
"Addi Kul";"eachPieceReferenceNotDuplicated";17;false;"The game does not have any piece declared as Each";Static;;;;;;
"Addi Kul";"pieceDeclaredAsEach";48;true;;Static;;;;;;
"Addi Kul";"pieceDeclaredAsNeutral";17;true;;Static;;;;;;
"Addi Kul";"pieceDeclaredAsShared";19;false;"The game does not have any piece declared as Shared";Static;;;;;;
"Addi Kul";"equalNumberOfPiecesOnTheBoard";20;true;;Static;;;;;;
"Addi Kul";"AllPlayerDeclared";16;true;;Static;;;;;;
"Addi Kul";"sizeOfTrack";17;false;"Track concept is not present";Static;;;;;;
"Aj Sakakil";"lineLessOrEqualThanBoardSide";39;false;"Line concept is not present";Static;;;;;;
"Aj Sakakil";"eachPieceReferenceNotDuplicated";37;false;"The game does not have any piece declared as Each";Static;;;;;;
"Aj Sakakil";"pieceDeclaredAsEach";73;true;;Static;;;;;;
"Aj Sakakil";"pieceDeclaredAsNeutral";35;true;;Static;;;;;;
"Aj Sakakil";"pieceDeclaredAsShared";36;false;"The game does not have any piece declared as Shared";Static;;;;;;
"Aj Sakakil";"equalNumberOfPiecesOnTheBoard";45;true;;Static;;;;;;
"Aj Sakakil";"AllPlayerDeclared";38;true;;Static;;;;;;
"Aj Sakakil";"sizeOfTrack";38;false;"The owner 0 does not have a track";Static;;;;;;
"Aj Sayil";"lineLessOrEqualThanBoardSide";46;false;"Line concept is not present";Static;;;;;;
"Aj Sayil";"eachPieceReferenceNotDuplicated";39;false;"The game does not have any piece declared as Each";Static;;;;;;
"Aj Sayil";"pieceDeclaredAsEach";72;true;;Static;;;;;;
"Aj Sayil";"pieceDeclaredAsNeutral";39;true;;Static;;;;;;
"Aj Sayil";"pieceDeclaredAsShared";40;false;"The game does not have any piece declared as Shared";Static;;;;;;
"Aj Sayil";"equalNumberOfPiecesOnTheBoard";51;true;;Static;;;;;;
"Aj Sayil";"AllPlayerDeclared";48;true;;Static;;;;;;
"Aj Sayil";"sizeOfTrack";40;false;"The owner 0 does not have a track";Static;;;;;;
"Aj Sina'anil";"lineLessOrEqualThanBoardSide";51;false;"Line concept is not present";Static;;;;;;
"Aj Sina'anil";"eachPieceReferenceNotDuplicated";50;false;"The game does not have any piece declared as Each";Static;;;;;;
"Aj Sina'anil";"pieceDeclaredAsEach";82;true;;Static;;;;;;
"Aj Sina'anil";"pieceDeclaredAsNeutral";50;true;;Static;;;;;;
"Aj Sina'anil";"pieceDeclaredAsShared";44;false;"The game does not have any piece declared as Shared";Static;;;;;;
"Aj Sina'anil";"equalNumberOfPiecesOnTheBoard";46;true;;Static;;;;;;
"Aj Sina'anil";"AllPlayerDeclared";44;true;;Static;;;;;;
"Aj Sina'anil";"sizeOfTrack";55;false;"The owner 0 does not have a track";Static;;;;;;
"Aj T'iwil";"lineLessOrEqualThanBoardSide";32;false;"Line concept is not present";Static;;;;;;
"Aj T'iwil";"eachPieceReferenceNotDuplicated";29;false;"The game does not have any piece declared as Each";Static;;;;;;
"Aj T'iwil";"pieceDeclaredAsEach";57;true;;Static;;;;;;
"Aj T'iwil";"pieceDeclaredAsNeutral";27;true;;Static;;;;;;
"Aj T'iwil";"pieceDeclaredAsShared";25;false;"The game does not have any piece declared as Shared";Static;;;;;;
"Aj T'iwil";"equalNumberOfPiecesOnTheBoard";27;true;;Static;;;;;;
"Aj T'iwil";"AllPlayerDeclared";24;true;;Static;;;;;;
"Aj T'iwil";"sizeOfTrack";26;false;"The owner 0 does not have a track";Static;;;;;;
"Annuvin";"lineLessOrEqualThanBoardSide";37;false;"Line concept is not present";Static;;;;;;
"Annuvin";"eachPieceReferenceNotDuplicated";38;false;"The game does not have any piece declared as Each";Static;;;;;;
"Annuvin";"pieceDeclaredAsEach";68;true;;Static;;;;;;
"Annuvin";"pieceDeclaredAsNeutral";35;true;;Static;;;;;;
"Annuvin";"pieceDeclaredAsShared";39;false;"The game does not have any piece declared as Shared";Static;;;;;;
"Annuvin";"equalNumberOfPiecesOnTheBoard";44;true;;Static;;;;;;
"Annuvin";"AllPlayerDeclared";38;true;;Static;;;;;;
"Annuvin";"sizeOfTrack";37;false;"Track concept is not present";Static;;;;;;
"At-Tab wa-d-Dukk";"lineLessOrEqualThanBoardSide";44;false;"Line concept is not present";Static;;;;;;
"At-Tab wa-d-Dukk";"eachPieceReferenceNotDuplicated";39;false;"The game does not have any piece declared as Each";Static;;;;;;
"At-Tab wa-d-Dukk";"pieceDeclaredAsEach";68;true;;Static;;;;;;
"At-Tab wa-d-Dukk";"pieceDeclaredAsNeutral";38;true;;Static;;;;;;
"At-Tab wa-d-Dukk";"pieceDeclaredAsShared";38;false;"The game does not have any piece declared as Shared";Static;;;;;;
"At-Tab wa-d-Dukk";"equalNumberOfPiecesOnTheBoard";42;true;;Static;;;;;;
"At-Tab wa-d-Dukk";"AllPlayerDeclared";42;true;;Static;;;;;;
"At-Tab wa-d-Dukk";"sizeOfTrack";42;false;"The owner 0 does not have a track";Static;;;;;;
"Awangdu";"lineLessOrEqualThanBoardSide";72;false;"Line concept is not present";Static;;;;;;
"Awangdu";"eachPieceReferenceNotDuplicated";21;false;"The game does not have any piece declared as Each";Static;;;;;;
"Awangdu";"pieceDeclaredAsEach";65;true;;Static;;;;;;
"Awangdu";"pieceDeclaredAsNeutral";27;true;;Static;;;;;;
"Awangdu";"pieceDeclaredAsShared";28;false;"The game does not have any piece declared as Shared";Static;;;;;;
"Awangdu";"equalNumberOfPiecesOnTheBoard";27;true;;Static;;;;;;
"Awangdu";"AllPlayerDeclared";22;true;;Static;;;;;;
"Awangdu";"sizeOfTrack";29;false;"The owner 0 does not have a track";Static;;;;;;
"Battleships";"lineLessOrEqualThanBoardSide";199;false;"Line concept is not present";Static;;;;;;
"Battleships";"eachPieceReferenceNotDuplicated";129;false;"The game does not have any piece declared as Each";Static;;;;;;
"Battleships";"pieceDeclaredAsEach";157;false;"Ludeme Each for a Piece requires at least one definition of PieceN, with N > 0";Static;;;;;;
"Battleships";"pieceDeclaredAsNeutral";125;true;;Static;;;;;;
"Battleships";"pieceDeclaredAsShared";120;false;"The game does not have any piece declared as Shared";Static;;;;;;
"Battleships";"equalNumberOfPiecesOnTheBoard";137;true;;Static;;;;;;
"Battleships";"AllPlayerDeclared";132;true;;Static;;;;;;
"Battleships";"sizeOfTrack";129;false;"Track concept is not present";Static;;;;;;
"Bheri Bakhri";"lineLessOrEqualThanBoardSide";77;false;"Line concept is not present";Static;;;;;;
"Bheri Bakhri";"eachPieceReferenceNotDuplicated";42;false;"The game does not have any piece declared as Each";Static;;;;;;
"Bheri Bakhri";"pieceDeclaredAsEach";72;true;;Static;;;;;;
"Bheri Bakhri";"pieceDeclaredAsNeutral";43;true;;Static;;;;;;
"Bheri Bakhri";"pieceDeclaredAsShared";41;false;"The game does not have any piece declared as Shared";Static;;;;;;
"Bheri Bakhri";"equalNumberOfPiecesOnTheBoard";43;true;;Static;;;;;;
"Bheri Bakhri";"AllPlayerDeclared";44;true;;Static;;;;;;
"Bheri Bakhri";"sizeOfTrack";46;false;"The owner 0 does not have a track";Static;;;;;;
"Boolik";"lineLessOrEqualThanBoardSide";66;false;"Line concept is not present";Static;;;;;;
"Boolik";"eachPieceReferenceNotDuplicated";35;false;"The game does not have any piece declared as Each";Static;;;;;;
"Boolik";"pieceDeclaredAsEach";65;true;;Static;;;;;;
"Boolik";"pieceDeclaredAsNeutral";33;true;;Static;;;;;;
"Boolik";"pieceDeclaredAsShared";32;false;"The game does not have any piece declared as Shared";Static;;;;;;
"Boolik";"equalNumberOfPiecesOnTheBoard";36;true;;Static;;;;;;
"Boolik";"AllPlayerDeclared";33;true;;Static;;;;;;
"Boolik";"sizeOfTrack";39;false;"The owner 0 does not have a track";Static;;;;;;
"Boxijn Barildaan";"lineLessOrEqualThanBoardSide";52;false;"Line concept is not present";Static;;;;;;
"Boxijn Barildaan";"eachPieceReferenceNotDuplicated";22;false;"The game does not have any piece declared as Each";Static;;;;;;
"Boxijn Barildaan";"pieceDeclaredAsEach";51;true;;Static;;;;;;
"Boxijn Barildaan";"pieceDeclaredAsNeutral";19;true;;Static;;;;;;
"Boxijn Barildaan";"pieceDeclaredAsShared";17;false;"The game does not have any piece declared as Shared";Static;;;;;;
"Boxijn Barildaan";"equalNumberOfPiecesOnTheBoard";19;true;;Static;;;;;;
"Boxijn Barildaan";"AllPlayerDeclared";18;true;;Static;;;;;;
"Boxijn Barildaan";"sizeOfTrack";18;false;"Track concept is not present";Static;;;;;;
"Bul";"lineLessOrEqualThanBoardSide";309;false;"Line concept is not present";Static;;;;;;
"Bul";"eachPieceReferenceNotDuplicated";240;false;"Cannot invoke ""game.equipment.Equipment.components()"" because the return value of ""game.Game.equipment()"" is null";Static;;;;;;
"Bul";"pieceDeclaredAsEach";287;false;"Cannot invoke ""game.equipment.Equipment.components()"" because the return value of ""game.Game.equipment()"" is null";Static;;;;;;
"Bul";"pieceDeclaredAsNeutral";238;false;"Cannot invoke ""game.equipment.Equipment.components()"" because the return value of ""game.Game.equipment()"" is null";Static;;;;;;
"Bul";"pieceDeclaredAsShared";263;false;"Cannot invoke ""game.equipment.Equipment.components()"" because the return value of ""game.Game.equipment()"" is null";Static;;;;;;
"Bul";"equalNumberOfPiecesOnTheBoard";243;false;"Cannot invoke ""game.equipment.container.board.Board.topology()"" because the return value of ""game.Game.board()"" is null";Static;;;;;;
"Bul";"AllPlayerDeclared";226;true;;Static;;;;;;
"Bul";"sizeOfTrack";248;false;"Cannot invoke ""game.equipment.container.board.Board.graph()"" because the return value of ""game.Game.board()"" is null";Static;;;;;;
"Chaturaji";"lineLessOrEqualThanBoardSide";85;false;"Line concept is not present";Static;;;;;;
"Chaturaji";"eachPieceReferenceNotDuplicated";47;false;"The game does not have any piece declared as Each";Static;;;;;;
"Chaturaji";"pieceDeclaredAsEach";79;true;;Static;;;;;;
"Chaturaji";"pieceDeclaredAsNeutral";48;true;;Static;;;;;;
"Chaturaji";"pieceDeclaredAsShared";44;false;"The game does not have any piece declared as Shared";Static;;;;;;
"Chaturaji";"equalNumberOfPiecesOnTheBoard";46;true;;Static;;;;;;
"Chaturaji";"AllPlayerDeclared";44;true;;Static;;;;;;
"Chaturaji";"sizeOfTrack";47;false;"Track concept is not present";Static;;;;;;
"Chukaray";"lineLessOrEqualThanBoardSide";85;false;"Line concept is not present";Static;;;;;;
"Chukaray";"eachPieceReferenceNotDuplicated";58;false;"The game does not have any piece declared as Each";Static;;;;;;
"Chukaray";"pieceDeclaredAsEach";112;true;;Static;;;;;;
"Chukaray";"pieceDeclaredAsNeutral";55;true;;Static;;;;;;
"Chukaray";"pieceDeclaredAsShared";55;false;"The game does not have any piece declared as Shared";Static;;;;;;
"Chukaray";"equalNumberOfPiecesOnTheBoard";58;true;;Static;;;;;;
"Chukaray";"AllPlayerDeclared";56;true;;Static;;;;;;
"Chukaray";"sizeOfTrack";56;false;"The owner 0 does not have a track";Static;;;;;;
"Crusade";"lineLessOrEqualThanBoardSide";55;false;"Line concept is not present";Static;;;;;;
"Crusade";"eachPieceReferenceNotDuplicated";28;false;"The game does not have any piece declared as Each";Static;;;;;;
"Crusade";"pieceDeclaredAsEach";55;true;;Static;;;;;;
"Crusade";"pieceDeclaredAsNeutral";20;true;;Static;;;;;;
"Crusade";"pieceDeclaredAsShared";20;false;"The game does not have any piece declared as Shared";Static;;;;;;
"Crusade";"equalNumberOfPiecesOnTheBoard";31;true;;Static;;;;;;
"Crusade";"AllPlayerDeclared";33;true;;Static;;;;;;
"Crusade";"sizeOfTrack";21;false;"Track concept is not present";Static;;;;;;
"Daldos";"lineLessOrEqualThanBoardSide";60;false;"Line concept is not present";Static;;;;;;
"Daldos";"eachPieceReferenceNotDuplicated";22;false;"The game does not have any piece declared as Each";Static;;;;;;
"Daldos";"pieceDeclaredAsEach";60;false;"The game does not have any piece declared as Each";Static;;;;;;
"Daldos";"pieceDeclaredAsNeutral";21;true;;Static;;;;;;
"Daldos";"pieceDeclaredAsShared";22;false;"The game does not have any piece declared as Shared";Static;;;;;;
"Daldos";"equalNumberOfPiecesOnTheBoard";25;true;;Static;;;;;;
"Daldos";"AllPlayerDeclared";21;true;;Static;;;;;;
"Daldos";"sizeOfTrack";21;false;"The owner 0 does not have a track";Static;;;;;;
"Daldosa";"lineLessOrEqualThanBoardSide";50;false;"Line concept is not present";Static;;;;;;
"Daldosa";"eachPieceReferenceNotDuplicated";21;false;"The game does not have any piece declared as Each";Static;;;;;;
"Daldosa";"pieceDeclaredAsEach";53;false;"The game does not have any piece declared as Each";Static;;;;;;
"Daldosa";"pieceDeclaredAsNeutral";20;true;;Static;;;;;;
"Daldosa";"pieceDeclaredAsShared";20;false;"The game does not have any piece declared as Shared";Static;;;;;;
"Daldosa";"equalNumberOfPiecesOnTheBoard";22;true;;Static;;;;;;
"Daldosa";"AllPlayerDeclared";20;true;;Static;;;;;;
"Daldosa";"sizeOfTrack";22;false;"The owner 0 does not have a track";Static;;;;;;
"Deleb";"lineLessOrEqualThanBoardSide";242;false;"Line concept is not present";Static;;;;;;
"Deleb";"eachPieceReferenceNotDuplicated";222;false;"The game does not have any piece declared as Each";Static;;;;;;
"Deleb";"pieceDeclaredAsEach";246;false;"The game does not have any piece declared as Each";Static;;;;;;
"Deleb";"pieceDeclaredAsNeutral";210;true;;Static;;;;;;
"Deleb";"pieceDeclaredAsShared";210;false;"The game does not have any piece declared as Shared";Static;;;;;;
"Deleb";"equalNumberOfPiecesOnTheBoard";215;true;;Static;;;;;;
"Deleb";"AllPlayerDeclared";211;true;;Static;;;;;;
"Deleb";"sizeOfTrack";211;false;"The owner 0 does not have a track";Static;;;;;;
"Diagonals (2002)";"lineLessOrEqualThanBoardSide";63;false;"Line concept is not present";Static;;;;;;
"Diagonals (2002)";"eachPieceReferenceNotDuplicated";29;false;"The game does not have any piece declared as Each";Static;;;;;;
"Diagonals (2002)";"pieceDeclaredAsEach";58;true;;Static;;;;;;
"Diagonals (2002)";"pieceDeclaredAsNeutral";27;false;"A piece declared Neutral must be called as piece0";Static;;;;;;
"Diagonals (2002)";"pieceDeclaredAsShared";29;false;"The game does not have any piece declared as Shared";Static;;;;;;
"Diagonals (2002)";"equalNumberOfPiecesOnTheBoard";28;true;;Static;;;;;;
"Diagonals (2002)";"AllPlayerDeclared";29;true;;Static;;;;;;
"Diagonals (2002)";"sizeOfTrack";28;false;"Track concept is not present";Static;;;;;;
"Fang";"lineLessOrEqualThanBoardSide";60;false;"Line concept is not present";Static;;;;;;
"Fang";"eachPieceReferenceNotDuplicated";27;false;"The game does not have any piece declared as Each";Static;;;;;;
"Fang";"pieceDeclaredAsEach";58;false;"Ludeme Each for a Piece requires at least one definition of PieceN, with N > 0";Static;;;;;;
"Fang";"pieceDeclaredAsNeutral";26;true;;Static;;;;;;
"Fang";"pieceDeclaredAsShared";26;false;"The game does not have any piece declared as Shared";Static;;;;;;
"Fang";"equalNumberOfPiecesOnTheBoard";26;true;;Static;;;;;;
"Fang";"AllPlayerDeclared";26;true;;Static;;;;;;
"Fang";"sizeOfTrack";32;false;"Track concept is not present";Static;;;;;;
"Fission";"lineLessOrEqualThanBoardSide";59;false;"Line concept is not present";Static;;;;;;
"Fission";"eachPieceReferenceNotDuplicated";31;false;"The game does not have any piece declared as Each";Static;;;;;;
"Fission";"pieceDeclaredAsEach";63;true;;Static;;;;;;
"Fission";"pieceDeclaredAsNeutral";36;true;;Static;;;;;;
"Fission";"pieceDeclaredAsShared";31;false;"The game does not have any piece declared as Shared";Static;;;;;;
"Fission";"equalNumberOfPiecesOnTheBoard";30;true;;Static;;;;;;
"Fission";"AllPlayerDeclared";30;true;;Static;;;;;;
"Fission";"sizeOfTrack";30;false;"Track concept is not present";Static;;;;;;
"Four-Player Chaturanga (al-Biruni)";"lineLessOrEqualThanBoardSide";85;false;"Line concept is not present";Static;;;;;;
"Four-Player Chaturanga (al-Biruni)";"eachPieceReferenceNotDuplicated";53;false;"The game does not have any piece declared as Each";Static;;;;;;
"Four-Player Chaturanga (al-Biruni)";"pieceDeclaredAsEach";93;true;;Static;;;;;;
"Four-Player Chaturanga (al-Biruni)";"pieceDeclaredAsNeutral";56;true;;Static;;;;;;
"Four-Player Chaturanga (al-Biruni)";"pieceDeclaredAsShared";53;false;"The game does not have any piece declared as Shared";Static;;;;;;
"Four-Player Chaturanga (al-Biruni)";"equalNumberOfPiecesOnTheBoard";51;true;;Static;;;;;;
"Four-Player Chaturanga (al-Biruni)";"AllPlayerDeclared";50;true;;Static;;;;;;
"Four-Player Chaturanga (al-Biruni)";"sizeOfTrack";49;false;"Track concept is not present";Static;;;;;;
"Icebreaker";"lineLessOrEqualThanBoardSide";76;false;"Line concept is not present";Static;;;;;;
"Icebreaker";"eachPieceReferenceNotDuplicated";42;false;"The game does not have any piece declared as Each";Static;;;;;;
"Icebreaker";"pieceDeclaredAsEach";74;true;;Static;;;;;;
"Icebreaker";"pieceDeclaredAsNeutral";42;true;;Static;;;;;;
"Icebreaker";"pieceDeclaredAsShared";45;false;"The game does not have any piece declared as Shared";Static;;;;;;
"Icebreaker";"equalNumberOfPiecesOnTheBoard";43;true;;Static;;;;;;
"Icebreaker";"AllPlayerDeclared";44;true;;Static;;;;;;
"Icebreaker";"sizeOfTrack";40;false;"Track concept is not present";Static;;;;;;
"Issiren";"lineLessOrEqualThanBoardSide";63;false;"Line concept is not present";Static;;;;;;
"Issiren";"eachPieceReferenceNotDuplicated";25;false;"The game does not have any piece declared as Each";Static;;;;;;
"Issiren";"pieceDeclaredAsEach";54;true;;Static;;;;;;
"Issiren";"pieceDeclaredAsNeutral";25;true;;Static;;;;;;
"Issiren";"pieceDeclaredAsShared";25;false;"The game does not have any piece declared as Shared";Static;;;;;;
"Issiren";"equalNumberOfPiecesOnTheBoard";27;true;;Static;;;;;;
"Issiren";"AllPlayerDeclared";25;true;;Static;;;;;;
"Issiren";"sizeOfTrack";28;false;"The owner 0 does not have a track";Static;;;;;;
"Ja-Jeon-Geo-Gonu";"lineLessOrEqualThanBoardSide";45;false;"Line concept is not present";Static;;;;;;
"Ja-Jeon-Geo-Gonu";"eachPieceReferenceNotDuplicated";7;false;"The game does not have any piece declared as Each";Static;;;;;;
"Ja-Jeon-Geo-Gonu";"pieceDeclaredAsEach";38;true;;Static;;;;;;
"Ja-Jeon-Geo-Gonu";"pieceDeclaredAsNeutral";7;true;;Static;;;;;;
"Ja-Jeon-Geo-Gonu";"pieceDeclaredAsShared";9;false;"The game does not have any piece declared as Shared";Static;;;;;;
"Ja-Jeon-Geo-Gonu";"equalNumberOfPiecesOnTheBoard";8;true;;Static;;;;;;
"Ja-Jeon-Geo-Gonu";"AllPlayerDeclared";7;true;;Static;;;;;;
"Ja-Jeon-Geo-Gonu";"sizeOfTrack";10;false;"The length of the track is 16";Static;;;;;;
"Kioz";"lineLessOrEqualThanBoardSide";129;false;"Line concept is not present";Static;;;;;;
"Kioz";"eachPieceReferenceNotDuplicated";98;false;"The game does not have any piece declared as Each";Static;;;;;;
"Kioz";"pieceDeclaredAsEach";137;true;;Static;;;;;;
"Kioz";"pieceDeclaredAsNeutral";110;true;;Static;;;;;;
"Kioz";"pieceDeclaredAsShared";106;false;"The game does not have any piece declared as Shared";Static;;;;;;
"Kioz";"equalNumberOfPiecesOnTheBoard";99;true;;Static;;;;;;
"Kioz";"AllPlayerDeclared";102;true;;Static;;;;;;
"Kioz";"sizeOfTrack";103;false;"The length of the track is 44";Static;;;;;;
"Kiust Oyun";"lineLessOrEqualThanBoardSide";61;false;"Line concept is not present";Static;;;;;;
"Kiust Oyun";"eachPieceReferenceNotDuplicated";26;false;"The game does not have any piece declared as Each";Static;;;;;;
"Kiust Oyun";"pieceDeclaredAsEach";57;true;;Static;;;;;;
"Kiust Oyun";"pieceDeclaredAsNeutral";25;true;;Static;;;;;;
"Kiust Oyun";"pieceDeclaredAsShared";25;false;"The game does not have any piece declared as Shared";Static;;;;;;
"Kiust Oyun";"equalNumberOfPiecesOnTheBoard";27;true;;Static;;;;;;
"Kiust Oyun";"AllPlayerDeclared";27;true;;Static;;;;;;
"Kiust Oyun";"sizeOfTrack";26;false;"The owner 0 does not have a track";Static;;;;;;
"Los Palos";"lineLessOrEqualThanBoardSide";65;false;"Line concept is not present";Static;;;;;;
"Los Palos";"eachPieceReferenceNotDuplicated";34;false;"The game does not have any piece declared as Each";Static;;;;;;
"Los Palos";"pieceDeclaredAsEach";63;true;;Static;;;;;;
"Los Palos";"pieceDeclaredAsNeutral";32;true;;Static;;;;;;
"Los Palos";"pieceDeclaredAsShared";33;false;"The game does not have any piece declared as Shared";Static;;;;;;
"Los Palos";"equalNumberOfPiecesOnTheBoard";33;true;;Static;;;;;;
"Los Palos";"AllPlayerDeclared";33;true;;Static;;;;;;
"Los Palos";"sizeOfTrack";33;false;"The length of the track is 21";Static;;;;;;
"Mapuche Game";"lineLessOrEqualThanBoardSide";69;false;"Line concept is not present";Static;;;;;;
"Mapuche Game";"eachPieceReferenceNotDuplicated";28;false;"The game does not have any piece declared as Each";Static;;;;;;
"Mapuche Game";"pieceDeclaredAsEach";66;true;;Static;;;;;;
"Mapuche Game";"pieceDeclaredAsNeutral";28;true;;Static;;;;;;
"Mapuche Game";"pieceDeclaredAsShared";27;false;"The game does not have any piece declared as Shared";Static;;;;;;
"Mapuche Game";"equalNumberOfPiecesOnTheBoard";27;true;;Static;;;;;;
"Mapuche Game";"AllPlayerDeclared";27;true;;Static;;;;;;
"Mapuche Game";"sizeOfTrack";27;false;"The owner 0 does not have a track";Static;;;;;;
"Mehen";"lineLessOrEqualThanBoardSide";64;false;"Line concept is not present";Static;;;;;;
"Mehen";"eachPieceReferenceNotDuplicated";33;false;"The game does not have any piece declared as Each";Static;;;;;;
"Mehen";"pieceDeclaredAsEach";66;false;"Ludeme Each for a Piece requires at least one definition of PieceN, with N > 0";Static;;;;;;
"Mehen";"pieceDeclaredAsNeutral";23;true;;Static;;;;;;
"Mehen";"pieceDeclaredAsShared";24;false;"The game does not have any piece declared as Shared";Static;;;;;;
"Mehen";"equalNumberOfPiecesOnTheBoard";23;true;;Static;;;;;;
"Mehen";"AllPlayerDeclared";23;true;;Static;;;;;;
"Mehen";"sizeOfTrack";27;false;"The length of the track is 87";Static;;;;;;
"MensaSpiel";"lineLessOrEqualThanBoardSide";1795;false;"Line concept is not present";Static;;;;;;
"MensaSpiel";"eachPieceReferenceNotDuplicated";1756;false;"The game does not have any piece declared as Each";Static;;;;;;
"MensaSpiel";"pieceDeclaredAsEach";1783;false;"Ludeme Each for a Piece requires at least one definition of PieceN, with N > 0";Static;;;;;;
"MensaSpiel";"pieceDeclaredAsNeutral";1737;true;;Static;;;;;;
"MensaSpiel";"pieceDeclaredAsShared";1716;false;"The game does not have any piece declared as Shared";Static;;;;;;
"MensaSpiel";"equalNumberOfPiecesOnTheBoard";1731;true;;Static;;;;;;
"MensaSpiel";"AllPlayerDeclared";1761;true;;Static;;;;;;
"MensaSpiel";"sizeOfTrack";1746;false;"Track concept is not present";Static;;;;;;
"Oust";"lineLessOrEqualThanBoardSide";113;false;"Line concept is not present";Static;;;;;;
"Oust";"eachPieceReferenceNotDuplicated";74;false;"The game does not have any piece declared as Each";Static;;;;;;
"Oust";"pieceDeclaredAsEach";104;false;"Ludeme Each for a Piece requires at least one definition of PieceN, with N > 0";Static;;;;;;
"Oust";"pieceDeclaredAsNeutral";75;true;;Static;;;;;;
"Oust";"pieceDeclaredAsShared";74;false;"The game does not have any piece declared as Shared";Static;;;;;;
"Oust";"equalNumberOfPiecesOnTheBoard";85;true;;Static;;;;;;
"Oust";"AllPlayerDeclared";74;true;;Static;;;;;;
"Oust";"sizeOfTrack";74;false;"Track concept is not present";Static;;;;;;
"Puluc";"lineLessOrEqualThanBoardSide";51;false;"Line concept is not present";Static;;;;;;
"Puluc";"eachPieceReferenceNotDuplicated";21;false;"The game does not have any piece declared as Each";Static;;;;;;
"Puluc";"pieceDeclaredAsEach";53;true;;Static;;;;;;
"Puluc";"pieceDeclaredAsNeutral";23;true;;Static;;;;;;
"Puluc";"pieceDeclaredAsShared";21;false;"The game does not have any piece declared as Shared";Static;;;;;;
"Puluc";"equalNumberOfPiecesOnTheBoard";23;true;;Static;;;;;;
"Puluc";"AllPlayerDeclared";21;true;;Static;;;;;;
"Puluc";"sizeOfTrack";21;false;"The owner 0 does not have a track";Static;;;;;;
"Quad Wrangle";"lineLessOrEqualThanBoardSide";63;false;"Line concept is not present";Static;;;;;;
"Quad Wrangle";"eachPieceReferenceNotDuplicated";33;false;"The game does not have any piece declared as Each";Static;;;;;;
"Quad Wrangle";"pieceDeclaredAsEach";78;true;;Static;;;;;;
"Quad Wrangle";"pieceDeclaredAsNeutral";30;true;;Static;;;;;;
"Quad Wrangle";"pieceDeclaredAsShared";30;false;"The game does not have any piece declared as Shared";Static;;;;;;
"Quad Wrangle";"equalNumberOfPiecesOnTheBoard";38;true;;Static;;;;;;
"Quad Wrangle";"AllPlayerDeclared";37;true;;Static;;;;;;
"Quad Wrangle";"sizeOfTrack";38;false;"Track concept is not present";Static;;;;;;
"Rampart";"lineLessOrEqualThanBoardSide";76;false;"Line concept is not present";Static;;;;;;
"Rampart";"eachPieceReferenceNotDuplicated";59;false;"The game does not have any piece declared as Each";Static;;;;;;
"Rampart";"pieceDeclaredAsEach";88;true;;Static;;;;;;
"Rampart";"pieceDeclaredAsNeutral";56;true;;Static;;;;;;
"Rampart";"pieceDeclaredAsShared";59;false;"The game does not have any piece declared as Shared";Static;;;;;;
"Rampart";"equalNumberOfPiecesOnTheBoard";63;true;;Static;;;;;;
"Rampart";"AllPlayerDeclared";66;true;;Static;;;;;;
"Rampart";"sizeOfTrack";61;false;"Track concept is not present";Static;;;;;;
"Sahkku";"lineLessOrEqualThanBoardSide";100;false;"Line concept is not present";Static;;;;;;
"Sahkku";"eachPieceReferenceNotDuplicated";72;false;"The game does not have any piece declared as Each";Static;;;;;;
"Sahkku";"pieceDeclaredAsEach";110;true;;Static;;;;;;
"Sahkku";"pieceDeclaredAsNeutral";64;true;;Static;;;;;;
"Sahkku";"pieceDeclaredAsShared";60;true;;Static;;;;;;
"Sahkku";"equalNumberOfPiecesOnTheBoard";84;true;;Static;;;;;;
"Sahkku";"AllPlayerDeclared";63;true;;Static;;;;;;
"Sahkku";"sizeOfTrack";61;false;"The owner 0 does not have a track";Static;;;;;;
"Sig (El Oued Capture)";"lineLessOrEqualThanBoardSide";71;false;"Line concept is not present";Static;;;;;;
"Sig (El Oued Capture)";"eachPieceReferenceNotDuplicated";34;false;"The game does not have any piece declared as Each";Static;;;;;;
"Sig (El Oued Capture)";"pieceDeclaredAsEach";69;true;;Static;;;;;;
"Sig (El Oued Capture)";"pieceDeclaredAsNeutral";34;true;;Static;;;;;;
"Sig (El Oued Capture)";"pieceDeclaredAsShared";32;false;"The game does not have any piece declared as Shared";Static;;;;;;
"Sig (El Oued Capture)";"equalNumberOfPiecesOnTheBoard";34;true;;Static;;;;;;
"Sig (El Oued Capture)";"AllPlayerDeclared";38;true;;Static;;;;;;
"Sig (El Oued Capture)";"sizeOfTrack";36;false;"The owner 0 does not have a track";Static;;;;;;
"Sig (Mauritania)";"lineLessOrEqualThanBoardSide";148;false;"Line concept is not present";Static;;;;;;
"Sig (Mauritania)";"eachPieceReferenceNotDuplicated";110;false;"The game does not have any piece declared as Each";Static;;;;;;
"Sig (Mauritania)";"pieceDeclaredAsEach";177;false;"The game does not have any piece declared as Each";Static;;;;;;
"Sig (Mauritania)";"pieceDeclaredAsNeutral";110;true;;Static;;;;;;
"Sig (Mauritania)";"pieceDeclaredAsShared";107;false;"The game does not have any piece declared as Shared";Static;;;;;;
"Sig (Mauritania)";"equalNumberOfPiecesOnTheBoard";109;true;;Static;;;;;;
"Sig (Mauritania)";"AllPlayerDeclared";108;true;;Static;;;;;;
"Sig (Mauritania)";"sizeOfTrack";116;false;"The owner 0 does not have a track";Static;;;;;;
"Sig (Mzab)";"lineLessOrEqualThanBoardSide";73;false;"Line concept is not present";Static;;;;;;
"Sig (Mzab)";"eachPieceReferenceNotDuplicated";34;false;"The game does not have any piece declared as Each";Static;;;;;;
"Sig (Mzab)";"pieceDeclaredAsEach";69;true;;Static;;;;;;
"Sig (Mzab)";"pieceDeclaredAsNeutral";33;true;;Static;;;;;;
"Sig (Mzab)";"pieceDeclaredAsShared";34;false;"The game does not have any piece declared as Shared";Static;;;;;;
"Sig (Mzab)";"equalNumberOfPiecesOnTheBoard";34;true;;Static;;;;;;
"Sig (Mzab)";"AllPlayerDeclared";34;true;;Static;;;;;;
"Sig (Mzab)";"sizeOfTrack";35;false;"The owner 0 does not have a track";Static;;;;;;
"Sig (Tidikelt)";"lineLessOrEqualThanBoardSide";104;false;"Line concept is not present";Static;;;;;;
"Sig (Tidikelt)";"eachPieceReferenceNotDuplicated";62;false;"The game does not have any piece declared as Each";Static;;;;;;
"Sig (Tidikelt)";"pieceDeclaredAsEach";79;true;;Static;;;;;;
"Sig (Tidikelt)";"pieceDeclaredAsNeutral";48;true;;Static;;;;;;
"Sig (Tidikelt)";"pieceDeclaredAsShared";50;false;"The game does not have any piece declared as Shared";Static;;;;;;
"Sig (Tidikelt)";"equalNumberOfPiecesOnTheBoard";50;true;;Static;;;;;;
"Sig (Tidikelt)";"AllPlayerDeclared";52;true;;Static;;;;;;
"Sig (Tidikelt)";"sizeOfTrack";50;false;"The owner 0 does not have a track";Static;;;;;;
"Sig (Tozeur)";"lineLessOrEqualThanBoardSide";62;false;"Line concept is not present";Static;;;;;;
"Sig (Tozeur)";"eachPieceReferenceNotDuplicated";26;false;"The game does not have any piece declared as Each";Static;;;;;;
"Sig (Tozeur)";"pieceDeclaredAsEach";62;true;;Static;;;;;;
"Sig (Tozeur)";"pieceDeclaredAsNeutral";28;true;;Static;;;;;;
"Sig (Tozeur)";"pieceDeclaredAsShared";31;false;"The game does not have any piece declared as Shared";Static;;;;;;
"Sig (Tozeur)";"equalNumberOfPiecesOnTheBoard";29;true;;Static;;;;;;
"Sig (Tozeur)";"AllPlayerDeclared";27;true;;Static;;;;;;
"Sig (Tozeur)";"sizeOfTrack";27;false;"The owner 0 does not have a track";Static;;;;;;
"Sig (Western Sahara)";"lineLessOrEqualThanBoardSide";99;false;"Line concept is not present";Static;;;;;;
"Sig (Western Sahara)";"eachPieceReferenceNotDuplicated";59;false;"The game does not have any piece declared as Each";Static;;;;;;
"Sig (Western Sahara)";"pieceDeclaredAsEach";105;true;;Static;;;;;;
"Sig (Western Sahara)";"pieceDeclaredAsNeutral";59;true;;Static;;;;;;
"Sig (Western Sahara)";"pieceDeclaredAsShared";59;false;"The game does not have any piece declared as Shared";Static;;;;;;
"Sig (Western Sahara)";"equalNumberOfPiecesOnTheBoard";68;true;;Static;;;;;;
"Sig (Western Sahara)";"AllPlayerDeclared";59;true;;Static;;;;;;
"Sig (Western Sahara)";"sizeOfTrack";56;false;"The owner 0 does not have a track";Static;;;;;;
"Sijat El Taba";"lineLessOrEqualThanBoardSide";71;false;"Line concept is not present";Static;;;;;;
"Sijat El Taba";"eachPieceReferenceNotDuplicated";38;false;"The game does not have any piece declared as Each";Static;;;;;;
"Sijat El Taba";"pieceDeclaredAsEach";73;true;;Static;;;;;;
"Sijat El Taba";"pieceDeclaredAsNeutral";40;true;;Static;;;;;;
"Sijat El Taba";"pieceDeclaredAsShared";39;false;"The game does not have any piece declared as Shared";Static;;;;;;
"Sijat El Taba";"equalNumberOfPiecesOnTheBoard";43;true;;Static;;;;;;
"Sijat El Taba";"AllPlayerDeclared";38;true;;Static;;;;;;
"Sijat El Taba";"sizeOfTrack";46;false;"The owner 0 does not have a track";Static;;;;;;
"Siryu (War)";"lineLessOrEqualThanBoardSide";66;false;"Line concept is not present";Static;;;;;;
"Siryu (War)";"eachPieceReferenceNotDuplicated";31;false;"The game does not have any piece declared as Each";Static;;;;;;
"Siryu (War)";"pieceDeclaredAsEach";61;false;"The game does not have any piece declared as Each";Static;;;;;;
"Siryu (War)";"pieceDeclaredAsNeutral";29;true;;Static;;;;;;
"Siryu (War)";"pieceDeclaredAsShared";29;false;"The game does not have any piece declared as Shared";Static;;;;;;
"Siryu (War)";"equalNumberOfPiecesOnTheBoard";32;true;;Static;;;;;;
"Siryu (War)";"AllPlayerDeclared";32;true;;Static;;;;;;
"Siryu (War)";"sizeOfTrack";34;false;"The owner 0 does not have a track";Static;;;;;;
"Skirmish (GDL)";"lineLessOrEqualThanBoardSide";75;false;"Line concept is not present";Static;;;;;;
"Skirmish (GDL)";"eachPieceReferenceNotDuplicated";45;false;"The game does not have any piece declared as Each";Static;;;;;;
"Skirmish (GDL)";"pieceDeclaredAsEach";77;true;;Static;;;;;;
"Skirmish (GDL)";"pieceDeclaredAsNeutral";44;true;;Static;;;;;;
"Skirmish (GDL)";"pieceDeclaredAsShared";49;false;"The game does not have any piece declared as Shared";Static;;;;;;
"Skirmish (GDL)";"equalNumberOfPiecesOnTheBoard";48;true;;Static;;;;;;
"Skirmish (GDL)";"AllPlayerDeclared";53;true;;Static;;;;;;
"Skirmish (GDL)";"sizeOfTrack";44;false;"Track concept is not present";Static;;;;;;
"Surakarta";"lineLessOrEqualThanBoardSide";51;false;"Line concept is not present";Static;;;;;;
"Surakarta";"eachPieceReferenceNotDuplicated";17;false;"The game does not have any piece declared as Each";Static;;;;;;
"Surakarta";"pieceDeclaredAsEach";52;true;;Static;;;;;;
"Surakarta";"pieceDeclaredAsNeutral";18;true;;Static;;;;;;
"Surakarta";"pieceDeclaredAsShared";17;false;"The game does not have any piece declared as Shared";Static;;;;;;
"Surakarta";"equalNumberOfPiecesOnTheBoard";23;true;;Static;;;;;;
"Surakarta";"AllPlayerDeclared";28;true;;Static;;;;;;
"Surakarta";"sizeOfTrack";24;false;"The length of the track is 24";Static;;;;;;
"Sweep Burrow";"lineLessOrEqualThanBoardSide";1126;false;"Line concept is not present";Static;;;;;;
"Sweep Burrow";"eachPieceReferenceNotDuplicated";1109;false;"The game does not have any piece declared as Each";Static;;;;;;
"Sweep Burrow";"pieceDeclaredAsEach";1098;true;;Static;;;;;;
"Sweep Burrow";"pieceDeclaredAsNeutral";1075;true;;Static;;;;;;
"Sweep Burrow";"pieceDeclaredAsShared";1076;false;"The game does not have any piece declared as Shared";Static;;;;;;
"Sweep Burrow";"equalNumberOfPiecesOnTheBoard";1073;true;;Static;;;;;;
"Sweep Burrow";"AllPlayerDeclared";1083;true;;Static;;;;;;
"Sweep Burrow";"sizeOfTrack";1085;false;"Track concept is not present";Static;;;;;;
"Tab";"lineLessOrEqualThanBoardSide";78;false;"Line concept is not present";Static;;;;;;
"Tab";"eachPieceReferenceNotDuplicated";34;false;"The game does not have any piece declared as Each";Static;;;;;;
"Tab";"pieceDeclaredAsEach";66;true;;Static;;;;;;
"Tab";"pieceDeclaredAsNeutral";34;true;;Static;;;;;;
"Tab";"pieceDeclaredAsShared";35;false;"The game does not have any piece declared as Shared";Static;;;;;;
"Tab";"equalNumberOfPiecesOnTheBoard";35;true;;Static;;;;;;
"Tab";"AllPlayerDeclared";35;true;;Static;;;;;;
"Tab";"sizeOfTrack";38;false;"The length of the track is 14";Static;;;;;;
"Tablas Astronomias";"lineLessOrEqualThanBoardSide";52;false;"Line concept is not present";Static;;;;;;
"Tablas Astronomias";"eachPieceReferenceNotDuplicated";30;false;"The game does not have any piece declared as Each";Static;;;;;;
"Tablas Astronomias";"pieceDeclaredAsEach";61;true;;Static;;;;;;
"Tablas Astronomias";"pieceDeclaredAsNeutral";32;true;;Static;;;;;;
"Tablas Astronomias";"pieceDeclaredAsShared";31;false;"The game does not have any piece declared as Shared";Static;;;;;;
"Tablas Astronomias";"equalNumberOfPiecesOnTheBoard";31;true;;Static;;;;;;
"Tablas Astronomias";"AllPlayerDeclared";31;true;;Static;;;;;;
"Tablas Astronomias";"sizeOfTrack";29;false;"The length of the track is 48";Static;;;;;;
"Tank Tactics";"lineLessOrEqualThanBoardSide";64;false;"Line concept is not present";Static;;;;;;
"Tank Tactics";"eachPieceReferenceNotDuplicated";29;false;"The game does not have any piece declared as Each";Static;;;;;;
"Tank Tactics";"pieceDeclaredAsEach";57;true;;Static;;;;;;
"Tank Tactics";"pieceDeclaredAsNeutral";33;true;;Static;;;;;;
"Tank Tactics";"pieceDeclaredAsShared";29;false;"The game does not have any piece declared as Shared";Static;;;;;;
"Tank Tactics";"equalNumberOfPiecesOnTheBoard";34;true;;Static;;;;;;
"Tank Tactics";"AllPlayerDeclared";33;true;;Static;;;;;;
"Tank Tactics";"sizeOfTrack";29;false;"Track concept is not present";Static;;;;;;
"Tibetan Jiuqi";"lineLessOrEqualThanBoardSide";454;false;"Line concept is not present";Static;;;;;;
"Tibetan Jiuqi";"eachPieceReferenceNotDuplicated";427;false;"The game does not have any piece declared as Each";Static;;;;;;
"Tibetan Jiuqi";"pieceDeclaredAsEach";456;false;"Ludeme Each for a Piece requires at least one definition of PieceN, with N > 0";Static;;;;;;
"Tibetan Jiuqi";"pieceDeclaredAsNeutral";425;true;;Static;;;;;;
"Tibetan Jiuqi";"pieceDeclaredAsShared";428;false;"The game does not have any piece declared as Shared";Static;;;;;;
"Tibetan Jiuqi";"equalNumberOfPiecesOnTheBoard";424;true;;Static;;;;;;
"Tibetan Jiuqi";"AllPlayerDeclared";424;true;;Static;;;;;;
"Tibetan Jiuqi";"sizeOfTrack";426;false;"Track concept is not present";Static;;;;;;
"Toono";"lineLessOrEqualThanBoardSide";42;false;"Line concept is not present";Static;;;;;;
"Toono";"eachPieceReferenceNotDuplicated";13;false;"The game does not have any piece declared as Each";Static;;;;;;
"Toono";"pieceDeclaredAsEach";44;true;;Static;;;;;;
"Toono";"pieceDeclaredAsNeutral";12;true;;Static;;;;;;
"Toono";"pieceDeclaredAsShared";13;false;"The game does not have any piece declared as Shared";Static;;;;;;
"Toono";"equalNumberOfPiecesOnTheBoard";12;true;;Static;;;;;;
"Toono";"AllPlayerDeclared";14;true;;Static;;;;;;
"Toono";"sizeOfTrack";17;false;"Track concept is not present";Static;;;;;;
"Triad";"lineLessOrEqualThanBoardSide";74;false;"Line concept is not present";Static;;;;;;
"Triad";"eachPieceReferenceNotDuplicated";33;false;"The game does not have any piece declared as Each";Static;;;;;;
"Triad";"pieceDeclaredAsEach";63;true;;Static;;;;;;
"Triad";"pieceDeclaredAsNeutral";32;true;;Static;;;;;;
"Triad";"pieceDeclaredAsShared";29;false;"The game does not have any piece declared as Shared";Static;;;;;;
"Triad";"equalNumberOfPiecesOnTheBoard";29;true;;Static;;;;;;
"Triad";"AllPlayerDeclared";48;true;;Static;;;;;;
"Triad";"sizeOfTrack";37;false;"Track concept is not present";Static;;;;;;
"Triple Tangle";"lineLessOrEqualThanBoardSide";126;false;"Line concept is not present";Static;;;;;;
"Triple Tangle";"eachPieceReferenceNotDuplicated";82;false;"The game does not have any piece declared as Each";Static;;;;;;
"Triple Tangle";"pieceDeclaredAsEach";116;true;;Static;;;;;;
"Triple Tangle";"pieceDeclaredAsNeutral";84;true;;Static;;;;;;
"Triple Tangle";"pieceDeclaredAsShared";85;false;"The game does not have any piece declared as Shared";Static;;;;;;
"Triple Tangle";"equalNumberOfPiecesOnTheBoard";90;true;;Static;;;;;;
"Triple Tangle";"AllPlayerDeclared";89;true;;Static;;;;;;
"Triple Tangle";"sizeOfTrack";82;false;"Track concept is not present";Static;;;;;;
"Udat Pagada";"lineLessOrEqualThanBoardSide";85;false;"Line concept is not present";Static;;;;;;
"Udat Pagada";"eachPieceReferenceNotDuplicated";64;false;"The game does not have any piece declared as Each";Static;;;;;;
"Udat Pagada";"pieceDeclaredAsEach";88;true;;Static;;;;;;
"Udat Pagada";"pieceDeclaredAsNeutral";79;true;;Static;;;;;;
"Udat Pagada";"pieceDeclaredAsShared";59;false;"The game does not have any piece declared as Shared";Static;;;;;;
"Udat Pagada";"equalNumberOfPiecesOnTheBoard";61;true;;Static;;;;;;
"Udat Pagada";"AllPlayerDeclared";62;true;;Static;;;;;;
"Udat Pagada";"sizeOfTrack";59;false;"The length of the track is 8";Static;;;;;;
"Zola";"lineLessOrEqualThanBoardSide";131;false;"Line concept is not present";Static;;;;;;
"Zola";"eachPieceReferenceNotDuplicated";105;false;"The game does not have any piece declared as Each";Static;;;;;;
"Zola";"pieceDeclaredAsEach";130;true;;Static;;;;;;
"Zola";"pieceDeclaredAsNeutral";110;true;;Static;;;;;;
"Zola";"pieceDeclaredAsShared";99;false;"The game does not have any piece declared as Shared";Static;;;;;;
"Zola";"equalNumberOfPiecesOnTheBoard";97;true;;Static;;;;;;
"Zola";"AllPlayerDeclared";95;true;;Static;;;;;;
"Zola";"sizeOfTrack";99;false;"Track concept is not present";Static;;;;;;
"Cannon";"lineLessOrEqualThanBoardSide";71;false;"Line concept is not present";Static;;;;;;
"Cannon";"eachPieceReferenceNotDuplicated";33;false;"The game does not have any piece declared as Each";Static;;;;;;
"Cannon";"pieceDeclaredAsEach";64;false;"Ludeme Each for a Piece requires at least one definition of PieceN, with N > 0";Static;;;;;;
"Cannon";"pieceDeclaredAsNeutral";36;true;;Static;;;;;;
"Cannon";"pieceDeclaredAsShared";35;false;"The game does not have any piece declared as Shared";Static;;;;;;
"Cannon";"equalNumberOfPiecesOnTheBoard";33;true;;Static;;;;;;
"Cannon";"AllPlayerDeclared";31;true;;Static;;;;;;
"Cannon";"sizeOfTrack";41;false;"Track concept is not present";Static;;;;;;
"Capture the Queen";"lineLessOrEqualThanBoardSide";40;false;"Line concept is not present";Static;;;;;;
"Capture the Queen";"eachPieceReferenceNotDuplicated";19;false;"The game does not have any piece declared as Each";Static;;;;;;
"Capture the Queen";"pieceDeclaredAsEach";55;true;;Static;;;;;;
"Capture the Queen";"pieceDeclaredAsNeutral";19;true;;Static;;;;;;
"Capture the Queen";"pieceDeclaredAsShared";18;false;"The game does not have any piece declared as Shared";Static;;;;;;
"Capture the Queen";"equalNumberOfPiecesOnTheBoard";19;false;"Players do not have the same number of pieces";Static;;;;;;
"Capture the Queen";"AllPlayerDeclared";19;true;;Static;;;;;;
"Capture the Queen";"sizeOfTrack";18;false;"Track concept is not present";Static;;;;;;
"King And Courtesan";"lineLessOrEqualThanBoardSide";47;false;"Line concept is not present";Static;;;;;;
"King And Courtesan";"eachPieceReferenceNotDuplicated";22;false;"The game does not have any piece declared as Each";Static;;;;;;
"King And Courtesan";"pieceDeclaredAsEach";65;true;;Static;;;;;;
"King And Courtesan";"pieceDeclaredAsNeutral";22;true;;Static;;;;;;
"King And Courtesan";"pieceDeclaredAsShared";21;false;"The game does not have any piece declared as Shared";Static;;;;;;
"King And Courtesan";"equalNumberOfPiecesOnTheBoard";21;true;;Static;;;;;;
"King And Courtesan";"AllPlayerDeclared";21;true;;Static;;;;;;
"King And Courtesan";"sizeOfTrack";21;false;"Track concept is not present";Static;;;;;;
"Kriegsspiel";"lineLessOrEqualThanBoardSide";3806;false;"Line concept is not present";Static;;;;;;
"Kriegsspiel";"eachPieceReferenceNotDuplicated";3939;false;"The game does not have any piece declared as Each";Static;;;;;;
"Kriegsspiel";"pieceDeclaredAsEach";3899;false;"Ludeme Each for a Piece requires at least one definition of PieceN, with N > 0";Static;;;;;;
"Kriegsspiel";"pieceDeclaredAsNeutral";4330;true;;Static;;;;;;
"Kriegsspiel";"pieceDeclaredAsShared";5681;false;"The game does not have any piece declared as Shared";Static;;;;;;
"Kriegsspiel";"equalNumberOfPiecesOnTheBoard";5419;true;;Static;;;;;;
"Kriegsspiel";"AllPlayerDeclared";4299;true;;Static;;;;;;
"Kriegsspiel";"sizeOfTrack";4372;false;"Track concept is not present";Static;;;;;;
"L'attaque";"lineLessOrEqualThanBoardSide";225;false;"Line concept is not present";Static;;;;;;
"L'attaque";"eachPieceReferenceNotDuplicated";147;false;"The game does not have any piece declared as Each";Static;;;;;;
"L'attaque";"pieceDeclaredAsEach";258;true;;Static;;;;;;
"L'attaque";"pieceDeclaredAsNeutral";196;true;;Static;;;;;;
"L'attaque";"pieceDeclaredAsShared";172;false;"The game does not have any piece declared as Shared";Static;;;;;;
"L'attaque";"equalNumberOfPiecesOnTheBoard";158;true;;Static;;;;;;
"L'attaque";"AllPlayerDeclared";159;true;;Static;;;;;;
"L'attaque";"sizeOfTrack";208;false;"Track concept is not present";Static;;;;;;
"Let's Catch the Lion";"lineLessOrEqualThanBoardSide";85;false;"Line concept is not present";Static;;;;;;
"Let's Catch the Lion";"eachPieceReferenceNotDuplicated";41;false;"The game does not have any piece declared as Each";Static;;;;;;
"Let's Catch the Lion";"pieceDeclaredAsEach";109;false;"The game does not have any piece declared as Each";Static;;;;;;
"Let's Catch the Lion";"pieceDeclaredAsNeutral";52;true;;Static;;;;;;
"Let's Catch the Lion";"pieceDeclaredAsShared";39;false;"The game does not have any piece declared as Shared";Static;;;;;;
"Let's Catch the Lion";"equalNumberOfPiecesOnTheBoard";49;true;;Static;;;;;;
"Let's Catch the Lion";"AllPlayerDeclared";51;true;;Static;;;;;;
"Let's Catch the Lion";"sizeOfTrack";57;false;"Track concept is not present";Static;;;;;;
"Lielow";"lineLessOrEqualThanBoardSide";304;false;"Line concept is not present";Static;;;;;;
"Lielow";"eachPieceReferenceNotDuplicated";292;false;"The game does not have any piece declared as Each";Static;;;;;;
"Lielow";"pieceDeclaredAsEach";283;true;;Static;;;;;;
"Lielow";"pieceDeclaredAsNeutral";269;true;;Static;;;;;;
"Lielow";"pieceDeclaredAsShared";258;false;"The game does not have any piece declared as Shared";Static;;;;;;
"Lielow";"equalNumberOfPiecesOnTheBoard";267;true;;Static;;;;;;
"Lielow";"AllPlayerDeclared";267;true;;Static;;;;;;
"Lielow";"sizeOfTrack";259;false;"Track concept is not present";Static;;;;;;
"Mini Wars";"lineLessOrEqualThanBoardSide";3662;false;"Line concept is not present";Static;;;;;;
"Mini Wars";"eachPieceReferenceNotDuplicated";3507;false;"The game does not have any piece declared as Each";Static;;;;;;
"Mini Wars";"pieceDeclaredAsEach";3317;false;"Ludeme Each for a Piece requires at least one definition of PieceN, with N > 0";Static;;;;;;
"Mini Wars";"pieceDeclaredAsNeutral";3170;false;"A piece declared Neutral must be called as piece0";Static;;;;;;
"Mini Wars";"pieceDeclaredAsShared";3195;false;"The game does not have any piece declared as Shared";Static;;;;;;
"Mini Wars";"equalNumberOfPiecesOnTheBoard";3152;true;;Static;;;;;;
"Mini Wars";"AllPlayerDeclared";3142;true;;Static;;;;;;
"Mini Wars";"sizeOfTrack";3149;false;"Track concept is not present";Static;;;;;;
"Monkey Queen";"lineLessOrEqualThanBoardSide";127;false;"Line concept is not present";Static;;;;;;
"Monkey Queen";"eachPieceReferenceNotDuplicated";91;false;"The game does not have any piece declared as Each";Static;;;;;;
"Monkey Queen";"pieceDeclaredAsEach";154;false;"The game does not have any piece declared as Each";Static;;;;;;
"Monkey Queen";"pieceDeclaredAsNeutral";98;true;;Static;;;;;;
"Monkey Queen";"pieceDeclaredAsShared";105;false;"The game does not have any piece declared as Shared";Static;;;;;;
"Monkey Queen";"equalNumberOfPiecesOnTheBoard";98;true;;Static;;;;;;
"Monkey Queen";"AllPlayerDeclared";100;true;;Static;;;;;;
"Monkey Queen";"sizeOfTrack";141;false;"Track concept is not present";Static;;;;;;
"Ploy";"lineLessOrEqualThanBoardSide";110;false;"Line concept is not present";Static;;;;;;
"Ploy";"eachPieceReferenceNotDuplicated";63;false;"The game does not have any piece declared as Each";Static;;;;;;
"Ploy";"pieceDeclaredAsEach";102;true;;Static;;;;;;
"Ploy";"pieceDeclaredAsNeutral";47;true;;Static;;;;;;
"Ploy";"pieceDeclaredAsShared";50;false;"The game does not have any piece declared as Shared";Static;;;;;;
"Ploy";"equalNumberOfPiecesOnTheBoard";101;true;;Static;;;;;;
"Ploy";"AllPlayerDeclared";52;true;;Static;;;;;;
"Ploy";"sizeOfTrack";55;false;"Track concept is not present";Static;;;;;;
"Rithmomachia";"lineLessOrEqualThanBoardSide";466;false;"Line concept is not present";Static;;;;;;
"Rithmomachia";"eachPieceReferenceNotDuplicated";393;false;"The game does not have any piece declared as Each";Static;;;;;;
"Rithmomachia";"pieceDeclaredAsEach";457;true;;Static;;;;;;
"Rithmomachia";"pieceDeclaredAsNeutral";372;true;;Static;;;;;;
"Rithmomachia";"pieceDeclaredAsShared";382;false;"The game does not have any piece declared as Shared";Static;;;;;;
"Rithmomachia";"equalNumberOfPiecesOnTheBoard";393;true;;Static;;;;;;
"Rithmomachia";"AllPlayerDeclared";401;true;;Static;;;;;;
"Rithmomachia";"sizeOfTrack";390;false;"Track concept is not present";Static;;;;;;
"Shogun";"lineLessOrEqualThanBoardSide";118;false;"Line concept is not present";Static;;;;;;
"Shogun";"eachPieceReferenceNotDuplicated";80;false;"The game does not have any piece declared as Each";Static;;;;;;
"Shogun";"pieceDeclaredAsEach";113;true;;Static;;;;;;
"Shogun";"pieceDeclaredAsNeutral";76;true;;Static;;;;;;
"Shogun";"pieceDeclaredAsShared";87;false;"The game does not have any piece declared as Shared";Static;;;;;;
"Shogun";"equalNumberOfPiecesOnTheBoard";86;true;;Static;;;;;;
"Shogun";"AllPlayerDeclared";78;true;;Static;;;;;;
"Shogun";"sizeOfTrack";79;false;"Track concept is not present";Static;;;;;;
"Clobber";"lineLessOrEqualThanBoardSide";55;false;"Line concept is not present";Static;;;;;;
"Clobber";"eachPieceReferenceNotDuplicated";30;false;"The game does not have any piece declared as Each";Static;;;;;;
"Clobber";"pieceDeclaredAsEach";66;true;;Static;;;;;;
"Clobber";"pieceDeclaredAsNeutral";30;true;;Static;;;;;;
"Clobber";"pieceDeclaredAsShared";30;false;"The game does not have any piece declared as Shared";Static;;;;;;
"Clobber";"equalNumberOfPiecesOnTheBoard";31;true;;Static;;;;;;
"Clobber";"AllPlayerDeclared";32;true;;Static;;;;;;
"Clobber";"sizeOfTrack";29;false;"Track concept is not present";Static;;;;;;
"Press Ups";"lineLessOrEqualThanBoardSide";64;false;"Line concept is not present";Static;;;;;;
"Press Ups";"eachPieceReferenceNotDuplicated";27;false;"The game does not have any piece declared as Each";Static;;;;;;
"Press Ups";"pieceDeclaredAsEach";67;true;;Static;;;;;;
"Press Ups";"pieceDeclaredAsNeutral";27;true;;Static;;;;;;
"Press Ups";"pieceDeclaredAsShared";25;false;"The game does not have any piece declared as Shared";Static;;;;;;
"Press Ups";"equalNumberOfPiecesOnTheBoard";25;true;;Static;;;;;;
"Press Ups";"AllPlayerDeclared";26;true;;Static;;;;;;
"Press Ups";"sizeOfTrack";26;false;"Track concept is not present";Static;;;;;;
"Workers and Soldiers";"lineLessOrEqualThanBoardSide";161;false;"Line concept is not present";Static;;;;;;
"Workers and Soldiers";"eachPieceReferenceNotDuplicated";126;false;"The game does not have any piece declared as Each";Static;;;;;;
"Workers and Soldiers";"pieceDeclaredAsEach";158;false;"Ludeme Each for a Piece requires at least one definition of PieceN, with N > 0";Static;;;;;;
"Workers and Soldiers";"pieceDeclaredAsNeutral";110;true;;Static;;;;;;
"Workers and Soldiers";"pieceDeclaredAsShared";109;false;"The game does not have any piece declared as Shared";Static;;;;;;
"Workers and Soldiers";"equalNumberOfPiecesOnTheBoard";106;true;;Static;;;;;;
"Workers and Soldiers";"AllPlayerDeclared";106;true;;Static;;;;;;
"Workers and Soldiers";"sizeOfTrack";114;false;"Track concept is not present";Static;;;;;;
